order_id,order_date,city,category,unit_price_aed,quantity,discount_pct,gross_revenue_aed,net_revenue_aed,payment_method,customer_segment,delivery_days,rating
130744,2025-04-22,Sharjah,Fashion,300.78,1,0.0,300.78,300.78,Card,New,2.0,4.0
124534,2025-01-15,Dubai,Home & Kitchen,853.38,1,10.0,853.38,768.04,Card,Returning,4.0,4.2
109210,2024-06-03,Dubai,Home & Kitchen,563.33,1,5.0,563.33,535.16,Card,Returning,3.0,3.7
136122,2025-07-12,Sharjah,Home & Kitchen,389.93,1,10.0,389.93,350.94,Wallet,New,4.0,3.9
133376,2025-01-06,Abu Dhabi,Home & Kitchen,345.5,1,10.0,345.5,310.95,Card,Returning,2.0,3.3
141662,2025-09-26,Dubai,Beauty & Personal Care,93.64,2,20.0,187.28,149.82,Wallet,Returning,3.0,4.5
101294,2024-01-23,Dubai,Groceries,28.98,2,10.0,57.96,52.16,Wallet,Returning,1.0,3.8
112000,2024-07-19,Sharjah,Beauty & Personal Care,271.29,1,10.0,271.29,244.16,Card,Returning,2.0,5.0
118154,2024-10-20,Dubai,Mobile Accessories,106.56,1,0.0,106.56,106.56,Card,New,3.0,4.2
115568,2024-09-08,Sharjah,Electronics,2789.62,2,10.0,5579.24,5021.32,Cash On Delivery,Returning,2.0,4.4
106484,2024-04-18,Dubai,Electronics,3074.32,1,0.0,3074.32,3074.32,Cash On Delivery,Returning,1.0,4.6
126357,2025-02-14,Ras Al Khaimah,Mobile Accessories,133.2,1,0.0,133.2,133.2,Card,Returning,2.0,3.0
129104,2025-04-01,Abu Dhabi,Fashion,407.08,1,5.0,407.08,386.73,Card,Returning,3.0,5.0
113872,2024-08-18,Ras Al Khaimah,Fashion,586.59,2,0.0,1173.18,1173.18,Card,Returning,3.0,4.2
110216,2024-06-20,Abu Dhabi,Mobile Accessories,87.45,1,15.0,87.45,74.33,Wallet,Returning,2.0,4.7
108741,2024-05-25,Ras Al Khaimah,Fashion,339.19,1,0.0,339.19,339.19,Cash On Delivery,New,3.0,4.3
143519,2025-10-23,Sharjah,Fashion,424.48,1,10.0,424.48,382.03,Card,Returning,2.0,4.2
142278,2025-04-10,Sharjah,Home & Kitchen,388.97,3,10.0,1166.91,1050.22,Card,Returning,2.0,4.0
146996,2025-11-28,Abu Dhabi,Mobile Accessories,241.3,1,10.0,241.3,217.17,Card,New,2.0,3.8
100449,2024-09-01,Ras Al Khaimah,Home & Kitchen,754.35,1,0.0,754.35,754.35,Card,Returning,3.0,2.4
146689,2025-11-26,Dubai,Home & Kitchen,100.52,2,50.0,201.04,100.52,Card,Returning,3.0,5.0
114410,2024-08-24,Abu Dhabi,Home & Kitchen,139.24,2,10.0,278.48,250.63,Card,Returning,4.0,4.7
142409,2025-06-10,Dubai,Home & Kitchen,493.47,2,15.0,986.94,838.9,Cash On Delivery,New,3.0,4.0
130466,2025-04-19,Dubai,Home & Kitchen,346.8,1,15.0,346.8,294.78,Wallet,New,2.0,3.0
105046,2024-03-30,Dubai,Groceries,102.91,1,0.0,102.91,102.91,Card,Returning,3.0,3.6
109541,2024-08-06,Dubai,Mobile Accessories,49.66,1,5.0,49.66,47.18,Card,Returning,3.0,4.0
143786,2025-10-26,Sharjah,Electronics,2707.79,1,5.0,2707.79,2572.4,Wallet,New,2.0,4.2
106026,2024-04-12,Dubai,Fashion,47.56,1,15.0,47.56,40.43,Cash On Delivery,Returning,1.0,4.2
144187,2025-10-31,Dubai,Fashion,510.28,2,0.0,1020.56,1020.56,Card,New,2.0,3.7
136997,2025-07-25,Dubai,Fashion,589.57,1,20.0,589.57,471.66,Cash On Delivery,Returning,5.0,3.9
123136,2024-12-26,Dubai,Electronics,3193.41,1,10.0,3193.41,2874.07,Card,Returning,1.0,3.9
130683,2025-04-21,Abu Dhabi,Electronics,1667.52,2,5.0,3335.04,3168.29,Cash On Delivery,Returning,2.0,4.2
103224,2024-02-24,Dubai,Groceries,238.18,1,10.0,238.18,214.36,Wallet,New,4.0,5.0
108135,2024-05-16,Dubai,Electronics,2284.82,1,15.0,2284.82,1942.1,Card,Returning,4.0,3.7
143210,2025-10-18,Ajman,Home & Kitchen,807.94,1,10.0,807.94,727.15,Cash On Delivery,Returning,2.0,3.9
129721,2025-06-04,Dubai,Groceries,290.99,1,0.0,290.99,290.99,Card,New,3.0,3.3
127883,2025-03-13,Abu Dhabi,Mobile Accessories,30.7,2,15.0,61.4,52.19,Cash On Delivery,Returning,3.0,4.2
131215,2025-04-29,Ras Al Khaimah,Fashion,225.18,1,0.0,225.18,225.18,Card,Returning,1.0,3.6
109265,2024-06-04,Abu Dhabi,Groceries,142.05,1,5.0,142.05,134.95,Card,Returning,1.0,5.0
107914,2024-12-05,Dubai,Electronics,478.64,1,0.0,478.64,478.64,Cash On Delivery,Returning,3.0,3.9
104781,2024-03-24,Sharjah,Home & Kitchen,370.75,1,15.0,370.75,315.14,Card,Returning,4.0,3.8
116688,2024-09-27,Abu Dhabi,Groceries,187.69,1,20.0,187.69,150.15,Card,Returning,1.0,3.7
143011,2025-10-15,Sharjah,Mobile Accessories,152.44,2,0.0,304.88,304.88,Card,Returning,3.0,4.2
115166,2024-09-03,Sharjah,Fashion,164.84,1,10.0,164.84,148.36,Wallet,Returning,2.0,4.7
125083,2025-01-25,Abu Dhabi,Groceries,121.49,2,5.0,242.98,230.83,Card,Returning,3.0,3.8
106671,2024-04-22,Dubai,Groceries,64.56,1,10.0,64.56,58.1,Wallet,New,2.0,3.3
143560,2025-10-23,Sharjah,Fashion,131.7,1,5.0,131.7,125.11,Cash On Delivery,New,3.0,4.0
128672,2025-03-27,Dubai,Electronics,3415.5,2,15.0,6831.0,5806.35,Card,Returning,1.0,3.4
111848,2024-07-17,Sharjah,Mobile Accessories,198.71,1,0.0,198.71,198.71,Card,New,3.0,4.5
138306,2025-08-14,Abu Dhabi,Mobile Accessories,157.65,1,15.0,157.65,134.0,Card,Returning,3.0,3.8
100371,2024-01-07,Abu Dhabi,Electronics,2158.24,1,0.0,2158.24,2158.24,Card,Returning,2.0,3.6
146441,2025-11-25,Abu Dhabi,Beauty & Personal Care,196.09,1,40.0,196.09,117.65,Card,Returning,1.0,3.9
126994,2025-02-25,Dubai,Groceries,203.52,1,10.0,203.52,183.17,Card,New,5.0,5.0
118533,2024-10-26,Dubai,Groceries,163.0,1,0.0,163.0,163.0,Card,Returning,3.0,3.1
136378,2025-07-16,Dubai,Groceries,269.57,1,10.0,269.57,242.61,Card,Returning,2.0,4.3
144021,2025-10-29,Sharjah,Home & Kitchen,83.48,1,0.0,83.48,83.48,Cash On Delivery,Returning,3.0,3.4
137529,2025-08-02,Dubai,Fashion,113.39,1,10.0,113.39,102.05,Cash On Delivery,Returning,2.0,5.0
135461,2025-07-02,Dubai,Home & Kitchen,897.05,1,0.0,897.05,897.05,Cash On Delivery,Returning,4.0,5.0
118198,2024-10-21,Abu Dhabi,Electronics,2150.51,1,5.0,2150.51,2042.98,Card,Returning,5.0,5.0
113388,2024-08-11,Ajman,Mobile Accessories,113.28,1,0.0,113.28,113.28,Card,Returning,3.0,4.3
141403,2025-09-23,Dubai,Beauty & Personal Care,84.85,1,20.0,84.85,67.88,Card,New,5.0,3.8
102725,2024-02-16,Sharjah,Beauty & Personal Care,334.98,2,5.0,669.96,636.46,Card,New,2.0,3.5
104497,2024-03-19,Ajman,Electronics,917.93,1,20.0,917.93,734.34,Cash On Delivery,New,3.0,4.0
137878,2025-08-07,Ras Al Khaimah,Electronics,2350.68,1,10.0,2350.68,2115.61,Card,New,2.0,3.7
138322,2025-08-14,Dubai,Fashion,272.63,1,0.0,272.63,272.63,Wallet,Returning,2.0,4.4
118281,2024-10-22,Dubai,Home & Kitchen,76.89,1,10.0,76.89,69.2,Wallet,New,2.0,3.4
142038,2025-01-10,Abu Dhabi,Fashion,237.8,1,20.0,237.8,190.24,Card,New,2.0,4.4
142311,2025-10-05,Ajman,Fashion,399.68,1,15.0,399.68,339.73,Card,Returning,1.0,4.5
131828,2025-05-09,Dubai,Home & Kitchen,86.78,1,0.0,86.78,86.78,Card,Returning,3.0,3.9
147983,2025-12-11,Dubai,Groceries,105.53,2,0.0,211.06,211.06,Card,Returning,1.0,4.1
118222,2024-10-21,Sharjah,Home & Kitchen,100.11,1,0.0,100.11,100.11,Card,New,3.0,4.1
120573,2024-11-24,Dubai,Mobile Accessories,199.53,1,30.0,199.53,139.67,Card,Returning,5.0,4.4
114856,2024-08-30,Dubai,Fashion,408.48,1,5.0,408.48,388.06,Cash On Delivery,Returning,4.0,3.5
149455,2025-12-31,Abu Dhabi,Mobile Accessories,190.7,1,0.0,190.7,152.56,Card,Returning,3.0,5.0
116378,2024-09-22,Sharjah,Beauty & Personal Care,101.48,1,0.0,101.48,101.48,Cash On Delivery,New,2.0,4.9
120932,2024-11-26,Dubai,Fashion,163.19,2,50.0,326.38,163.19,Card,Returning,4.0,4.4
128131,2025-03-18,Abu Dhabi,Beauty & Personal Care,375.18,1,5.0,375.18,356.42,Card,Returning,4.0,4.5
126401,2025-02-15,Abu Dhabi,Home & Kitchen,549.98,1,15.0,549.98,467.48,Card,New,4.0,4.7
145584,2025-11-20,Ajman,Fashion,64.06,1,15.0,64.06,54.45,Cash On Delivery,Returning,1.0,2.9
135808,2025-07-07,Dubai,Groceries,266.09,1,10.0,266.09,239.48,Card,Returning,2.0,4.0
127975,2025-03-15,Dubai,Electronics,330.24,1,10.0,330.24,297.22,Card,New,4.0,3.2
120264,2024-11-22,Dubai,Fashion,482.4,1,50.0,482.4,241.2,Card,Returning,3.0,5.0
103625,2024-03-02,Abu Dhabi,Home & Kitchen,107.51,1,5.0,107.51,102.13,Cash On Delivery,Returning,4.0,3.9
124277,2025-01-11,Ras Al Khaimah,Electronics,1034.74,2,30.0,2069.48,1448.64,Card,Returning,1.0,4.6
122458,2024-12-14,Dubai,Fashion,146.53,1,0.0,146.53,146.53,Card,Returning,3.0,3.7
119927,2024-11-18,Dubai,Electronics,613.68,1,15.0,613.68,521.63,Wallet,Returning,3.0,4.2
137008,2025-07-25,Dubai,Mobile Accessories,27.57,1,0.0,27.57,27.57,Wallet,Returning,4.0,4.2
115611,2024-09-09,Sharjah,Electronics,556.76,1,10.0,556.76,501.08,Card,New,1.0,4.2
102820,2024-02-17,Sharjah,Mobile Accessories,96.82,1,30.0,96.82,67.77,Card,Returning,4.0,4.4
103004,2024-02-20,Ajman,Fashion,241.61,1,10.0,241.61,217.45,Card,Returning,3.0,4.4
144196,2025-10-31,Dubai,Fashion,539.97,2,0.0,1079.94,1079.94,Card,New,2.0,3.9
135474,2025-07-03,Dubai,Electronics,2198.55,2,0.0,4397.1,4397.1,Card,New,3.0,3.8
125291,2025-01-28,Sharjah,Electronics,2539.52,3,5.0,7618.56,7237.63,Card,New,3.0,4.3
140004,2025-02-09,Ras Al Khaimah,Groceries,249.51,1,15.0,249.51,212.08,Card,Returning,2.0,3.7
134716,2025-06-21,Dubai,Home & Kitchen,363.0,1,5.0,363.0,344.85,Card,Returning,3.0,4.2
136131,2025-07-12,Ras Al Khaimah,Fashion,437.17,3,0.0,1311.51,1311.51,Cash On Delivery,New,1.0,3.6
146268,2025-11-24,Sharjah,Electronics,2243.39,1,0.0,2243.39,1346.03,Cash On Delivery,Returning,2.0,3.7
114894,2024-08-30,Dubai,Groceries,54.59,1,10.0,54.59,49.13,Cash On Delivery,Returning,2.0,4.7
119263,2024-11-08,Dubai,Fashion,509.29,2,5.0,1018.58,967.65,Card,New,2.0,4.8
145372,2025-11-17,Ajman,Fashion,346.32,1,20.0,346.32,277.06,Wallet,Returning,2.0,5.0
138436,2025-08-16,Dubai,Groceries,35.57,1,0.0,35.57,35.57,Card,Returning,3.0,4.4
101856,2024-02-02,Dubai,Mobile Accessories,197.65,3,20.0,592.95,474.36,Card,Returning,1.0,4.2
149075,2025-12-26,Dubai,Beauty & Personal Care,102.48,1,15.0,102.48,87.11,Card,New,2.0,4.4
103014,2024-02-21,Sharjah,Fashion,401.37,3,15.0,1204.11,1023.49,Card,Returning,3.0,4.0
144933,2025-11-10,Abu Dhabi,Home & Kitchen,53.93,1,20.0,53.93,43.14,Cash On Delivery,New,3.0,4.2
123942,2025-07-01,Ajman,Mobile Accessories,63.9,1,0.0,63.9,63.9,Card,New,1.0,3.6
117649,2024-10-12,Ras Al Khaimah,Fashion,144.66,1,0.0,144.66,144.66,Wallet,New,3.0,4.3
102275,2024-02-09,Abu Dhabi,Electronics,1150.22,2,20.0,2300.44,1840.35,Card,Returning,2.0,5.0
143230,2025-10-18,Dubai,Home & Kitchen,141.42,1,10.0,141.42,127.28,Card,Returning,3.0,4.2
113917,2024-08-18,Dubai,Fashion,262.4,1,0.0,262.4,262.4,Cash On Delivery,Returning,2.0,3.7
143084,2025-10-17,Dubai,Electronics,1279.13,1,15.0,1279.13,1087.26,Cash On Delivery,New,1.0,4.0
148063,2025-12-12,Ras Al Khaimah,Fashion,433.24,1,0.0,433.24,411.58,Wallet,Returning,1.0,4.2
115936,2024-09-14,Abu Dhabi,Beauty & Personal Care,111.3,1,0.0,111.3,111.3,Cash On Delivery,Returning,1.0,4.2
143440,2025-10-21,Abu Dhabi,Mobile Accessories,35.0,1,0.0,35.0,35.0,Card,Returning,3.0,3.9
137235,2025-07-29,Dubai,Beauty & Personal Care,332.69,1,15.0,332.69,282.79,Card,Returning,3.0,4.7
143625,2025-10-24,Dubai,Beauty & Personal Care,58.43,1,15.0,58.43,49.67,Cash On Delivery,New,1.0,5.0
107388,2024-05-03,Sharjah,Groceries,225.3,1,30.0,225.3,157.71,Cash On Delivery,New,1.0,3.4
103441,2024-02-28,Dubai,Home & Kitchen,546.81,1,0.0,546.81,546.81,Card,Returning,1.0,4.0
109269,2024-04-06,Abu Dhabi,Electronics,319.72,1,20.0,319.72,255.78,Card,Returning,3.0,4.3
147884,2025-09-12,Sharjah,Mobile Accessories,128.2,3,5.0,384.6,365.37,Wallet,Returning,2.0,4.8
101343,2024-01-24,Dubai,Fashion,103.81,1,0.0,103.81,103.81,Wallet,Returning,3.0,5.0
108143,2024-05-16,Sharjah,Groceries,57.25,1,10.0,57.25,51.52,Card,New,3.0,3.5
102701,2024-02-15,Dubai,Home & Kitchen,567.96,1,10.0,567.96,511.16,Card,Returning,1.0,3.4
120132,2024-11-22,Dubai,Electronics,1641.56,1,30.0,1641.56,1149.09,Card,Returning,2.0,4.3
141317,2025-09-21,Ras Al Khaimah,Fashion,254.74,1,15.0,254.74,216.53,Card,Returning,3.0,5.0
145700,2025-11-21,Abu Dhabi,Fashion,303.82,1,10.0,303.82,273.44,Wallet,Returning,5.0,4.3
135598,2025-04-07,Sharjah,Home & Kitchen,232.79,3,0.0,698.37,698.37,Cash On Delivery,New,3.0,4.1
149476,2025-12-31,Dubai,Groceries,89.48,1,0.0,89.48,89.48,Card,New,3.0,4.2
131542,2025-05-05,Abu Dhabi,Beauty & Personal Care,377.15,1,5.0,377.15,358.29,Card,New,1.0,4.7
108128,2024-05-16,Sharjah,Electronics,2171.98,1,0.0,2171.98,2171.98,Card,Returning,3.0,4.1
107414,2024-05-03,Dubai,Mobile Accessories,183.91,3,0.0,551.73,551.73,Card,New,1.0,4.5
129232,2025-02-04,Abu Dhabi,Electronics,3107.26,1,0.0,3107.26,3107.26,Cash On Delivery,New,2.0,4.5
141232,2025-09-20,Dubai,Fashion,138.76,1,0.0,138.76,138.76,Wallet,Returning,3.0,3.6
125649,2025-02-02,Ajman,Electronics,1115.74,2,15.0,2231.48,1896.76,Wallet,Returning,2.0,5.0
132343,2025-05-17,Abu Dhabi,Mobile Accessories,226.16,1,15.0,226.16,192.24,Card,Returning,1.0,4.5
122181,2024-10-12,Dubai,Electronics,1722.95,2,5.0,3445.9,3273.6,Wallet,New,4.0,3.2
133766,2025-06-07,Dubai,Beauty & Personal Care,264.22,1,5.0,264.22,251.01,Wallet,Returning,2.0,3.7
105291,2024-04-04,Abu Dhabi,Beauty & Personal Care,187.4,2,0.0,374.8,374.8,Card,Returning,2.0,4.6
100672,2024-01-13,Dubai,Beauty & Personal Care,235.8,1,0.0,235.8,235.8,Card,New,3.0,3.9
132632,2025-05-21,Sharjah,Electronics,806.17,1,15.0,806.17,685.24,Card,Returning,2.0,4.2
143237,2025-10-19,Ras Al Khaimah,Electronics,1396.44,1,5.0,1396.44,1326.62,Card,Returning,1.0,3.9
134337,2025-06-15,Ras Al Khaimah,Electronics,835.92,2,10.0,1671.84,1504.66,Wallet,Returning,4.0,4.0
139391,2025-08-27,Abu Dhabi,Fashion,546.37,1,0.0,546.37,546.37,Cash On Delivery,Returning,3.0,4.3
108345,2024-05-19,Dubai,Home & Kitchen,716.64,2,0.0,1433.28,1433.28,Cash On Delivery,Returning,5.0,3.7
133594,2025-06-04,Abu Dhabi,Electronics,1633.22,1,0.0,1633.22,1633.22,Wallet,New,1.0,3.6
100238,2024-01-05,Abu Dhabi,Mobile Accessories,137.84,1,5.0,137.84,130.95,Cash On Delivery,Returning,4.0,4.6
108744,2024-05-25,Dubai,Groceries,72.79,1,5.0,72.79,69.15,Card,Returning,3.0,4.8
111061,2024-04-07,Abu Dhabi,Beauty & Personal Care,333.9,1,10.0,333.9,300.51,Wallet,Returning,3.0,4.5
140588,2025-09-10,Sharjah,Fashion,64.1,1,10.0,64.1,57.69,Wallet,Returning,3.0,4.3
136416,2025-07-17,Abu Dhabi,Mobile Accessories,106.73,1,0.0,106.73,106.73,Card,Returning,2.0,4.4
115236,2024-09-04,Sharjah,Beauty & Personal Care,399.83,1,0.0,399.83,399.83,Cash On Delivery,New,1.0,4.0
107125,2024-04-29,Dubai,Mobile Accessories,190.74,1,10.0,190.74,171.67,Cash On Delivery,New,2.0,3.1
114841,2024-08-30,Dubai,Mobile Accessories,43.46,2,5.0,86.92,82.57,Wallet,Returning,2.0,4.0
129883,2025-04-10,Dubai,Fashion,52.76,2,0.0,105.52,105.52,Card,Returning,3.0,4.0
124925,2025-01-22,Dubai,Beauty & Personal Care,250.75,1,5.0,250.75,238.21,Wallet,New,2.0,3.7
125980,2025-08-02,Abu Dhabi,Mobile Accessories,128.34,1,10.0,128.34,115.51,Cash On Delivery,New,2.0,4.4
131749,2025-08-05,Sharjah,Electronics,3240.54,1,10.0,3240.54,2916.49,Card,New,2.0,4.3
142196,2025-10-03,Abu Dhabi,Mobile Accessories,74.85,1,0.0,74.85,74.85,Wallet,Returning,1.0,5.0
145384,2025-11-17,Dubai,Electronics,2785.62,1,20.0,2785.62,2228.5,Card,Returning,2.0,4.1
131660,2025-05-07,Dubai,Home & Kitchen,161.79,1,20.0,161.79,129.43,Card,Returning,2.0,3.4
107604,2024-07-05,Dubai,Beauty & Personal Care,242.84,1,5.0,242.84,230.7,Cash On Delivery,Returning,3.0,4.6
144723,2025-11-07,Dubai,Fashion,274.08,1,5.0,274.08,260.38,Card,Returning,3.0,3.2
128786,2025-03-29,Abu Dhabi,Fashion,578.06,2,10.0,1156.12,1040.51,Wallet,Returning,4.0,4.7
141179,2025-09-19,Dubai,Mobile Accessories,224.32,1,5.0,224.32,213.1,Card,Returning,2.0,4.8
106133,2024-04-13,Dubai,Groceries,284.09,1,0.0,284.09,284.09,Card,Returning,3.0,4.2
108969,2024-05-30,Ajman,Electronics,382.69,2,20.0,765.38,612.3,Wallet,Returning,2.0,4.5
134855,2025-06-23,Abu Dhabi,Beauty & Personal Care,69.37,1,5.0,69.37,65.9,Card,Returning,1.0,5.0
119943,2024-11-18,Dubai,Fashion,128.23,1,15.0,128.23,109.0,Card,New,3.0,4.4
119530,2024-11-12,Dubai,Fashion,137.95,1,15.0,137.95,117.26,Cash On Delivery,Returning,3.0,3.7
133772,2025-07-06,Abu Dhabi,Mobile Accessories,66.05,1,0.0,66.05,66.05,Wallet,Returning,1.0,4.2
122654,2024-12-18,Sharjah,Groceries,78.16,1,20.0,78.16,62.53,Cash On Delivery,Returning,3.0,4.1
140821,2025-09-14,Abu Dhabi,Beauty & Personal Care,390.52,1,15.0,390.52,331.94,Wallet,Returning,3.0,4.1
114919,2024-08-31,Dubai,Beauty & Personal Care,218.32,1,20.0,218.32,174.66,Card,Returning,2.0,5.0
140095,2025-03-09,Sharjah,Home & Kitchen,551.97,1,0.0,551.97,551.97,Cash On Delivery,New,1.0,4.3
106499,2024-04-19,Abu Dhabi,Home & Kitchen,373.0,1,0.0,373.0,373.0,Card,New,3.0,3.8
117375,2024-10-08,Sharjah,Fashion,159.24,1,5.0,159.24,151.28,Card,Returning,4.0,3.9
106935,2024-04-26,Dubai,Groceries,167.67,1,5.0,167.67,159.29,Card,New,4.0,3.2
144194,2025-10-31,Sharjah,Fashion,503.51,1,10.0,503.51,453.16,Card,Returning,2.0,1.6
108767,2024-05-26,Dubai,Fashion,406.99,2,0.0,813.98,813.98,Card,Returning,3.0,5.0
106699,2024-04-22,Abu Dhabi,Electronics,923.26,1,0.0,923.26,923.26,Wallet,Returning,3.0,3.9
141157,2025-09-19,Abu Dhabi,Beauty & Personal Care,220.47,1,30.0,220.47,154.33,Cash On Delivery,Returning,3.0,4.5
106266,2024-04-15,Sharjah,Fashion,172.61,1,0.0,172.61,172.61,Cash On Delivery,New,3.0,4.5
142079,2025-02-10,Abu Dhabi,Beauty & Personal Care,291.95,1,30.0,291.95,204.36,Wallet,New,2.0,4.0
149252,2025-12-28,Dubai,Groceries,262.69,1,0.0,262.69,262.69,Cash On Delivery,Returning,4.0,4.1
100459,2024-09-01,Dubai,Fashion,594.12,1,20.0,594.12,475.3,Card,Returning,4.0,5.0
134253,2025-06-14,Dubai,Home & Kitchen,835.23,1,0.0,835.23,835.23,Card,New,5.0,3.6
129485,2025-04-04,Dubai,Electronics,1728.15,1,20.0,1728.15,1382.52,Cash On Delivery,Returning,3.0,2.9
145155,2025-11-14,Dubai,Home & Kitchen,708.38,1,30.0,708.38,495.87,Card,New,4.0,3.3
139322,2025-08-26,Abu Dhabi,Mobile Accessories,72.01,1,10.0,72.01,64.81,Cash On Delivery,New,5.0,4.2
133288,2025-05-31,Dubai,Mobile Accessories,155.85,1,10.0,155.85,140.26,Card,New,3.0,4.0
128476,2025-03-24,Dubai,Beauty & Personal Care,135.77,2,20.0,271.54,217.23,Cash On Delivery,New,3.0,3.4
144889,2025-11-10,Abu Dhabi,Fashion,453.96,1,20.0,453.96,363.17,Card,Returning,1.0,3.9
101305,2024-01-23,Dubai,Home & Kitchen,612.5,1,0.0,612.5,612.5,Card,Returning,2.0,4.0
117655,2024-10-12,Dubai,Groceries,152.06,1,0.0,152.06,152.06,Card,New,3.0,3.4
100157,2024-01-04,Sharjah,Fashion,380.43,1,15.0,380.43,323.37,Wallet,New,3.0,4.4
130794,2025-04-23,Dubai,Mobile Accessories,201.12,3,0.0,603.36,603.36,Wallet,Returning,4.0,4.4
126618,2025-02-19,Abu Dhabi,Home & Kitchen,108.89,1,5.0,108.89,103.45,Cash On Delivery,Returning,5.0,5.0
116625,2024-09-26,Ras Al Khaimah,Electronics,1051.47,3,30.0,3154.41,2208.09,Wallet,Returning,3.0,2.9
143217,2025-10-18,Abu Dhabi,Home & Kitchen,797.75,1,20.0,797.75,638.2,Card,Returning,2.0,5.0
116242,2024-09-19,Dubai,Fashion,515.11,1,20.0,515.11,412.09,Cash On Delivery,Returning,3.0,5.0
112728,2024-07-31,Dubai,Fashion,159.33,1,15.0,159.33,135.43,Wallet,New,3.0,5.0
132706,2025-05-22,Ras Al Khaimah,Fashion,344.14,1,0.0,344.14,344.14,Cash On Delivery,New,4.0,4.9
107669,2024-05-08,Ras Al Khaimah,Electronics,1123.2,1,0.0,1123.2,1123.2,Card,New,4.0,3.2
122829,2024-12-21,Dubai,Electronics,2486.51,2,10.0,4973.02,4475.72,Cash On Delivery,New,2.0,4.4
103828,2024-03-06,Dubai,Mobile Accessories,48.09,1,15.0,48.09,40.88,Card,New,4.0,4.0
135203,2025-06-28,Dubai,Fashion,257.61,3,5.0,772.83,734.19,Card,New,3.0,4.1
137987,2025-08-09,Dubai,Electronics,2194.2,1,20.0,2194.2,1755.36,Cash On Delivery,New,3.0,3.8
123018,2024-12-24,Dubai,Mobile Accessories,63.42,1,0.0,63.42,63.42,Card,New,1.0,3.3
102996,2024-02-20,Dubai,Fashion,311.34,1,5.0,311.34,295.77,Cash On Delivery,Returning,2.0,3.4
118187,2024-10-21,Ajman,Fashion,477.35,1,5.0,477.35,453.48,Cash On Delivery,New,1.0,3.7
135602,2025-04-07,Dubai,Fashion,75.68,1,10.0,75.68,68.11,Cash On Delivery,New,5.0,4.7
141802,2025-09-28,Abu Dhabi,Home & Kitchen,506.79,1,0.0,506.79,506.79,Cash On Delivery,Returning,1.0,5.0
133137,2025-05-29,Sharjah,Mobile Accessories,119.13,1,15.0,119.13,101.26,Card,New,4.0,4.6
140052,2025-09-03,Abu Dhabi,Beauty & Personal Care,116.1,1,0.0,116.1,92.88,Cash On Delivery,Returning,2.0,3.9
109354,2024-06-05,Sharjah,Beauty & Personal Care,45.9,1,20.0,45.9,36.72,Cash On Delivery,Returning,3.0,3.6
115931,2024-09-14,Abu Dhabi,Electronics,2114.45,1,15.0,2114.45,1797.28,Cash On Delivery,New,2.0,4.3
109546,2024-08-06,Ajman,Fashion,53.79,1,5.0,53.79,51.1,Card,Returning,3.0,4.4
122476,2024-12-14,Sharjah,Home & Kitchen,447.6,2,10.0,895.2,805.68,Card,Returning,3.0,3.9
122354,2024-12-13,Sharjah,Fashion,179.23,1,30.0,179.23,125.46,Card,Returning,1.0,5.0
138184,2025-08-12,Sharjah,Beauty & Personal Care,137.24,1,0.0,137.24,137.24,Card,Returning,3.0,3.3
135682,2025-06-07,Sharjah,Mobile Accessories,113.71,1,5.0,113.71,108.02,Card,Returning,2.0,3.9
127889,2025-03-13,Dubai,Groceries,165.67,1,20.0,165.67,132.54,Cash On Delivery,Returning,3.0,3.5
112064,2024-07-20,Dubai,Fashion,161.01,1,0.0,161.01,161.01,Card,New,3.0,4.1
113632,2024-08-15,Dubai,Mobile Accessories,136.69,1,0.0,136.69,136.69,Cash On Delivery,Returning,1.0,4.3
133548,2025-06-04,Sharjah,Electronics,2788.35,1,0.0,2788.35,2788.35,Card,Returning,3.0,5.0
113101,2024-08-06,Dubai,Mobile Accessories,180.76,1,15.0,180.76,153.65,Cash On Delivery,New,2.0,4.5
147424,2025-12-03,Ajman,Mobile Accessories,184.28,1,5.0,184.28,175.07,Card,Returning,3.0,4.4
145061,2025-12-11,Ajman,Groceries,175.64,1,10.0,175.64,158.08,Card,New,3.0,4.2
133715,2025-06-06,Dubai,Fashion,191.73,2,10.0,383.46,345.11,Wallet,Returning,2.0,5.0
145634,2025-11-21,Dubai,Fashion,179.28,1,30.0,179.28,125.5,Card,Returning,3.0,4.4
142220,2025-10-04,Dubai,Groceries,282.13,3,15.0,846.39,719.43,Card,New,4.0,3.7
148964,2025-12-25,Abu Dhabi,Fashion,324.58,3,15.0,973.74,827.68,Card,Returning,2.0,4.2
102839,2024-02-17,Dubai,Electronics,1699.09,1,5.0,1699.09,1614.14,Cash On Delivery,Returning,4.0,4.6
125167,2025-01-26,Sharjah,Home & Kitchen,315.65,2,0.0,631.3,568.17,Cash On Delivery,Returning,1.0,3.7
115227,2024-09-04,Ras Al Khaimah,Home & Kitchen,806.48,1,15.0,806.48,685.51,Cash On Delivery,Returning,3.0,2.5
107031,2024-04-27,Sharjah,Fashion,405.05,2,20.0,810.1,648.08,Wallet,Returning,3.0,3.2
121849,2024-05-12,Abu Dhabi,Fashion,572.25,1,5.0,572.25,543.64,Card,New,2.0,4.0
143605,2025-10-24,Dubai,Groceries,276.49,1,0.0,276.49,276.49,Card,Returning,2.0,4.6
138282,2025-08-13,Sharjah,Electronics,2049.26,1,10.0,2049.26,1844.33,Card,Returning,3.0,4.8
126518,2025-02-17,Ajman,Fashion,329.79,1,0.0,329.79,329.79,Cash On Delivery,New,3.0,4.3
119109,2024-05-11,Sharjah,Home & Kitchen,237.01,1,5.0,237.01,225.16,Cash On Delivery,Returning,3.0,3.5
144066,2025-10-30,Dubai,Beauty & Personal Care,246.82,1,0.0,246.82,246.82,Card,New,2.0,3.7
111010,2024-07-03,Dubai,Fashion,155.29,1,0.0,155.29,155.29,Card,Returning,1.0,4.7
148747,2025-12-22,Dubai,Fashion,564.82,1,10.0,564.82,508.34,Cash On Delivery,New,2.0,2.9
115506,2024-07-09,Sharjah,Beauty & Personal Care,63.64,1,15.0,63.64,54.09,Wallet,Returning,4.0,4.6
148620,2025-12-20,Dubai,Beauty & Personal Care,189.87,1,15.0,189.87,161.39,Cash On Delivery,New,2.0,3.2
100145,2024-03-01,Sharjah,Electronics,843.23,1,0.0,843.23,843.23,Card,New,4.0,4.8
111101,2024-07-05,Dubai,Groceries,278.71,1,10.0,278.71,250.84,Card,Returning,3.0,3.7
122758,2024-12-20,Dubai,Beauty & Personal Care,87.7,1,0.0,87.7,87.7,Cash On Delivery,Returning,3.0,3.9
127872,2025-03-13,Dubai,Electronics,1672.04,1,10.0,1672.04,1504.84,Card,New,2.0,4.2
136478,2025-07-18,Dubai,Electronics,2575.36,3,5.0,7726.08,7339.78,Card,Returning,5.0,4.8
144242,2025-11-01,Abu Dhabi,Mobile Accessories,185.95,1,5.0,185.95,176.65,Card,Returning,3.0,5.0
119272,2024-08-11,Abu Dhabi,Fashion,557.95,2,10.0,1115.9,1004.31,Card,Returning,1.0,4.1
134265,2025-06-14,Dubai,Fashion,433.7,1,10.0,433.7,390.33,Wallet,New,4.0,4.2
104502,2024-03-19,Dubai,Fashion,121.84,1,0.0,121.84,115.75,Card,Returning,3.0,4.5
102506,2024-02-12,Dubai,Mobile Accessories,241.39,1,20.0,241.39,193.11,Card,New,4.0,4.9
118522,2024-10-26,Sharjah,Fashion,212.83,1,0.0,212.83,212.83,Card,Returning,3.0,3.8
139207,2025-08-24,Ajman,Groceries,288.55,1,10.0,288.55,259.7,Cash On Delivery,Returning,1.0,3.9
133469,2025-06-03,Sharjah,Beauty & Personal Care,326.7,1,5.0,326.7,310.36,Cash On Delivery,Returning,3.0,4.2
141259,2025-09-20,Dubai,Groceries,196.51,1,0.0,196.51,196.51,Card,Returning,2.0,4.6
116823,2024-09-29,Sharjah,Groceries,113.18,2,5.0,226.36,215.04,Wallet,Returning,1.0,3.9
100581,2024-11-01,Abu Dhabi,Groceries,293.05,1,15.0,293.05,249.09,Cash On Delivery,New,2.0,4.8
120860,2024-11-26,Abu Dhabi,Electronics,1743.53,1,30.0,1743.53,1220.47,Card,Returning,1.0,4.6
123401,2024-12-29,Abu Dhabi,Mobile Accessories,143.7,1,0.0,143.7,143.7,Card,Returning,1.0,4.2
136160,2025-07-13,Abu Dhabi,Fashion,99.74,1,0.0,99.74,99.74,Cash On Delivery,New,4.0,4.2
147428,2025-12-03,Ajman,Groceries,207.08,1,5.0,207.08,196.73,Wallet,Returning,1.0,4.8
133394,2025-06-01,Sharjah,Beauty & Personal Care,384.87,2,10.0,769.74,692.77,Cash On Delivery,Returning,3.0,4.1
114811,2024-08-30,Abu Dhabi,Electronics,3427.34,1,15.0,3427.34,2913.24,Card,Returning,1.0,3.8
102745,2024-02-16,Dubai,Groceries,21.62,1,0.0,21.62,21.62,Card,Returning,4.0,3.3
100780,2024-01-14,Ajman,Home & Kitchen,334.02,2,0.0,668.04,668.04,Card,Returning,5.0,4.2
129771,2025-08-04,Dubai,Fashion,542.1,2,30.0,1084.2,758.94,Card,New,2.0,4.5
142863,2025-10-13,Ras Al Khaimah,Groceries,215.9,1,10.0,215.9,194.31,Card,Returning,3.0,4.9
117804,2024-10-15,Abu Dhabi,Mobile Accessories,212.2,2,10.0,424.4,381.96,Card,New,2.0,4.3
105096,2024-03-31,Abu Dhabi,Mobile Accessories,98.31,2,0.0,196.62,196.62,Card,New,2.0,3.9
120641,2024-11-24,Dubai,Mobile Accessories,240.18,1,10.0,240.18,216.16,Cash On Delivery,New,4.0,4.3
105320,2024-04-04,Dubai,Groceries,119.95,1,10.0,119.95,107.96,Card,Returning,3.0,4.3
106682,2024-04-22,Dubai,Groceries,123.37,1,0.0,123.37,123.37,Wallet,Returning,4.0,4.7
148174,2025-12-13,Dubai,Beauty & Personal Care,75.8,2,0.0,151.6,151.6,Cash On Delivery,Returning,4.0,4.2
136178,2025-07-13,Ajman,Home & Kitchen,734.99,1,20.0,734.99,587.99,Cash On Delivery,New,2.0,4.1
127947,2025-03-14,Dubai,Fashion,585.57,1,5.0,585.57,556.29,Cash On Delivery,Returning,3.0,4.2
127816,2025-03-12,Abu Dhabi,Groceries,24.41,1,0.0,24.41,23.19,Wallet,Returning,3.0,3.7
144250,2025-11-01,Dubai,Mobile Accessories,211.32,2,0.0,422.64,422.64,Card,New,3.0,4.6
132236,2025-05-15,Ajman,Electronics,1113.08,1,5.0,1113.08,1057.43,Cash On Delivery,New,3.0,4.0
146190,2025-11-23,Abu Dhabi,Fashion,165.2,1,30.0,165.2,115.64,Card,New,1.0,2.7
116869,2024-09-30,Dubai,Electronics,645.59,1,0.0,645.59,645.59,Card,New,6.0,3.3
112371,2024-07-25,Abu Dhabi,Fashion,303.58,1,15.0,303.58,258.04,Wallet,Returning,5.0,3.3
137798,2025-08-06,Sharjah,Fashion,41.28,1,5.0,41.28,39.22,Card,Returning,2.0,4.2
101742,2024-01-31,Dubai,Groceries,279.21,1,0.0,279.21,279.21,Card,New,4.0,3.2
117834,2024-10-15,Ras Al Khaimah,Home & Kitchen,865.92,3,0.0,2597.76,2337.98,Wallet,New,1.0,5.0
146039,2025-11-22,Dubai,Home & Kitchen,225.58,1,30.0,225.58,157.91,Card,Returning,3.0,3.8
105670,2024-09-04,Ras Al Khaimah,Fashion,294.66,2,20.0,589.32,471.46,Card,Returning,3.0,5.0
141288,2025-09-21,Ras Al Khaimah,Groceries,262.57,1,15.0,262.57,223.18,Card,Returning,5.0,4.0
124704,2025-01-18,Sharjah,Groceries,132.48,3,5.0,397.44,377.57,Card,Returning,2.0,4.6
135963,2025-07-10,Sharjah,Electronics,2513.49,3,10.0,7540.47,6786.42,Card,New,3.0,4.6
102432,2024-02-11,Ras Al Khaimah,Home & Kitchen,509.51,1,0.0,509.51,509.51,Card,Returning,1.0,4.3
124948,2025-01-23,Abu Dhabi,Beauty & Personal Care,26.08,2,0.0,52.16,52.16,Card,Returning,4.0,4.7
148527,2025-12-18,Abu Dhabi,Fashion,460.13,1,5.0,460.13,437.12,Wallet,Returning,2.0,4.5
147117,2025-11-29,Abu Dhabi,Fashion,370.9,1,0.0,370.9,370.9,Wallet,New,5.0,4.2
145860,2025-11-22,Dubai,Home & Kitchen,671.94,1,40.0,671.94,403.16,Card,Returning,2.0,4.6
109787,2024-06-13,Abu Dhabi,Mobile Accessories,68.59,1,0.0,68.59,68.59,Card,New,2.0,4.4
107532,2024-05-05,Abu Dhabi,Fashion,269.14,3,5.0,807.42,767.05,Cash On Delivery,New,2.0,3.9
140392,2025-09-07,Dubai,Beauty & Personal Care,157.96,1,0.0,157.96,157.96,Card,Returning,2.0,3.2
137496,2025-02-08,Dubai,Groceries,96.7,1,20.0,96.7,77.36,Card,Returning,3.0,4.4
137959,2025-08-08,Dubai,Mobile Accessories,229.39,2,10.0,458.78,412.9,Card,New,1.0,4.2
102525,2024-02-12,Abu Dhabi,Electronics,1508.99,3,0.0,4526.97,4526.97,Cash On Delivery,Returning,5.0,4.6
136666,2025-07-20,Sharjah,Electronics,2316.57,1,15.0,2316.57,1969.08,Card,New,2.0,4.5
122537,2024-12-15,Dubai,Beauty & Personal Care,177.89,2,0.0,355.78,355.78,Cash On Delivery,New,4.0,4.2
126579,2025-02-18,Abu Dhabi,Home & Kitchen,471.48,2,10.0,942.96,848.66,Cash On Delivery,New,1.0,4.4
127311,2025-03-01,Sharjah,Mobile Accessories,115.29,2,5.0,230.58,219.05,Cash On Delivery,New,1.0,5.0
148653,2025-12-20,Dubai,Home & Kitchen,345.91,1,15.0,345.91,294.02,Card,Returning,4.0,3.6
119388,2024-09-11,Dubai,Fashion,391.45,3,0.0,1174.35,1174.35,Card,New,3.0,3.9
139837,2025-08-31,Sharjah,Home & Kitchen,85.14,2,0.0,170.28,170.28,Card,New,4.0,3.6
144163,2025-10-31,Dubai,Home & Kitchen,804.74,2,20.0,1609.48,1287.58,Card,Returning,4.0,4.0
149095,2025-12-26,Dubai,Fashion,565.64,1,0.0,565.64,480.79,Card,Returning,2.0,5.0
144592,2025-11-06,Ras Al Khaimah,Electronics,2675.74,2,0.0,5351.48,5351.48,Card,Returning,1.0,2.9
129086,2025-04-01,Abu Dhabi,Electronics,2821.86,1,0.0,2821.86,2821.86,Card,Returning,1.0,3.7
131762,2025-08-05,Abu Dhabi,Beauty & Personal Care,104.28,1,0.0,104.28,104.28,Cash On Delivery,Returning,1.0,3.5
110651,2024-06-27,Ras Al Khaimah,Electronics,2348.29,1,5.0,2348.29,2230.88,Cash On Delivery,Returning,3.0,4.7
137347,2025-07-31,Dubai,Fashion,444.12,1,0.0,444.12,444.12,Card,New,3.0,5.0
145228,2025-11-15,Ras Al Khaimah,Electronics,1165.64,1,0.0,1165.64,1165.64,Wallet,Returning,3.0,5.0
114293,2024-08-23,Dubai,Home & Kitchen,886.7,1,10.0,886.7,798.03,Wallet,Returning,2.0,5.0
135133,2025-06-27,Ajman,Beauty & Personal Care,73.25,1,5.0,73.25,69.59,Card,Returning,2.0,4.0
123419,2024-12-30,Abu Dhabi,Groceries,249.18,2,0.0,498.36,498.36,Cash On Delivery,Returning,2.0,4.3
108681,2024-05-25,Dubai,Groceries,65.56,1,10.0,65.56,59.0,Cash On Delivery,Returning,3.0,4.3
132657,2025-05-21,Abu Dhabi,Groceries,275.36,1,0.0,275.36,275.36,Cash On Delivery,Returning,1.0,3.3
112486,2024-07-27,Ras Al Khaimah,Home & Kitchen,409.93,1,0.0,409.93,409.93,Wallet,New,3.0,3.6
136486,2025-07-18,Abu Dhabi,Beauty & Personal Care,367.12,1,15.0,367.12,312.05,Card,Returning,2.0,3.9
139220,2025-08-24,Abu Dhabi,Beauty & Personal Care,111.05,1,10.0,111.05,99.94,Card,Returning,2.0,3.9
125525,2025-02-01,Abu Dhabi,Fashion,191.66,1,5.0,191.66,182.08,Card,Returning,3.0,3.1
145028,2025-11-12,Dubai,Mobile Accessories,54.34,1,15.0,54.34,46.19,Card,Returning,3.0,4.0
141428,2025-09-23,Sharjah,Mobile Accessories,208.82,1,0.0,208.82,208.82,Card,Returning,5.0,3.8
110485,2024-06-24,Dubai,Mobile Accessories,217.79,1,0.0,217.79,217.79,Cash On Delivery,Returning,4.0,2.7
132530,2025-05-19,Sharjah,Electronics,990.64,1,5.0,990.64,941.11,Card,Returning,2.0,3.5
133199,2025-05-30,Dubai,Groceries,57.95,1,0.0,57.95,57.95,Card,Returning,2.0,5.0
113498,2024-08-13,Ajman,Fashion,289.88,1,30.0,289.88,202.92,Wallet,Returning,4.0,4.1
148351,2025-12-16,Sharjah,Groceries,165.18,2,5.0,330.36,313.84,Cash On Delivery,New,3.0,3.9
112464,2024-07-27,Abu Dhabi,Home & Kitchen,460.75,1,0.0,460.75,460.75,Wallet,Returning,3.0,4.4
130677,2025-04-21,Sharjah,Home & Kitchen,195.66,1,0.0,195.66,195.66,Wallet,Returning,2.0,4.5
119374,2024-11-09,Dubai,Home & Kitchen,661.78,1,5.0,661.78,628.69,Card,New,3.0,4.5
142870,2025-10-13,Sharjah,Mobile Accessories,223.33,1,0.0,223.33,223.33,Card,Returning,2.0,4.2
141754,2025-09-27,Ras Al Khaimah,Mobile Accessories,218.13,1,0.0,218.13,218.13,Cash On Delivery,New,3.0,4.2
143106,2025-10-17,Abu Dhabi,Groceries,72.93,1,10.0,72.93,65.64,Card,Returning,4.0,2.8
100885,2024-01-16,Dubai,Fashion,169.69,1,15.0,169.69,144.24,Card,Returning,3.0,4.3
144322,2025-02-11,Ras Al Khaimah,Electronics,1831.7,1,10.0,1831.7,1648.53,Card,Returning,3.0,2.7
146960,2025-11-28,Dubai,Electronics,3219.95,1,10.0,3219.95,2897.96,Cash On Delivery,New,2.0,3.7
142911,2025-10-14,Abu Dhabi,Mobile Accessories,234.5,1,0.0,234.5,234.5,Card,New,3.0,4.0
118660,2024-10-28,Dubai,Electronics,2547.76,1,5.0,2547.76,2420.37,Card,Returning,3.0,4.7
130145,2025-04-14,Dubai,Beauty & Personal Care,274.24,1,20.0,274.24,219.39,Card,Returning,4.0,3.6
130417,2025-04-18,Abu Dhabi,Electronics,1889.02,1,0.0,1889.02,1889.02,Wallet,Returning,4.0,4.8
106300,2024-04-15,Dubai,Electronics,432.51,1,0.0,432.51,432.51,Card,Returning,4.0,5.0
107228,2024-04-30,Abu Dhabi,Electronics,1629.23,1,15.0,1629.23,1384.85,Wallet,Returning,3.0,3.8
103418,2024-02-28,Ajman,Electronics,3181.81,2,10.0,6363.62,5727.26,Cash On Delivery,Returning,2.0,4.6
125463,2025-01-31,Abu Dhabi,Home & Kitchen,89.84,1,10.0,89.84,80.86,Wallet,Returning,3.0,4.3
106951,2024-04-26,Dubai,Electronics,3205.71,1,0.0,3205.71,3045.42,Card,Returning,3.0,4.5
105499,2024-07-04,Dubai,Beauty & Personal Care,253.77,1,0.0,253.77,253.77,Cash On Delivery,Returning,4.0,5.0
114935,2024-08-31,Abu Dhabi,Beauty & Personal Care,221.59,1,0.0,221.59,221.59,Card,Returning,1.0,4.2
116045,2024-09-16,Dubai,Beauty & Personal Care,152.91,2,20.0,305.82,244.66,Card,Returning,3.0,4.0
108220,2024-05-17,Abu Dhabi,Fashion,173.22,1,0.0,173.22,173.22,Card,Returning,1.0,3.3
148786,2025-12-22,Dubai,Mobile Accessories,28.12,2,0.0,56.24,56.24,Cash On Delivery,New,3.0,2.9
142703,2025-10-11,Dubai,Fashion,418.81,1,0.0,418.81,418.81,Cash On Delivery,Returning,2.0,4.2
146817,2025-11-27,Abu Dhabi,Home & Kitchen,593.95,2,40.0,1187.9,712.74,Cash On Delivery,New,3.0,4.2
121053,2024-11-27,Dubai,Fashion,150.33,1,30.0,150.33,105.23,Wallet,Returning,2.0,4.6
148538,2025-12-19,Dubai,Groceries,247.17,1,0.0,247.17,247.17,Cash On Delivery,Returning,1.0,4.6
143723,2025-10-25,Abu Dhabi,Mobile Accessories,57.84,1,0.0,57.84,57.84,Card,Returning,1.0,4.8
128313,2025-03-21,Dubai,Groceries,146.09,1,5.0,146.09,138.79,Cash On Delivery,New,1.0,5.0
131750,2025-05-08,Ajman,Home & Kitchen,424.83,1,30.0,424.83,297.38,Card,Returning,2.0,4.7
103339,2024-02-26,Dubai,Mobile Accessories,216.39,1,30.0,216.39,151.47,Card,New,3.0,4.1
117208,2024-05-10,Dubai,Electronics,607.39,1,5.0,607.39,577.02,Cash On Delivery,New,2.0,4.2
100506,2024-10-01,Abu Dhabi,Electronics,3301.81,2,20.0,6603.62,5282.9,Cash On Delivery,New,1.0,3.4
147080,2025-11-29,Abu Dhabi,Groceries,81.79,1,10.0,81.79,73.61,Card,Returning,1.0,3.4
135866,2025-07-08,Dubai,Groceries,118.17,1,10.0,118.17,106.35,Wallet,Returning,2.0,3.7
135805,2025-07-07,Abu Dhabi,Mobile Accessories,195.1,1,10.0,195.1,175.59,Card,Returning,2.0,3.0
145076,2025-11-13,Sharjah,Beauty & Personal Care,91.37,2,5.0,182.74,173.6,Card,New,2.0,5.0
110160,2024-06-18,Dubai,Beauty & Personal Care,312.87,1,0.0,312.87,281.58,Card,New,4.0,4.1
142410,2025-06-10,Abu Dhabi,Electronics,2553.34,1,0.0,2553.34,2553.34,Card,Returning,2.0,4.3
102926,2024-02-19,Dubai,Electronics,2631.13,1,5.0,2631.13,2499.57,Cash On Delivery,Returning,4.0,3.0
116520,2024-09-24,Dubai,Groceries,286.3,1,15.0,286.3,243.36,Cash On Delivery,New,2.0,4.6
106882,2024-04-25,Dubai,Beauty & Personal Care,131.66,1,10.0,131.66,118.49,Wallet,Returning,2.0,3.8
130373,2025-04-17,Dubai,Fashion,332.56,1,0.0,332.56,332.56,Card,Returning,2.0,4.2
110703,2024-06-28,Dubai,Home & Kitchen,243.29,1,5.0,243.29,231.13,Card,New,2.0,3.8
105033,2024-03-30,Dubai,Mobile Accessories,101.98,1,0.0,101.98,91.78,Wallet,Returning,4.0,3.3
131971,2025-11-05,Sharjah,Home & Kitchen,205.02,1,5.0,205.02,194.77,Wallet,Returning,3.0,4.3
133876,2025-08-06,Dubai,Home & Kitchen,325.76,2,0.0,651.52,618.94,Card,New,5.0,4.7
109552,2024-08-06,Ajman,Electronics,2068.93,1,5.0,2068.93,1965.48,Cash On Delivery,Returning,3.0,5.0
101482,2024-01-26,Dubai,Fashion,106.7,1,0.0,106.7,106.7,Card,Returning,2.0,4.2
130338,2025-04-17,Ajman,Mobile Accessories,202.51,1,10.0,202.51,182.26,Cash On Delivery,Returning,3.0,4.7
115357,2024-09-05,Abu Dhabi,Beauty & Personal Care,153.79,1,15.0,153.79,130.72,Card,Returning,4.0,5.0
134169,2025-06-13,Dubai,Mobile Accessories,22.93,1,0.0,22.93,22.93,Cash On Delivery,Returning,2.0,4.5
124617,2025-01-17,Dubai,Home & Kitchen,729.15,1,0.0,729.15,729.15,Card,New,1.0,4.2
116548,2024-09-25,Dubai,Electronics,1244.28,1,15.0,1244.28,1057.64,Card,Returning,3.0,5.0
135861,2025-07-08,Dubai,Groceries,188.27,1,0.0,188.27,188.27,Cash On Delivery,New,2.0,2.9
129972,2025-11-04,Ajman,Groceries,242.64,1,5.0,242.64,230.51,Wallet,Returning,2.0,4.1
110305,2024-06-21,Dubai,Mobile Accessories,113.69,1,0.0,113.69,113.69,Card,New,1.0,4.0
105073,2024-03-31,Dubai,Fashion,402.66,1,0.0,402.66,402.66,Card,New,3.0,4.5
100741,2024-01-13,Dubai,Electronics,590.99,2,10.0,1181.98,1063.78,Card,Returning,3.0,4.0
124148,2025-01-10,Abu Dhabi,Fashion,282.62,1,0.0,282.62,282.62,Wallet,Returning,2.0,4.6
109712,2024-11-06,Dubai,Electronics,2229.94,2,0.0,4459.88,4459.88,Card,New,3.0,4.6
116063,2024-09-16,Dubai,Fashion,203.57,1,20.0,203.57,162.86,Cash On Delivery,New,2.0,4.5
118951,2024-11-02,Sharjah,Home & Kitchen,519.96,1,5.0,519.96,493.96,Card,New,1.0,3.4
142370,2025-06-10,Abu Dhabi,Fashion,457.15,1,0.0,457.15,457.15,Cash On Delivery,Returning,3.0,4.9
122129,2024-09-12,Ajman,Electronics,1613.12,2,0.0,3226.24,3226.24,Card,Returning,2.0,3.2
108830,2024-05-27,Abu Dhabi,Mobile Accessories,222.59,1,10.0,222.59,200.33,Card,New,1.0,5.0
107856,2024-11-05,Dubai,Home & Kitchen,608.88,2,15.0,1217.76,1035.1,Cash On Delivery,Returning,3.0,4.4
120096,2024-11-21,Ras Al Khaimah,Beauty & Personal Care,94.24,1,10.0,94.24,84.82,Card,New,1.0,4.3
120332,2024-11-23,Ajman,Home & Kitchen,377.15,2,20.0,754.3,603.44,Card,Returning,3.0,5.0
110508,2024-06-24,Dubai,Electronics,3445.57,1,5.0,3445.57,3273.29,Card,New,2.0,4.3
121792,2024-05-12,Ajman,Electronics,2939.71,1,5.0,2939.71,2792.72,Card,Returning,1.0,3.9
143133,2025-10-17,Abu Dhabi,Groceries,50.9,1,20.0,50.9,40.72,Cash On Delivery,Returning,5.0,3.0
100349,2024-01-07,Dubai,Electronics,1816.55,1,0.0,1816.55,1816.55,Card,New,2.0,3.2
125378,2025-01-30,Sharjah,Electronics,2429.2,1,0.0,2429.2,2429.2,Card,Returning,1.0,3.1
105955,2024-12-04,Abu Dhabi,Fashion,98.28,1,5.0,98.28,93.37,Card,Returning,2.0,4.2
119610,2024-11-13,Sharjah,Beauty & Personal Care,265.68,1,0.0,265.68,265.68,Cash On Delivery,New,2.0,3.2
142997,2025-10-15,Abu Dhabi,Fashion,571.04,2,20.0,1142.08,913.66,Cash On Delivery,New,3.0,4.2
119495,2024-11-11,Abu Dhabi,Electronics,2294.94,1,15.0,2294.94,1950.7,Cash On Delivery,Returning,3.0,3.3
105194,2024-02-04,Dubai,Electronics,2310.96,1,5.0,2310.96,2195.41,Card,New,4.0,3.4
100358,2024-07-01,Dubai,Beauty & Personal Care,190.86,1,5.0,190.86,181.32,Cash On Delivery,Returning,2.0,4.6
103762,2024-05-03,Dubai,Home & Kitchen,182.3,1,10.0,182.3,164.07,Card,New,2.0,2.7
131981,2025-11-05,Sharjah,Groceries,85.8,1,0.0,85.8,85.8,Card,Returning,3.0,4.9
141777,2025-09-28,Dubai,Fashion,313.67,2,5.0,627.34,595.97,Card,Returning,1.0,4.3
145207,2025-11-15,Dubai,Fashion,275.88,2,5.0,551.76,524.17,Card,Returning,3.0,4.2
120209,2024-11-22,Dubai,Electronics,2374.33,1,10.0,2374.33,2136.9,Card,Returning,3.0,5.0
119147,2024-06-11,Dubai,Mobile Accessories,200.93,1,0.0,200.93,200.93,Card,New,2.0,4.6
136996,2025-07-25,Ras Al Khaimah,Electronics,913.29,1,5.0,913.29,867.63,Wallet,Returning,4.0,3.0
101320,2024-01-23,Sharjah,Fashion,461.79,1,15.0,461.79,392.52,Card,Returning,2.0,5.0
121606,2024-02-12,Dubai,Mobile Accessories,156.39,1,15.0,156.39,132.93,Cash On Delivery,Returning,2.0,4.4
124697,2025-01-18,Abu Dhabi,Beauty & Personal Care,115.15,1,10.0,115.15,103.64,Card,Returning,1.0,4.8
116762,2024-09-28,Dubai,Beauty & Personal Care,195.17,1,10.0,195.17,175.65,Card,New,3.0,3.9
101922,2024-02-03,Dubai,Fashion,114.53,2,15.0,229.06,194.7,Cash On Delivery,Returning,1.0,5.0
130079,2025-04-13,Dubai,Electronics,2561.01,1,5.0,2561.01,2432.96,Cash On Delivery,Returning,2.0,4.7
137995,2025-09-08,Abu Dhabi,Mobile Accessories,79.99,1,15.0,79.99,67.99,Card,Returning,3.0,5.0
125739,2025-02-04,Ras Al Khaimah,Fashion,441.75,1,10.0,441.75,397.58,Card,Returning,3.0,3.8
126820,2025-02-22,Dubai,Electronics,3365.22,2,15.0,6730.44,5720.87,Wallet,Returning,3.0,4.2
107825,2024-05-11,Sharjah,Groceries,35.56,1,15.0,35.56,30.23,Card,New,2.0,4.2
114521,2024-08-26,Sharjah,Fashion,576.95,2,0.0,1153.9,1153.9,Card,Returning,3.0,4.2
105340,2024-05-04,Ajman,Mobile Accessories,58.74,1,10.0,58.74,52.87,Card,New,2.0,4.1
112261,2024-07-23,Dubai,Beauty & Personal Care,150.91,2,5.0,301.82,286.73,Card,Returning,4.0,5.0
142287,2025-10-04,Dubai,Fashion,111.68,1,0.0,111.68,111.68,Cash On Delivery,New,4.0,4.5
133979,2025-10-06,Abu Dhabi,Beauty & Personal Care,130.95,1,0.0,130.95,130.95,Cash On Delivery,Returning,3.0,3.9
134263,2025-06-14,Ajman,Fashion,408.38,2,15.0,816.76,694.25,Cash On Delivery,New,2.0,3.5
143517,2025-10-23,Abu Dhabi,Beauty & Personal Care,71.18,2,0.0,142.36,142.36,Card,New,2.0,3.0
116833,2024-09-29,Dubai,Groceries,277.04,1,20.0,277.04,221.63,Cash On Delivery,New,1.0,3.0
124605,2025-01-17,Ajman,Fashion,433.59,1,20.0,433.59,346.87,Card,Returning,4.0,4.2
124937,2025-01-22,Sharjah,Fashion,312.57,1,0.0,312.57,281.31,Card,New,3.0,4.4
138710,2025-08-19,Dubai,Mobile Accessories,157.12,1,10.0,157.12,141.41,Cash On Delivery,Returning,2.0,4.8
114772,2024-08-29,Ajman,Electronics,1246.02,1,15.0,1246.02,1059.12,Card,Returning,3.0,4.4
142446,2025-07-10,Ajman,Groceries,44.33,2,15.0,88.66,75.36,Card,Returning,2.0,3.4
146746,2025-11-27,Abu Dhabi,Beauty & Personal Care,199.53,1,20.0,199.53,159.62,Card,Returning,1.0,4.7
141003,2025-09-17,Abu Dhabi,Mobile Accessories,107.97,1,10.0,107.97,97.17,Card,New,2.0,4.7
109216,2024-06-03,Dubai,Electronics,2010.76,1,5.0,2010.76,1910.22,Cash On Delivery,New,3.0,4.2
122165,2024-10-12,Dubai,Fashion,468.55,1,0.0,468.55,468.55,Card,New,3.0,3.9
117000,2024-02-10,Sharjah,Fashion,537.42,1,15.0,537.42,456.81,Card,Returning,1.0,4.5
104964,2024-03-29,Sharjah,Groceries,267.66,1,15.0,267.66,227.51,Card,Returning,1.0,3.6
136133,2025-07-12,Abu Dhabi,Beauty & Personal Care,103.88,1,15.0,103.88,88.3,Cash On Delivery,Returning,3.0,3.2
142908,2025-10-14,Ras Al Khaimah,Mobile Accessories,79.76,1,0.0,79.76,79.76,Card,New,1.0,4.5
106200,2024-04-14,Abu Dhabi,Electronics,845.62,2,0.0,1691.24,1691.24,Wallet,Returning,2.0,4.2
122323,2024-12-12,Dubai,Beauty & Personal Care,366.03,3,0.0,1098.09,1098.09,Cash On Delivery,New,4.0,4.6
147370,2025-12-02,Dubai,Beauty & Personal Care,31.93,1,10.0,31.93,28.74,Card,Returning,3.0,3.5
134642,2025-06-20,Dubai,Mobile Accessories,77.31,1,0.0,77.31,77.31,Card,Returning,1.0,3.4
100300,2024-01-06,Abu Dhabi,Groceries,180.76,1,10.0,180.76,162.68,Cash On Delivery,New,3.0,4.0
136182,2025-07-13,Dubai,Groceries,235.11,1,15.0,235.11,199.84,Card,Returning,3.0,4.2
132080,2025-05-13,Sharjah,Groceries,205.64,1,0.0,205.64,205.64,Card,Returning,3.0,4.5
138677,2025-08-18,Abu Dhabi,Beauty & Personal Care,276.06,1,10.0,276.06,248.45,Card,New,2.0,4.3
134521,2025-06-18,Dubai,Home & Kitchen,682.87,1,5.0,682.87,648.73,Wallet,Returning,1.0,4.6
112988,2024-08-04,Dubai,Groceries,232.09,1,10.0,232.09,208.88,Card,Returning,3.0,4.2
138003,2025-08-09,Dubai,Home & Kitchen,204.14,2,5.0,408.28,387.87,Card,Returning,2.0,4.5
123334,2024-12-28,Dubai,Fashion,174.01,3,0.0,522.03,522.03,Card,New,3.0,4.3
139553,2025-08-29,Abu Dhabi,Home & Kitchen,318.54,3,30.0,955.62,668.93,Card,New,5.0,3.1
130215,2025-04-15,Dubai,Home & Kitchen,459.52,1,0.0,459.52,459.52,Card,Returning,1.0,3.9
136412,2025-07-17,Dubai,Fashion,348.08,3,20.0,1044.24,835.39,Card,Returning,3.0,4.2
110102,2024-06-18,Abu Dhabi,Electronics,1067.33,1,0.0,1067.33,1067.33,Cash On Delivery,Returning,2.0,5.0
118310,2024-10-23,Ajman,Groceries,230.38,1,0.0,230.38,230.38,Cash On Delivery,Returning,4.0,3.9
146569,2025-11-26,Ajman,Home & Kitchen,513.32,1,40.0,513.32,307.99,Cash On Delivery,Returning,4.0,4.7
113450,2024-08-12,Dubai,Beauty & Personal Care,284.11,1,5.0,284.11,269.9,Card,Returning,3.0,4.1
114817,2024-08-30,Ras Al Khaimah,Fashion,43.5,2,30.0,87.0,60.9,Card,New,3.0,4.2
133207,2025-05-30,Ras Al Khaimah,Groceries,219.1,1,0.0,219.1,219.1,Wallet,Returning,3.0,4.4
145635,2025-11-21,Ras Al Khaimah,Fashion,187.34,2,40.0,374.68,224.81,Cash On Delivery,Returning,2.0,4.7
143137,2025-10-17,Sharjah,Mobile Accessories,221.36,1,0.0,221.36,221.36,Card,Returning,3.0,5.0
144067,2025-10-30,Dubai,Beauty & Personal Care,101.89,1,0.0,101.89,101.89,Card,Returning,4.0,3.2
146019,2025-11-22,Dubai,Beauty & Personal Care,369.06,1,10.0,369.06,332.15,Card,Returning,1.0,3.3
113368,2024-08-11,Abu Dhabi,Home & Kitchen,326.57,1,30.0,326.57,228.6,Cash On Delivery,Returning,1.0,4.0
115589,2024-09-08,Dubai,Electronics,2352.05,1,20.0,2352.05,1881.64,Card,Returning,4.0,4.2
141250,2025-09-20,Ajman,Groceries,189.0,1,10.0,189.0,170.1,Cash On Delivery,Returning,4.0,4.2
132056,2025-05-12,Abu Dhabi,Home & Kitchen,802.21,1,0.0,802.21,802.21,Card,New,2.0,4.8
112583,2024-07-29,Abu Dhabi,Home & Kitchen,622.27,1,15.0,622.27,528.93,Card,Returning,3.0,4.5
146866,2025-11-27,Dubai,Home & Kitchen,213.8,1,10.0,213.8,192.42,Card,New,3.0,4.1
121007,2024-11-27,Sharjah,Groceries,285.23,1,10.0,285.23,256.71,Cash On Delivery,New,3.0,3.8
123616,2025-01-02,Ras Al Khaimah,Fashion,113.55,2,0.0,227.1,227.1,Cash On Delivery,Returning,1.0,3.4
106375,2024-04-16,Dubai,Electronics,1353.86,1,10.0,1353.86,1218.47,Wallet,Returning,3.0,4.4
112857,2024-02-08,Abu Dhabi,Groceries,201.62,1,0.0,201.62,201.62,Card,New,3.0,3.7
103221,2024-02-24,Ras Al Khaimah,Mobile Accessories,227.67,1,5.0,227.67,216.29,Card,New,3.0,3.6
108855,2024-05-28,Dubai,Beauty & Personal Care,93.28,1,0.0,93.28,93.28,Card,Returning,1.0,3.3
113811,2024-08-17,Dubai,Home & Kitchen,646.84,2,0.0,1293.68,1293.68,Wallet,New,3.0,4.2
141099,2025-09-18,Abu Dhabi,Fashion,518.68,1,5.0,518.68,492.75,Card,Returning,4.0,3.7
123143,2024-12-26,Abu Dhabi,Home & Kitchen,873.82,2,0.0,1747.64,1747.64,Card,Returning,1.0,3.6
130303,2025-04-16,Dubai,Home & Kitchen,51.38,2,20.0,102.76,82.21,Card,Returning,3.0,3.6
105130,2024-04-01,Abu Dhabi,Fashion,483.86,1,10.0,483.86,435.47,Wallet,Returning,4.0,4.2
128103,2025-03-17,Ras Al Khaimah,Groceries,99.23,1,10.0,99.23,89.31,Wallet,Returning,3.0,4.1
119325,2024-08-11,Sharjah,Electronics,2289.53,2,15.0,4579.06,3892.2,Card,New,3.0,4.3
126458,2025-02-16,Dubai,Mobile Accessories,54.54,1,0.0,54.54,46.36,Card,Returning,3.0,4.6
109656,2024-06-10,Abu Dhabi,Beauty & Personal Care,220.75,2,10.0,441.5,397.35,Cash On Delivery,Returning,1.0,4.2
128379,2025-03-22,Abu Dhabi,Mobile Accessories,240.38,1,15.0,240.38,204.32,Wallet,Returning,2.0,3.8
126650,2025-02-19,Dubai,Fashion,457.22,2,10.0,914.44,823.0,Card,New,3.0,4.3
123641,2025-01-02,Abu Dhabi,Groceries,108.06,1,30.0,108.06,75.64,Card,New,4.0,3.9
106747,2024-04-23,Sharjah,Groceries,101.81,2,10.0,203.62,183.26,Cash On Delivery,Returning,3.0,4.3
132943,2025-05-25,Ras Al Khaimah,Fashion,484.83,3,0.0,1454.49,1454.49,Cash On Delivery,Returning,5.0,3.3
125281,2025-01-28,Dubai,Beauty & Personal Care,223.55,1,0.0,223.55,223.55,Card,New,4.0,4.5
136991,2025-07-25,Abu Dhabi,Fashion,555.25,1,5.0,555.25,527.49,Card,New,2.0,3.9
116424,2024-09-22,Abu Dhabi,Beauty & Personal Care,60.19,1,0.0,60.19,60.19,Wallet,New,3.0,4.3
128220,2025-03-19,Dubai,Fashion,406.06,1,10.0,406.06,365.45,Cash On Delivery,Returning,3.0,3.8
144977,2025-11-11,Dubai,Fashion,459.47,1,20.0,459.47,367.58,Card,Returning,4.0,3.8
142069,2025-10-02,Abu Dhabi,Fashion,353.09,1,10.0,353.09,317.78,Cash On Delivery,Returning,2.0,2.7
134789,2025-06-22,Dubai,Mobile Accessories,132.53,2,5.0,265.06,251.81,Cash On Delivery,Returning,5.0,3.8
141233,2025-09-20,Abu Dhabi,Home & Kitchen,827.02,1,0.0,827.02,827.02,Card,Returning,3.0,4.2
101712,2024-01-30,Dubai,Mobile Accessories,157.71,1,10.0,157.71,141.94,Cash On Delivery,Returning,1.0,4.2
142624,2025-10-10,Sharjah,Electronics,2268.83,1,5.0,2268.83,2155.39,Wallet,Returning,2.0,4.9
129898,2025-04-10,Dubai,Fashion,135.39,1,10.0,135.39,121.85,Cash On Delivery,Returning,3.0,4.2
119731,2024-11-15,Dubai,Mobile Accessories,123.67,1,30.0,123.67,86.57,Card,Returning,1.0,4.2
122835,2024-12-21,Sharjah,Fashion,182.75,1,0.0,182.75,182.75,Cash On Delivery,Returning,4.0,3.8
135843,2025-08-07,Dubai,Fashion,106.07,1,0.0,106.07,106.07,Card,New,1.0,4.6
148985,2025-12-25,Dubai,Beauty & Personal Care,159.02,1,10.0,159.02,143.12,Cash On Delivery,Returning,3.0,4.4
110570,2024-06-25,Sharjah,Fashion,211.23,1,5.0,211.23,200.67,Cash On Delivery,Returning,2.0,3.5
106350,2024-04-16,Ras Al Khaimah,Beauty & Personal Care,372.24,1,10.0,372.24,335.02,Card,Returning,3.0,4.2
127020,2025-02-25,Dubai,Mobile Accessories,129.7,1,10.0,129.7,116.73,Card,Returning,4.0,3.4
120454,2024-11-23,Sharjah,Electronics,2926.96,1,10.0,2926.96,2634.26,Cash On Delivery,Returning,2.0,4.6
143974,2025-10-29,Dubai,Fashion,587.34,1,5.0,587.34,557.97,Wallet,Returning,4.0,3.0
144098,2025-10-30,Abu Dhabi,Mobile Accessories,75.23,3,10.0,225.69,203.12,Wallet,Returning,2.0,4.1
111348,2024-09-07,Sharjah,Groceries,164.72,1,5.0,164.72,156.48,Card,New,1.0,4.3
134495,2025-06-18,Dubai,Fashion,371.53,1,10.0,371.53,334.38,Card,New,2.0,3.7
124516,2025-01-15,Dubai,Fashion,390.74,3,0.0,1172.22,1172.22,Wallet,Returning,3.0,4.4
133435,2025-06-02,Dubai,Home & Kitchen,677.07,1,0.0,677.07,677.07,Card,New,3.0,4.4
140973,2025-09-16,Abu Dhabi,Groceries,63.96,2,5.0,127.92,121.52,Card,Returning,3.0,3.7
103759,2024-03-05,Dubai,Electronics,801.04,1,0.0,801.04,801.04,Card,Returning,3.0,4.8
122641,2024-12-17,Dubai,Groceries,263.13,1,20.0,263.13,210.5,Cash On Delivery,Returning,2.0,3.7
145203,2025-11-14,Dubai,Beauty & Personal Care,250.25,1,0.0,250.25,250.25,Card,New,3.0,4.2
106863,2024-04-25,Dubai,Beauty & Personal Care,383.52,1,5.0,383.52,364.34,Card,New,3.0,3.3
120718,2024-11-25,Dubai,Beauty & Personal Care,354.33,1,50.0,354.33,177.16,Wallet,New,2.0,4.2
146554,2025-11-26,Abu Dhabi,Beauty & Personal Care,158.54,1,30.0,158.54,110.98,Card,New,1.0,4.1
132479,2025-05-18,Dubai,Electronics,410.33,1,10.0,410.33,369.3,Card,Returning,2.0,5.0
134216,2025-06-14,Dubai,Beauty & Personal Care,44.03,1,15.0,44.03,37.43,Wallet,Returning,1.0,4.7
147238,2025-01-12,Sharjah,Fashion,152.96,1,5.0,152.96,145.31,Card,Returning,1.0,3.7
118209,2024-10-21,Dubai,Fashion,157.94,1,20.0,157.94,126.35,Card,Returning,1.0,4.2
141376,2025-09-22,Abu Dhabi,Mobile Accessories,129.17,1,20.0,129.17,103.34,Card,Returning,2.0,4.0
133611,2025-05-06,Ras Al Khaimah,Fashion,84.1,1,0.0,84.1,84.1,Card,Returning,1.0,4.2
124608,2025-01-17,Dubai,Fashion,411.93,1,15.0,411.93,350.14,Cash On Delivery,Returning,4.0,4.2
122108,2024-12-09,Ras Al Khaimah,Fashion,40.14,1,5.0,40.14,38.13,Cash On Delivery,Returning,2.0,5.0
147911,2025-12-09,Dubai,Fashion,453.97,1,5.0,453.97,431.27,Card,New,1.0,4.3
106409,2024-04-17,Abu Dhabi,Fashion,469.56,2,15.0,939.12,798.25,Card,Returning,1.0,3.5
129853,2025-09-04,Abu Dhabi,Electronics,3402.43,1,0.0,3402.43,3402.43,Card,Returning,2.0,4.1
115775,2024-12-09,Abu Dhabi,Beauty & Personal Care,210.14,1,10.0,210.14,189.13,Card,New,3.0,4.6
133283,2025-05-31,Dubai,Beauty & Personal Care,57.81,1,5.0,57.81,54.92,Wallet,Returning,2.0,4.2
104745,2024-03-24,Abu Dhabi,Electronics,2702.9,1,0.0,2702.9,2702.9,Cash On Delivery,Returning,2.0,4.4
115188,2024-09-03,Dubai,Mobile Accessories,128.78,1,30.0,128.78,90.15,Card,Returning,4.0,4.1
142683,2025-10-10,Abu Dhabi,Fashion,91.84,1,0.0,91.84,91.84,Cash On Delivery,New,3.0,5.0
144248,2025-01-11,Dubai,Beauty & Personal Care,324.1,1,10.0,324.1,291.69,Card,New,1.0,4.3
139274,2025-08-25,Dubai,Fashion,182.38,2,5.0,364.76,346.52,Card,Returning,3.0,3.7
113427,2024-12-08,Dubai,Mobile Accessories,97.8,1,30.0,97.8,68.46,Wallet,Returning,5.0,3.1
119884,2024-11-17,Abu Dhabi,Electronics,2194.64,1,0.0,2194.64,2194.64,Card,Returning,2.0,4.7
118494,2024-10-26,Sharjah,Home & Kitchen,805.06,2,10.0,1610.12,1449.11,Cash On Delivery,Returning,3.0,2.7
101550,2024-01-27,Sharjah,Mobile Accessories,115.58,1,10.0,115.58,104.02,Cash On Delivery,New,3.0,4.5
116028,2024-09-15,Dubai,Fashion,417.52,1,5.0,417.52,396.64,Card,Returning,4.0,4.2
119875,2024-11-17,Dubai,Electronics,705.85,1,30.0,705.85,494.1,Cash On Delivery,Returning,3.0,3.1
128223,2025-03-19,Sharjah,Home & Kitchen,716.7,2,30.0,1433.4,1003.38,Card,Returning,3.0,5.0
138930,2025-08-21,Dubai,Mobile Accessories,204.21,1,20.0,204.21,163.37,Wallet,New,1.0,3.2
138357,2025-08-15,Abu Dhabi,Beauty & Personal Care,277.21,1,0.0,277.21,277.21,Card,Returning,2.0,4.5
127201,2025-02-28,Dubai,Fashion,596.26,1,15.0,596.26,506.82,Wallet,Returning,1.0,3.8
100657,2024-01-12,Dubai,Mobile Accessories,219.66,2,5.0,439.32,417.35,Cash On Delivery,New,2.0,5.0
123572,2025-01-01,Ajman,Beauty & Personal Care,81.19,2,15.0,162.38,138.02,Card,Returning,3.0,4.1
120926,2024-11-26,Dubai,Electronics,2807.77,1,10.0,2807.77,2526.99,Card,New,2.0,4.0
145121,2025-11-13,Abu Dhabi,Electronics,770.12,3,0.0,2310.36,2310.36,Card,New,4.0,4.8
109298,2024-06-04,Dubai,Electronics,1604.41,1,0.0,1604.41,1604.41,Card,Returning,2.0,2.9
123491,2024-12-31,Sharjah,Fashion,545.74,1,0.0,545.74,545.74,Wallet,Returning,2.0,3.9
117581,2024-10-11,Dubai,Home & Kitchen,663.57,1,15.0,663.57,564.03,Card,New,4.0,3.7
140576,2025-09-10,Sharjah,Fashion,324.17,1,20.0,324.17,259.34,Card,Returning,3.0,4.7
121188,2024-11-28,Abu Dhabi,Mobile Accessories,132.27,1,40.0,132.27,79.36,Card,New,3.0,4.3
136156,2025-07-12,Dubai,Fashion,45.45,1,20.0,45.45,36.36,Wallet,New,2.0,3.5
107185,2024-04-30,Dubai,Mobile Accessories,120.93,1,0.0,120.93,120.93,Wallet,Returning,1.0,4.2
117037,2024-10-03,Sharjah,Mobile Accessories,155.69,1,10.0,155.69,140.12,Card,Returning,2.0,3.4
137888,2025-07-08,Dubai,Fashion,364.65,1,10.0,364.65,328.18,Cash On Delivery,Returning,3.0,4.9
129231,2025-04-02,Abu Dhabi,Home & Kitchen,504.8,1,30.0,504.8,353.36,Card,New,3.0,3.2
133687,2025-06-06,Sharjah,Electronics,3404.7,1,0.0,3404.7,3404.7,Wallet,New,3.0,4.5
127609,2025-08-03,Dubai,Electronics,2504.92,1,5.0,2504.92,2379.67,Wallet,Returning,1.0,3.3
130037,2025-12-04,Sharjah,Fashion,55.61,1,10.0,55.61,50.05,Wallet,New,2.0,3.9
119277,2024-11-08,Abu Dhabi,Home & Kitchen,844.79,1,0.0,844.79,844.79,Card,Returning,3.0,3.2
117445,2024-09-10,Dubai,Mobile Accessories,239.92,2,0.0,479.84,479.84,Cash On Delivery,Returning,1.0,5.0
109988,2024-06-15,Dubai,Groceries,50.85,2,0.0,101.7,101.7,Card,Returning,3.0,5.0
110542,2024-06-25,Abu Dhabi,Electronics,472.96,1,5.0,472.96,449.31,Cash On Delivery,New,4.0,3.4
120802,2024-11-26,Dubai,Home & Kitchen,235.24,1,40.0,235.24,141.14,Card,Returning,3.0,4.8
144812,2025-11-08,Dubai,Electronics,746.73,1,0.0,746.73,746.73,Card,New,5.0,5.0
114511,2024-08-26,Dubai,Electronics,1668.32,1,0.0,1668.32,1668.32,Cash On Delivery,Returning,2.0,4.7
147354,2025-12-02,Sharjah,Electronics,581.87,1,0.0,581.87,581.87,Card,New,2.0,4.2
109137,2024-06-02,Dubai,Beauty & Personal Care,51.12,2,20.0,102.24,81.79,Card,New,2.0,4.7
110759,2024-06-28,Ajman,Electronics,3090.09,1,15.0,3090.09,2626.58,Cash On Delivery,New,1.0,3.6
148363,2025-12-16,Sharjah,Fashion,167.18,1,0.0,167.18,167.18,Cash On Delivery,Returning,3.0,4.2
123871,2025-06-01,Ras Al Khaimah,Fashion,57.72,2,10.0,115.44,103.9,Wallet,Returning,2.0,4.5
130523,2025-04-19,Abu Dhabi,Fashion,151.13,1,10.0,151.13,136.02,Cash On Delivery,New,3.0,4.4
122766,2024-12-20,Dubai,Electronics,1346.39,2,5.0,2692.78,2558.14,Card,Returning,2.0,3.0
141037,2025-09-17,Abu Dhabi,Fashion,574.33,1,5.0,574.33,545.61,Card,New,1.0,4.0
102617,2024-02-14,Sharjah,Groceries,216.55,1,10.0,216.55,194.9,Wallet,Returning,3.0,5.0
119292,2024-08-11,Dubai,Fashion,426.07,3,0.0,1278.21,1278.21,Cash On Delivery,New,2.0,3.2
122004,2024-12-07,Dubai,Beauty & Personal Care,25.12,1,0.0,25.12,25.12,Card,New,2.0,4.6
136049,2025-07-11,Sharjah,Fashion,526.31,1,0.0,526.31,526.31,Cash On Delivery,Returning,2.0,3.8
110197,2024-06-19,Dubai,Electronics,1721.34,1,5.0,1721.34,1635.27,Cash On Delivery,Returning,1.0,4.6
116160,2024-09-18,Abu Dhabi,Groceries,133.2,2,15.0,266.4,226.44,Wallet,Returning,4.0,5.0
135053,2025-06-26,Abu Dhabi,Fashion,143.03,1,10.0,143.03,128.73,Wallet,New,4.0,4.2
129886,2025-10-04,Ajman,Home & Kitchen,98.75,2,10.0,197.5,177.75,Cash On Delivery,Returning,2.0,4.5
132848,2025-05-24,Dubai,Fashion,348.39,1,10.0,348.39,313.55,Card,New,3.0,3.2
114975,2024-08-31,Abu Dhabi,Mobile Accessories,133.3,1,10.0,133.3,119.97,Cash On Delivery,Returning,3.0,3.2
105417,2024-04-06,Dubai,Home & Kitchen,326.02,1,5.0,326.02,309.72,Cash On Delivery,New,5.0,4.1
117417,2024-09-10,Abu Dhabi,Fashion,131.51,2,0.0,263.02,263.02,Card,New,2.0,5.0
124797,2025-01-20,Abu Dhabi,Fashion,359.69,1,0.0,359.69,359.69,Cash On Delivery,New,4.0,2.3
132214,2025-05-15,Abu Dhabi,Beauty & Personal Care,290.18,1,5.0,290.18,275.67,Card,Returning,3.0,4.3
139576,2025-08-29,Abu Dhabi,Beauty & Personal Care,267.79,2,10.0,535.58,482.02,Card,Returning,3.0,5.0
133161,2025-05-29,Sharjah,Home & Kitchen,83.54,1,10.0,83.54,75.19,Cash On Delivery,New,2.0,3.7
105654,2024-04-09,Dubai,Beauty & Personal Care,40.13,2,0.0,80.26,80.26,Cash On Delivery,Returning,3.0,4.2
145571,2025-11-20,Dubai,Fashion,436.42,1,10.0,436.42,392.78,Wallet,Returning,3.0,5.0
135664,2025-05-07,Ras Al Khaimah,Mobile Accessories,137.52,2,0.0,275.04,275.04,Card,Returning,4.0,2.1
146498,2025-11-25,Dubai,Beauty & Personal Care,159.71,1,40.0,159.71,95.83,Card,New,3.0,4.7
135546,2025-07-04,Dubai,Electronics,1582.5,1,0.0,1582.5,1582.5,Wallet,Returning,1.0,4.2
114062,2024-08-20,Dubai,Beauty & Personal Care,275.92,2,15.0,551.84,469.06,Card,New,1.0,3.3
104410,2024-03-17,Abu Dhabi,Beauty & Personal Care,58.53,2,10.0,117.06,105.35,Wallet,Returning,3.0,4.2
104372,2024-03-16,Ajman,Electronics,1914.77,1,0.0,1914.77,1914.77,Card,New,1.0,4.8
145856,2025-11-22,Abu Dhabi,Home & Kitchen,72.42,1,40.0,72.42,43.45,Cash On Delivery,New,2.0,4.0
118661,2024-10-28,Sharjah,Mobile Accessories,223.35,1,0.0,223.35,223.35,Card,Returning,3.0,5.0
111499,2024-12-07,Sharjah,Home & Kitchen,347.0,1,0.0,347.0,347.0,Card,Returning,2.0,4.6
137368,2025-07-31,Ajman,Fashion,446.97,1,5.0,446.97,424.62,Wallet,New,2.0,5.0
121534,2024-01-12,Abu Dhabi,Electronics,1302.57,1,0.0,1302.57,1302.57,Card,Returning,4.0,4.0
144672,2025-11-07,Ras Al Khaimah,Mobile Accessories,194.72,1,0.0,194.72,194.72,Wallet,Returning,2.0,3.9
138680,2025-08-18,Dubai,Groceries,217.69,1,0.0,217.69,217.69,Card,Returning,3.0,4.2
145628,2025-11-21,Ajman,Electronics,2323.92,1,40.0,2323.92,1394.35,Wallet,New,2.0,4.2
140928,2025-09-15,Sharjah,Electronics,2664.51,2,5.0,5329.02,5062.57,Card,Returning,5.0,3.5
111339,2024-07-09,Dubai,Mobile Accessories,227.88,2,5.0,455.76,432.97,Card,Returning,1.0,4.7
114745,2024-08-29,Dubai,Fashion,257.42,1,0.0,257.42,257.42,Wallet,New,1.0,4.7
141865,2025-09-29,Dubai,Mobile Accessories,180.32,1,0.0,180.32,180.32,Cash On Delivery,New,3.0,4.2
104664,2024-03-22,Abu Dhabi,Beauty & Personal Care,158.79,1,5.0,158.79,150.85,Card,Returning,3.0,3.6
125361,2025-01-29,Sharjah,Fashion,567.91,3,10.0,1703.73,1533.36,Card,Returning,5.0,3.6
146284,2025-11-24,Dubai,Groceries,60.64,2,50.0,121.28,60.64,Card,New,1.0,2.7
127522,2025-06-03,Sharjah,Mobile Accessories,166.81,1,0.0,166.81,166.81,Card,Returning,3.0,3.6
141927,2025-09-30,Dubai,Home & Kitchen,444.25,1,0.0,444.25,444.25,Cash On Delivery,Returning,3.0,4.4
105734,2024-10-04,Dubai,Fashion,574.51,1,5.0,574.51,545.78,Card,Returning,3.0,4.9
134769,2025-06-22,Sharjah,Fashion,265.62,1,20.0,265.62,212.5,Card,Returning,4.0,4.1
128649,2025-03-27,Ajman,Electronics,1213.74,2,15.0,2427.48,2063.36,Card,New,2.0,3.9
111285,2024-07-07,Abu Dhabi,Fashion,232.3,1,5.0,232.3,220.68,Wallet,Returning,2.0,4.2
146028,2025-11-22,Abu Dhabi,Fashion,561.07,1,10.0,561.07,504.96,Cash On Delivery,Returning,3.0,3.4
133649,2025-05-06,Dubai,Beauty & Personal Care,180.82,1,30.0,180.82,126.57,Cash On Delivery,Returning,3.0,4.7
121851,2024-05-12,Dubai,Electronics,1697.13,1,30.0,1697.13,1187.99,Cash On Delivery,New,3.0,5.0
119451,2024-10-11,Abu Dhabi,Groceries,169.2,1,20.0,169.2,135.36,Card,Returning,5.0,4.2
145249,2025-11-15,Dubai,Mobile Accessories,224.19,1,0.0,224.19,224.19,Wallet,New,1.0,4.1
140604,2025-09-11,Abu Dhabi,Electronics,2385.37,1,30.0,2385.37,1669.76,Card,Returning,3.0,4.0
114452,2024-08-25,Dubai,Mobile Accessories,219.89,1,5.0,219.89,208.9,Cash On Delivery,Returning,2.0,2.8
102792,2024-02-17,Dubai,Fashion,590.66,1,0.0,590.66,590.66,Card,New,3.0,3.4
115026,2024-01-09,Abu Dhabi,Electronics,1615.31,1,0.0,1615.31,1615.31,Card,New,2.0,4.4
131755,2025-08-05,Dubai,Mobile Accessories,148.99,1,20.0,148.99,119.19,Card,Returning,4.0,4.2
105834,2024-04-11,Dubai,Beauty & Personal Care,249.06,1,0.0,249.06,249.06,Cash On Delivery,Returning,4.0,4.4
146321,2025-11-24,Dubai,Mobile Accessories,233.58,1,50.0,233.58,116.79,Cash On Delivery,Returning,3.0,3.4
115631,2024-09-09,Abu Dhabi,Home & Kitchen,449.67,2,5.0,899.34,854.37,Card,New,3.0,4.2
134486,2025-06-18,Sharjah,Groceries,126.83,2,30.0,253.66,177.56,Cash On Delivery,Returning,1.0,4.6
108533,2024-05-22,Ras Al Khaimah,Fashion,58.14,2,15.0,116.28,98.84,Card,Returning,2.0,3.5
114526,2024-08-26,Ras Al Khaimah,Groceries,286.77,1,10.0,286.77,258.09,Cash On Delivery,Returning,3.0,4.0
116969,2024-02-10,Ajman,Groceries,51.4,2,20.0,102.8,82.24,Card,Returning,2.0,5.0
129482,2025-04-04,Dubai,Beauty & Personal Care,133.26,1,0.0,133.26,133.26,Cash On Delivery,New,3.0,3.3
129916,2025-04-10,Abu Dhabi,Mobile Accessories,69.97,2,30.0,139.94,97.96,Wallet,Returning,3.0,5.0
128572,2025-03-26,Dubai,Mobile Accessories,140.72,1,10.0,140.72,126.65,Card,New,4.0,4.2
100980,2024-01-18,Sharjah,Mobile Accessories,136.93,1,10.0,136.93,123.24,Card,Returning,3.0,3.7
118679,2024-10-29,Sharjah,Fashion,235.39,2,5.0,470.78,447.24,Cash On Delivery,Returning,1.0,4.2
109081,2024-06-01,Dubai,Groceries,142.41,1,0.0,142.41,142.41,Card,New,5.0,3.9
121172,2024-11-28,Dubai,Fashion,69.83,1,30.0,69.83,48.88,Cash On Delivery,New,3.0,2.7
131193,2025-04-29,Sharjah,Fashion,478.53,1,0.0,478.53,478.53,Cash On Delivery,Returning,1.0,4.9
119793,2024-11-16,Dubai,Mobile Accessories,115.19,2,10.0,230.38,207.34,Wallet,Returning,3.0,4.4
117004,2024-02-10,Dubai,Beauty & Personal Care,254.55,1,5.0,254.55,241.82,Cash On Delivery,Returning,4.0,3.9
116201,2024-09-19,Ras Al Khaimah,Groceries,17.33,1,0.0,17.33,17.33,Cash On Delivery,Returning,2.0,4.3
119240,2024-07-11,Abu Dhabi,Fashion,594.23,1,10.0,594.23,534.81,Cash On Delivery,Returning,3.0,4.8
118542,2024-10-26,Sharjah,Electronics,1799.12,1,0.0,1799.12,1799.12,Card,Returning,1.0,4.9
110128,2024-06-18,Abu Dhabi,Groceries,99.77,1,0.0,99.77,99.77,Card,New,2.0,4.8
116684,2024-09-27,Ajman,Fashion,379.1,2,30.0,758.2,530.74,Card,Returning,3.0,3.8
129354,2025-03-04,Dubai,Groceries,201.12,2,0.0,402.24,402.24,Card,Returning,1.0,4.6
124357,2025-01-13,Dubai,Electronics,2907.38,3,10.0,8722.14,7849.93,Card,New,4.0,4.0
143612,2025-10-24,Dubai,Mobile Accessories,32.86,1,5.0,32.86,31.22,Cash On Delivery,Returning,3.0,5.0
111866,2024-07-17,Ajman,Mobile Accessories,201.01,1,0.0,201.01,201.01,Card,Returning,3.0,5.0
133545,2025-04-06,Dubai,Fashion,317.31,2,0.0,634.62,634.62,Wallet,Returning,2.0,4.6
140944,2025-09-16,Sharjah,Mobile Accessories,98.33,1,5.0,98.33,93.41,Wallet,Returning,3.0,4.8
142983,2025-10-15,Dubai,Home & Kitchen,412.41,1,0.0,412.41,412.41,Card,New,3.0,4.3
112325,2024-07-24,Ras Al Khaimah,Electronics,1386.32,1,0.0,1386.32,1386.32,Wallet,New,1.0,4.2
139918,2025-01-09,Ajman,Home & Kitchen,565.98,2,5.0,1131.96,1075.36,Wallet,New,3.0,3.1
143188,2025-10-18,Ras Al Khaimah,Fashion,98.29,1,0.0,98.29,98.29,Cash On Delivery,Returning,4.0,3.1
119599,2024-11-13,Abu Dhabi,Home & Kitchen,598.47,1,0.0,598.47,598.47,Card,Returning,4.0,4.7
145298,2025-11-16,Dubai,Mobile Accessories,170.57,1,5.0,170.57,162.04,Card,New,5.0,5.0
125534,2025-02-01,Sharjah,Groceries,298.57,1,0.0,298.57,298.57,Card,Returning,1.0,5.0
117223,2024-06-10,Dubai,Mobile Accessories,185.93,1,5.0,185.93,176.63,Card,Returning,3.0,3.5
145836,2025-11-22,Dubai,Home & Kitchen,781.83,1,50.0,781.83,390.92,Wallet,Returning,1.0,4.1
120635,2024-11-24,Abu Dhabi,Electronics,3353.45,1,10.0,3353.45,3018.1,Card,Returning,1.0,4.4
140789,2025-09-13,Abu Dhabi,Electronics,2364.96,1,0.0,2364.96,2364.96,Cash On Delivery,New,2.0,3.9
139943,2025-01-09,Dubai,Beauty & Personal Care,48.99,1,0.0,48.99,48.99,Card,New,1.0,5.0
145315,2025-11-16,Sharjah,Mobile Accessories,35.57,1,10.0,35.57,32.01,Cash On Delivery,Returning,1.0,4.1
126969,2025-02-24,Dubai,Mobile Accessories,79.65,1,15.0,79.65,67.7,Cash On Delivery,New,3.0,4.1
107989,2024-05-13,Dubai,Fashion,573.09,1,20.0,573.09,458.47,Card,New,4.0,4.7
139333,2025-08-26,Dubai,Fashion,460.73,1,0.0,460.73,460.73,Card,New,2.0,5.0
131415,2025-05-03,Dubai,Electronics,2586.03,1,5.0,2586.03,2456.73,Cash On Delivery,New,2.0,4.2
147592,2025-12-05,Ajman,Mobile Accessories,186.92,1,0.0,186.92,186.92,Card,Returning,3.0,3.4
134586,2025-06-19,Ajman,Fashion,484.27,1,0.0,484.27,484.27,Cash On Delivery,Returning,3.0,3.8
115682,2024-10-09,Dubai,Electronics,640.74,1,5.0,640.74,608.7,Card,Returning,4.0,3.9
132279,2025-05-16,Dubai,Electronics,923.76,1,10.0,923.76,831.38,Card,New,3.0,4.2
135900,2025-07-09,Dubai,Mobile Accessories,95.71,1,0.0,95.71,76.57,Card,Returning,2.0,3.3
140750,2025-09-13,Sharjah,Electronics,2313.68,1,0.0,2313.68,2313.68,Cash On Delivery,Returning,3.0,4.6
103153,2024-02-23,Dubai,Mobile Accessories,215.49,1,15.0,215.49,183.17,Cash On Delivery,Returning,3.0,5.0
121388,2024-11-29,Ras Al Khaimah,Beauty & Personal Care,243.55,1,20.0,243.55,194.84,Cash On Delivery,Returning,2.0,5.0
133562,2025-04-06,Abu Dhabi,Groceries,269.06,1,15.0,269.06,228.7,Card,Returning,2.0,4.7
122544,2024-12-16,Dubai,Beauty & Personal Care,252.79,1,0.0,252.79,252.79,Wallet,Returning,3.0,4.1
106061,2024-04-13,Sharjah,Mobile Accessories,220.83,2,5.0,441.66,419.58,Wallet,Returning,5.0,4.2
129622,2025-05-04,Abu Dhabi,Fashion,223.66,1,0.0,223.66,223.66,Cash On Delivery,Returning,4.0,4.4
111107,2024-07-05,Ajman,Beauty & Personal Care,251.46,1,0.0,251.46,251.46,Card,Returning,4.0,4.4
138408,2025-08-15,Dubai,Beauty & Personal Care,57.68,1,15.0,57.68,49.03,Card,New,2.0,4.6
130560,2025-04-20,Sharjah,Beauty & Personal Care,273.92,1,0.0,273.92,273.92,Card,Returning,5.0,4.2
137781,2025-08-06,Abu Dhabi,Electronics,381.72,1,15.0,381.72,324.46,Card,Returning,3.0,5.0
125951,2025-02-07,Sharjah,Electronics,1127.62,1,5.0,1127.62,1071.24,Card,New,5.0,3.8
111333,2024-08-07,Dubai,Home & Kitchen,869.12,1,0.0,869.12,869.12,Card,New,5.0,3.4
108406,2024-05-20,Ras Al Khaimah,Beauty & Personal Care,327.47,1,5.0,327.47,311.1,Cash On Delivery,Returning,2.0,4.3
105064,2024-03-30,Dubai,Mobile Accessories,234.61,1,0.0,234.61,234.61,Card,New,1.0,4.2
123933,2025-01-07,Dubai,Mobile Accessories,187.48,1,0.0,187.48,187.48,Card,Returning,3.0,4.3
144581,2025-11-06,Dubai,Home & Kitchen,408.05,1,20.0,408.05,326.44,Card,New,2.0,4.2
136903,2025-07-24,Dubai,Home & Kitchen,823.55,1,20.0,823.55,658.84,Cash On Delivery,Returning,2.0,3.8
142292,2025-04-10,Dubai,Beauty & Personal Care,318.53,1,0.0,318.53,318.53,Cash On Delivery,Returning,2.0,4.9
102823,2024-02-17,Dubai,Electronics,1569.27,1,10.0,1569.27,1412.34,Card,Returning,1.0,3.5
106221,2024-04-14,Sharjah,Groceries,98.94,2,0.0,197.88,197.88,Card,New,2.0,5.0
135664,2025-07-05,Ras Al Khaimah,Mobile Accessories,137.52,2,0.0,275.04,275.04,Card,Returning,4.0,2.1
100140,2024-01-03,Dubai,Groceries,222.24,1,5.0,222.24,211.13,Card,Returning,1.0,4.2
100933,2024-01-17,Abu Dhabi,Fashion,292.3,1,10.0,292.3,263.07,Cash On Delivery,Returning,2.0,4.3
108970,2024-05-30,Ras Al Khaimah,Beauty & Personal Care,206.85,2,15.0,413.7,351.64,Card,Returning,4.0,3.8
101825,2024-02-02,Ajman,Home & Kitchen,479.71,1,0.0,479.71,479.71,Card,Returning,3.0,3.6
144830,2025-09-11,Ras Al Khaimah,Beauty & Personal Care,294.0,2,5.0,588.0,558.6,Card,Returning,4.0,3.1
123664,2025-01-03,Abu Dhabi,Electronics,2661.54,1,0.0,2661.54,2661.54,Card,New,1.0,3.6
123898,2025-01-06,Dubai,Home & Kitchen,608.77,1,10.0,608.77,547.89,Cash On Delivery,Returning,3.0,4.7
130180,2025-04-14,Abu Dhabi,Electronics,1876.64,2,0.0,3753.28,3753.28,Wallet,New,2.0,4.0
118146,2024-10-20,Sharjah,Beauty & Personal Care,160.5,1,10.0,160.5,144.45,Cash On Delivery,Returning,2.0,5.0
125462,2025-01-31,Sharjah,Fashion,75.83,1,5.0,75.83,72.04,Cash On Delivery,Returning,3.0,4.2
148324,2025-12-16,Dubai,Electronics,315.26,1,5.0,315.26,299.5,Card,Returning,3.0,3.2
112311,2024-07-24,Abu Dhabi,Electronics,2174.59,1,5.0,2174.59,2065.86,Card,New,1.0,3.2
100983,2024-01-18,Dubai,Mobile Accessories,20.21,1,0.0,20.21,20.21,Card,Returning,2.0,4.2
122975,2024-12-23,Dubai,Fashion,284.08,1,10.0,284.08,255.67,Cash On Delivery,New,3.0,5.0
145755,2025-11-21,Dubai,Groceries,272.99,1,30.0,272.99,191.09,Wallet,Returning,1.0,4.8
132712,2025-05-22,Abu Dhabi,Fashion,347.95,1,30.0,347.95,243.56,Card,Returning,1.0,4.1
100206,2024-01-04,Ajman,Mobile Accessories,236.36,1,0.0,236.36,224.54,Cash On Delivery,New,2.0,5.0
147714,2025-07-12,Dubai,Home & Kitchen,236.79,1,30.0,236.79,165.75,Cash On Delivery,New,5.0,3.4
107644,2024-08-05,Dubai,Electronics,2656.04,1,15.0,2656.04,2257.63,Card,Returning,1.0,4.2
135662,2025-07-05,Dubai,Mobile Accessories,166.31,1,0.0,166.31,166.31,Card,New,1.0,4.2
100392,2024-08-01,Dubai,Mobile Accessories,63.84,1,0.0,63.84,63.84,Cash On Delivery,New,3.0,5.0
117992,2024-10-18,Abu Dhabi,Fashion,330.88,1,0.0,330.88,330.88,Wallet,Returning,1.0,3.8
128943,2025-03-30,Dubai,Beauty & Personal Care,29.24,1,5.0,29.24,27.78,Cash On Delivery,New,4.0,3.2
147012,2025-11-28,Dubai,Home & Kitchen,399.55,1,40.0,399.55,239.73,Card,Returning,1.0,4.6
129450,2025-03-04,Dubai,Groceries,246.73,1,15.0,246.73,209.72,Wallet,New,2.0,4.9
142071,2025-10-02,Dubai,Mobile Accessories,44.71,1,20.0,44.71,35.77,Cash On Delivery,New,1.0,4.2
148366,2025-12-16,Ras Al Khaimah,Groceries,107.95,1,15.0,107.95,91.76,Card,Returning,3.0,5.0
118725,2024-10-29,Abu Dhabi,Home & Kitchen,766.19,1,10.0,766.19,689.57,Card,Returning,3.0,4.9
133904,2025-06-09,Abu Dhabi,Beauty & Personal Care,27.6,2,30.0,55.2,38.64,Card,Returning,3.0,2.9
117332,2024-07-10,Dubai,Electronics,1815.37,1,15.0,1815.37,1543.06,Card,Returning,1.0,5.0
135513,2025-07-03,Abu Dhabi,Beauty & Personal Care,96.59,1,5.0,96.59,91.76,Card,New,5.0,4.7
116615,2024-09-26,Abu Dhabi,Groceries,63.1,2,0.0,126.2,126.2,Cash On Delivery,Returning,2.0,5.0
145677,2025-11-21,Dubai,Electronics,1337.26,1,50.0,1337.26,668.63,Card,Returning,2.0,5.0
145408,2025-11-17,Abu Dhabi,Fashion,446.58,1,10.0,446.58,401.92,Card,New,5.0,3.6
101339,2024-01-24,Dubai,Groceries,38.91,1,0.0,38.91,38.91,Wallet,Returning,1.0,3.8
126907,2025-02-23,Ajman,Fashion,165.66,1,10.0,165.66,149.09,Cash On Delivery,New,2.0,3.1
145345,2025-11-16,Abu Dhabi,Electronics,2536.32,1,0.0,2536.32,2282.69,Card,Returning,3.0,4.2
144633,2025-06-11,Abu Dhabi,Home & Kitchen,281.92,2,30.0,563.84,394.69,Cash On Delivery,Returning,3.0,4.0
130332,2025-04-17,Abu Dhabi,Groceries,166.7,2,15.0,333.4,283.39,Cash On Delivery,Returning,3.0,4.5
107302,2024-05-02,Ras Al Khaimah,Electronics,2234.33,1,10.0,2234.33,2010.9,Wallet,New,2.0,4.7
145783,2025-11-21,Dubai,Beauty & Personal Care,223.98,1,0.0,223.98,179.18,Wallet,Returning,1.0,4.1
145640,2025-11-21,Dubai,Fashion,163.12,1,20.0,163.12,130.5,Cash On Delivery,Returning,4.0,2.1
106241,2024-04-14,Dubai,Groceries,71.83,1,5.0,71.83,68.24,Card,Returning,2.0,4.3
143763,2025-10-26,Abu Dhabi,Beauty & Personal Care,258.82,1,10.0,258.82,232.94,Cash On Delivery,Returning,1.0,3.7
144166,2025-10-31,Sharjah,Fashion,545.07,2,10.0,1090.14,981.13,Card,Returning,3.0,2.6
101659,2024-01-29,Abu Dhabi,Electronics,2976.19,1,0.0,2976.19,2976.19,Cash On Delivery,Returning,2.0,3.2
120135,2024-11-22,Dubai,Home & Kitchen,790.84,1,20.0,790.84,632.67,Card,Returning,4.0,3.4
114572,2024-08-26,Sharjah,Fashion,226.77,2,0.0,453.54,453.54,Card,New,1.0,4.3
106492,2024-04-18,Dubai,Electronics,952.09,1,0.0,952.09,952.09,Card,New,2.0,4.7
123970,2025-07-01,Sharjah,Fashion,207.13,2,0.0,414.26,414.26,Wallet,Returning,2.0,3.6
112151,2024-07-21,Dubai,Beauty & Personal Care,358.56,2,10.0,717.12,645.41,Card,Returning,3.0,3.9
123791,2025-04-01,Abu Dhabi,Electronics,1904.21,1,0.0,1904.21,1904.21,Wallet,Returning,3.0,5.0
145339,2025-11-16,Ras Al Khaimah,Mobile Accessories,135.46,1,0.0,135.46,135.46,Cash On Delivery,Returning,1.0,4.5
127450,2025-04-03,Abu Dhabi,Fashion,120.67,1,15.0,120.67,102.57,Card,Returning,2.0,5.0
128297,2025-03-21,Sharjah,Fashion,171.35,1,5.0,171.35,162.78,Card,Returning,3.0,3.5
101587,2024-01-28,Dubai,Electronics,1984.85,1,15.0,1984.85,1687.12,Card,Returning,2.0,3.5
104637,2024-03-22,Abu Dhabi,Groceries,183.32,1,5.0,183.32,174.15,Card,New,1.0,3.3
118839,2024-01-11,Ajman,Mobile Accessories,109.7,1,0.0,109.7,109.7,Card,Returning,4.0,5.0
121479,2024-11-30,Abu Dhabi,Electronics,352.77,1,10.0,352.77,317.49,Cash On Delivery,New,1.0,5.0
127695,2025-03-09,Abu Dhabi,Fashion,210.83,1,15.0,210.83,179.21,Card,Returning,4.0,3.9
106974,2024-04-26,Abu Dhabi,Beauty & Personal Care,291.75,1,5.0,291.75,277.16,Card,Returning,5.0,2.1
101267,2024-01-22,Sharjah,Mobile Accessories,99.08,1,15.0,99.08,84.22,Cash On Delivery,Returning,4.0,4.0
128621,2025-03-26,Dubai,Beauty & Personal Care,61.63,1,0.0,61.63,61.63,Cash On Delivery,Returning,1.0,2.9
127591,2025-07-03,Ajman,Home & Kitchen,221.75,1,10.0,221.75,199.58,Wallet,New,3.0,4.1
135420,2025-02-07,Abu Dhabi,Groceries,275.11,1,10.0,275.11,247.6,Card,Returning,3.0,3.1
115945,2024-09-14,Dubai,Mobile Accessories,116.1,1,0.0,116.1,110.29,Card,Returning,2.0,4.5
142327,2025-10-05,Sharjah,Electronics,2525.56,3,0.0,7576.68,7576.68,Card,Returning,4.0,5.0
139609,2025-08-29,Abu Dhabi,Electronics,3292.67,2,15.0,6585.34,5597.54,Cash On Delivery,Returning,2.0,4.6
124185,2025-01-10,Dubai,Electronics,469.76,1,0.0,469.76,469.76,Card,Returning,3.0,5.0
134011,2025-11-06,Abu Dhabi,Fashion,171.15,1,10.0,171.15,154.04,Card,Returning,2.0,5.0
145191,2025-11-14,Dubai,Electronics,2502.64,1,10.0,2502.64,2252.38,Card,New,2.0,3.1
110490,2024-06-24,Sharjah,Groceries,177.87,1,10.0,177.87,160.08,Card,Returning,3.0,3.8
108011,2024-05-14,Abu Dhabi,Groceries,56.16,1,0.0,56.16,56.16,Card,New,3.0,4.2
122854,2024-12-21,Dubai,Electronics,480.82,3,30.0,1442.46,1009.72,Wallet,Returning,4.0,4.0
143750,2025-10-26,Ras Al Khaimah,Fashion,45.8,1,0.0,45.8,45.8,Cash On Delivery,New,2.0,4.7
133111,2025-05-28,Sharjah,Beauty & Personal Care,325.42,1,0.0,325.42,325.42,Card,New,3.0,4.2
102798,2024-02-17,Dubai,Groceries,287.9,1,5.0,287.9,273.5,Cash On Delivery,Returning,3.0,3.8
123449,2024-12-30,Dubai,Electronics,1662.08,1,0.0,1662.08,1662.08,Cash On Delivery,Returning,2.0,5.0
111363,2024-07-09,Sharjah,Fashion,254.95,1,0.0,254.95,254.95,Cash On Delivery,Returning,3.0,4.2
144009,2025-10-29,Sharjah,Home & Kitchen,598.72,3,0.0,1796.16,1796.16,Cash On Delivery,New,4.0,4.1
127224,2025-02-28,Dubai,Mobile Accessories,204.83,2,15.0,409.66,348.21,Card,Returning,2.0,4.3
117610,2024-10-12,Abu Dhabi,Mobile Accessories,81.73,1,0.0,81.73,81.73,Cash On Delivery,Returning,3.0,4.2
129335,2025-04-03,Dubai,Fashion,403.24,2,30.0,806.48,564.54,Wallet,Returning,2.0,3.9
148580,2025-12-19,Abu Dhabi,Fashion,437.68,2,0.0,875.36,875.36,Cash On Delivery,Returning,2.0,4.2
109070,2024-05-31,Abu Dhabi,Electronics,503.56,1,15.0,503.56,428.03,Wallet,Returning,2.0,4.1
129178,2025-04-01,Abu Dhabi,Groceries,44.1,2,10.0,88.2,79.38,Card,Returning,2.0,4.2
130901,2025-04-25,Ajman,Electronics,488.14,1,10.0,488.14,439.33,Cash On Delivery,Returning,1.0,4.2
135869,2025-08-07,Dubai,Fashion,446.44,1,0.0,446.44,446.44,Card,New,4.0,5.0
139417,2025-08-27,Dubai,Fashion,565.94,1,30.0,565.94,396.16,Card,Returning,3.0,4.0
127577,2025-07-03,Ajman,Home & Kitchen,122.4,1,20.0,122.4,97.92,Card,Returning,5.0,4.2
122086,2024-09-12,Ras Al Khaimah,Electronics,924.24,2,5.0,1848.48,1756.06,Cash On Delivery,New,1.0,4.5
140077,2025-03-09,Dubai,Groceries,96.11,1,0.0,96.11,96.11,Cash On Delivery,Returning,4.0,4.5
137349,2025-07-31,Dubai,Groceries,149.46,1,0.0,149.46,149.46,Card,Returning,2.0,3.7
115869,2024-09-13,Ajman,Mobile Accessories,233.86,2,30.0,467.72,327.4,Wallet,Returning,3.0,4.2
116017,2024-09-15,Sharjah,Fashion,74.98,2,0.0,149.96,149.96,Cash On Delivery,Returning,2.0,4.2
128345,2025-03-22,Dubai,Mobile Accessories,46.02,1,15.0,46.02,39.12,Card,New,1.0,4.0
108811,2024-05-27,Dubai,Fashion,97.19,1,0.0,97.19,97.19,Cash On Delivery,New,3.0,5.0
122225,2024-12-11,Sharjah,Fashion,224.03,1,10.0,224.03,201.63,Card,Returning,3.0,4.7
133854,2025-08-06,Dubai,Groceries,30.31,2,10.0,60.62,54.56,Card,Returning,1.0,4.2
101973,2024-02-04,Dubai,Groceries,145.28,1,10.0,145.28,130.75,Card,Returning,2.0,5.0
125516,2025-01-31,Sharjah,Home & Kitchen,882.17,2,5.0,1764.34,1676.12,Card,New,2.0,4.3
139390,2025-08-27,Sharjah,Home & Kitchen,593.18,2,0.0,1186.36,1186.36,Wallet,Returning,3.0,4.4
141405,2025-09-23,Abu Dhabi,Mobile Accessories,26.34,1,15.0,26.34,22.39,Card,New,1.0,3.6
135938,2025-09-07,Dubai,Mobile Accessories,243.64,2,0.0,487.28,487.28,Card,New,1.0,3.7
124657,2025-01-17,Ras Al Khaimah,Beauty & Personal Care,119.86,1,10.0,119.86,107.87,Cash On Delivery,Returning,3.0,3.6
116222,2024-09-19,Dubai,Groceries,102.08,1,10.0,102.08,91.87,Wallet,Returning,3.0,4.4
130745,2025-04-22,Sharjah,Groceries,215.82,1,0.0,215.82,215.82,Card,Returning,2.0,5.0
139370,2025-08-26,Dubai,Home & Kitchen,288.77,1,10.0,288.77,259.89,Card,New,4.0,3.9
120987,2024-11-27,Sharjah,Mobile Accessories,186.68,1,20.0,186.68,149.34,Card,New,1.0,3.2
128104,2025-03-17,Ajman,Electronics,2996.42,1,0.0,2996.42,2996.42,Cash On Delivery,New,1.0,3.4
137286,2025-07-29,Dubai,Fashion,553.39,2,15.0,1106.78,940.76,Card,New,3.0,4.9
118337,2024-10-23,Ajman,Electronics,1584.62,1,0.0,1584.62,1584.62,Card,Returning,3.0,4.6
113963,2024-08-19,Sharjah,Fashion,140.68,1,10.0,140.68,126.61,Cash On Delivery,Returning,2.0,4.3
122324,2024-12-12,Sharjah,Fashion,535.39,1,15.0,535.39,455.08,Cash On Delivery,New,2.0,4.2
127612,2025-03-08,Dubai,Electronics,1950.84,1,0.0,1950.84,1950.84,Cash On Delivery,New,5.0,4.9
137124,2025-07-27,Dubai,Mobile Accessories,74.1,3,5.0,222.3,211.18,Cash On Delivery,New,2.0,4.4
102575,2024-02-13,Abu Dhabi,Home & Kitchen,284.66,1,5.0,284.66,270.43,Cash On Delivery,Returning,2.0,4.7
139320,2025-08-26,Abu Dhabi,Mobile Accessories,24.54,1,0.0,24.54,24.54,Card,New,1.0,3.5
129170,2025-04-01,Abu Dhabi,Electronics,2170.17,1,5.0,2170.17,2061.66,Card,Returning,3.0,3.4
129128,2025-01-04,Dubai,Electronics,1745.98,1,20.0,1745.98,1396.78,Card,New,2.0,3.3
131644,2025-05-06,Abu Dhabi,Mobile Accessories,75.09,1,20.0,75.09,60.07,Card,Returning,1.0,2.9
139835,2025-08-31,Dubai,Fashion,348.61,1,20.0,348.61,278.89,Wallet,Returning,3.0,4.4
127584,2025-03-07,Dubai,Home & Kitchen,787.49,2,0.0,1574.98,1574.98,Wallet,Returning,4.0,4.8
140579,2025-09-10,Sharjah,Electronics,796.0,1,0.0,796.0,796.0,Card,Returning,2.0,5.0
110183,2024-06-19,Dubai,Electronics,2853.06,1,15.0,2853.06,2425.1,Card,New,3.0,3.3
118335,2024-10-23,Sharjah,Beauty & Personal Care,75.49,1,5.0,75.49,71.72,Cash On Delivery,New,1.0,3.9
141265,2025-09-20,Dubai,Mobile Accessories,95.73,1,0.0,95.73,95.73,Card,Returning,2.0,3.7
147202,2025-11-30,Dubai,Groceries,62.61,1,5.0,62.61,59.48,Card,New,3.0,4.5
102972,2024-02-20,Dubai,Electronics,628.65,1,10.0,628.65,565.78,Wallet,New,2.0,4.0
123699,2025-03-01,Dubai,Fashion,192.59,1,30.0,192.59,134.81,Card,Returning,3.0,3.5
149264,2025-12-28,Dubai,Electronics,1125.85,1,5.0,1125.85,1069.56,Cash On Delivery,Returning,3.0,4.5
137180,2025-07-28,Abu Dhabi,Mobile Accessories,164.23,1,0.0,164.23,164.23,Wallet,New,2.0,5.0
131093,2025-04-28,Dubai,Electronics,2466.06,1,5.0,2466.06,2342.76,Cash On Delivery,Returning,1.0,4.0
113847,2024-08-17,Abu Dhabi,Beauty & Personal Care,312.84,1,5.0,312.84,297.2,Card,Returning,2.0,3.3
141417,2025-09-23,Dubai,Beauty & Personal Care,142.82,2,30.0,285.64,199.95,Cash On Delivery,New,1.0,4.8
120643,2024-11-24,Dubai,Fashion,76.4,1,50.0,76.4,38.2,Card,Returning,1.0,4.2
139319,2025-08-26,Ras Al Khaimah,Fashion,386.77,1,0.0,386.77,386.77,Card,Returning,3.0,4.7
138862,2025-08-20,Dubai,Fashion,71.06,1,0.0,71.06,71.06,Cash On Delivery,Returning,3.0,5.0
123917,2025-06-01,Dubai,Fashion,423.49,1,5.0,423.49,402.32,Cash On Delivery,Returning,1.0,3.0
128096,2025-03-17,Dubai,Electronics,3075.13,2,30.0,6150.26,4305.18,Cash On Delivery,New,4.0,4.8
103750,2024-03-05,Ras Al Khaimah,Electronics,889.24,1,10.0,889.24,800.32,Cash On Delivery,Returning,3.0,4.2
142463,2025-10-07,Sharjah,Fashion,390.63,1,0.0,390.63,390.63,Card,Returning,1.0,4.4
126805,2025-02-21,Dubai,Groceries,288.47,1,30.0,288.47,201.93,Card,Returning,1.0,4.3
120000,2024-11-19,Abu Dhabi,Home & Kitchen,707.17,1,0.0,707.17,707.17,Card,New,4.0,2.7
148298,2025-12-15,Ras Al Khaimah,Electronics,454.36,1,10.0,454.36,408.92,Cash On Delivery,Returning,2.0,4.7
143134,2025-10-17,Abu Dhabi,Beauty & Personal Care,390.32,1,5.0,390.32,370.8,Card,Returning,3.0,5.0
120834,2024-11-26,Abu Dhabi,Groceries,205.22,2,20.0,410.44,328.35,Card,Returning,4.0,4.3
107115,2024-04-29,Abu Dhabi,Mobile Accessories,120.76,1,30.0,120.76,84.53,Wallet,Returning,2.0,3.5
147805,2025-08-12,Abu Dhabi,Fashion,63.12,1,15.0,63.12,53.65,Wallet,Returning,3.0,5.0
129151,2025-01-04,Ajman,Beauty & Personal Care,233.04,1,5.0,233.04,221.39,Card,New,1.0,4.2
132948,2025-05-25,Dubai,Mobile Accessories,246.75,1,0.0,246.75,246.75,Wallet,Returning,3.0,3.0
100368,2024-01-07,Ras Al Khaimah,Electronics,771.28,3,15.0,2313.84,1966.76,Card,New,2.0,4.9
102267,2024-02-09,Dubai,Fashion,291.85,1,5.0,291.85,277.26,Card,Returning,3.0,2.4
114514,2024-08-26,Sharjah,Fashion,546.22,1,15.0,546.22,464.29,Card,Returning,4.0,4.1
131161,2025-04-29,Dubai,Mobile Accessories,231.57,1,10.0,231.57,208.41,Card,New,1.0,3.7
111684,2024-07-14,Sharjah,Fashion,393.88,1,20.0,393.88,315.1,Card,Returning,3.0,4.1
108042,2024-05-14,Dubai,Electronics,1504.38,2,15.0,3008.76,2557.45,Wallet,Returning,3.0,4.2
145057,2025-11-12,Abu Dhabi,Mobile Accessories,166.6,1,20.0,166.6,133.28,Card,Returning,3.0,4.6
100189,2024-04-01,Sharjah,Electronics,562.95,3,0.0,1688.85,1688.85,Cash On Delivery,Returning,2.0,4.0
135170,2025-06-28,Sharjah,Fashion,49.25,1,10.0,49.25,44.32,Card,Returning,1.0,4.7
114273,2024-08-23,Abu Dhabi,Home & Kitchen,529.65,1,0.0,529.65,529.65,Wallet,New,2.0,3.8
120047,2024-11-20,Dubai,Electronics,1580.85,1,10.0,1580.85,1422.76,Card,Returning,2.0,4.7
139427,2025-08-27,Ajman,Home & Kitchen,282.73,1,20.0,282.73,226.18,Wallet,Returning,2.0,4.2
138921,2025-08-21,Abu Dhabi,Fashion,542.58,1,10.0,542.58,488.32,Card,Returning,1.0,5.0
138642,2025-08-18,Sharjah,Home & Kitchen,755.13,1,10.0,755.13,679.62,Wallet,Returning,3.0,3.6
112114,2024-07-21,Ras Al Khaimah,Groceries,232.42,2,5.0,464.84,441.6,Cash On Delivery,New,3.0,4.5
100270,2024-01-06,Dubai,Groceries,187.0,1,0.0,187.0,168.3,Wallet,Returning,5.0,3.3
134832,2025-06-23,Sharjah,Groceries,58.09,1,10.0,58.09,52.28,Cash On Delivery,Returning,1.0,3.2
146265,2025-11-24,Abu Dhabi,Fashion,219.34,1,50.0,219.34,109.67,Card,Returning,4.0,3.9
133074,2025-05-27,Sharjah,Fashion,505.19,2,20.0,1010.38,808.3,Cash On Delivery,Returning,3.0,3.6
115981,2024-09-15,Dubai,Fashion,395.84,1,30.0,395.84,277.09,Card,New,1.0,2.5
120847,2024-11-26,Dubai,Fashion,90.15,1,40.0,90.15,54.09,Card,Returning,2.0,4.7
148308,2025-12-15,Abu Dhabi,Electronics,1202.59,1,15.0,1202.59,1022.2,Cash On Delivery,Returning,5.0,3.8
144596,2025-06-11,Dubai,Mobile Accessories,191.62,1,5.0,191.62,182.04,Wallet,Returning,3.0,4.1
131258,2025-04-30,Ajman,Beauty & Personal Care,311.57,1,20.0,311.57,249.26,Card,New,4.0,3.9
127887,2025-03-13,Ajman,Beauty & Personal Care,337.24,1,5.0,337.24,320.38,Wallet,Returning,2.0,4.5
145999,2025-11-22,Ras Al Khaimah,Electronics,2802.75,1,30.0,2802.75,1961.92,Cash On Delivery,Returning,3.0,5.0
135129,2025-06-27,Dubai,Home & Kitchen,437.23,1,10.0,437.23,393.51,Card,Returning,2.0,5.0
141815,2025-09-28,Dubai,Mobile Accessories,154.9,1,0.0,154.9,154.9,Card,Returning,4.0,4.8
106455,2024-04-18,Dubai,Beauty & Personal Care,135.51,1,5.0,135.51,128.73,Card,Returning,2.0,4.0
106185,2024-04-14,Abu Dhabi,Groceries,115.89,1,0.0,115.89,115.89,Cash On Delivery,New,4.0,5.0
112406,2024-07-26,Sharjah,Mobile Accessories,187.42,1,5.0,187.42,178.05,Cash On Delivery,Returning,3.0,4.6
140520,2025-09-09,Sharjah,Electronics,1134.66,2,0.0,2269.32,2269.32,Card,Returning,2.0,4.2
143772,2025-10-26,Dubai,Fashion,166.19,1,0.0,166.19,166.19,Cash On Delivery,Returning,4.0,3.4
130426,2025-04-18,Abu Dhabi,Home & Kitchen,838.77,1,5.0,838.77,796.83,Card,Returning,4.0,4.0
103555,2024-02-03,Dubai,Mobile Accessories,243.89,1,15.0,243.89,207.31,Wallet,Returning,2.0,5.0
127890,2025-03-13,Ras Al Khaimah,Groceries,41.7,1,0.0,41.7,41.7,Cash On Delivery,Returning,4.0,4.6
129404,2025-03-04,Abu Dhabi,Mobile Accessories,174.9,1,10.0,174.9,157.41,Card,Returning,4.0,4.2
120865,2024-11-26,Dubai,Home & Kitchen,810.06,1,40.0,810.06,486.04,Card,Returning,3.0,4.5
103699,2024-03-04,Dubai,Beauty & Personal Care,245.29,1,0.0,245.29,245.29,Cash On Delivery,Returning,1.0,3.5
111758,2024-07-15,Dubai,Electronics,1724.03,2,15.0,3448.06,2930.85,Card,Returning,4.0,4.7
149470,2025-12-31,Dubai,Home & Kitchen,615.42,1,0.0,615.42,615.42,Card,New,2.0,5.0
103183,2024-02-24,Dubai,Fashion,344.01,2,0.0,688.02,688.02,Card,Returning,3.0,5.0
131430,2025-03-05,Ras Al Khaimah,Home & Kitchen,684.76,1,30.0,684.76,479.33,Cash On Delivery,New,3.0,4.6
134686,2025-06-21,Abu Dhabi,Groceries,53.54,1,10.0,53.54,48.19,Card,New,3.0,3.8
130103,2025-04-13,Abu Dhabi,Fashion,56.59,1,10.0,56.59,50.93,Card,Returning,3.0,4.7
120420,2024-11-23,Ajman,Electronics,2104.22,2,30.0,4208.44,2945.91,Cash On Delivery,New,3.0,4.2
106832,2024-04-24,Ajman,Groceries,298.07,1,5.0,298.07,283.17,Wallet,New,3.0,4.2
116423,2024-09-22,Dubai,Beauty & Personal Care,378.84,1,0.0,378.84,378.84,Card,New,3.0,4.2
130721,2025-04-22,Dubai,Home & Kitchen,103.64,1,0.0,103.64,103.64,Cash On Delivery,Returning,3.0,2.7
104656,2024-03-22,Abu Dhabi,Groceries,290.69,1,0.0,290.69,290.69,Wallet,New,4.0,4.8
133992,2025-06-10,Ajman,Mobile Accessories,181.53,1,0.0,181.53,181.53,Card,Returning,1.0,4.2
102075,2024-02-05,Dubai,Electronics,3328.67,1,10.0,3328.67,2995.8,Cash On Delivery,Returning,4.0,4.4
136788,2025-07-22,Abu Dhabi,Mobile Accessories,66.14,1,15.0,66.14,56.22,Card,New,3.0,4.6
126610,2025-02-18,Abu Dhabi,Home & Kitchen,221.28,2,0.0,442.56,442.56,Cash On Delivery,New,4.0,4.9
102522,2024-02-12,Abu Dhabi,Electronics,2196.87,1,0.0,2196.87,2196.87,Card,Returning,3.0,3.9
104213,2024-03-13,Abu Dhabi,Beauty & Personal Care,183.5,1,15.0,183.5,155.98,Card,Returning,4.0,4.0
110450,2024-06-23,Dubai,Home & Kitchen,803.69,1,15.0,803.69,683.14,Cash On Delivery,New,2.0,3.3
103239,2024-02-24,Dubai,Electronics,1988.17,1,0.0,1988.17,1988.17,Wallet,New,4.0,3.4
116426,2024-09-22,Ajman,Groceries,251.21,2,0.0,502.42,502.42,Cash On Delivery,Returning,1.0,2.9
130838,2025-04-24,Dubai,Beauty & Personal Care,119.47,1,15.0,119.47,101.55,Card,Returning,3.0,4.1
148636,2025-12-20,Dubai,Electronics,3309.17,2,5.0,6618.34,6287.42,Cash On Delivery,Returning,2.0,3.4
130049,2025-04-12,Abu Dhabi,Beauty & Personal Care,56.95,1,5.0,56.95,54.1,Wallet,New,2.0,5.0
146886,2025-11-28,Sharjah,Fashion,354.0,1,30.0,354.0,247.8,Cash On Delivery,New,3.0,5.0
102684,2024-02-15,Dubai,Mobile Accessories,201.1,1,0.0,201.1,201.1,Wallet,Returning,2.0,3.7
123055,2024-12-25,Dubai,Beauty & Personal Care,323.94,1,10.0,323.94,291.55,Cash On Delivery,Returning,2.0,5.0
132229,2025-05-15,Dubai,Groceries,168.0,1,30.0,168.0,117.6,Card,New,5.0,4.2
115537,2024-07-09,Dubai,Groceries,204.39,2,10.0,408.78,367.9,Wallet,New,4.0,3.6
148487,2025-12-18,Abu Dhabi,Home & Kitchen,159.36,1,10.0,159.36,143.42,Card,Returning,3.0,4.3
115086,2024-09-02,Abu Dhabi,Electronics,313.84,2,30.0,627.68,439.38,Card,New,2.0,4.2
147923,2025-12-10,Ras Al Khaimah,Electronics,2628.2,2,15.0,5256.4,4467.94,Cash On Delivery,Returning,4.0,5.0
149461,2025-12-31,Abu Dhabi,Home & Kitchen,387.58,1,0.0,387.58,387.58,Wallet,Returning,3.0,4.7
105182,2024-02-04,Dubai,Beauty & Personal Care,111.51,1,0.0,111.51,111.51,Card,Returning,3.0,5.0
127487,2025-05-03,Abu Dhabi,Fashion,254.84,1,0.0,254.84,254.84,Cash On Delivery,New,4.0,4.2
138309,2025-08-14,Dubai,Beauty & Personal Care,173.6,1,10.0,173.6,156.24,Card,Returning,1.0,3.9
112109,2024-07-21,Abu Dhabi,Groceries,169.98,2,10.0,339.96,305.96,Cash On Delivery,Returning,1.0,4.6
138828,2025-08-20,Dubai,Mobile Accessories,25.54,1,5.0,25.54,24.26,Wallet,Returning,2.0,4.3
109821,2024-06-13,Dubai,Mobile Accessories,120.06,1,0.0,120.06,120.06,Card,Returning,1.0,3.5
127530,2025-06-03,Sharjah,Groceries,92.19,1,0.0,92.19,92.19,Card,Returning,4.0,5.0
127613,2025-08-03,Ras Al Khaimah,Mobile Accessories,109.69,1,0.0,109.69,109.69,Cash On Delivery,New,2.0,4.0
103739,2024-05-03,Dubai,Electronics,2680.55,1,5.0,2680.55,2546.52,Cash On Delivery,New,6.0,4.2
120804,2024-11-26,Dubai,Beauty & Personal Care,171.08,3,20.0,513.24,410.59,Card,New,3.0,4.5
120462,2024-11-23,Dubai,Mobile Accessories,181.62,1,40.0,181.62,108.97,Card,Returning,4.0,4.5
133697,2025-06-06,Dubai,Beauty & Personal Care,67.81,1,5.0,67.81,64.42,Card,New,1.0,4.5
113943,2024-08-19,Dubai,Groceries,131.5,1,0.0,131.5,131.5,Card,New,3.0,5.0
103370,2024-02-27,Ajman,Fashion,183.31,1,0.0,183.31,183.31,Card,Returning,4.0,5.0
100540,2024-01-10,Ajman,Electronics,410.18,1,15.0,410.18,348.65,Card,Returning,2.0,4.7
139684,2025-08-30,Abu Dhabi,Fashion,481.29,2,0.0,962.58,962.58,Card,New,1.0,5.0
137915,2025-08-08,Sharjah,Fashion,350.34,1,20.0,350.34,280.27,Card,Returning,2.0,3.8
103929,2024-08-03,Dubai,Groceries,63.83,1,0.0,63.83,63.83,Wallet,Returning,4.0,4.9
102738,2024-02-16,Sharjah,Home & Kitchen,100.07,2,10.0,200.14,180.13,Wallet,Returning,2.0,4.7
112645,2024-07-30,Dubai,Electronics,2967.67,1,0.0,2967.67,2967.67,Card,New,2.0,3.9
114732,2024-08-28,Dubai,Beauty & Personal Care,271.23,1,5.0,271.23,257.67,Card,New,3.0,4.3
117007,2024-10-03,Dubai,Beauty & Personal Care,338.85,1,30.0,338.85,237.2,Wallet,Returning,2.0,3.4
149246,2025-12-28,Dubai,Groceries,187.98,1,0.0,187.98,150.38,Card,New,3.0,3.8
128425,2025-03-23,Dubai,Electronics,2002.39,1,0.0,2002.39,2002.39,Cash On Delivery,Returning,3.0,3.6
146082,2025-11-23,Sharjah,Groceries,277.71,2,10.0,555.42,499.88,Cash On Delivery,New,3.0,4.6
136660,2025-07-20,Ras Al Khaimah,Electronics,1788.97,2,0.0,3577.94,3577.94,Card,Returning,3.0,4.1
105410,2024-06-04,Dubai,Beauty & Personal Care,210.71,2,0.0,421.42,421.42,Card,New,1.0,3.9
100239,2024-05-01,Dubai,Fashion,395.1,1,0.0,395.1,395.1,Card,New,2.0,3.7
132304,2025-05-16,Sharjah,Electronics,1993.76,1,10.0,1993.76,1794.38,Card,Returning,3.0,3.9
120841,2024-11-26,Ajman,Electronics,2388.22,1,40.0,2388.22,1432.93,Card,Returning,1.0,3.8
114757,2024-08-29,Abu Dhabi,Fashion,86.13,1,5.0,86.13,81.82,Wallet,Returning,4.0,3.4
124365,2025-01-13,Abu Dhabi,Fashion,245.88,1,0.0,245.88,245.88,Cash On Delivery,Returning,1.0,4.0
125841,2025-02-06,Sharjah,Fashion,71.43,1,0.0,71.43,71.43,Card,New,5.0,4.0
126501,2025-02-16,Dubai,Mobile Accessories,97.53,1,5.0,97.53,92.65,Card,New,2.0,3.4
133825,2025-08-06,Abu Dhabi,Mobile Accessories,77.48,1,0.0,77.48,77.48,Card,Returning,1.0,5.0
121585,2024-12-02,Dubai,Beauty & Personal Care,102.36,1,5.0,102.36,97.24,Card,Returning,4.0,4.1
137929,2025-08-08,Dubai,Groceries,60.61,1,15.0,60.61,51.52,Cash On Delivery,New,3.0,3.9
142668,2025-10-10,Dubai,Electronics,2350.6,1,5.0,2350.6,2233.07,Wallet,Returning,2.0,4.3
107057,2024-04-28,Dubai,Mobile Accessories,165.08,1,0.0,165.08,165.08,Cash On Delivery,Returning,1.0,3.4
116217,2024-09-19,Dubai,Fashion,500.55,1,0.0,500.55,500.55,Cash On Delivery,Returning,2.0,4.1
105409,2024-04-06,Abu Dhabi,Beauty & Personal Care,171.88,1,0.0,171.88,171.88,Card,Returning,1.0,4.7
117421,2024-10-09,Abu Dhabi,Electronics,546.11,1,0.0,546.11,546.11,Card,Returning,3.0,4.9
101368,2024-01-24,Abu Dhabi,Home & Kitchen,205.1,1,5.0,205.1,194.84,Wallet,Returning,2.0,3.2
118625,2024-10-28,Dubai,Groceries,172.43,2,10.0,344.86,310.37,Wallet,Returning,2.0,3.4
144047,2025-10-30,Ras Al Khaimah,Electronics,856.61,1,0.0,856.61,856.61,Card,Returning,2.0,4.6
138959,2025-08-22,Dubai,Electronics,880.44,1,0.0,880.44,880.44,Card,New,3.0,3.5
100731,2024-01-13,Ajman,Electronics,3271.22,1,10.0,3271.22,2944.1,Card,Returning,3.0,4.6
116444,2024-09-23,Abu Dhabi,Groceries,122.64,1,0.0,122.64,122.64,Card,New,1.0,4.7
148959,2025-12-25,Dubai,Fashion,410.72,2,5.0,821.44,780.37,Card,Returning,2.0,5.0
132669,2025-05-22,Dubai,Electronics,953.83,1,0.0,953.83,953.83,Wallet,New,4.0,4.0
103769,2024-05-03,Abu Dhabi,Groceries,116.48,1,0.0,116.48,116.48,Cash On Delivery,New,4.0,4.0
141198,2025-09-19,Dubai,Groceries,154.95,1,5.0,154.95,147.2,Cash On Delivery,Returning,3.0,4.2
111275,2024-07-07,Dubai,Groceries,228.89,2,5.0,457.78,434.89,Wallet,Returning,3.0,5.0
126654,2025-02-19,Sharjah,Home & Kitchen,268.87,1,15.0,268.87,228.54,Card,Returning,2.0,3.3
127756,2025-03-11,Abu Dhabi,Mobile Accessories,127.54,1,10.0,127.54,114.79,Card,New,2.0,4.6
147844,2025-12-08,Sharjah,Beauty & Personal Care,298.48,1,5.0,298.48,283.56,Card,Returning,2.0,3.9
111948,2024-07-19,Dubai,Beauty & Personal Care,377.69,1,10.0,377.69,339.92,Card,Returning,4.0,5.0
126836,2025-02-22,Abu Dhabi,Fashion,387.62,1,5.0,387.62,368.24,Cash On Delivery,Returning,3.0,3.4
120765,2024-11-25,Abu Dhabi,Mobile Accessories,209.97,1,20.0,209.97,167.98,Wallet,New,2.0,5.0
127289,2025-01-03,Sharjah,Mobile Accessories,53.87,2,15.0,107.74,91.58,Cash On Delivery,Returning,1.0,3.9
102256,2024-02-08,Dubai,Electronics,3056.73,1,0.0,3056.73,3056.73,Card,New,1.0,4.2
114688,2024-08-28,Dubai,Home & Kitchen,743.74,2,0.0,1487.48,1487.48,Wallet,New,1.0,2.9
109724,2024-11-06,Abu Dhabi,Home & Kitchen,564.84,1,15.0,564.84,480.11,Wallet,New,2.0,4.0
122940,2024-12-22,Abu Dhabi,Mobile Accessories,245.47,2,0.0,490.94,490.94,Wallet,Returning,4.0,4.2
105007,2024-03-29,Abu Dhabi,Electronics,2600.52,1,10.0,2600.52,2340.47,Wallet,New,2.0,3.5
116430,2024-09-22,Dubai,Beauty & Personal Care,326.48,1,5.0,326.48,310.16,Wallet,Returning,2.0,3.7
112522,2024-07-27,Abu Dhabi,Electronics,929.77,1,20.0,929.77,743.82,Card,Returning,1.0,4.3
117199,2024-10-05,Abu Dhabi,Fashion,256.62,1,15.0,256.62,218.13,Card,Returning,1.0,5.0
129851,2025-09-04,Dubai,Fashion,439.84,2,0.0,879.68,879.68,Wallet,New,2.0,3.5
138730,2025-08-19,Dubai,Groceries,68.27,1,5.0,68.27,64.86,Card,Returning,3.0,4.8
125097,2025-01-25,Dubai,Mobile Accessories,127.04,1,0.0,127.04,127.04,Card,Returning,3.0,5.0
144053,2025-10-30,Ajman,Beauty & Personal Care,98.67,1,5.0,98.67,93.74,Wallet,New,1.0,3.8
134039,2025-11-06,Abu Dhabi,Beauty & Personal Care,209.82,1,15.0,209.82,178.35,Cash On Delivery,Returning,2.0,4.4
136421,2025-07-17,Abu Dhabi,Groceries,189.12,1,0.0,189.12,189.12,Cash On Delivery,Returning,1.0,5.0
129615,2025-04-05,Sharjah,Home & Kitchen,220.74,1,0.0,220.74,220.74,Card,Returning,4.0,3.6
119846,2024-11-16,Abu Dhabi,Electronics,1601.29,1,0.0,1601.29,1601.29,Card,Returning,1.0,2.4
131472,2025-05-03,Sharjah,Groceries,167.5,1,10.0,167.5,150.75,Cash On Delivery,Returning,3.0,5.0
134714,2025-06-21,Dubai,Beauty & Personal Care,227.99,1,0.0,227.99,227.99,Card,Returning,3.0,5.0
143224,2025-10-18,Dubai,Groceries,152.74,1,10.0,152.74,137.47,Card,Returning,2.0,3.9
134104,2025-12-06,Dubai,Groceries,67.15,1,20.0,67.15,53.72,Card,New,2.0,3.9
124860,2025-01-21,Sharjah,Groceries,277.07,2,5.0,554.14,526.43,Cash On Delivery,New,3.0,4.7
147645,2025-12-06,Ajman,Fashion,352.26,1,15.0,352.26,299.42,Wallet,Returning,4.0,4.2
134965,2025-06-25,Abu Dhabi,Home & Kitchen,842.38,1,15.0,842.38,716.02,Card,New,3.0,5.0
126524,2025-02-17,Dubai,Electronics,1061.98,1,5.0,1061.98,1008.88,Card,New,2.0,5.0
130294,2025-04-16,Abu Dhabi,Groceries,286.03,2,5.0,572.06,543.46,Wallet,New,4.0,4.2
139282,2025-08-25,Ras Al Khaimah,Mobile Accessories,159.17,2,0.0,318.34,318.34,Card,Returning,2.0,4.9
134430,2025-06-17,Ras Al Khaimah,Electronics,661.52,1,0.0,661.52,661.52,Card,New,4.0,3.4
121978,2024-12-07,Dubai,Fashion,474.05,2,15.0,948.1,805.88,Card,Returning,1.0,4.0
139668,2025-08-30,Dubai,Electronics,2728.87,1,20.0,2728.87,2183.1,Card,New,3.0,4.7
136217,2025-07-14,Dubai,Fashion,219.65,1,5.0,219.65,208.67,Card,Returning,2.0,4.4
111861,2024-07-17,Abu Dhabi,Beauty & Personal Care,251.95,1,15.0,251.95,214.16,Cash On Delivery,Returning,2.0,4.2
146561,2025-11-26,Sharjah,Home & Kitchen,417.3,1,20.0,417.3,333.84,Wallet,Returning,2.0,3.9
108943,2024-05-29,Dubai,Fashion,128.31,1,0.0,128.31,128.31,Wallet,New,5.0,4.0
122622,2024-12-17,Sharjah,Electronics,579.47,1,15.0,579.47,492.55,Card,Returning,3.0,4.1
100090,2024-02-01,Ajman,Fashion,353.4,1,0.0,353.4,353.4,Wallet,Returning,3.0,3.3
140380,2025-09-07,Dubai,Mobile Accessories,209.93,1,0.0,209.93,209.93,Card,Returning,1.0,4.0
145365,2025-11-16,Abu Dhabi,Home & Kitchen,435.03,1,5.0,435.03,413.28,Cash On Delivery,New,3.0,5.0
140860,2025-09-14,Dubai,Home & Kitchen,685.09,1,20.0,685.09,548.07,Wallet,Returning,2.0,3.6
109972,2024-06-15,Ajman,Home & Kitchen,697.96,1,10.0,697.96,628.16,Card,New,3.0,4.1
127931,2025-03-14,Dubai,Groceries,187.05,3,0.0,561.15,561.15,Wallet,Returning,2.0,4.7
110984,2024-02-07,Dubai,Groceries,287.73,2,30.0,575.46,402.82,Card,Returning,3.0,4.9
125419,2025-01-30,Sharjah,Mobile Accessories,167.87,3,5.0,503.61,478.43,Cash On Delivery,Returning,3.0,4.7
107545,2024-06-05,Abu Dhabi,Electronics,1260.38,1,30.0,1260.38,882.27,Card,Returning,1.0,4.2
135491,2025-07-03,Abu Dhabi,Electronics,2121.38,1,10.0,2121.38,1909.24,Card,Returning,2.0,4.4
149127,2025-12-27,Dubai,Beauty & Personal Care,260.33,1,15.0,260.33,221.28,Card,Returning,2.0,4.4
130247,2025-04-15,Abu Dhabi,Beauty & Personal Care,183.77,1,15.0,183.77,156.2,Card,Returning,4.0,4.4
139785,2025-08-31,Ajman,Beauty & Personal Care,322.27,2,0.0,644.54,644.54,Cash On Delivery,Returning,3.0,4.8
143286,2025-10-19,Abu Dhabi,Mobile Accessories,138.09,1,0.0,138.09,138.09,Card,Returning,2.0,4.5
141373,2025-09-22,Ras Al Khaimah,Mobile Accessories,207.53,1,5.0,207.53,197.15,Cash On Delivery,New,3.0,4.7
108922,2024-05-29,Dubai,Electronics,890.83,1,20.0,890.83,712.66,Cash On Delivery,New,4.0,4.7
135160,2025-06-28,Ajman,Fashion,227.67,1,0.0,227.67,227.67,Card,New,3.0,4.7
124598,2025-01-16,Dubai,Electronics,2240.83,1,15.0,2240.83,1904.71,Cash On Delivery,Returning,2.0,5.0
149434,2025-12-31,Abu Dhabi,Groceries,293.83,1,5.0,293.83,279.14,Card,New,2.0,3.8
145596,2025-11-20,Sharjah,Groceries,72.27,1,20.0,72.27,57.82,Card,New,3.0,3.0
131105,2025-04-28,Abu Dhabi,Fashion,319.96,1,0.0,319.96,319.96,Card,Returning,4.0,5.0
148915,2025-12-24,Dubai,Mobile Accessories,219.29,1,0.0,219.29,219.29,Card,New,1.0,4.4
127061,2025-02-25,Sharjah,Home & Kitchen,199.82,1,15.0,199.82,169.85,Wallet,New,1.0,5.0
114260,2024-08-23,Dubai,Mobile Accessories,22.57,2,0.0,45.14,45.14,Wallet,New,1.0,5.0
143176,2025-10-18,Dubai,Mobile Accessories,187.16,1,0.0,187.16,187.16,Card,New,2.0,4.7
115189,2024-03-09,Dubai,Mobile Accessories,185.43,1,5.0,185.43,176.16,Cash On Delivery,New,2.0,3.9
120119,2024-11-21,Dubai,Fashion,492.75,2,5.0,985.5,936.22,Card,Returning,4.0,3.4
110093,2024-06-17,Dubai,Groceries,52.06,1,5.0,52.06,49.46,Cash On Delivery,New,2.0,4.7
126594,2025-02-18,Abu Dhabi,Groceries,179.53,1,10.0,179.53,161.58,Card,Returning,3.0,4.7
141946,2025-09-30,Abu Dhabi,Electronics,2105.53,1,10.0,2105.53,1894.98,Cash On Delivery,Returning,6.0,3.4
140546,2025-10-09,Sharjah,Beauty & Personal Care,204.92,1,10.0,204.92,184.43,Card,New,2.0,4.6
115314,2024-05-09,Dubai,Fashion,551.66,1,0.0,551.66,551.66,Card,Returning,3.0,4.3
144034,2025-10-30,Abu Dhabi,Beauty & Personal Care,36.28,1,5.0,36.28,34.47,Card,Returning,1.0,5.0
102838,2024-02-17,Ras Al Khaimah,Fashion,543.14,1,5.0,543.14,515.98,Card,Returning,4.0,3.8
102786,2024-02-17,Abu Dhabi,Groceries,125.21,1,15.0,125.21,106.43,Card,Returning,1.0,3.9
132709,2025-05-22,Dubai,Fashion,174.13,1,5.0,174.13,165.42,Card,New,3.0,4.3
122217,2024-11-12,Dubai,Fashion,388.76,1,0.0,388.76,388.76,Wallet,Returning,1.0,4.5
120949,2024-11-27,Dubai,Beauty & Personal Care,98.39,1,40.0,98.39,59.03,Cash On Delivery,Returning,4.0,4.4
146070,2025-11-23,Dubai,Groceries,295.61,1,40.0,295.61,177.37,Cash On Delivery,New,2.0,3.8
145280,2025-11-15,Ras Al Khaimah,Electronics,1846.13,1,0.0,1846.13,1846.13,Wallet,Returning,5.0,4.1
136076,2025-11-07,Sharjah,Fashion,121.36,3,15.0,364.08,309.47,Wallet,Returning,1.0,4.6
101539,2024-01-27,Dubai,Groceries,19.96,1,20.0,19.96,15.97,Card,Returning,4.0,2.1
137304,2025-07-30,Dubai,Fashion,470.15,2,15.0,940.3,799.26,Card,New,3.0,5.0
145585,2025-11-20,Dubai,Home & Kitchen,302.91,1,0.0,302.91,302.91,Card,New,2.0,4.4
114152,2024-08-21,Abu Dhabi,Groceries,153.89,1,10.0,153.89,138.5,Card,Returning,2.0,5.0
143951,2025-10-29,Dubai,Groceries,159.35,1,10.0,159.35,143.42,Cash On Delivery,Returning,3.0,5.0
100981,2024-01-18,Abu Dhabi,Mobile Accessories,141.35,1,20.0,141.35,113.08,Cash On Delivery,Returning,3.0,3.9
131315,2025-05-01,Sharjah,Electronics,1321.87,1,0.0,1321.87,1321.87,Card,Returning,3.0,5.0
105159,2024-01-04,Dubai,Fashion,456.32,1,15.0,456.32,387.87,Card,Returning,1.0,4.8
136397,2025-07-17,Dubai,Fashion,316.62,1,0.0,316.62,316.62,Card,Returning,3.0,5.0
141516,2025-09-24,Dubai,Fashion,172.37,1,5.0,172.37,163.75,Card,Returning,4.0,3.4
109628,2024-10-06,Sharjah,Beauty & Personal Care,31.35,1,15.0,31.35,26.65,Wallet,New,2.0,5.0
106507,2024-04-19,Ras Al Khaimah,Beauty & Personal Care,391.39,1,0.0,391.39,391.39,Cash On Delivery,New,2.0,4.7
131243,2025-04-30,Sharjah,Electronics,1282.69,3,10.0,3848.07,3463.26,Card,Returning,3.0,3.5
132210,2025-05-15,Ajman,Fashion,339.32,1,10.0,339.32,305.39,Card,Returning,3.0,4.4
113711,2024-08-16,Dubai,Home & Kitchen,398.51,1,30.0,398.51,278.96,Card,New,3.0,5.0
120051,2024-11-20,Dubai,Beauty & Personal Care,78.44,1,10.0,78.44,70.6,Card,Returning,3.0,4.3
104744,2024-03-24,Ras Al Khaimah,Home & Kitchen,83.23,1,10.0,83.23,74.91,Cash On Delivery,Returning,1.0,4.9
103974,2024-09-03,Ras Al Khaimah,Beauty & Personal Care,186.23,2,10.0,372.46,335.21,Card,Returning,4.0,4.6
117935,2024-10-17,Sharjah,Mobile Accessories,94.11,1,10.0,94.11,84.7,Card,Returning,1.0,4.5
108481,2024-05-21,Dubai,Fashion,119.98,1,20.0,119.98,95.98,Card,Returning,2.0,5.0
134336,2025-06-15,Dubai,Beauty & Personal Care,139.23,1,10.0,139.23,125.31,Cash On Delivery,Returning,5.0,4.3
119753,2024-11-15,Abu Dhabi,Fashion,442.3,2,0.0,884.6,884.6,Card,Returning,3.0,4.6
129607,2025-05-04,Abu Dhabi,Beauty & Personal Care,211.1,1,20.0,211.1,168.88,Card,Returning,2.0,5.0
146290,2025-11-24,Sharjah,Mobile Accessories,164.74,1,40.0,164.74,98.84,Card,New,3.0,2.6
113162,2024-08-07,Abu Dhabi,Mobile Accessories,35.26,1,15.0,35.26,29.97,Card,Returning,3.0,3.8
134717,2025-06-21,Abu Dhabi,Groceries,171.51,1,0.0,171.51,171.51,Card,Returning,3.0,4.3
103127,2024-02-23,Sharjah,Home & Kitchen,239.68,1,15.0,239.68,203.73,Card,Returning,2.0,4.4
100761,2024-01-14,Abu Dhabi,Beauty & Personal Care,295.89,1,0.0,295.89,295.89,Card,Returning,2.0,3.3
141113,2025-09-18,Sharjah,Mobile Accessories,121.38,1,10.0,121.38,109.24,Cash On Delivery,Returning,3.0,3.4
133768,2025-06-07,Ras Al Khaimah,Home & Kitchen,387.67,1,0.0,387.67,387.67,Cash On Delivery,New,3.0,5.0
109227,2024-03-06,Abu Dhabi,Groceries,133.37,1,5.0,133.37,126.7,Cash On Delivery,New,2.0,4.4
111831,2024-07-17,Dubai,Fashion,576.17,1,0.0,576.17,576.17,Wallet,New,1.0,4.7
114438,2024-08-25,Sharjah,Home & Kitchen,546.97,1,30.0,546.97,382.88,Cash On Delivery,Returning,2.0,4.2
149415,2025-12-31,Dubai,Home & Kitchen,562.84,1,10.0,562.84,506.56,Card,New,3.0,4.7
126019,2025-08-02,Dubai,Fashion,420.17,1,0.0,420.17,420.17,Card,Returning,1.0,3.9
100168,2024-01-04,Abu Dhabi,Fashion,414.91,3,10.0,1244.73,1120.26,Cash On Delivery,Returning,3.0,3.7
115626,2024-09-09,Abu Dhabi,Fashion,63.89,1,30.0,63.89,44.72,Cash On Delivery,Returning,3.0,3.6
109921,2024-06-14,Dubai,Beauty & Personal Care,330.82,2,10.0,661.64,595.48,Card,Returning,1.0,5.0
111924,2024-07-18,Ajman,Mobile Accessories,33.06,1,10.0,33.06,29.75,Card,Returning,2.0,5.0
143382,2025-10-21,Ras Al Khaimah,Mobile Accessories,86.74,2,0.0,173.48,173.48,Cash On Delivery,New,1.0,4.7
131425,2025-05-03,Ajman,Mobile Accessories,90.69,1,15.0,90.69,77.09,Card,Returning,2.0,5.0
104026,2024-10-03,Sharjah,Fashion,362.52,1,5.0,362.52,344.39,Card,Returning,1.0,3.8
128550,2025-03-25,Dubai,Electronics,3373.04,1,10.0,3373.04,3035.74,Card,Returning,2.0,3.3
148821,2025-12-23,Abu Dhabi,Fashion,412.0,1,5.0,412.0,391.4,Cash On Delivery,Returning,3.0,3.7
129934,2025-11-04,Ajman,Mobile Accessories,162.67,1,0.0,162.67,162.67,Cash On Delivery,Returning,1.0,4.2
136772,2025-07-22,Dubai,Fashion,99.02,1,10.0,99.02,89.12,Cash On Delivery,Returning,3.0,4.1
148078,2025-12-12,Sharjah,Fashion,351.32,2,10.0,702.64,632.38,Card,Returning,1.0,3.6
126515,2025-02-17,Sharjah,Beauty & Personal Care,331.23,1,5.0,331.23,314.67,Card,Returning,2.0,3.4
147453,2025-03-12,Dubai,Beauty & Personal Care,290.48,2,10.0,580.96,522.86,Card,Returning,3.0,5.0
121750,2024-12-04,Ajman,Home & Kitchen,237.02,1,0.0,237.02,237.02,Wallet,New,3.0,4.6
137423,2025-01-08,Ajman,Beauty & Personal Care,215.31,2,10.0,430.62,387.56,Card,Returning,1.0,4.7
149398,2025-12-30,Abu Dhabi,Electronics,1120.72,1,10.0,1120.72,1008.65,Card,New,1.0,5.0
116411,2024-09-22,Ajman,Fashion,585.52,2,5.0,1171.04,1112.49,Card,Returning,3.0,4.0
131640,2025-05-06,Abu Dhabi,Fashion,586.82,1,30.0,586.82,410.77,Card,Returning,3.0,3.9
127753,2025-10-03,Ras Al Khaimah,Home & Kitchen,118.11,1,0.0,118.11,118.11,Wallet,Returning,3.0,4.8
132045,2025-12-05,Dubai,Home & Kitchen,89.84,2,0.0,179.68,179.68,Cash On Delivery,Returning,4.0,4.7
113578,2024-08-14,Abu Dhabi,Mobile Accessories,102.74,1,0.0,102.74,102.74,Card,Returning,2.0,3.9
140583,2025-09-10,Abu Dhabi,Fashion,76.13,1,0.0,76.13,76.13,Cash On Delivery,New,2.0,5.0
140329,2025-06-09,Dubai,Mobile Accessories,160.24,1,5.0,160.24,152.23,Cash On Delivery,Returning,2.0,3.6
119389,2024-11-09,Ajman,Fashion,112.09,2,0.0,224.18,224.18,Wallet,Returning,4.0,3.8
141243,2025-09-20,Dubai,Beauty & Personal Care,138.29,1,0.0,138.29,138.29,Cash On Delivery,New,2.0,3.7
137515,2025-08-02,Ajman,Mobile Accessories,89.34,1,0.0,89.34,89.34,Cash On Delivery,Returning,2.0,3.8
126263,2025-02-13,Sharjah,Fashion,293.94,1,0.0,293.94,293.94,Wallet,Returning,3.0,3.3
100789,2024-01-14,Abu Dhabi,Fashion,393.13,1,0.0,393.13,393.13,Card,Returning,4.0,5.0
140746,2025-09-13,Ras Al Khaimah,Electronics,2601.89,1,15.0,2601.89,2211.61,Wallet,Returning,1.0,4.2
114399,2024-08-24,Abu Dhabi,Fashion,409.47,3,10.0,1228.41,1105.57,Card,Returning,4.0,4.2
132289,2025-05-16,Sharjah,Fashion,229.26,1,20.0,229.26,183.41,Card,New,1.0,4.4
138239,2025-08-13,Dubai,Beauty & Personal Care,247.13,1,0.0,247.13,247.13,Cash On Delivery,New,4.0,3.9
108582,2024-05-23,Abu Dhabi,Beauty & Personal Care,107.04,1,10.0,107.04,96.34,Card,Returning,2.0,5.0
135854,2025-07-08,Abu Dhabi,Groceries,69.85,2,0.0,139.7,139.7,Wallet,New,2.0,5.0
115789,2024-09-12,Sharjah,Electronics,2971.84,1,15.0,2971.84,2526.06,Card,Returning,1.0,3.9
144057,2025-10-30,Dubai,Fashion,293.9,1,5.0,293.9,279.2,Card,Returning,2.0,4.2
101628,2024-01-29,Ajman,Home & Kitchen,675.34,1,5.0,675.34,641.57,Card,Returning,1.0,4.2
143487,2025-10-22,Sharjah,Electronics,3089.67,1,10.0,3089.67,2780.7,Cash On Delivery,Returning,2.0,4.9
118962,2024-11-02,Dubai,Groceries,211.91,1,0.0,211.91,211.91,Card,Returning,3.0,4.1
116020,2024-09-15,Abu Dhabi,Mobile Accessories,24.71,1,20.0,24.71,19.77,Card,Returning,4.0,4.2
117670,2024-12-10,Ajman,Electronics,335.09,1,0.0,335.09,335.09,Card,New,2.0,4.9
103063,2024-02-21,Sharjah,Home & Kitchen,160.69,2,10.0,321.38,289.24,Wallet,Returning,2.0,5.0
121759,2024-12-04,Dubai,Groceries,109.65,3,30.0,328.95,230.26,Card,Returning,3.0,3.6
138442,2025-08-16,Dubai,Groceries,213.66,1,5.0,213.66,202.98,Card,Returning,4.0,4.9
104721,2024-03-23,Dubai,Home & Kitchen,56.86,1,5.0,56.86,54.02,Card,Returning,3.0,4.5
106119,2024-04-13,Dubai,Groceries,163.88,1,5.0,163.88,155.69,Cash On Delivery,Returning,3.0,2.2
143096,2025-10-17,Dubai,Home & Kitchen,323.91,1,0.0,323.91,323.91,Card,Returning,3.0,4.6
121887,2024-06-12,Dubai,Mobile Accessories,59.59,1,20.0,59.59,47.67,Card,Returning,5.0,3.6
133503,2025-06-03,Sharjah,Home & Kitchen,380.18,1,5.0,380.18,361.17,Card,Returning,3.0,4.8
136789,2025-07-22,Dubai,Groceries,26.49,1,10.0,26.49,23.84,Card,Returning,2.0,4.3
104652,2024-03-22,Dubai,Mobile Accessories,47.75,1,10.0,47.75,42.98,Cash On Delivery,Returning,3.0,5.0
128924,2025-03-30,Abu Dhabi,Fashion,195.97,1,0.0,195.97,195.97,Cash On Delivery,Returning,4.0,5.0
109142,2024-06-02,Abu Dhabi,Mobile Accessories,225.12,1,0.0,225.12,225.12,Card,New,3.0,4.2
108041,2024-05-14,Abu Dhabi,Mobile Accessories,46.03,1,5.0,46.03,43.73,Card,Returning,3.0,4.4
117370,2024-08-10,Dubai,Mobile Accessories,237.68,1,0.0,237.68,237.68,Card,New,2.0,4.6
106638,2024-04-21,Sharjah,Home & Kitchen,574.35,1,10.0,574.35,516.92,Card,Returning,3.0,5.0
105509,2024-08-04,Dubai,Home & Kitchen,433.76,1,10.0,433.76,390.38,Card,New,1.0,4.6
116292,2024-09-20,Dubai,Groceries,299.3,1,0.0,299.3,299.3,Card,Returning,3.0,3.8
114971,2024-08-31,Abu Dhabi,Home & Kitchen,463.89,1,5.0,463.89,440.7,Card,New,1.0,4.2
130336,2025-04-17,Dubai,Mobile Accessories,147.12,1,5.0,147.12,139.76,Card,Returning,3.0,3.6
112284,2024-07-24,Dubai,Groceries,261.82,1,10.0,261.82,235.64,Cash On Delivery,Returning,3.0,4.2
113643,2024-08-15,Dubai,Mobile Accessories,100.1,1,15.0,100.1,85.08,Cash On Delivery,Returning,3.0,4.3
119312,2024-11-08,Sharjah,Mobile Accessories,168.1,2,10.0,336.2,302.58,Wallet,New,4.0,4.1
123022,2024-12-24,Abu Dhabi,Fashion,313.46,2,0.0,626.92,626.92,Wallet,Returning,3.0,3.9
139095,2025-08-23,Dubai,Home & Kitchen,870.23,1,5.0,870.23,826.72,Cash On Delivery,New,3.0,3.8
101694,2024-01-30,Ajman,Electronics,2601.72,1,15.0,2601.72,2211.46,Cash On Delivery,New,5.0,4.7
113884,2024-08-18,Ajman,Fashion,268.38,1,0.0,268.38,268.38,Card,Returning,1.0,4.2
132232,2025-05-15,Dubai,Electronics,1021.38,1,0.0,1021.38,1021.38,Cash On Delivery,Returning,2.0,4.5
135386,2025-01-07,Ras Al Khaimah,Mobile Accessories,123.56,1,30.0,123.56,86.49,Cash On Delivery,Returning,4.0,3.8
149389,2025-12-30,Dubai,Electronics,864.09,1,0.0,864.09,864.09,Card,Returning,1.0,4.5
123073,2024-12-25,Dubai,Groceries,280.63,1,0.0,280.63,280.63,Card,Returning,2.0,4.1
132375,2025-05-17,Sharjah,Groceries,172.23,1,10.0,172.23,155.01,Cash On Delivery,Returning,2.0,5.0
105767,2024-04-10,Ajman,Groceries,35.94,2,10.0,71.88,64.69,Card,Returning,2.0,4.2
149286,2025-12-29,Dubai,Beauty & Personal Care,388.84,1,0.0,388.84,388.84,Wallet,New,1.0,5.0
143638,2025-10-24,Dubai,Beauty & Personal Care,274.45,2,0.0,548.9,548.9,Card,New,2.0,4.2
139605,2025-08-29,Sharjah,Groceries,107.49,2,0.0,214.98,214.98,Cash On Delivery,New,3.0,3.5
124346,2025-01-12,Sharjah,Electronics,469.72,1,5.0,469.72,446.23,Cash On Delivery,Returning,3.0,5.0
144792,2025-08-11,Abu Dhabi,Groceries,276.77,1,20.0,276.77,221.42,Cash On Delivery,Returning,3.0,5.0
112432,2024-07-26,Dubai,Beauty & Personal Care,208.79,1,0.0,208.79,208.79,Cash On Delivery,Returning,3.0,1.8
149004,2025-12-25,Ajman,Fashion,259.75,2,0.0,519.5,519.5,Card,Returning,3.0,3.9
127385,2025-03-03,Dubai,Beauty & Personal Care,395.89,1,15.0,395.89,336.51,Card,New,3.0,4.3
147822,2025-08-12,Dubai,Mobile Accessories,121.5,1,0.0,121.5,121.5,Card,Returning,4.0,3.9
124188,2025-10-01,Abu Dhabi,Fashion,80.57,1,30.0,80.57,56.4,Cash On Delivery,New,3.0,3.0
120303,2024-11-22,Dubai,Mobile Accessories,124.02,1,30.0,124.02,86.81,Card,Returning,3.0,3.0
127583,2025-07-03,Dubai,Fashion,419.51,3,5.0,1258.53,1195.6,Wallet,Returning,3.0,4.5
109744,2024-06-12,Abu Dhabi,Home & Kitchen,532.92,2,10.0,1065.84,959.26,Card,Returning,3.0,2.9
142561,2025-09-10,Dubai,Fashion,364.29,1,0.0,364.29,364.29,Cash On Delivery,New,4.0,3.3
112087,2024-07-20,Abu Dhabi,Groceries,242.59,1,20.0,242.59,194.07,Card,Returning,3.0,3.1
139358,2025-08-26,Dubai,Electronics,3086.83,1,0.0,3086.83,2469.46,Wallet,Returning,3.0,4.0
117185,2024-05-10,Dubai,Home & Kitchen,299.18,1,10.0,299.18,269.26,Card,New,3.0,3.0
142001,2025-01-10,Sharjah,Electronics,2054.44,1,5.0,2054.44,1951.72,Cash On Delivery,New,5.0,3.3
115193,2024-09-03,Dubai,Home & Kitchen,601.9,1,0.0,601.9,601.9,Card,Returning,3.0,4.3
132065,2025-05-13,Ras Al Khaimah,Groceries,153.41,1,0.0,153.41,153.41,Cash On Delivery,New,4.0,4.9
112600,2024-07-29,Dubai,Electronics,2115.09,1,10.0,2115.09,1903.58,Card,Returning,1.0,3.6
118640,2024-10-28,Dubai,Mobile Accessories,51.6,1,10.0,51.6,46.44,Cash On Delivery,Returning,2.0,4.6
144800,2025-08-11,Abu Dhabi,Mobile Accessories,121.31,1,0.0,121.31,121.31,Card,Returning,3.0,4.4
119242,2024-11-07,Dubai,Mobile Accessories,203.26,1,30.0,203.26,142.28,Wallet,Returning,2.0,3.2
136632,2025-07-20,Abu Dhabi,Mobile Accessories,183.63,2,0.0,367.26,367.26,Card,Returning,3.0,3.2
108369,2024-05-19,Abu Dhabi,Beauty & Personal Care,229.85,1,10.0,229.85,206.86,Cash On Delivery,Returning,3.0,4.4
140791,2025-09-13,Dubai,Groceries,170.01,1,0.0,170.01,170.01,Card,Returning,4.0,3.0
112468,2024-07-27,Sharjah,Mobile Accessories,42.77,2,0.0,85.54,85.54,Card,Returning,4.0,3.4
117760,2024-10-14,Dubai,Fashion,196.32,2,15.0,392.64,333.74,Card,Returning,3.0,4.1
100330,2024-06-01,Dubai,Fashion,52.27,1,5.0,52.27,49.66,Card,Returning,3.0,3.9
144879,2025-09-11,Abu Dhabi,Electronics,1787.62,3,10.0,5362.86,4826.57,Card,New,4.0,4.7
109564,2024-08-06,Sharjah,Mobile Accessories,141.27,1,5.0,141.27,134.21,Card,New,3.0,4.0
137141,2025-07-27,Dubai,Mobile Accessories,216.24,1,0.0,216.24,216.24,Card,Returning,4.0,4.6
113629,2024-08-15,Sharjah,Electronics,636.54,1,20.0,636.54,509.23,Cash On Delivery,New,2.0,3.7
143837,2025-10-27,Ajman,Beauty & Personal Care,196.18,1,10.0,196.18,176.56,Cash On Delivery,Returning,3.0,4.3
121973,2024-12-07,Sharjah,Mobile Accessories,151.92,1,30.0,151.92,106.34,Wallet,New,3.0,5.0
130344,2025-04-17,Sharjah,Home & Kitchen,382.93,1,10.0,382.93,344.64,Card,Returning,2.0,4.5
122366,2024-12-13,Dubai,Fashion,214.81,1,0.0,214.81,214.81,Cash On Delivery,New,3.0,5.0
122881,2024-12-21,Abu Dhabi,Home & Kitchen,734.97,1,10.0,734.97,661.47,Cash On Delivery,Returning,3.0,3.7
102187,2024-02-07,Dubai,Groceries,213.25,2,0.0,426.5,426.5,Wallet,New,3.0,4.7
136725,2025-07-21,Abu Dhabi,Home & Kitchen,81.61,1,0.0,81.61,81.61,Card,Returning,2.0,4.7
118449,2024-10-25,Dubai,Groceries,23.99,1,5.0,23.99,22.79,Card,New,3.0,3.5
148940,2025-12-24,Sharjah,Electronics,2020.65,1,0.0,2020.65,2020.65,Card,New,1.0,3.7
145031,2025-12-11,Dubai,Fashion,109.27,2,0.0,218.54,218.54,Card,New,3.0,5.0
102288,2024-09-02,Dubai,Beauty & Personal Care,372.8,1,5.0,372.8,354.16,Cash On Delivery,Returning,3.0,4.2
132949,2025-05-25,Dubai,Beauty & Personal Care,231.12,2,0.0,462.24,462.24,Card,Returning,3.0,5.0
126327,2025-02-14,Dubai,Fashion,196.73,1,5.0,196.73,186.89,Card,New,3.0,4.9
108570,2024-05-23,Ras Al Khaimah,Mobile Accessories,206.11,1,15.0,206.11,175.19,Card,Returning,1.0,4.5
120447,2024-11-23,Dubai,Electronics,2020.97,1,40.0,2020.97,1212.58,Card,Returning,1.0,4.7
105238,2024-02-04,Ajman,Mobile Accessories,216.96,1,5.0,216.96,206.11,Card,New,3.0,4.2
144674,2025-07-11,Ras Al Khaimah,Home & Kitchen,296.0,1,15.0,296.0,251.6,Cash On Delivery,Returning,4.0,4.8
139828,2025-08-31,Ras Al Khaimah,Electronics,1699.63,1,30.0,1699.63,1189.74,Card,New,3.0,4.3
149422,2025-12-31,Dubai,Fashion,414.07,1,5.0,414.07,393.37,Cash On Delivery,Returning,1.0,4.2
118862,2024-01-11,Dubai,Groceries,265.36,1,0.0,265.36,265.36,Cash On Delivery,Returning,1.0,3.6
110072,2024-06-17,Dubai,Fashion,443.54,2,10.0,887.08,798.37,Wallet,New,4.0,4.2
135885,2025-07-08,Sharjah,Beauty & Personal Care,312.28,1,0.0,312.28,312.28,Cash On Delivery,New,3.0,4.1
113081,2024-06-08,Ras Al Khaimah,Fashion,413.71,1,0.0,413.71,413.71,Card,Returning,4.0,4.2
143784,2025-10-26,Abu Dhabi,Fashion,481.79,1,0.0,481.79,481.79,Cash On Delivery,Returning,2.0,3.7
113270,2024-09-08,Abu Dhabi,Home & Kitchen,299.58,1,10.0,299.58,269.62,Cash On Delivery,Returning,3.0,3.5
144260,2025-11-01,Dubai,Fashion,347.57,2,0.0,695.14,695.14,Card,New,3.0,4.1
141498,2025-09-24,Dubai,Beauty & Personal Care,337.41,1,0.0,337.41,337.41,Card,New,1.0,5.0
129345,2025-03-04,Abu Dhabi,Groceries,95.09,1,10.0,95.09,85.58,Card,Returning,2.0,3.9
132590,2025-05-20,Dubai,Fashion,467.36,1,0.0,467.36,467.36,Card,New,5.0,4.6
107506,2024-05-05,Dubai,Home & Kitchen,158.39,1,5.0,158.39,150.47,Wallet,New,2.0,3.4
124358,2025-01-13,Abu Dhabi,Home & Kitchen,223.04,1,0.0,223.04,223.04,Card,Returning,1.0,4.8
125332,2025-01-29,Abu Dhabi,Beauty & Personal Care,61.87,1,30.0,61.87,43.31,Cash On Delivery,New,4.0,5.0
132886,2025-05-24,Dubai,Mobile Accessories,158.15,1,10.0,158.15,142.34,Card,Returning,2.0,5.0
148550,2025-12-19,Dubai,Fashion,363.82,1,0.0,363.82,363.82,Cash On Delivery,New,2.0,3.9
149318,2025-12-29,Dubai,Fashion,293.57,1,0.0,293.57,293.57,Card,Returning,2.0,3.3
138891,2025-08-21,Dubai,Mobile Accessories,43.38,1,15.0,43.38,36.87,Cash On Delivery,Returning,2.0,4.1
104075,2024-03-10,Abu Dhabi,Home & Kitchen,167.17,1,0.0,167.17,167.17,Card,Returning,2.0,4.1
147921,2025-10-12,Abu Dhabi,Groceries,263.04,1,0.0,263.04,263.04,Card,Returning,1.0,5.0
122180,2024-12-10,Dubai,Fashion,165.1,1,5.0,165.1,156.84,Cash On Delivery,New,1.0,4.8
129493,2025-04-04,Abu Dhabi,Beauty & Personal Care,77.03,1,20.0,77.03,61.62,Card,Returning,1.0,4.4
100843,2024-01-15,Dubai,Home & Kitchen,364.28,1,0.0,364.28,364.28,Card,New,4.0,5.0
119763,2024-11-15,Abu Dhabi,Fashion,346.94,1,5.0,346.94,329.59,Wallet,Returning,3.0,2.9
128006,2025-03-15,Dubai,Fashion,357.24,1,30.0,357.24,250.07,Card,New,2.0,4.3
114550,2024-08-26,Abu Dhabi,Fashion,305.23,2,5.0,610.46,579.94,Card,Returning,3.0,3.6
121296,2024-11-29,Dubai,Electronics,1869.3,1,40.0,1869.3,1121.58,Wallet,New,2.0,4.4
135620,2025-05-07,Abu Dhabi,Groceries,187.47,1,15.0,187.47,159.35,Wallet,Returning,3.0,4.1
127914,2025-03-14,Ajman,Mobile Accessories,87.67,1,0.0,87.67,87.67,Card,Returning,2.0,4.9
102234,2024-02-08,Dubai,Fashion,449.13,1,5.0,449.13,426.67,Wallet,Returning,3.0,4.3
132833,2025-05-24,Dubai,Groceries,284.79,1,0.0,284.79,284.79,Cash On Delivery,Returning,3.0,3.9
140995,2025-09-17,Ajman,Beauty & Personal Care,89.1,1,10.0,89.1,80.19,Cash On Delivery,New,4.0,4.2
130083,2025-04-13,Sharjah,Beauty & Personal Care,324.4,1,5.0,324.4,308.18,Card,Returning,1.0,5.0
128940,2025-03-30,Sharjah,Mobile Accessories,36.22,1,5.0,36.22,34.41,Card,Returning,5.0,4.4
141128,2025-09-19,Ajman,Electronics,1260.11,1,0.0,1260.11,1260.11,Cash On Delivery,Returning,2.0,5.0
118868,2024-01-11,Dubai,Electronics,1357.77,1,0.0,1357.77,1357.77,Card,Returning,3.0,4.2
141184,2025-09-19,Dubai,Electronics,1414.16,1,20.0,1414.16,1131.33,Cash On Delivery,Returning,4.0,4.0
134131,2025-06-13,Dubai,Fashion,157.44,1,0.0,157.44,157.44,Card,Returning,2.0,2.8
141028,2025-09-17,Abu Dhabi,Home & Kitchen,212.78,1,15.0,212.78,180.86,Cash On Delivery,Returning,3.0,4.9
109845,2024-06-13,Dubai,Fashion,574.06,1,20.0,574.06,459.25,Card,Returning,2.0,5.0
134375,2025-06-16,Dubai,Fashion,318.41,2,10.0,636.82,573.14,Card,Returning,3.0,3.9
103334,2024-02-26,Dubai,Groceries,144.55,2,0.0,289.1,289.1,Card,Returning,2.0,3.4
104705,2024-03-23,Dubai,Electronics,1313.21,1,5.0,1313.21,1247.55,Card,Returning,4.0,4.7
131671,2025-07-05,Dubai,Electronics,1049.19,1,0.0,1049.19,1049.19,Wallet,Returning,3.0,3.4
116773,2024-09-28,Abu Dhabi,Home & Kitchen,337.62,1,15.0,337.62,286.98,Card,Returning,2.0,4.0
116872,2024-09-30,Dubai,Mobile Accessories,165.64,1,0.0,165.64,165.64,Card,New,5.0,4.7
140747,2025-09-13,Abu Dhabi,Groceries,180.28,1,10.0,180.28,162.25,Card,Returning,5.0,4.4
123792,2025-01-04,Dubai,Mobile Accessories,131.99,1,5.0,131.99,125.39,Cash On Delivery,New,3.0,4.7
142364,2025-05-10,Sharjah,Fashion,122.39,2,10.0,244.78,220.3,Cash On Delivery,New,3.0,3.7
105235,2024-02-04,Dubai,Mobile Accessories,172.05,1,20.0,172.05,137.64,Card,Returning,2.0,4.2
135774,2025-07-07,Dubai,Electronics,3438.52,1,0.0,3438.52,3438.52,Card,Returning,1.0,3.5
114202,2024-08-22,Abu Dhabi,Electronics,2930.71,1,30.0,2930.71,2051.5,Card,Returning,2.0,4.8
142347,2025-10-05,Dubai,Mobile Accessories,93.61,1,15.0,93.61,79.57,Wallet,Returning,2.0,3.9
112158,2024-07-21,Dubai,Mobile Accessories,209.96,1,0.0,209.96,209.96,Cash On Delivery,Returning,2.0,3.8
140863,2025-09-14,Dubai,Electronics,2678.91,2,5.0,5357.82,5089.93,Card,Returning,4.0,5.0
139728,2025-08-30,Sharjah,Fashion,255.67,2,20.0,511.34,409.07,Wallet,New,3.0,3.6
147920,2025-12-10,Abu Dhabi,Electronics,2378.4,1,10.0,2378.4,2140.56,Card,Returning,1.0,4.9
144707,2025-07-11,Ras Al Khaimah,Fashion,88.65,1,0.0,88.65,88.65,Card,New,3.0,5.0
116370,2024-09-21,Abu Dhabi,Home & Kitchen,324.62,1,10.0,324.62,292.16,Wallet,New,3.0,5.0
144117,2025-10-31,Sharjah,Mobile Accessories,140.75,1,15.0,140.75,119.64,Cash On Delivery,Returning,2.0,4.8
141204,2025-09-20,Dubai,Beauty & Personal Care,251.25,1,0.0,251.25,251.25,Card,Returning,2.0,3.9
106352,2024-04-16,Ras Al Khaimah,Home & Kitchen,213.62,1,5.0,213.62,202.94,Cash On Delivery,Returning,3.0,4.1
147331,2025-02-12,Abu Dhabi,Groceries,43.63,1,0.0,43.63,43.63,Wallet,Returning,3.0,4.4
104515,2024-03-19,Abu Dhabi,Home & Kitchen,384.67,1,10.0,384.67,346.2,Wallet,Returning,1.0,3.4
107501,2024-04-05,Sharjah,Fashion,377.56,1,0.0,377.56,377.56,Cash On Delivery,Returning,3.0,4.5
140729,2025-12-09,Abu Dhabi,Home & Kitchen,424.53,2,5.0,849.06,806.61,Wallet,Returning,2.0,4.2
104002,2024-09-03,Dubai,Home & Kitchen,111.77,2,0.0,223.54,223.54,Card,New,2.0,3.3
111590,2024-07-13,Abu Dhabi,Groceries,243.76,1,0.0,243.76,243.76,Cash On Delivery,New,6.0,4.2
107846,2024-05-11,Abu Dhabi,Beauty & Personal Care,305.89,1,5.0,305.89,290.6,Card,New,3.0,4.1
127572,2025-03-07,Dubai,Beauty & Personal Care,227.99,1,0.0,227.99,227.99,Cash On Delivery,Returning,5.0,4.1
126775,2025-02-21,Ajman,Electronics,3256.25,1,5.0,3256.25,3093.44,Wallet,Returning,2.0,4.0
135780,2025-07-07,Sharjah,Fashion,176.5,1,15.0,176.5,150.02,Cash On Delivery,New,4.0,5.0
125464,2025-01-31,Dubai,Groceries,84.99,1,0.0,84.99,84.99,Cash On Delivery,Returning,3.0,3.5
105110,2024-03-31,Dubai,Home & Kitchen,772.1,1,0.0,772.1,772.1,Wallet,Returning,3.0,4.1
116924,2024-10-01,Abu Dhabi,Fashion,317.69,1,10.0,317.69,285.92,Card,Returning,1.0,5.0
118437,2024-10-25,Sharjah,Mobile Accessories,144.29,1,15.0,144.29,122.65,Card,Returning,1.0,4.3
114642,2024-08-27,Abu Dhabi,Groceries,286.66,1,0.0,286.66,286.66,Card,New,2.0,3.8
132147,2025-05-14,Abu Dhabi,Beauty & Personal Care,307.78,1,0.0,307.78,307.78,Card,New,3.0,2.7
144447,2025-11-03,Dubai,Mobile Accessories,143.66,1,20.0,143.66,114.93,Cash On Delivery,Returning,3.0,3.6
133413,2025-06-02,Dubai,Electronics,1932.29,1,0.0,1932.29,1932.29,Card,Returning,3.0,5.0
121792,2024-12-05,Ajman,Electronics,2939.71,1,5.0,2939.71,2792.72,Card,Returning,1.0,3.9
102596,2024-02-14,Abu Dhabi,Electronics,1488.95,3,0.0,4466.85,4466.85,Card,Returning,2.0,4.0
106590,2024-04-20,Dubai,Electronics,2456.03,1,15.0,2456.03,2087.63,Card,New,5.0,5.0
131074,2025-04-27,Ajman,Home & Kitchen,372.32,1,15.0,372.32,316.47,Wallet,New,4.0,4.2
144914,2025-11-10,Sharjah,Fashion,294.56,2,0.0,589.12,589.12,Cash On Delivery,Returning,5.0,5.0
105788,2024-04-11,Dubai,Groceries,17.52,1,15.0,17.52,14.89,Card,Returning,3.0,4.2
119597,2024-11-13,Abu Dhabi,Fashion,463.37,1,0.0,463.37,463.37,Card,New,3.0,5.0
134185,2025-06-13,Dubai,Fashion,467.07,1,0.0,467.07,443.72,Card,Returning,2.0,4.7
121036,2024-11-27,Dubai,Electronics,3060.96,1,50.0,3060.96,1530.48,Card,New,2.0,4.2
143154,2025-10-17,Sharjah,Home & Kitchen,663.09,1,10.0,663.09,596.78,Card,Returning,2.0,3.3
106486,2024-04-18,Sharjah,Fashion,416.62,1,10.0,416.62,374.96,Card,New,2.0,3.8
145973,2025-11-22,Dubai,Groceries,253.03,1,10.0,253.03,227.73,Card,Returning,2.0,5.0
111497,2024-12-07,Dubai,Fashion,307.32,1,5.0,307.32,291.95,Card,Returning,3.0,4.2
113390,2024-11-08,Dubai,Mobile Accessories,232.78,1,15.0,232.78,197.86,Card,Returning,4.0,5.0
119967,2024-11-19,Ajman,Beauty & Personal Care,112.26,1,0.0,112.26,112.26,Wallet,Returning,2.0,4.6
108101,2024-05-15,Dubai,Beauty & Personal Care,85.01,1,0.0,85.01,85.01,Card,Returning,2.0,4.2
145939,2025-11-22,Ajman,Home & Kitchen,496.05,1,50.0,496.05,248.02,Card,Returning,2.0,4.4
101412,2024-01-25,Dubai,Mobile Accessories,194.57,1,5.0,194.57,184.84,Card,Returning,1.0,5.0
111613,2024-07-13,Sharjah,Electronics,2208.7,1,0.0,2208.7,2208.7,Cash On Delivery,Returning,2.0,4.6
148476,2025-12-18,Ajman,Fashion,514.81,1,10.0,514.81,463.33,Card,New,3.0,4.2
127710,2025-09-03,Abu Dhabi,Fashion,306.69,1,10.0,306.69,276.02,Cash On Delivery,New,1.0,3.7
126921,2025-02-23,Sharjah,Beauty & Personal Care,329.9,1,10.0,329.9,296.91,Card,Returning,3.0,5.0
117225,2024-06-10,Dubai,Beauty & Personal Care,174.73,3,0.0,524.19,524.19,Cash On Delivery,New,1.0,4.5
142136,2025-10-03,Dubai,Beauty & Personal Care,333.75,1,5.0,333.75,317.06,Card,Returning,1.0,4.2
140776,2025-09-13,Dubai,Mobile Accessories,58.73,2,0.0,117.46,117.46,Card,New,3.0,4.5
131147,2025-04-28,Dubai,Fashion,313.66,2,10.0,627.32,564.59,Cash On Delivery,New,4.0,4.1
123201,2024-12-27,Dubai,Groceries,187.49,1,5.0,187.49,178.12,Card,Returning,3.0,3.6
113658,2024-08-15,Ajman,Mobile Accessories,136.82,2,10.0,273.64,246.28,Card,New,4.0,3.6
104373,2024-03-16,Dubai,Beauty & Personal Care,337.1,1,0.0,337.1,337.1,Card,New,3.0,4.5
135005,2025-06-25,Sharjah,Mobile Accessories,214.5,1,30.0,214.5,150.15,Cash On Delivery,New,3.0,4.7
138409,2025-08-15,Dubai,Electronics,2715.76,2,0.0,5431.52,5431.52,Cash On Delivery,Returning,4.0,4.0
127651,2025-08-03,Sharjah,Fashion,245.45,1,20.0,245.45,196.36,Cash On Delivery,Returning,3.0,3.9
120950,2024-11-27,Dubai,Mobile Accessories,89.46,1,20.0,89.46,71.57,Card,Returning,2.0,4.6
103178,2024-02-24,Dubai,Fashion,554.18,1,0.0,554.18,554.18,Card,Returning,1.0,4.2
139774,2025-08-31,Sharjah,Electronics,2888.0,1,10.0,2888.0,2599.2,Card,New,1.0,3.7
132324,2025-05-16,Dubai,Mobile Accessories,232.88,1,15.0,232.88,197.95,Wallet,Returning,2.0,4.4
102529,2024-02-12,Abu Dhabi,Groceries,154.33,1,10.0,154.33,138.9,Card,New,2.0,3.3
141597,2025-09-25,Abu Dhabi,Fashion,116.55,2,5.0,233.1,221.44,Cash On Delivery,New,6.0,3.3
139269,2025-08-25,Ajman,Electronics,556.02,1,0.0,556.02,556.02,Card,Returning,2.0,4.3
137127,2025-07-27,Dubai,Mobile Accessories,173.15,1,15.0,173.15,147.18,Card,Returning,1.0,4.1
111790,2024-07-16,Ras Al Khaimah,Fashion,579.45,2,5.0,1158.9,1100.96,Card,New,1.0,3.8
104935,2024-03-28,Ras Al Khaimah,Beauty & Personal Care,178.95,1,20.0,178.95,143.16,Card,New,2.0,5.0
111492,2024-12-07,Dubai,Fashion,278.0,1,10.0,278.0,250.2,Wallet,Returning,4.0,3.2
136992,2025-07-25,Abu Dhabi,Electronics,3040.31,1,5.0,3040.31,2888.29,Cash On Delivery,Returning,3.0,4.0
147104,2025-11-29,Sharjah,Electronics,1367.2,2,0.0,2734.4,2734.4,Cash On Delivery,New,3.0,3.6
121762,2024-12-04,Dubai,Beauty & Personal Care,37.56,1,5.0,37.56,35.68,Wallet,Returning,2.0,4.7
113956,2024-08-19,Ajman,Groceries,295.25,3,30.0,885.75,620.02,Card,Returning,2.0,4.5
128481,2025-03-24,Abu Dhabi,Electronics,3373.13,1,15.0,3373.13,2867.16,Card,New,3.0,4.9
135285,2025-06-30,Sharjah,Beauty & Personal Care,175.16,1,10.0,175.16,157.64,Card,New,4.0,4.6
139808,2025-08-31,Abu Dhabi,Home & Kitchen,444.5,1,5.0,444.5,422.28,Card,New,1.0,4.3
124097,2025-09-01,Dubai,Fashion,145.85,1,10.0,145.85,131.26,Card,Returning,5.0,4.4
102149,2024-02-07,Ajman,Mobile Accessories,97.31,1,5.0,97.31,92.44,Card,Returning,3.0,5.0
142351,2025-05-10,Dubai,Home & Kitchen,538.58,1,0.0,538.58,538.58,Cash On Delivery,New,1.0,3.7
146597,2025-11-26,Ajman,Home & Kitchen,58.37,1,30.0,58.37,40.86,Card,Returning,1.0,5.0
113203,2024-08-08,Abu Dhabi,Fashion,302.13,1,20.0,302.13,241.7,Cash On Delivery,Returning,4.0,5.0
135913,2025-09-07,Abu Dhabi,Fashion,339.1,1,5.0,339.1,322.14,Card,Returning,3.0,4.3
127948,2025-03-14,Sharjah,Mobile Accessories,239.06,1,10.0,239.06,215.15,Cash On Delivery,New,2.0,2.3
129039,2025-03-31,Ajman,Beauty & Personal Care,198.83,1,0.0,198.83,198.83,Card,Returning,2.0,3.4
133374,2025-06-01,Dubai,Groceries,58.37,3,0.0,175.11,175.11,Wallet,Returning,1.0,3.8
134378,2025-06-16,Dubai,Beauty & Personal Care,297.93,2,15.0,595.86,506.48,Card,New,1.0,3.3
100347,2024-07-01,Abu Dhabi,Beauty & Personal Care,326.13,1,0.0,326.13,326.13,Cash On Delivery,Returning,2.0,3.9
144181,2025-10-31,Abu Dhabi,Groceries,71.31,1,10.0,71.31,64.18,Card,New,1.0,3.8
143805,2025-10-26,Dubai,Electronics,2724.08,1,20.0,2724.08,2179.26,Card,Returning,5.0,4.2
113225,2024-09-08,Sharjah,Groceries,239.66,1,15.0,239.66,203.71,Card,New,4.0,4.5
111949,2024-07-19,Sharjah,Electronics,566.6,1,0.0,566.6,566.6,Cash On Delivery,Returning,3.0,5.0
133037,2025-05-27,Sharjah,Beauty & Personal Care,64.49,1,15.0,64.49,54.82,Cash On Delivery,Returning,1.0,4.5
128853,2025-03-30,Sharjah,Groceries,288.06,1,15.0,288.06,244.85,Card,Returning,4.0,4.3
121505,2024-01-12,Sharjah,Home & Kitchen,342.9,1,5.0,342.9,325.75,Card,Returning,1.0,3.2
112401,2024-07-26,Dubai,Groceries,62.49,1,15.0,62.49,53.12,Cash On Delivery,New,3.0,4.2
136365,2025-07-16,Dubai,Home & Kitchen,548.08,1,5.0,548.08,520.68,Wallet,New,5.0,4.2
101420,2024-01-25,Sharjah,Electronics,2415.29,1,15.0,2415.29,2053.0,Card,Returning,3.0,5.0
128067,2025-03-17,Sharjah,Groceries,59.49,2,5.0,118.98,113.03,Card,Returning,3.0,3.5
131901,2025-05-10,Dubai,Fashion,476.07,1,0.0,476.07,452.27,Card,Returning,2.0,4.3
111262,2024-07-07,Abu Dhabi,Fashion,174.01,1,5.0,174.01,165.31,Cash On Delivery,Returning,3.0,3.7
136853,2025-07-23,Sharjah,Fashion,592.2,1,0.0,592.2,592.2,Cash On Delivery,Returning,2.0,3.5
100404,2024-01-08,Dubai,Fashion,141.8,1,15.0,141.8,120.53,Card,New,3.0,4.9
148691,2025-12-20,Sharjah,Fashion,384.57,2,0.0,769.14,769.14,Card,Returning,5.0,1.9
136701,2025-07-21,Dubai,Groceries,168.03,1,10.0,168.03,151.23,Card,New,4.0,4.4
104593,2024-03-21,Ras Al Khaimah,Groceries,72.51,1,10.0,72.51,65.26,Cash On Delivery,Returning,2.0,3.7
114221,2024-08-22,Dubai,Fashion,268.74,1,20.0,268.74,214.99,Card,Returning,5.0,4.2
123880,2025-01-06,Dubai,Electronics,2711.01,1,20.0,2711.01,2168.81,Card,Returning,5.0,4.2
106372,2024-04-16,Abu Dhabi,Home & Kitchen,263.78,1,5.0,263.78,250.59,Wallet,Returning,1.0,4.2
126161,2025-02-11,Sharjah,Beauty & Personal Care,318.48,1,10.0,318.48,286.63,Cash On Delivery,Returning,3.0,3.7
115260,2024-04-09,Dubai,Home & Kitchen,207.67,2,0.0,415.34,415.34,Card,Returning,3.0,3.9
131488,2025-05-04,Dubai,Groceries,125.52,3,0.0,376.56,376.56,Card,New,2.0,2.7
110793,2024-06-29,Sharjah,Groceries,134.01,1,0.0,134.01,134.01,Cash On Delivery,New,5.0,4.6
110753,2024-06-28,Abu Dhabi,Home & Kitchen,841.26,1,0.0,841.26,841.26,Cash On Delivery,Returning,3.0,3.2
114483,2024-08-25,Dubai,Mobile Accessories,204.36,2,15.0,408.72,347.41,Card,Returning,2.0,3.8
144865,2025-09-11,Abu Dhabi,Fashion,242.99,1,10.0,242.99,218.69,Card,Returning,3.0,4.2
136668,2025-07-20,Sharjah,Electronics,2497.77,1,5.0,2497.77,2372.88,Cash On Delivery,New,2.0,5.0
110914,2024-07-01,Abu Dhabi,Electronics,448.65,1,15.0,448.65,381.35,Cash On Delivery,Returning,3.0,3.8
140486,2025-09-09,Abu Dhabi,Home & Kitchen,399.65,1,10.0,399.65,359.68,Card,Returning,4.0,5.0
141539,2025-09-24,Dubai,Home & Kitchen,342.3,1,0.0,342.3,342.3,Wallet,Returning,3.0,4.1
122678,2024-12-18,Ras Al Khaimah,Home & Kitchen,859.95,1,20.0,859.95,687.96,Card,New,1.0,4.7
100058,2024-02-01,Dubai,Beauty & Personal Care,104.86,1,0.0,104.86,104.86,Cash On Delivery,Returning,4.0,4.1
146820,2025-11-27,Dubai,Mobile Accessories,170.42,1,30.0,170.42,119.29,Card,Returning,2.0,4.6
147591,2025-05-12,Ajman,Fashion,535.83,1,0.0,535.83,535.83,Card,Returning,2.0,4.3
117602,2024-10-12,Dubai,Fashion,439.44,1,10.0,439.44,395.5,Card,Returning,2.0,4.2
104678,2024-03-22,Ras Al Khaimah,Groceries,28.73,2,5.0,57.46,54.59,Card,New,1.0,5.0
107693,2024-05-09,Dubai,Fashion,227.91,1,0.0,227.91,227.91,Cash On Delivery,New,2.0,5.0
113947,2024-08-19,Abu Dhabi,Beauty & Personal Care,42.2,1,5.0,42.2,40.09,Card,Returning,4.0,4.6
149271,2025-12-29,Dubai,Fashion,390.83,1,0.0,390.83,390.83,Cash On Delivery,Returning,1.0,4.7
139696,2025-08-30,Ajman,Beauty & Personal Care,35.26,1,5.0,35.26,33.5,Card,Returning,1.0,3.1
140438,2025-08-09,Sharjah,Groceries,16.0,1,10.0,16.0,14.4,Card,Returning,1.0,3.6
128007,2025-03-15,Dubai,Fashion,359.63,1,20.0,359.63,287.7,Cash On Delivery,Returning,1.0,4.2
136157,2025-12-07,Abu Dhabi,Home & Kitchen,290.45,1,15.0,290.45,246.88,Card,New,2.0,4.2
128386,2025-03-22,Dubai,Mobile Accessories,233.75,1,10.0,233.75,210.38,Wallet,Returning,4.0,5.0
113079,2024-08-06,Dubai,Groceries,241.81,1,0.0,241.81,241.81,Card,New,3.0,4.7
122414,2024-12-14,Sharjah,Groceries,158.7,1,15.0,158.7,134.89,Card,Returning,2.0,4.2
133371,2025-06-01,Abu Dhabi,Groceries,151.38,1,15.0,151.38,128.67,Wallet,Returning,1.0,4.6
126926,2025-02-23,Dubai,Mobile Accessories,139.72,1,0.0,139.72,139.72,Card,Returning,2.0,4.0
103843,2024-03-07,Dubai,Home & Kitchen,822.55,1,15.0,822.55,699.17,Card,Returning,2.0,4.1
114953,2024-08-31,Ras Al Khaimah,Fashion,87.86,1,0.0,87.86,87.86,Card,Returning,2.0,3.9
116295,2024-09-20,Ras Al Khaimah,Fashion,594.38,1,10.0,594.38,534.94,Card,Returning,3.0,3.5
113415,2024-12-08,Ras Al Khaimah,Groceries,115.81,1,0.0,115.81,115.81,Card,Returning,2.0,4.7
127607,2025-03-08,Dubai,Home & Kitchen,161.81,1,5.0,161.81,153.72,Card,New,4.0,4.7
144545,2025-11-05,Dubai,Electronics,1258.28,1,0.0,1258.28,1132.45,Wallet,New,4.0,4.9
117372,2024-10-08,Dubai,Home & Kitchen,862.49,1,10.0,862.49,776.24,Cash On Delivery,Returning,3.0,4.2
148869,2025-12-23,Ras Al Khaimah,Home & Kitchen,444.85,1,5.0,444.85,422.61,Cash On Delivery,Returning,2.0,4.2
113351,2024-08-11,Sharjah,Beauty & Personal Care,261.88,1,0.0,261.88,261.88,Cash On Delivery,New,2.0,3.7
104352,2024-03-16,Dubai,Mobile Accessories,212.32,1,5.0,212.32,201.7,Wallet,Returning,1.0,5.0
103976,2024-03-09,Dubai,Beauty & Personal Care,305.31,1,0.0,305.31,305.31,Card,New,4.0,4.6
143275,2025-10-19,Ajman,Fashion,169.71,1,0.0,169.71,169.71,Cash On Delivery,Returning,4.0,4.8
113985,2024-08-19,Sharjah,Beauty & Personal Care,190.69,1,10.0,190.69,171.62,Card,Returning,2.0,4.2
114466,2024-08-25,Dubai,Mobile Accessories,196.54,2,10.0,393.08,353.77,Cash On Delivery,Returning,1.0,4.6
103737,2024-05-03,Abu Dhabi,Groceries,149.29,1,0.0,149.29,149.29,Card,Returning,3.0,3.3
100165,2024-01-04,Dubai,Fashion,593.16,1,10.0,593.16,533.84,Card,Returning,3.0,5.0
115179,2024-03-09,Dubai,Fashion,234.19,1,0.0,234.19,234.19,Card,Returning,2.0,3.6
122720,2024-12-19,Dubai,Groceries,200.06,2,5.0,400.12,380.11,Wallet,New,3.0,3.9
117045,2024-03-10,Abu Dhabi,Groceries,274.76,1,5.0,274.76,261.02,Card,Returning,1.0,4.8
139054,2025-08-23,Abu Dhabi,Mobile Accessories,114.27,1,20.0,114.27,91.42,Wallet,Returning,3.0,4.4
139941,2025-01-09,Dubai,Electronics,335.79,1,15.0,335.79,285.42,Card,New,1.0,3.8
123315,2024-12-28,Sharjah,Mobile Accessories,54.07,1,5.0,54.07,51.37,Cash On Delivery,Returning,2.0,2.5
108250,2024-05-17,Abu Dhabi,Home & Kitchen,893.46,1,20.0,893.46,714.77,Card,Returning,3.0,3.8
113839,2024-08-17,Abu Dhabi,Electronics,2067.94,2,15.0,4135.88,3515.5,Cash On Delivery,Returning,4.0,4.3
116673,2024-09-27,Dubai,Electronics,3316.49,1,0.0,3316.49,3316.49,Cash On Delivery,Returning,2.0,3.9
119765,2024-11-15,Abu Dhabi,Groceries,18.53,1,10.0,18.53,16.68,Card,Returning,1.0,2.7
100611,2024-12-01,Abu Dhabi,Beauty & Personal Care,78.95,1,0.0,78.95,78.95,Card,Returning,2.0,4.1
103343,2024-02-26,Dubai,Electronics,481.42,1,15.0,481.42,409.21,Card,Returning,2.0,3.8
137185,2025-07-28,Dubai,Mobile Accessories,78.48,1,5.0,78.48,74.56,Card,Returning,2.0,3.5
148530,2025-12-19,Abu Dhabi,Home & Kitchen,520.2,1,15.0,520.2,442.17,Card,Returning,2.0,5.0
110048,2024-06-16,Abu Dhabi,Home & Kitchen,147.74,2,10.0,295.48,265.93,Card,Returning,3.0,3.8
142197,2025-03-10,Abu Dhabi,Electronics,852.1,1,0.0,852.1,852.1,Card,Returning,3.0,4.7
121976,2024-07-12,Dubai,Electronics,1399.06,1,0.0,1399.06,1399.06,Cash On Delivery,Returning,1.0,3.9
111625,2024-07-13,Abu Dhabi,Beauty & Personal Care,250.8,1,10.0,250.8,225.72,Card,Returning,3.0,4.6
114324,2024-08-23,Dubai,Beauty & Personal Care,277.18,1,5.0,277.18,263.32,Card,New,3.0,4.0
135897,2025-09-07,Dubai,Groceries,140.3,1,0.0,140.3,140.3,Cash On Delivery,Returning,2.0,2.5
107079,2024-04-28,Ajman,Electronics,2199.39,1,5.0,2199.39,2089.42,Card,Returning,3.0,4.2
128957,2025-03-30,Sharjah,Fashion,357.88,1,10.0,357.88,322.09,Wallet,New,1.0,3.5
109609,2024-09-06,Abu Dhabi,Fashion,419.25,2,5.0,838.5,796.58,Cash On Delivery,Returning,2.0,3.6
135114,2025-06-27,Sharjah,Electronics,1095.78,1,0.0,1095.78,1095.78,Card,New,4.0,4.5
107997,2024-05-14,Sharjah,Beauty & Personal Care,214.34,1,15.0,214.34,182.19,Card,Returning,3.0,2.8
123743,2025-01-04,Dubai,Home & Kitchen,461.38,2,10.0,922.76,830.48,Card,Returning,3.0,3.2
122698,2024-12-19,Dubai,Mobile Accessories,105.31,2,5.0,210.62,200.09,Cash On Delivery,New,4.0,5.0
116459,2024-09-23,Dubai,Home & Kitchen,525.17,1,15.0,525.17,446.39,Card,Returning,4.0,4.2
140560,2025-09-10,Sharjah,Beauty & Personal Care,244.2,1,0.0,244.2,244.2,Card,Returning,1.0,5.0
140554,2025-09-10,Sharjah,Home & Kitchen,314.27,1,0.0,314.27,314.27,Cash On Delivery,Returning,2.0,4.5
123604,2025-01-02,Ras Al Khaimah,Beauty & Personal Care,151.56,1,15.0,151.56,128.83,Card,New,1.0,4.2
127506,2025-03-06,Abu Dhabi,Mobile Accessories,162.22,1,0.0,162.22,162.22,Cash On Delivery,Returning,4.0,4.0
101730,2024-01-31,Abu Dhabi,Home & Kitchen,868.88,1,10.0,868.88,781.99,Wallet,New,1.0,4.4
116626,2024-09-26,Sharjah,Fashion,594.68,1,0.0,594.68,594.68,Card,Returning,4.0,4.5
110114,2024-06-18,Sharjah,Home & Kitchen,452.09,2,0.0,904.18,904.18,Cash On Delivery,New,3.0,4.2
119369,2024-09-11,Dubai,Mobile Accessories,207.87,3,0.0,623.61,623.61,Cash On Delivery,New,1.0,4.8
125553,2025-02-01,Abu Dhabi,Electronics,2042.21,1,5.0,2042.21,1940.1,Cash On Delivery,Returning,3.0,3.9
126265,2025-02-13,Abu Dhabi,Fashion,273.07,3,15.0,819.21,696.33,Card,Returning,2.0,3.5
145441,2025-11-18,Dubai,Fashion,84.48,1,10.0,84.48,76.03,Cash On Delivery,Returning,3.0,3.8
100937,2024-01-17,Abu Dhabi,Groceries,45.76,2,20.0,91.52,73.22,Cash On Delivery,Returning,3.0,5.0
116257,2024-09-20,Abu Dhabi,Home & Kitchen,894.22,1,15.0,894.22,760.09,Cash On Delivery,Returning,2.0,3.6
107269,2024-05-01,Dubai,Home & Kitchen,337.79,1,30.0,337.79,236.45,Cash On Delivery,Returning,2.0,4.7
133072,2025-05-27,Abu Dhabi,Fashion,469.77,2,20.0,939.54,751.63,Wallet,Returning,4.0,3.6
127921,2025-03-14,Ajman,Home & Kitchen,99.78,1,0.0,99.78,99.78,Card,Returning,3.0,4.1
133802,2025-07-06,Dubai,Groceries,185.2,2,0.0,370.4,370.4,Cash On Delivery,New,3.0,3.1
119853,2024-11-17,Abu Dhabi,Fashion,542.63,1,5.0,542.63,515.5,Cash On Delivery,Returning,2.0,3.7
106228,2024-04-14,Dubai,Mobile Accessories,55.55,1,5.0,55.55,52.77,Cash On Delivery,New,1.0,4.2
112145,2024-07-21,Dubai,Electronics,1121.09,1,0.0,1121.09,1121.09,Card,Returning,1.0,4.0
130296,2025-04-16,Abu Dhabi,Fashion,458.85,1,5.0,458.85,435.91,Wallet,Returning,2.0,4.4
143201,2025-10-18,Dubai,Groceries,73.07,1,10.0,73.07,65.76,Card,New,1.0,3.3
143021,2025-10-16,Ajman,Mobile Accessories,143.43,1,30.0,143.43,100.4,Card,Returning,4.0,4.8
134765,2025-06-22,Dubai,Beauty & Personal Care,68.12,1,0.0,68.12,68.12,Wallet,Returning,4.0,4.8
115565,2024-08-09,Dubai,Home & Kitchen,669.21,2,5.0,1338.42,1271.5,Card,Returning,3.0,4.4
133496,2025-06-03,Dubai,Electronics,2399.35,1,15.0,2399.35,2039.45,Card,Returning,3.0,4.0
135372,2025-01-07,Dubai,Electronics,544.67,1,0.0,544.67,544.67,Wallet,Returning,3.0,4.7
148343,2025-12-16,Sharjah,Electronics,2451.87,2,0.0,4903.74,4903.74,Card,New,1.0,3.9
137209,2025-07-28,Sharjah,Fashion,475.7,3,0.0,1427.1,1427.1,Card,Returning,2.0,3.2
130147,2025-04-14,Sharjah,Home & Kitchen,200.36,1,0.0,200.36,200.36,Card,Returning,2.0,3.9
108442,2024-05-21,Dubai,Beauty & Personal Care,343.3,1,0.0,343.3,343.3,Cash On Delivery,New,2.0,4.6
142586,2025-09-10,Dubai,Mobile Accessories,123.3,1,0.0,123.3,123.3,Cash On Delivery,Returning,3.0,3.9
121873,2024-12-06,Abu Dhabi,Beauty & Personal Care,390.8,1,10.0,390.8,351.72,Card,Returning,2.0,3.3
112351,2024-07-25,Dubai,Mobile Accessories,72.73,1,10.0,72.73,65.46,Card,Returning,2.0,4.3
132278,2025-05-16,Ajman,Groceries,28.81,1,0.0,28.81,28.81,Cash On Delivery,New,3.0,3.6
125190,2025-01-26,Abu Dhabi,Home & Kitchen,744.88,1,0.0,744.88,744.88,Wallet,Returning,2.0,4.2
100518,2024-10-01,Abu Dhabi,Groceries,218.81,2,5.0,437.62,415.74,Wallet,Returning,1.0,4.8
109278,2024-06-04,Dubai,Electronics,3257.75,1,10.0,3257.75,2931.98,Card,Returning,3.0,4.5
104461,2024-03-18,Abu Dhabi,Home & Kitchen,211.43,3,20.0,634.29,507.43,Card,New,4.0,5.0
144208,2025-01-11,Dubai,Electronics,479.87,1,0.0,479.87,479.87,Card,New,4.0,5.0
110807,2024-06-29,Abu Dhabi,Groceries,210.18,2,30.0,420.36,294.25,Cash On Delivery,New,1.0,3.6
102278,2024-02-09,Dubai,Groceries,284.17,1,15.0,284.17,241.54,Card,New,3.0,2.8
137930,2025-08-08,Ajman,Fashion,212.07,1,10.0,212.07,190.86,Card,Returning,4.0,4.2
117574,2024-10-11,Abu Dhabi,Mobile Accessories,128.37,1,10.0,128.37,115.53,Cash On Delivery,Returning,2.0,4.7
134272,2025-06-15,Abu Dhabi,Electronics,415.04,1,20.0,415.04,332.03,Card,New,2.0,4.5
104907,2024-03-27,Abu Dhabi,Home & Kitchen,722.04,1,10.0,722.04,649.84,Card,Returning,1.0,4.2
118758,2024-10-30,Dubai,Mobile Accessories,199.8,1,5.0,199.8,189.81,Card,Returning,2.0,5.0
123326,2024-12-28,Dubai,Fashion,158.75,1,20.0,158.75,127.0,Card,New,3.0,4.0
100423,2024-08-01,Dubai,Home & Kitchen,712.59,1,15.0,712.59,605.7,Wallet,Returning,1.0,4.2
118061,2024-10-19,Dubai,Electronics,415.54,1,10.0,415.54,373.99,Card,Returning,3.0,3.8
124121,2025-01-09,Dubai,Groceries,114.37,1,10.0,114.37,102.93,Card,Returning,3.0,3.9
141608,2025-09-26,Dubai,Electronics,3243.18,1,0.0,3243.18,3243.18,Cash On Delivery,Returning,4.0,4.0
124969,2025-01-23,Sharjah,Home & Kitchen,53.7,1,0.0,53.7,53.7,Cash On Delivery,New,3.0,3.7
101937,2024-02-03,Dubai,Beauty & Personal Care,269.6,1,0.0,269.6,269.6,Card,Returning,3.0,3.6
144397,2025-03-11,Ras Al Khaimah,Fashion,236.63,1,30.0,236.63,165.64,Card,Returning,2.0,3.8
148750,2025-12-22,Ajman,Electronics,2351.3,1,20.0,2351.3,1881.04,Wallet,Returning,3.0,4.7
106932,2024-04-26,Dubai,Electronics,2203.3,1,15.0,2203.3,1872.8,Card,Returning,2.0,4.7
129222,2025-04-02,Ras Al Khaimah,Electronics,632.59,2,5.0,1265.18,1201.92,Wallet,Returning,3.0,3.4
135273,2025-06-30,Dubai,Fashion,538.76,1,20.0,538.76,431.01,Card,Returning,3.0,5.0
135824,2025-07-08,Dubai,Fashion,525.07,1,0.0,525.07,525.07,Cash On Delivery,Returning,3.0,4.9
107993,2024-05-14,Abu Dhabi,Beauty & Personal Care,218.45,1,0.0,218.45,218.45,Card,New,4.0,3.9
119784,2024-11-16,Dubai,Groceries,250.68,1,10.0,250.68,225.61,Card,Returning,3.0,4.1
124068,2025-09-01,Abu Dhabi,Fashion,69.02,1,0.0,69.02,69.02,Cash On Delivery,Returning,4.0,4.2
131241,2025-04-30,Dubai,Groceries,140.34,2,10.0,280.68,252.61,Cash On Delivery,New,3.0,4.2
133528,2025-06-03,Dubai,Mobile Accessories,156.72,1,0.0,156.72,156.72,Card,Returning,3.0,4.4
122158,2024-12-10,Dubai,Electronics,2821.96,1,0.0,2821.96,2821.96,Wallet,New,3.0,5.0
111252,2024-07-07,Dubai,Fashion,58.98,1,5.0,58.98,56.03,Card,New,2.0,2.6
119942,2024-11-18,Abu Dhabi,Mobile Accessories,192.82,2,10.0,385.64,347.08,Cash On Delivery,Returning,2.0,3.4
103386,2024-02-27,Sharjah,Mobile Accessories,85.71,1,0.0,85.71,85.71,Card,Returning,1.0,4.0
113404,2024-11-08,Dubai,Electronics,3418.96,1,10.0,3418.96,3077.06,Wallet,Returning,2.0,4.5
129016,2025-03-31,Abu Dhabi,Beauty & Personal Care,332.09,1,0.0,332.09,332.09,Card,Returning,2.0,5.0
120545,2024-11-24,Sharjah,Electronics,746.17,2,40.0,1492.34,895.4,Cash On Delivery,Returning,3.0,4.2
116849,2024-09-29,Ajman,Groceries,92.17,1,5.0,92.17,87.56,Card,Returning,3.0,5.0
107855,2024-05-11,Abu Dhabi,Home & Kitchen,396.49,1,10.0,396.49,356.84,Card,New,3.0,3.7
119333,2024-11-09,Abu Dhabi,Mobile Accessories,185.68,1,5.0,185.68,176.4,Card,Returning,4.0,4.8
142298,2025-05-10,Abu Dhabi,Home & Kitchen,384.87,2,0.0,769.74,769.74,Card,New,4.0,4.7
120266,2024-11-22,Abu Dhabi,Beauty & Personal Care,199.46,2,30.0,398.92,279.24,Card,New,2.0,4.2
135526,2025-04-07,Abu Dhabi,Electronics,2138.39,1,5.0,2138.39,2031.47,Wallet,Returning,2.0,4.2
113592,2024-08-14,Dubai,Electronics,2456.71,1,0.0,2456.71,2456.71,Card,New,3.0,2.6
120642,2024-11-24,Dubai,Electronics,1409.68,1,40.0,1409.68,845.81,Cash On Delivery,New,3.0,4.0
104420,2024-03-17,Dubai,Home & Kitchen,387.03,2,20.0,774.06,619.25,Card,Returning,3.0,4.1
132396,2025-05-17,Ajman,Electronics,314.84,1,0.0,314.84,314.84,Cash On Delivery,New,1.0,4.4
110304,2024-06-21,Dubai,Groceries,244.27,1,30.0,244.27,170.99,Cash On Delivery,New,5.0,4.4
125424,2025-01-30,Sharjah,Electronics,2285.93,1,5.0,2285.93,2171.63,Cash On Delivery,Returning,4.0,4.5
128368,2025-03-22,Dubai,Home & Kitchen,347.6,1,15.0,347.6,295.46,Card,Returning,3.0,4.0
137065,2025-07-26,Sharjah,Fashion,219.56,2,10.0,439.12,395.21,Card,New,4.0,4.4
131887,2025-05-10,Dubai,Mobile Accessories,56.71,2,0.0,113.42,113.42,Cash On Delivery,Returning,3.0,4.8
104405,2024-03-17,Abu Dhabi,Beauty & Personal Care,221.42,1,0.0,221.42,221.42,Wallet,Returning,2.0,3.3
104802,2024-03-25,Dubai,Home & Kitchen,560.71,1,10.0,560.71,504.64,Card,New,4.0,3.1
120439,2024-11-23,Ras Al Khaimah,Groceries,231.48,1,20.0,231.48,185.18,Card,Returning,1.0,3.7
124800,2025-01-20,Abu Dhabi,Home & Kitchen,201.22,3,15.0,603.66,513.11,Cash On Delivery,New,4.0,5.0
121254,2024-11-29,Dubai,Electronics,434.15,1,20.0,434.15,347.32,Cash On Delivery,New,3.0,3.3
103411,2024-02-28,Dubai,Fashion,559.56,1,0.0,559.56,559.56,Cash On Delivery,Returning,3.0,4.2
139757,2025-08-30,Dubai,Mobile Accessories,192.05,2,0.0,384.1,384.1,Card,New,2.0,4.9
103899,2024-03-08,Dubai,Groceries,83.6,2,0.0,167.2,167.2,Card,Returning,5.0,3.6
115200,2024-09-03,Dubai,Groceries,234.59,1,10.0,234.59,211.13,Card,New,1.0,4.3
118982,2024-11-03,Sharjah,Electronics,2955.78,2,5.0,5911.56,5615.98,Cash On Delivery,New,1.0,4.7
144527,2025-05-11,Dubai,Home & Kitchen,468.87,1,10.0,468.87,421.98,Card,New,5.0,3.9
101083,2024-01-19,Dubai,Mobile Accessories,235.74,2,10.0,471.48,424.33,Card,Returning,2.0,3.3
140280,2025-09-05,Abu Dhabi,Home & Kitchen,755.79,1,5.0,755.79,718.0,Card,New,4.0,5.0
139409,2025-08-27,Sharjah,Electronics,2437.57,1,0.0,2437.57,2437.57,Card,New,5.0,3.2
101870,2024-02-02,Abu Dhabi,Home & Kitchen,160.41,2,15.0,320.82,272.7,Card,Returning,3.0,4.8
105166,2024-04-01,Dubai,Mobile Accessories,148.17,1,0.0,148.17,148.17,Card,New,3.0,3.1
142191,2025-03-10,Ajman,Beauty & Personal Care,201.54,1,10.0,201.54,181.39,Card,Returning,1.0,4.3
101725,2024-01-31,Abu Dhabi,Groceries,284.84,1,0.0,284.84,256.36,Cash On Delivery,Returning,3.0,4.2
121788,2024-12-04,Abu Dhabi,Fashion,396.7,1,10.0,396.7,357.03,Cash On Delivery,Returning,2.0,4.1
114485,2024-08-25,Dubai,Electronics,2217.36,1,5.0,2217.36,2106.49,Cash On Delivery,Returning,2.0,3.5
106208,2024-04-14,Dubai,Home & Kitchen,115.38,1,15.0,115.38,98.07,Card,Returning,2.0,3.9
117991,2024-10-18,Abu Dhabi,Home & Kitchen,663.99,1,10.0,663.99,597.59,Card,Returning,2.0,3.4
113932,2024-08-18,Dubai,Beauty & Personal Care,290.48,1,0.0,290.48,290.48,Wallet,Returning,2.0,4.1
122928,2024-12-22,Dubai,Home & Kitchen,360.57,3,10.0,1081.71,973.54,Card,Returning,3.0,4.9
121680,2024-12-03,Sharjah,Electronics,401.91,2,30.0,803.82,562.67,Card,Returning,2.0,4.2
109174,2024-02-06,Sharjah,Beauty & Personal Care,109.29,1,0.0,109.29,109.29,Cash On Delivery,Returning,3.0,3.8
138177,2025-08-12,Dubai,Home & Kitchen,329.84,2,15.0,659.68,560.73,Card,Returning,3.0,3.2
127134,2025-02-27,Abu Dhabi,Mobile Accessories,140.35,1,0.0,140.35,140.35,Cash On Delivery,Returning,4.0,4.6
102520,2024-02-12,Dubai,Fashion,580.71,1,10.0,580.71,522.64,Card,Returning,4.0,4.5
130970,2025-04-26,Dubai,Fashion,377.8,1,15.0,377.8,321.13,Cash On Delivery,Returning,4.0,4.4
113021,2024-08-05,Sharjah,Beauty & Personal Care,255.33,1,0.0,255.33,255.33,Card,New,1.0,4.7
112008,2024-07-19,Abu Dhabi,Mobile Accessories,82.98,2,0.0,165.96,165.96,Card,Returning,1.0,4.6
120095,2024-11-21,Abu Dhabi,Electronics,2465.28,1,0.0,2465.28,2465.28,Card,Returning,4.0,5.0
126914,2025-02-23,Ajman,Fashion,342.7,1,0.0,342.7,342.7,Cash On Delivery,New,1.0,4.2
139448,2025-08-27,Abu Dhabi,Fashion,47.86,1,0.0,47.86,47.86,Cash On Delivery,Returning,5.0,4.9
146756,2025-11-27,Sharjah,Beauty & Personal Care,280.5,1,50.0,280.5,140.25,Card,Returning,4.0,5.0
147364,2025-12-02,Dubai,Fashion,312.89,1,0.0,312.89,312.89,Card,Returning,2.0,4.6
132639,2025-05-21,Abu Dhabi,Fashion,468.73,1,30.0,468.73,328.11,Card,Returning,3.0,4.4
119980,2024-11-19,Abu Dhabi,Mobile Accessories,87.18,2,0.0,174.36,174.36,Card,Returning,4.0,4.4
144054,2025-10-30,Dubai,Mobile Accessories,39.03,1,0.0,39.03,39.03,Cash On Delivery,Returning,2.0,3.2
122941,2024-12-22,Dubai,Beauty & Personal Care,295.79,1,10.0,295.79,266.21,Card,New,1.0,4.5
123049,2024-12-24,Sharjah,Electronics,492.56,2,0.0,985.12,985.12,Card,Returning,2.0,4.3
130189,2025-04-14,Ras Al Khaimah,Mobile Accessories,248.67,1,10.0,248.67,223.8,Card,Returning,2.0,4.9
125252,2025-01-27,Abu Dhabi,Mobile Accessories,22.93,1,10.0,22.93,20.64,Cash On Delivery,Returning,3.0,5.0
117595,2024-10-12,Sharjah,Fashion,342.52,1,10.0,342.52,308.27,Cash On Delivery,New,2.0,4.3
132951,2025-05-25,Dubai,Electronics,2979.44,1,10.0,2979.44,2681.5,Card,Returning,3.0,4.2
130342,2025-04-17,Sharjah,Fashion,531.78,1,5.0,531.78,505.19,Card,Returning,1.0,5.0
112987,2024-04-08,Sharjah,Electronics,2442.26,1,5.0,2442.26,2320.15,Cash On Delivery,Returning,2.0,3.9
128359,2025-03-22,Abu Dhabi,Fashion,399.71,1,0.0,399.71,399.71,Card,Returning,4.0,5.0
112316,2024-07-24,Ajman,Mobile Accessories,57.87,1,0.0,57.87,57.87,Card,New,2.0,4.6
148796,2025-12-22,Ras Al Khaimah,Mobile Accessories,118.67,1,10.0,118.67,106.8,Wallet,Returning,2.0,4.2
148259,2025-12-15,Abu Dhabi,Mobile Accessories,221.0,1,5.0,221.0,209.95,Card,Returning,1.0,4.8
140803,2025-09-13,Dubai,Fashion,459.1,1,10.0,459.1,413.19,Card,Returning,2.0,3.9
125643,2025-02-02,Sharjah,Home & Kitchen,159.86,1,0.0,159.86,159.86,Cash On Delivery,Returning,4.0,3.7
113094,2024-08-06,Dubai,Fashion,88.51,1,0.0,88.51,88.51,Card,Returning,3.0,4.4
106679,2024-04-22,Dubai,Mobile Accessories,143.95,1,0.0,143.95,143.95,Cash On Delivery,New,3.0,3.7
141914,2025-09-30,Dubai,Electronics,1424.88,1,0.0,1424.88,1424.88,Card,Returning,1.0,3.9
111832,2024-07-17,Dubai,Beauty & Personal Care,261.69,2,0.0,523.38,523.38,Cash On Delivery,New,4.0,4.7
142216,2025-10-03,Ajman,Mobile Accessories,206.04,1,0.0,206.04,206.04,Card,New,3.0,4.3
128895,2025-03-30,Dubai,Electronics,3480.74,2,15.0,6961.48,5917.26,Cash On Delivery,Returning,2.0,5.0
135022,2025-06-26,Abu Dhabi,Beauty & Personal Care,163.98,1,20.0,163.98,131.18,Card,New,1.0,4.4
118392,2024-10-24,Ajman,Electronics,2593.69,1,10.0,2593.69,2334.32,Card,New,1.0,4.0
144685,2025-07-11,Dubai,Home & Kitchen,596.45,1,0.0,596.45,596.45,Card,Returning,1.0,4.1
138775,2025-08-19,Dubai,Fashion,511.35,1,10.0,511.35,460.22,Cash On Delivery,Returning,1.0,4.9
102034,2024-05-02,Dubai,Fashion,175.69,2,20.0,351.38,281.1,Cash On Delivery,New,5.0,3.5
120842,2024-11-26,Dubai,Fashion,44.7,2,50.0,89.4,44.7,Card,Returning,2.0,4.2
107495,2024-05-04,Ras Al Khaimah,Beauty & Personal Care,285.1,1,10.0,285.1,256.59,Card,New,1.0,4.6
130887,2025-04-25,Dubai,Fashion,332.26,1,0.0,332.26,332.26,Cash On Delivery,Returning,1.0,4.8
139426,2025-08-27,Dubai,Electronics,2528.61,2,5.0,5057.22,4804.36,Wallet,Returning,4.0,3.5
113554,2024-08-14,Dubai,Beauty & Personal Care,228.08,1,5.0,228.08,216.68,Card,New,1.0,5.0
129673,2025-06-04,Dubai,Fashion,572.17,1,5.0,572.17,543.56,Cash On Delivery,Returning,3.0,3.6
108827,2024-05-27,Abu Dhabi,Beauty & Personal Care,179.23,1,5.0,179.23,170.27,Wallet,New,3.0,4.1
122372,2024-12-13,Dubai,Fashion,162.45,2,5.0,324.9,308.65,Card,Returning,4.0,3.3
126616,2025-02-19,Dubai,Fashion,351.73,1,15.0,351.73,298.97,Wallet,New,1.0,4.9
115500,2024-09-07,Abu Dhabi,Fashion,313.1,1,20.0,313.1,250.48,Wallet,Returning,1.0,4.2
122111,2024-09-12,Dubai,Home & Kitchen,676.25,1,20.0,676.25,541.0,Card,Returning,3.0,4.3
141436,2025-09-23,Dubai,Electronics,1788.38,1,10.0,1788.38,1609.54,Cash On Delivery,New,2.0,4.8
130022,2025-12-04,Ajman,Electronics,312.74,1,0.0,312.74,312.74,Wallet,Returning,3.0,4.0
111986,2024-07-19,Dubai,Electronics,3150.74,1,20.0,3150.74,2520.59,Card,Returning,3.0,5.0
148637,2025-12-20,Abu Dhabi,Electronics,1125.66,1,0.0,1125.66,787.96,Card,New,3.0,4.2
102417,2024-02-10,Dubai,Beauty & Personal Care,173.2,2,0.0,346.4,346.4,Card,Returning,3.0,4.9
106407,2024-04-17,Ras Al Khaimah,Fashion,279.08,1,5.0,279.08,265.13,Wallet,New,3.0,3.2
118995,2024-03-11,Dubai,Mobile Accessories,126.3,1,10.0,126.3,113.67,Wallet,Returning,5.0,4.6
140054,2025-09-03,Dubai,Mobile Accessories,53.21,1,20.0,53.21,42.57,Card,Returning,1.0,4.3
147745,2025-12-07,Abu Dhabi,Fashion,378.78,2,5.0,757.56,719.68,Card,New,3.0,4.2
128561,2025-03-25,Dubai,Home & Kitchen,602.42,1,15.0,602.42,512.06,Card,Returning,2.0,5.0
106640,2024-04-21,Dubai,Fashion,494.61,1,0.0,494.61,494.61,Card,New,1.0,3.6
103991,2024-03-09,Sharjah,Electronics,1047.96,1,10.0,1047.96,943.16,Cash On Delivery,Returning,2.0,4.9
100232,2024-01-05,Sharjah,Electronics,3380.99,1,0.0,3380.99,3380.99,Card,Returning,3.0,3.7
129698,2025-04-06,Ajman,Mobile Accessories,46.38,2,0.0,92.76,78.85,Card,Returning,2.0,4.1
108645,2024-05-24,Sharjah,Beauty & Personal Care,382.31,2,0.0,764.62,764.62,Card,New,5.0,4.1
129760,2025-07-04,Dubai,Beauty & Personal Care,181.71,1,0.0,181.71,181.71,Card,Returning,2.0,5.0
145111,2025-11-13,Ajman,Home & Kitchen,286.95,1,30.0,286.95,200.86,Card,Returning,1.0,5.0
149009,2025-12-25,Ras Al Khaimah,Electronics,2044.03,1,5.0,2044.03,1941.83,Cash On Delivery,Returning,3.0,4.4
141400,2025-09-23,Dubai,Home & Kitchen,546.88,1,10.0,546.88,492.19,Cash On Delivery,Returning,4.0,4.2
149131,2025-12-27,Abu Dhabi,Fashion,474.84,2,15.0,949.68,807.23,Card,New,3.0,4.5
135502,2025-03-07,Ras Al Khaimah,Beauty & Personal Care,274.35,1,10.0,274.35,246.92,Cash On Delivery,New,4.0,4.2
129557,2025-04-04,Dubai,Fashion,60.22,1,5.0,60.22,57.21,Wallet,New,3.0,4.3
101666,2024-01-30,Sharjah,Fashion,225.58,3,0.0,676.74,676.74,Card,Returning,3.0,4.1
109368,2024-06-05,Dubai,Electronics,1292.37,2,15.0,2584.74,2197.03,Cash On Delivery,New,3.0,4.4
102466,2024-02-11,Dubai,Beauty & Personal Care,309.73,1,0.0,309.73,309.73,Cash On Delivery,Returning,2.0,4.6
125722,2025-02-04,Dubai,Groceries,218.73,1,20.0,218.73,174.98,Wallet,Returning,3.0,3.8
130646,2025-04-21,Dubai,Fashion,237.28,2,0.0,474.56,474.56,Cash On Delivery,New,4.0,3.3
107264,2024-05-01,Sharjah,Groceries,173.95,1,0.0,173.95,173.95,Cash On Delivery,Returning,2.0,3.6
115410,2024-09-06,Ras Al Khaimah,Fashion,401.3,1,20.0,401.3,321.04,Card,Returning,3.0,3.8
121570,2024-01-12,Dubai,Fashion,44.26,1,15.0,44.26,37.62,Cash On Delivery,Returning,1.0,5.0
135978,2025-10-07,Sharjah,Electronics,2570.4,3,15.0,7711.2,6554.52,Wallet,Returning,1.0,4.5
110821,2024-06-29,Dubai,Electronics,3435.4,2,5.0,6870.8,6527.26,Wallet,New,3.0,4.5
148757,2025-12-22,Dubai,Fashion,440.41,1,10.0,440.41,396.37,Card,New,2.0,4.3
136059,2025-11-07,Ras Al Khaimah,Fashion,379.95,1,0.0,379.95,379.95,Cash On Delivery,New,2.0,2.8
123894,2025-06-01,Abu Dhabi,Beauty & Personal Care,34.5,2,0.0,69.0,69.0,Cash On Delivery,Returning,3.0,4.1
148906,2025-12-24,Abu Dhabi,Electronics,1406.44,1,0.0,1406.44,1406.44,Cash On Delivery,New,3.0,5.0
148577,2025-12-19,Abu Dhabi,Mobile Accessories,180.87,3,15.0,542.61,461.22,Wallet,New,3.0,2.9
125970,2025-02-08,Sharjah,Beauty & Personal Care,158.0,3,5.0,474.0,450.3,Card,Returning,3.0,5.0
113169,2024-08-07,Dubai,Fashion,478.62,1,0.0,478.62,478.62,Card,Returning,3.0,4.1
146608,2025-11-26,Abu Dhabi,Mobile Accessories,203.69,1,20.0,203.69,162.95,Card,Returning,2.0,2.9
132300,2025-05-16,Dubai,Home & Kitchen,526.7,1,0.0,526.7,526.7,Card,Returning,2.0,4.3
140692,2025-09-12,Dubai,Electronics,2354.04,1,0.0,2354.04,2354.04,Card,New,3.0,5.0
107515,2024-05-05,Abu Dhabi,Groceries,173.76,1,5.0,173.76,165.07,Wallet,Returning,2.0,4.6
140875,2025-09-15,Abu Dhabi,Groceries,290.15,3,10.0,870.45,783.41,Cash On Delivery,Returning,3.0,4.2
112797,2024-02-08,Sharjah,Fashion,322.64,1,10.0,322.64,290.38,Card,New,3.0,3.7
103630,2024-02-03,Dubai,Groceries,51.08,1,10.0,51.08,45.97,Cash On Delivery,Returning,4.0,4.2
100514,2024-01-10,Abu Dhabi,Fashion,231.59,3,5.0,694.77,660.03,Card,Returning,4.0,4.2
123002,2024-12-24,Dubai,Fashion,104.67,1,10.0,104.67,94.2,Card,Returning,2.0,4.4
117345,2024-08-10,Ajman,Fashion,407.37,1,5.0,407.37,387.0,Card,New,1.0,5.0
147302,2025-01-12,Ras Al Khaimah,Fashion,416.74,1,10.0,416.74,375.07,Cash On Delivery,New,2.0,2.9
109725,2024-06-11,Dubai,Groceries,248.09,1,10.0,248.09,223.28,Card,Returning,4.0,3.6
125740,2025-04-02,Ras Al Khaimah,Fashion,56.36,1,0.0,56.36,56.36,Card,New,2.0,4.0
117993,2024-10-18,Sharjah,Home & Kitchen,558.89,1,0.0,558.89,558.89,Cash On Delivery,New,5.0,4.5
125997,2025-02-08,Dubai,Home & Kitchen,773.88,1,20.0,773.88,619.1,Wallet,Returning,3.0,3.5
139184,2025-08-24,Abu Dhabi,Electronics,1217.89,1,0.0,1217.89,1217.89,Card,Returning,2.0,5.0
107083,2024-04-28,Ajman,Fashion,558.09,1,10.0,558.09,502.28,Cash On Delivery,Returning,3.0,4.2
110198,2024-06-19,Abu Dhabi,Fashion,553.05,1,0.0,553.05,553.05,Card,New,4.0,4.0
102521,2024-12-02,Dubai,Home & Kitchen,554.57,2,5.0,1109.14,1053.68,Card,Returning,1.0,4.5
108930,2024-05-29,Sharjah,Beauty & Personal Care,228.32,1,10.0,228.32,205.49,Wallet,New,5.0,4.8
114025,2024-08-20,Dubai,Electronics,639.86,2,15.0,1279.72,1087.76,Wallet,Returning,5.0,4.5
101290,2024-01-23,Abu Dhabi,Groceries,89.33,1,20.0,89.33,71.46,Wallet,Returning,4.0,3.0
113396,2024-08-11,Abu Dhabi,Mobile Accessories,213.58,1,0.0,213.58,213.58,Wallet,Returning,2.0,4.8
141487,2025-09-24,Ras Al Khaimah,Home & Kitchen,255.21,1,30.0,255.21,178.65,Card,New,2.0,4.1
122022,2024-12-08,Abu Dhabi,Mobile Accessories,189.09,1,5.0,189.09,179.64,Card,New,3.0,4.1
130919,2025-04-25,Abu Dhabi,Electronics,3147.83,1,5.0,3147.83,2990.44,Wallet,New,4.0,4.0
112139,2024-07-21,Ajman,Mobile Accessories,139.81,1,0.0,139.81,139.81,Card,New,2.0,5.0
138361,2025-08-15,Dubai,Beauty & Personal Care,224.17,2,5.0,448.34,425.92,Card,Returning,3.0,4.1
111305,2024-08-07,Dubai,Home & Kitchen,643.06,1,15.0,643.06,546.6,Cash On Delivery,New,1.0,4.5
118297,2024-10-22,Dubai,Fashion,188.43,1,30.0,188.43,131.9,Wallet,New,4.0,4.7
113060,2024-08-06,Abu Dhabi,Mobile Accessories,167.4,1,0.0,167.4,167.4,Wallet,Returning,5.0,4.8
100942,2024-01-17,Abu Dhabi,Beauty & Personal Care,230.17,1,0.0,230.17,230.17,Wallet,Returning,2.0,3.7
139660,2025-08-29,Dubai,Beauty & Personal Care,288.92,1,5.0,288.92,274.47,Wallet,Returning,5.0,4.1
112863,2024-08-02,Abu Dhabi,Mobile Accessories,108.15,1,10.0,108.15,97.34,Card,Returning,5.0,5.0
141762,2025-09-27,Dubai,Fashion,379.44,1,20.0,379.44,303.55,Cash On Delivery,Returning,3.0,4.1
133920,2025-06-09,Dubai,Electronics,566.69,1,0.0,566.69,566.69,Wallet,New,1.0,3.9
139474,2025-08-28,Ajman,Home & Kitchen,680.15,1,10.0,680.15,612.14,Card,Returning,5.0,4.2
148571,2025-12-19,Ras Al Khaimah,Groceries,91.4,1,10.0,91.4,82.26,Card,Returning,2.0,4.9
101153,2024-01-20,Dubai,Home & Kitchen,859.88,1,0.0,859.88,859.88,Card,New,4.0,4.6
111610,2024-07-13,Abu Dhabi,Fashion,571.96,1,20.0,571.96,457.57,Card,Returning,2.0,4.6
120347,2024-11-23,Ajman,Mobile Accessories,136.32,1,30.0,136.32,95.42,Card,Returning,3.0,4.2
139171,2025-08-24,Dubai,Home & Kitchen,668.05,1,20.0,668.05,534.44,Card,New,3.0,3.6
121580,2024-12-01,Dubai,Electronics,591.75,1,30.0,591.75,414.22,Card,Returning,3.0,4.8
111744,2024-07-15,Dubai,Electronics,2163.02,2,10.0,4326.04,3893.44,Cash On Delivery,Returning,1.0,5.0
132677,2025-05-22,Dubai,Beauty & Personal Care,90.49,1,0.0,90.49,90.49,Cash On Delivery,Returning,3.0,3.7
136887,2025-07-24,Ajman,Home & Kitchen,260.7,1,5.0,260.7,247.66,Card,New,3.0,4.5
125500,2025-01-31,Dubai,Beauty & Personal Care,225.11,1,10.0,225.11,202.6,Card,Returning,3.0,4.1
113684,2024-08-15,Abu Dhabi,Home & Kitchen,354.84,1,0.0,354.84,354.84,Card,Returning,3.0,3.4
101820,2024-02-02,Abu Dhabi,Electronics,1542.12,1,0.0,1542.12,1542.12,Card,Returning,1.0,5.0
135539,2025-04-07,Dubai,Electronics,1625.99,1,0.0,1625.99,1625.99,Card,Returning,3.0,4.2
113848,2024-08-17,Dubai,Groceries,70.59,1,5.0,70.59,67.06,Card,Returning,2.0,5.0
136784,2025-07-22,Dubai,Electronics,1582.44,1,0.0,1582.44,1582.44,Cash On Delivery,Returning,4.0,4.4
122539,2024-12-16,Dubai,Beauty & Personal Care,347.91,1,5.0,347.91,330.51,Card,Returning,3.0,4.2
145965,2025-11-22,Dubai,Groceries,281.93,2,0.0,563.86,451.09,Card,Returning,2.0,4.6
127654,2025-03-08,Abu Dhabi,Beauty & Personal Care,43.35,1,5.0,43.35,41.18,Cash On Delivery,Returning,2.0,4.7
149446,2025-12-31,Sharjah,Beauty & Personal Care,49.81,1,20.0,49.81,39.85,Card,New,3.0,3.8
122834,2024-12-21,Sharjah,Home & Kitchen,858.22,1,5.0,858.22,815.31,Card,New,2.0,3.5
103070,2024-02-22,Dubai,Groceries,282.46,1,0.0,282.46,282.46,Cash On Delivery,New,4.0,3.4
139192,2025-08-24,Dubai,Beauty & Personal Care,58.78,1,30.0,58.78,41.15,Cash On Delivery,New,2.0,4.5
113281,2024-09-08,Sharjah,Fashion,520.01,1,5.0,520.01,494.01,Card,New,4.0,3.7
135624,2025-05-07,Dubai,Beauty & Personal Care,373.44,2,15.0,746.88,634.85,Cash On Delivery,Returning,2.0,5.0
139101,2025-08-23,Abu Dhabi,Fashion,354.44,3,0.0,1063.32,1063.32,Card,Returning,2.0,4.5
128948,2025-03-30,Dubai,Groceries,276.58,1,20.0,276.58,221.26,Card,Returning,1.0,4.3
145149,2025-11-14,Abu Dhabi,Electronics,2695.25,1,5.0,2695.25,2560.49,Card,Returning,1.0,3.6
113545,2024-08-14,Dubai,Home & Kitchen,211.68,2,0.0,423.36,423.36,Card,Returning,3.0,2.9
146903,2025-11-28,Dubai,Fashion,222.81,1,30.0,222.81,155.97,Card,New,1.0,3.4
126312,2025-02-14,Dubai,Fashion,328.29,1,0.0,328.29,328.29,Wallet,Returning,4.0,5.0
125539,2025-02-01,Dubai,Groceries,93.06,3,15.0,279.18,237.3,Cash On Delivery,New,2.0,5.0
148911,2025-12-24,Abu Dhabi,Beauty & Personal Care,263.92,1,10.0,263.92,237.53,Wallet,Returning,1.0,4.7
137442,2025-08-01,Dubai,Home & Kitchen,469.02,1,20.0,469.02,375.22,Wallet,Returning,3.0,3.7
141780,2025-09-28,Abu Dhabi,Mobile Accessories,125.8,2,5.0,251.6,239.02,Card,Returning,2.0,4.0
108544,2024-05-22,Sharjah,Groceries,193.46,1,20.0,193.46,154.77,Card,New,3.0,3.5
116528,2024-09-24,Abu Dhabi,Groceries,22.44,2,5.0,44.88,42.64,Card,New,2.0,3.4
139286,2025-08-25,Dubai,Electronics,1660.49,2,15.0,3320.98,2822.83,Wallet,New,4.0,4.0
124160,2025-01-10,Dubai,Home & Kitchen,689.85,2,10.0,1379.7,1241.73,Cash On Delivery,Returning,2.0,4.2
132555,2025-05-20,Sharjah,Groceries,259.78,2,10.0,519.56,467.6,Card,New,2.0,4.2
120445,2024-11-23,Dubai,Mobile Accessories,35.96,2,20.0,71.92,57.54,Card,New,1.0,5.0
111138,2024-07-05,Dubai,Mobile Accessories,108.54,2,5.0,217.08,206.23,Card,Returning,4.0,4.8
105934,2024-12-04,Ajman,Fashion,546.96,1,5.0,546.96,519.61,Wallet,Returning,2.0,4.9
107972,2024-05-13,Dubai,Fashion,184.58,1,5.0,184.58,175.35,Wallet,Returning,1.0,5.0
128884,2025-03-30,Sharjah,Electronics,3123.22,1,0.0,3123.22,3123.22,Card,Returning,3.0,3.9
107603,2024-07-05,Dubai,Electronics,1275.31,2,0.0,2550.62,2550.62,Card,New,4.0,3.8
143296,2025-10-19,Sharjah,Electronics,1459.47,1,15.0,1459.47,1240.55,Card,Returning,3.0,4.6
138714,2025-08-19,Dubai,Electronics,2359.71,1,0.0,2359.71,2359.71,Card,New,2.0,4.4
108344,2024-05-19,Ras Al Khaimah,Fashion,234.62,1,0.0,234.62,234.62,Cash On Delivery,Returning,2.0,3.0
112664,2024-07-30,Dubai,Mobile Accessories,215.74,3,15.0,647.22,550.14,Cash On Delivery,New,2.0,5.0
123890,2025-06-01,Ras Al Khaimah,Groceries,191.93,1,30.0,191.93,134.35,Card,Returning,3.0,3.7
133922,2025-09-06,Dubai,Beauty & Personal Care,207.81,1,15.0,207.81,176.64,Wallet,New,2.0,4.2
119206,2024-11-07,Sharjah,Fashion,109.26,1,0.0,109.26,109.26,Cash On Delivery,Returning,2.0,4.0
143075,2025-10-16,Dubai,Mobile Accessories,175.23,1,5.0,175.23,166.47,Cash On Delivery,New,4.0,3.7
104887,2024-03-27,Dubai,Beauty & Personal Care,274.53,1,15.0,274.53,233.35,Cash On Delivery,Returning,3.0,4.0
149126,2025-12-27,Ras Al Khaimah,Fashion,587.95,3,10.0,1763.85,1587.46,Cash On Delivery,Returning,3.0,4.9
143761,2025-10-26,Ras Al Khaimah,Fashion,451.4,1,5.0,451.4,428.83,Card,Returning,2.0,4.0
101805,2024-01-02,Sharjah,Home & Kitchen,710.58,1,5.0,710.58,675.05,Card,Returning,2.0,4.8
130727,2025-04-22,Dubai,Beauty & Personal Care,233.56,2,15.0,467.12,397.05,Card,New,1.0,4.3
135568,2025-04-07,Abu Dhabi,Beauty & Personal Care,59.38,1,5.0,59.38,56.41,Card,New,4.0,4.2
109229,2024-03-06,Sharjah,Electronics,2605.64,1,0.0,2605.64,2475.36,Cash On Delivery,Returning,3.0,4.0
129153,2025-04-01,Sharjah,Groceries,23.54,1,0.0,23.54,23.54,Cash On Delivery,New,2.0,5.0
127720,2025-03-10,Abu Dhabi,Electronics,686.83,1,0.0,686.83,686.83,Card,New,2.0,3.1
143333,2025-10-20,Dubai,Fashion,263.32,1,0.0,263.32,263.32,Wallet,Returning,2.0,4.5
101233,2024-01-22,Sharjah,Home & Kitchen,884.73,1,20.0,884.73,707.78,Card,Returning,3.0,4.0
102340,2024-02-10,Ras Al Khaimah,Beauty & Personal Care,55.45,2,10.0,110.9,99.81,Card,Returning,4.0,5.0
115002,2024-01-09,Sharjah,Mobile Accessories,195.05,2,0.0,390.1,390.1,Cash On Delivery,Returning,2.0,4.2
102714,2024-02-16,Dubai,Fashion,477.61,1,10.0,477.61,429.85,Card,Returning,2.0,4.3
140339,2025-09-06,Abu Dhabi,Electronics,2760.61,2,0.0,5521.22,5521.22,Cash On Delivery,New,2.0,3.8
129949,2025-11-04,Dubai,Home & Kitchen,81.98,1,0.0,81.98,81.98,Wallet,Returning,2.0,4.6
133524,2025-06-03,Dubai,Groceries,118.11,1,10.0,118.11,106.3,Card,Returning,2.0,2.8
120764,2024-11-25,Sharjah,Mobile Accessories,202.53,1,50.0,202.53,101.26,Card,Returning,3.0,4.5
134067,2025-06-11,Dubai,Home & Kitchen,339.02,1,0.0,339.02,339.02,Cash On Delivery,Returning,1.0,3.9
114372,2024-08-24,Abu Dhabi,Electronics,2637.93,1,0.0,2637.93,2637.93,Card,Returning,3.0,3.8
136762,2025-07-21,Dubai,Beauty & Personal Care,212.11,1,10.0,212.11,190.9,Card,New,3.0,5.0
135542,2025-07-04,Abu Dhabi,Fashion,95.24,2,10.0,190.48,171.43,Card,Returning,1.0,3.8
116147,2024-09-18,Dubai,Fashion,146.4,1,15.0,146.4,124.44,Card,Returning,1.0,4.7
138018,2025-09-08,Dubai,Fashion,505.89,1,5.0,505.89,480.6,Card,Returning,1.0,4.6
146405,2025-11-25,Dubai,Groceries,219.93,2,30.0,439.86,307.9,Cash On Delivery,Returning,3.0,3.8
100503,2024-10-01,Dubai,Fashion,486.01,1,10.0,486.01,437.41,Card,New,1.0,2.9
133868,2025-06-08,Abu Dhabi,Groceries,291.43,3,5.0,874.29,830.58,Card,New,4.0,4.8
122538,2024-12-16,Abu Dhabi,Fashion,352.27,1,15.0,352.27,299.43,Cash On Delivery,Returning,1.0,4.0
104117,2024-03-12,Dubai,Home & Kitchen,201.51,1,0.0,201.51,201.51,Card,Returning,1.0,4.3
109866,2024-06-14,Ras Al Khaimah,Beauty & Personal Care,107.85,1,15.0,107.85,91.67,Cash On Delivery,Returning,2.0,4.7
138757,2025-08-19,Dubai,Home & Kitchen,676.26,1,0.0,676.26,676.26,Card,Returning,2.0,4.2
133387,2025-06-01,Sharjah,Fashion,238.11,1,5.0,238.11,226.2,Card,New,1.0,4.4
128279,2025-03-20,Dubai,Home & Kitchen,206.93,1,15.0,206.93,175.89,Card,New,3.0,3.3
103402,2024-02-28,Abu Dhabi,Mobile Accessories,125.76,1,0.0,125.76,125.76,Card,New,3.0,5.0
103673,2024-03-03,Dubai,Groceries,80.66,1,0.0,80.66,80.66,Cash On Delivery,Returning,2.0,5.0
147435,2025-12-03,Dubai,Fashion,304.35,1,5.0,304.35,289.13,Card,Returning,4.0,4.2
141190,2025-09-19,Abu Dhabi,Mobile Accessories,93.7,1,15.0,93.7,79.64,Card,New,1.0,5.0
149364,2025-12-30,Ajman,Home & Kitchen,770.42,1,0.0,770.42,770.42,Card,Returning,2.0,4.6
143116,2025-10-17,Sharjah,Fashion,555.24,1,10.0,555.24,499.72,Card,Returning,1.0,3.6
148731,2025-12-21,Dubai,Beauty & Personal Care,222.74,1,0.0,222.74,222.74,Cash On Delivery,Returning,2.0,5.0
124689,2025-01-18,Abu Dhabi,Mobile Accessories,102.83,1,0.0,102.83,102.83,Wallet,Returning,2.0,3.8
108185,2024-05-17,Ajman,Beauty & Personal Care,93.96,1,0.0,93.96,93.96,Cash On Delivery,Returning,3.0,4.0
115165,2024-03-09,Abu Dhabi,Electronics,1620.6,1,10.0,1620.6,1458.54,Card,Returning,4.0,4.1
117189,2024-05-10,Ras Al Khaimah,Fashion,248.51,1,0.0,248.51,248.51,Cash On Delivery,New,2.0,4.3
101187,2024-01-21,Dubai,Fashion,106.99,1,0.0,106.99,106.99,Card,New,2.0,4.7
102155,2024-07-02,Sharjah,Fashion,68.9,1,0.0,68.9,68.9,Card,New,4.0,5.0
146369,2025-11-25,Dubai,Fashion,293.25,1,20.0,293.25,234.6,Cash On Delivery,New,4.0,3.8
139600,2025-08-29,Dubai,Beauty & Personal Care,35.25,2,0.0,70.5,70.5,Card,Returning,1.0,4.0
145134,2025-11-13,Abu Dhabi,Groceries,239.15,1,10.0,239.15,215.24,Card,Returning,2.0,3.5
132282,2025-05-16,Abu Dhabi,Home & Kitchen,100.27,1,15.0,100.27,85.23,Card,Returning,5.0,4.6
139188,2025-08-24,Abu Dhabi,Fashion,363.5,1,0.0,363.5,363.5,Cash On Delivery,Returning,2.0,3.8
144279,2025-01-11,Dubai,Beauty & Personal Care,121.83,2,5.0,243.66,231.48,Card,Returning,1.0,3.7
136146,2025-07-12,Dubai,Beauty & Personal Care,109.23,2,10.0,218.46,196.61,Cash On Delivery,Returning,1.0,3.1
104594,2024-03-21,Sharjah,Electronics,1296.1,1,5.0,1296.1,1231.29,Card,New,1.0,3.5
148990,2025-12-25,Ras Al Khaimah,Mobile Accessories,25.76,1,10.0,25.76,23.18,Wallet,New,2.0,3.9
106889,2024-04-25,Abu Dhabi,Fashion,103.67,1,30.0,103.67,72.57,Card,Returning,2.0,4.1
139991,2025-02-09,Dubai,Electronics,2094.35,1,0.0,2094.35,2094.35,Card,Returning,2.0,4.2
140467,2025-09-08,Abu Dhabi,Electronics,2691.7,1,5.0,2691.7,2557.11,Card,Returning,3.0,3.9
149225,2025-12-28,Dubai,Groceries,35.95,1,10.0,35.95,32.36,Cash On Delivery,Returning,2.0,4.5
144972,2025-11-11,Ras Al Khaimah,Mobile Accessories,79.92,2,5.0,159.84,151.85,Card,New,4.0,4.1
111218,2024-07-06,Ajman,Electronics,1873.54,1,10.0,1873.54,1686.19,Card,New,2.0,4.2
148016,2025-11-12,Abu Dhabi,Mobile Accessories,223.85,1,5.0,223.85,212.66,Card,Returning,4.0,5.0
139488,2025-08-28,Dubai,Electronics,2868.05,1,0.0,2868.05,2868.05,Cash On Delivery,Returning,2.0,3.1
143798,2025-10-26,Sharjah,Electronics,1589.37,1,30.0,1589.37,1112.56,Wallet,New,3.0,4.3
139814,2025-08-31,Dubai,Beauty & Personal Care,25.37,1,10.0,25.37,22.83,Card,New,2.0,4.2
114394,2024-08-24,Sharjah,Electronics,1690.46,1,5.0,1690.46,1605.94,Wallet,New,3.0,3.4
137078,2025-07-26,Dubai,Mobile Accessories,119.94,1,0.0,119.94,119.94,Wallet,New,4.0,4.8
104572,2024-03-21,Sharjah,Home & Kitchen,372.22,1,0.0,372.22,372.22,Wallet,New,3.0,4.7
132441,2025-05-18,Sharjah,Fashion,505.46,1,30.0,505.46,353.82,Wallet,Returning,1.0,3.2
117692,2024-10-13,Ras Al Khaimah,Beauty & Personal Care,64.18,1,0.0,64.18,64.18,Card,New,4.0,4.2
119237,2024-11-07,Ras Al Khaimah,Mobile Accessories,208.12,1,15.0,208.12,176.9,Card,Returning,3.0,3.5
117675,2024-12-10,Dubai,Mobile Accessories,173.41,1,0.0,173.41,173.41,Wallet,Returning,2.0,5.0
117985,2024-10-18,Dubai,Fashion,51.77,1,15.0,51.77,44.0,Cash On Delivery,New,3.0,3.5
100227,2024-05-01,Dubai,Electronics,2463.77,1,10.0,2463.77,2217.39,Card,Returning,3.0,4.2
104214,2024-03-13,Dubai,Fashion,156.48,1,0.0,156.48,156.48,Card,New,3.0,4.6
106387,2024-04-17,Dubai,Fashion,82.87,1,0.0,82.87,82.87,Card,New,4.0,5.0
136172,2025-07-13,Abu Dhabi,Home & Kitchen,882.84,1,10.0,882.84,794.56,Cash On Delivery,New,1.0,5.0
116181,2024-09-18,Abu Dhabi,Beauty & Personal Care,271.87,1,5.0,271.87,258.28,Wallet,Returning,3.0,4.0
102138,2024-02-06,Abu Dhabi,Mobile Accessories,31.97,1,15.0,31.97,27.17,Cash On Delivery,New,4.0,3.9
139119,2025-08-23,Dubai,Groceries,106.09,1,0.0,106.09,106.09,Cash On Delivery,New,2.0,4.8
143444,2025-10-21,Dubai,Groceries,218.44,2,5.0,436.88,415.04,Cash On Delivery,New,3.0,3.6
118617,2024-10-28,Dubai,Beauty & Personal Care,86.76,3,20.0,260.28,208.22,Card,Returning,3.0,3.7
114636,2024-08-27,Dubai,Groceries,100.75,1,5.0,100.75,95.71,Card,Returning,4.0,4.7
142552,2025-08-10,Dubai,Groceries,54.7,1,10.0,54.7,49.23,Cash On Delivery,Returning,2.0,4.4
119480,2024-11-11,Dubai,Beauty & Personal Care,83.96,1,10.0,83.96,75.56,Cash On Delivery,Returning,3.0,4.4
140181,2025-04-09,Abu Dhabi,Fashion,473.85,1,0.0,473.85,473.85,Wallet,Returning,2.0,5.0
106567,2024-04-20,Sharjah,Fashion,504.98,3,0.0,1514.94,1514.94,Card,New,2.0,5.0
114299,2024-08-23,Dubai,Mobile Accessories,85.59,1,10.0,85.59,77.03,Cash On Delivery,New,2.0,4.9
122010,2024-12-07,Sharjah,Fashion,113.72,1,15.0,113.72,96.66,Wallet,Returning,2.0,4.2
119156,2024-06-11,Ajman,Mobile Accessories,54.87,1,5.0,54.87,52.13,Card,Returning,3.0,4.6
145633,2025-11-21,Dubai,Home & Kitchen,277.64,1,30.0,277.64,194.35,Cash On Delivery,Returning,3.0,4.2
110527,2024-06-25,Abu Dhabi,Beauty & Personal Care,235.01,1,15.0,235.01,199.76,Wallet,New,2.0,3.7
124422,2025-01-14,Sharjah,Home & Kitchen,600.46,1,0.0,600.46,600.46,Card,Returning,1.0,4.0
106792,2024-04-24,Abu Dhabi,Mobile Accessories,58.25,1,0.0,58.25,52.42,Card,Returning,4.0,4.5
138326,2025-08-14,Abu Dhabi,Electronics,746.36,1,5.0,746.36,709.04,Card,Returning,1.0,3.6
121316,2024-11-29,Dubai,Beauty & Personal Care,64.15,1,30.0,64.15,44.9,Card,New,3.0,5.0
116785,2024-09-28,Sharjah,Beauty & Personal Care,301.94,1,0.0,301.94,301.94,Card,New,3.0,4.0
125422,2025-01-30,Dubai,Groceries,44.69,1,5.0,44.69,42.46,Card,New,3.0,4.8
122133,2024-09-12,Dubai,Mobile Accessories,110.7,1,0.0,110.7,110.7,Card,Returning,2.0,3.7
132251,2025-05-15,Dubai,Home & Kitchen,310.14,1,0.0,310.14,310.14,Card,Returning,3.0,3.0
110363,2024-06-22,Dubai,Fashion,397.2,1,15.0,397.2,337.62,Cash On Delivery,Returning,3.0,3.8
126759,2025-02-21,Dubai,Groceries,173.98,1,5.0,173.98,165.28,Cash On Delivery,Returning,3.0,3.7
145956,2025-11-22,Dubai,Groceries,294.66,1,50.0,294.66,147.33,Cash On Delivery,New,1.0,4.2
126123,2025-10-02,Dubai,Fashion,365.47,1,0.0,365.47,365.47,Card,Returning,2.0,4.0
126899,2025-02-23,Dubai,Fashion,401.83,1,0.0,401.83,401.83,Wallet,New,2.0,3.7
133471,2025-06-03,Dubai,Groceries,107.66,2,0.0,215.32,215.32,Card,Returning,3.0,4.5
121031,2024-11-27,Ajman,Beauty & Personal Care,75.81,1,30.0,75.81,53.07,Card,New,2.0,4.4
101717,2024-01-31,Dubai,Fashion,248.56,1,0.0,248.56,248.56,Card,Returning,3.0,4.6
143244,2025-10-19,Ras Al Khaimah,Home & Kitchen,753.39,1,0.0,753.39,753.39,Cash On Delivery,New,2.0,4.2
105809,2024-11-04,Dubai,Groceries,192.27,1,5.0,192.27,182.66,Card,New,2.0,3.5
118348,2024-10-23,Dubai,Electronics,1262.13,1,5.0,1262.13,1199.02,Wallet,Returning,1.0,5.0
124064,2025-01-09,Dubai,Fashion,208.56,1,5.0,208.56,198.13,Wallet,Returning,3.0,3.7
145951,2025-11-22,Sharjah,Electronics,2776.93,1,30.0,2776.93,1943.85,Cash On Delivery,Returning,3.0,4.8
125742,2025-02-04,Dubai,Electronics,2414.83,2,10.0,4829.66,4346.69,Card,Returning,5.0,4.2
149405,2025-12-31,Dubai,Groceries,226.23,1,5.0,226.23,214.92,Card,New,3.0,4.4
124066,2025-09-01,Ras Al Khaimah,Mobile Accessories,159.91,1,0.0,159.91,159.91,Card,Returning,1.0,4.8
147608,2025-05-12,Dubai,Fashion,405.16,1,5.0,405.16,384.9,Card,Returning,6.0,4.0
129396,2025-03-04,Abu Dhabi,Mobile Accessories,30.65,1,10.0,30.65,27.58,Cash On Delivery,Returning,1.0,4.0
104140,2024-03-12,Dubai,Electronics,2323.1,1,15.0,2323.1,1974.63,Wallet,New,3.0,4.0
103123,2024-02-22,Dubai,Home & Kitchen,770.2,2,0.0,1540.4,1232.32,Card,New,2.0,4.7
135433,2025-02-07,Dubai,Home & Kitchen,835.26,1,0.0,835.26,835.26,Card,Returning,2.0,3.9
117824,2024-10-15,Dubai,Electronics,1073.06,3,10.0,3219.18,2897.26,Card,Returning,2.0,3.7
100454,2024-09-01,Sharjah,Home & Kitchen,207.11,1,10.0,207.11,186.4,Card,New,2.0,4.4
114038,2024-08-20,Dubai,Fashion,566.13,1,20.0,566.13,452.9,Card,New,3.0,4.6
114285,2024-08-23,Ras Al Khaimah,Fashion,58.48,1,5.0,58.48,55.56,Card,New,5.0,3.2
143147,2025-10-17,Sharjah,Beauty & Personal Care,194.87,2,0.0,389.74,350.77,Wallet,Returning,3.0,4.5
104574,2024-03-21,Abu Dhabi,Electronics,1434.53,2,10.0,2869.06,2582.15,Cash On Delivery,Returning,4.0,4.5
134204,2025-06-14,Dubai,Mobile Accessories,35.52,1,0.0,35.52,35.52,Cash On Delivery,New,3.0,4.2
133008,2025-05-26,Dubai,Home & Kitchen,113.54,1,5.0,113.54,107.86,Card,Returning,4.0,3.8
142181,2025-03-10,Dubai,Groceries,280.54,1,5.0,280.54,266.51,Card,New,1.0,4.0
110177,2024-06-19,Dubai,Groceries,194.09,1,10.0,194.09,174.68,Card,New,4.0,4.4
118826,2024-10-31,Abu Dhabi,Home & Kitchen,641.23,1,5.0,641.23,609.17,Card,Returning,5.0,4.8
141514,2025-09-24,Dubai,Home & Kitchen,636.46,1,5.0,636.46,604.64,Card,Returning,3.0,4.1
138802,2025-08-20,Abu Dhabi,Mobile Accessories,151.21,1,10.0,151.21,136.09,Card,New,4.0,4.3
112300,2024-07-24,Dubai,Fashion,598.43,1,0.0,598.43,598.43,Cash On Delivery,Returning,1.0,3.4
120018,2024-11-20,Dubai,Electronics,3134.12,1,15.0,3134.12,2664.0,Card,Returning,3.0,4.3
111752,2024-07-15,Dubai,Electronics,2103.7,1,0.0,2103.7,2103.7,Wallet,Returning,4.0,5.0
104175,2024-03-13,Dubai,Home & Kitchen,719.36,2,0.0,1438.72,1438.72,Card,Returning,3.0,5.0
131263,2025-04-30,Abu Dhabi,Home & Kitchen,131.64,2,0.0,263.28,263.28,Card,Returning,3.0,3.9
114067,2024-08-20,Sharjah,Electronics,921.41,1,0.0,921.41,921.41,Card,New,1.0,4.2
104063,2024-10-03,Sharjah,Beauty & Personal Care,209.43,1,0.0,209.43,209.43,Cash On Delivery,Returning,2.0,4.3
116258,2024-09-20,Dubai,Groceries,235.82,1,0.0,235.82,235.82,Card,Returning,2.0,4.3
113047,2024-05-08,Abu Dhabi,Electronics,1521.2,1,10.0,1521.2,1369.08,Card,Returning,1.0,4.8
114507,2024-08-26,Abu Dhabi,Electronics,2950.65,1,0.0,2950.65,2950.65,Cash On Delivery,Returning,1.0,2.2
131479,2025-03-05,Dubai,Electronics,2945.29,1,15.0,2945.29,2503.5,Wallet,Returning,2.0,4.5
102715,2024-02-16,Ajman,Home & Kitchen,626.73,1,5.0,626.73,595.39,Card,New,4.0,5.0
138997,2025-08-22,Dubai,Electronics,1212.74,1,20.0,1212.74,970.19,Card,New,2.0,5.0
130019,2025-04-12,Ras Al Khaimah,Fashion,572.83,1,0.0,572.83,572.83,Card,New,2.0,3.9
144968,2025-11-11,Abu Dhabi,Electronics,3211.86,1,0.0,3211.86,3211.86,Cash On Delivery,Returning,1.0,4.3
135905,2025-07-09,Ajman,Home & Kitchen,167.31,1,15.0,167.31,142.21,Card,Returning,1.0,3.5
142459,2025-10-07,Dubai,Groceries,219.94,2,10.0,439.88,395.89,Card,Returning,2.0,4.2
122505,2024-12-15,Abu Dhabi,Beauty & Personal Care,72.91,1,0.0,72.91,72.91,Card,Returning,1.0,4.6
111245,2024-07-07,Dubai,Fashion,584.18,1,10.0,584.18,525.76,Card,Returning,2.0,3.7
115436,2024-09-06,Dubai,Mobile Accessories,205.29,1,0.0,205.29,205.29,Cash On Delivery,New,4.0,5.0
116742,2024-09-28,Sharjah,Fashion,213.32,1,5.0,213.32,202.65,Card,Returning,1.0,4.2
103758,2024-05-03,Abu Dhabi,Electronics,3285.86,1,10.0,3285.86,2957.27,Card,New,1.0,4.2
101884,2024-03-02,Dubai,Beauty & Personal Care,376.92,2,0.0,753.84,640.76,Cash On Delivery,Returning,3.0,4.1
112897,2024-03-08,Dubai,Groceries,170.05,1,5.0,170.05,161.55,Card,Returning,2.0,4.1
146469,2025-11-25,Ajman,Mobile Accessories,182.79,1,30.0,182.79,127.95,Card,Returning,4.0,4.0
114987,2024-08-31,Sharjah,Electronics,3123.19,2,5.0,6246.38,5934.06,Cash On Delivery,New,3.0,3.8
111266,2024-07-07,Dubai,Groceries,249.76,2,15.0,499.52,424.59,Card,New,1.0,3.6
137182,2025-07-28,Ras Al Khaimah,Groceries,229.41,1,20.0,229.41,183.53,Wallet,New,3.0,3.4
126294,2025-02-13,Dubai,Home & Kitchen,156.97,1,0.0,156.97,156.97,Card,New,1.0,4.1
142055,2025-10-02,Sharjah,Fashion,244.94,1,0.0,244.94,244.94,Card,Returning,1.0,4.2
148684,2025-12-20,Ras Al Khaimah,Electronics,394.38,1,5.0,394.38,374.66,Card,New,3.0,3.9
144854,2025-09-11,Sharjah,Groceries,196.3,1,10.0,196.3,176.67,Wallet,Returning,2.0,3.8
141163,2025-09-19,Dubai,Electronics,767.41,1,10.0,767.41,690.67,Card,New,4.0,3.4
135531,2025-07-04,Dubai,Groceries,122.86,1,10.0,122.86,110.57,Wallet,New,1.0,4.2
143817,2025-10-26,Abu Dhabi,Home & Kitchen,714.72,1,15.0,714.72,607.51,Card,Returning,3.0,3.9
136101,2025-12-07,Sharjah,Home & Kitchen,419.79,1,5.0,419.79,398.8,Cash On Delivery,Returning,2.0,4.5
114928,2024-08-31,Ajman,Beauty & Personal Care,34.49,2,10.0,68.98,62.08,Card,New,4.0,4.2
147052,2025-11-28,Dubai,Fashion,96.84,1,20.0,96.84,77.47,Card,Returning,1.0,2.8
138794,2025-08-20,Dubai,Beauty & Personal Care,120.7,1,0.0,120.7,120.7,Cash On Delivery,New,3.0,5.0
140421,2025-09-08,Abu Dhabi,Home & Kitchen,199.82,1,0.0,199.82,199.82,Card,Returning,3.0,4.6
102952,2024-02-19,Sharjah,Home & Kitchen,756.22,1,0.0,756.22,756.22,Wallet,Returning,4.0,5.0
124677,2025-01-18,Sharjah,Groceries,31.0,1,10.0,31.0,27.9,Card,New,3.0,4.6
125992,2025-08-02,Abu Dhabi,Beauty & Personal Care,47.09,2,15.0,94.18,80.05,Card,Returning,3.0,4.2
149232,2025-12-28,Sharjah,Beauty & Personal Care,328.94,1,10.0,328.94,296.05,Cash On Delivery,New,3.0,3.9
132858,2025-05-24,Dubai,Electronics,2260.34,1,15.0,2260.34,1921.29,Cash On Delivery,New,5.0,4.0
106749,2024-04-23,Abu Dhabi,Mobile Accessories,85.73,1,5.0,85.73,81.44,Card,Returning,3.0,5.0
127567,2025-07-03,Abu Dhabi,Fashion,367.6,1,10.0,367.6,330.84,Card,Returning,3.0,4.2
101642,2024-01-29,Abu Dhabi,Home & Kitchen,101.52,1,0.0,101.52,101.52,Cash On Delivery,New,3.0,4.2
132952,2025-05-25,Sharjah,Beauty & Personal Care,242.78,2,0.0,485.56,485.56,Cash On Delivery,New,3.0,3.9
120029,2024-11-20,Abu Dhabi,Electronics,1221.5,1,5.0,1221.5,1160.42,Cash On Delivery,New,4.0,4.7
101453,2024-01-26,Dubai,Groceries,57.96,1,0.0,57.96,57.96,Card,Returning,2.0,3.7
136568,2025-07-19,Dubai,Mobile Accessories,190.25,1,5.0,190.25,180.74,Card,Returning,1.0,4.8
113756,2024-08-16,Abu Dhabi,Home & Kitchen,451.2,1,0.0,451.2,451.2,Card,Returning,4.0,4.2
143645,2025-10-24,Sharjah,Electronics,3242.31,2,0.0,6484.62,6484.62,Card,Returning,3.0,4.5
142967,2025-10-14,Sharjah,Fashion,464.96,1,0.0,464.96,464.96,Card,Returning,5.0,4.2
102940,2024-02-19,Sharjah,Groceries,51.41,1,5.0,51.41,48.84,Cash On Delivery,Returning,1.0,4.3
119173,2024-11-06,Ajman,Electronics,2701.99,1,5.0,2701.99,2566.89,Card,Returning,3.0,3.9
117407,2024-10-09,Sharjah,Fashion,231.21,2,10.0,462.42,416.18,Cash On Delivery,Returning,5.0,3.9
146578,2025-11-26,Ajman,Groceries,64.09,1,50.0,64.09,32.04,Cash On Delivery,New,1.0,4.7
111228,2024-07-07,Abu Dhabi,Fashion,112.47,2,10.0,224.94,202.45,Card,New,3.0,5.0
133185,2025-05-29,Sharjah,Electronics,664.95,1,0.0,664.95,664.95,Card,Returning,1.0,4.9
104277,2024-03-15,Sharjah,Electronics,3256.83,1,0.0,3256.83,3256.83,Cash On Delivery,Returning,5.0,4.5
148559,2025-12-19,Abu Dhabi,Electronics,2997.78,1,30.0,2997.78,2098.45,Cash On Delivery,Returning,1.0,4.0
134626,2025-06-20,Dubai,Groceries,143.33,2,5.0,286.66,272.33,Wallet,Returning,3.0,4.2
140133,2025-09-04,Dubai,Home & Kitchen,281.51,1,0.0,281.51,281.51,Card,New,1.0,3.6
135589,2025-07-04,Dubai,Fashion,164.8,1,5.0,164.8,156.56,Cash On Delivery,Returning,1.0,3.6
123527,2024-12-31,Abu Dhabi,Fashion,344.4,1,15.0,344.4,292.74,Card,New,3.0,3.5
132377,2025-05-17,Dubai,Electronics,2730.17,1,10.0,2730.17,2457.15,Cash On Delivery,New,3.0,4.2
123458,2024-12-30,Sharjah,Mobile Accessories,205.56,1,5.0,205.56,195.28,Card,Returning,2.0,4.4
111587,2024-07-13,Dubai,Electronics,2964.28,2,0.0,5928.56,5928.56,Wallet,Returning,4.0,5.0
148289,2025-12-15,Ajman,Electronics,2023.6,1,0.0,2023.6,2023.6,Card,Returning,2.0,5.0
133325,2025-05-31,Ajman,Mobile Accessories,57.41,1,20.0,57.41,45.93,Cash On Delivery,New,2.0,4.2
129033,2025-03-31,Dubai,Groceries,28.49,1,20.0,28.49,22.79,Card,Returning,3.0,4.1
146553,2025-11-26,Dubai,Fashion,503.82,1,40.0,503.82,302.29,Cash On Delivery,New,1.0,4.8
121782,2024-12-04,Ras Al Khaimah,Electronics,2243.14,1,0.0,2243.14,2243.14,Card,Returning,2.0,4.3
122358,2024-12-13,Dubai,Electronics,3327.38,1,0.0,3327.38,3327.38,Card,New,1.0,4.9
122296,2024-12-12,Sharjah,Beauty & Personal Care,27.94,1,0.0,27.94,27.94,Cash On Delivery,Returning,3.0,3.5
129504,2025-04-04,Dubai,Home & Kitchen,330.59,1,0.0,330.59,330.59,Card,Returning,3.0,3.7
116671,2024-09-27,Ajman,Fashion,510.86,1,10.0,510.86,459.77,Card,Returning,3.0,4.0
123386,2024-12-29,Ras Al Khaimah,Fashion,108.73,1,0.0,108.73,108.73,Cash On Delivery,New,2.0,5.0
106533,2024-04-19,Dubai,Groceries,217.84,1,15.0,217.84,185.16,Wallet,New,2.0,4.4
101760,2024-02-01,Dubai,Fashion,279.29,3,10.0,837.87,754.08,Card,Returning,2.0,4.2
105780,2024-04-11,Abu Dhabi,Groceries,187.31,1,10.0,187.31,168.58,Card,Returning,3.0,4.2
137257,2025-07-29,Ras Al Khaimah,Electronics,1931.49,1,15.0,1931.49,1641.77,Card,Returning,5.0,4.2
104177,2024-03-13,Abu Dhabi,Fashion,504.67,2,5.0,1009.34,958.87,Card,Returning,1.0,4.7
148522,2025-12-18,Dubai,Home & Kitchen,845.7,2,0.0,1691.4,1691.4,Cash On Delivery,Returning,5.0,5.0
115779,2024-09-12,Abu Dhabi,Home & Kitchen,895.58,2,0.0,1791.16,1791.16,Card,New,5.0,3.6
124077,2025-01-09,Ajman,Groceries,62.31,1,10.0,62.31,56.08,Card,New,3.0,3.5
107562,2024-06-05,Abu Dhabi,Beauty & Personal Care,340.49,1,0.0,340.49,340.49,Card,New,4.0,4.1
141715,2025-09-27,Ajman,Beauty & Personal Care,25.1,1,20.0,25.1,20.08,Card,New,2.0,3.8
106256,2024-04-15,Abu Dhabi,Home & Kitchen,825.48,1,0.0,825.48,825.48,Card,Returning,1.0,4.9
126140,2025-02-11,Dubai,Home & Kitchen,848.84,1,15.0,848.84,721.51,Cash On Delivery,New,4.0,4.2
101625,2024-01-29,Dubai,Home & Kitchen,144.13,1,0.0,144.13,144.13,Card,New,4.0,5.0
137682,2025-08-04,Ras Al Khaimah,Home & Kitchen,376.9,1,0.0,376.9,376.9,Wallet,New,2.0,3.8
144169,2025-10-31,Dubai,Groceries,87.52,1,0.0,87.52,87.52,Cash On Delivery,Returning,4.0,3.1
112216,2024-07-23,Dubai,Fashion,73.39,1,5.0,73.39,69.72,Card,Returning,4.0,4.4
120122,2024-11-22,Dubai,Home & Kitchen,786.8,1,40.0,786.8,472.08,Wallet,Returning,2.0,3.1
115016,2024-01-09,Sharjah,Fashion,302.53,1,20.0,302.53,242.02,Cash On Delivery,Returning,2.0,5.0
103784,2024-03-06,Abu Dhabi,Electronics,463.25,1,10.0,463.25,416.92,Card,Returning,2.0,4.5
147810,2025-08-12,Abu Dhabi,Home & Kitchen,157.83,1,5.0,157.83,149.94,Wallet,New,3.0,3.3
127069,2025-02-26,Dubai,Home & Kitchen,334.36,1,30.0,334.36,234.05,Cash On Delivery,New,1.0,4.2
113306,2024-10-08,Sharjah,Groceries,48.46,1,15.0,48.46,41.19,Card,Returning,1.0,4.1
145793,2025-11-21,Dubai,Groceries,49.05,1,30.0,49.05,34.33,Wallet,Returning,1.0,3.4
115285,2024-09-04,Dubai,Mobile Accessories,152.53,1,0.0,152.53,152.53,Card,Returning,2.0,4.2
139587,2025-08-29,Dubai,Fashion,429.19,1,0.0,429.19,429.19,Card,Returning,4.0,3.9
102485,2024-12-02,Dubai,Fashion,472.51,1,0.0,472.51,472.51,Card,Returning,4.0,3.6
131311,2025-05-01,Dubai,Electronics,517.59,1,5.0,517.59,491.71,Wallet,Returning,4.0,4.2
118592,2024-10-27,Sharjah,Home & Kitchen,122.37,1,15.0,122.37,104.01,Cash On Delivery,Returning,5.0,4.2
104810,2024-03-25,Dubai,Electronics,3218.91,1,10.0,3218.91,2897.02,Card,Returning,2.0,4.5
133679,2025-06-06,Sharjah,Electronics,937.58,3,5.0,2812.74,2672.1,Cash On Delivery,Returning,3.0,3.8
102057,2024-05-02,Sharjah,Electronics,1585.71,1,0.0,1585.71,1585.71,Wallet,New,1.0,4.4
102819,2024-02-17,Abu Dhabi,Home & Kitchen,206.99,1,5.0,206.99,196.64,Wallet,Returning,4.0,3.8
130224,2025-04-15,Abu Dhabi,Groceries,296.28,1,5.0,296.28,281.47,Cash On Delivery,Returning,3.0,3.5
129481,2025-04-04,Sharjah,Mobile Accessories,236.19,1,5.0,236.19,224.38,Wallet,Returning,2.0,3.5
106840,2024-04-25,Dubai,Beauty & Personal Care,237.46,1,0.0,237.46,237.46,Card,New,5.0,4.9
120334,2024-11-23,Abu Dhabi,Electronics,2997.86,1,40.0,2997.86,1798.72,Cash On Delivery,Returning,3.0,5.0
124002,2025-01-08,Dubai,Fashion,374.23,1,0.0,374.23,374.23,Card,Returning,3.0,4.3
145106,2025-11-13,Abu Dhabi,Fashion,545.89,1,0.0,545.89,545.89,Cash On Delivery,Returning,1.0,4.2
105603,2024-09-04,Dubai,Home & Kitchen,483.03,1,0.0,483.03,483.03,Card,New,3.0,4.6
133399,2025-01-06,Ajman,Electronics,1988.68,1,0.0,1988.68,1988.68,Card,New,3.0,4.3
147684,2025-06-12,Dubai,Groceries,166.14,1,15.0,166.14,141.22,Card,Returning,2.0,4.2
133624,2025-06-05,Sharjah,Groceries,271.68,3,20.0,815.04,652.03,Cash On Delivery,Returning,1.0,3.4
141613,2025-09-26,Dubai,Electronics,2408.15,1,5.0,2408.15,2287.74,Card,New,2.0,3.8
117255,2024-10-06,Abu Dhabi,Groceries,118.51,1,0.0,118.51,118.51,Card,New,2.0,4.8
110336,2024-06-21,Abu Dhabi,Electronics,3090.31,1,0.0,3090.31,3090.31,Wallet,Returning,4.0,2.4
146150,2025-11-23,Dubai,Beauty & Personal Care,168.87,1,40.0,168.87,101.32,Cash On Delivery,New,2.0,5.0
121747,2024-04-12,Abu Dhabi,Beauty & Personal Care,211.67,1,0.0,211.67,179.92,Cash On Delivery,Returning,3.0,4.9
125895,2025-02-07,Sharjah,Electronics,2270.78,1,15.0,2270.78,1930.16,Cash On Delivery,Returning,3.0,5.0
124954,2025-01-23,Abu Dhabi,Fashion,196.55,1,0.0,196.55,196.55,Cash On Delivery,Returning,3.0,4.2
112697,2024-07-31,Abu Dhabi,Fashion,434.02,1,0.0,434.02,434.02,Card,New,1.0,4.5
133870,2025-06-08,Abu Dhabi,Beauty & Personal Care,90.83,1,0.0,90.83,90.83,Card,Returning,3.0,3.6
128685,2025-03-27,Ras Al Khaimah,Home & Kitchen,869.83,1,10.0,869.83,782.85,Cash On Delivery,New,3.0,3.1
148890,2025-12-24,Sharjah,Fashion,128.23,1,5.0,128.23,121.82,Card,Returning,2.0,4.1
106287,2024-04-15,Ras Al Khaimah,Electronics,2965.77,1,10.0,2965.77,2669.19,Card,New,2.0,4.9
143849,2025-10-27,Sharjah,Beauty & Personal Care,190.29,1,5.0,190.29,180.78,Card,Returning,3.0,4.0
133286,2025-05-31,Dubai,Electronics,2629.13,1,0.0,2629.13,2629.13,Cash On Delivery,Returning,4.0,5.0
143703,2025-10-25,Sharjah,Electronics,3335.92,1,10.0,3335.92,3002.33,Card,Returning,5.0,4.3
129682,2025-06-04,Abu Dhabi,Beauty & Personal Care,101.08,2,0.0,202.16,202.16,Card,Returning,1.0,4.2
123582,2025-01-01,Dubai,Fashion,451.66,1,10.0,451.66,406.49,Card,New,1.0,3.9
135767,2025-07-07,Ajman,Home & Kitchen,529.51,1,15.0,529.51,450.08,Card,Returning,3.0,4.8
117629,2024-12-10,Ajman,Fashion,343.88,1,0.0,343.88,343.88,Card,Returning,1.0,5.0
112176,2024-07-22,Dubai,Mobile Accessories,238.99,1,0.0,238.99,238.99,Wallet,New,1.0,4.3
138972,2025-08-22,Dubai,Fashion,495.61,1,20.0,495.61,396.49,Wallet,Returning,3.0,4.0
111220,2024-07-07,Dubai,Beauty & Personal Care,319.51,1,10.0,319.51,287.56,Card,New,1.0,4.7
121563,2024-01-12,Sharjah,Groceries,48.72,1,15.0,48.72,41.41,Card,New,3.0,4.8
136785,2025-07-22,Dubai,Electronics,2745.46,1,20.0,2745.46,2196.37,Cash On Delivery,Returning,3.0,4.5
147276,2025-12-01,Ajman,Fashion,456.53,1,10.0,456.53,410.88,Cash On Delivery,Returning,2.0,4.2
116808,2024-09-29,Ras Al Khaimah,Groceries,279.49,1,20.0,279.49,223.59,Card,New,2.0,4.2
126564,2025-02-18,Sharjah,Mobile Accessories,59.91,1,20.0,59.91,47.93,Card,Returning,2.0,3.0
138515,2025-08-16,Ras Al Khaimah,Beauty & Personal Care,61.76,1,20.0,61.76,49.41,Card,New,1.0,4.5
113855,2024-08-17,Dubai,Mobile Accessories,158.8,1,5.0,158.8,150.86,Card,New,3.0,4.7
129447,2025-04-03,Sharjah,Mobile Accessories,57.72,1,0.0,57.72,57.72,Card,Returning,3.0,4.8
137847,2025-07-08,Sharjah,Beauty & Personal Care,287.93,1,10.0,287.93,259.14,Card,New,3.0,4.4
122911,2024-12-22,Sharjah,Fashion,340.44,1,5.0,340.44,323.42,Card,New,3.0,4.2
125025,2025-01-24,Dubai,Mobile Accessories,162.5,1,5.0,162.5,154.38,Card,New,3.0,2.7
131846,2025-05-09,Abu Dhabi,Beauty & Personal Care,300.02,1,20.0,300.02,240.02,Card,Returning,1.0,4.8
135434,2025-02-07,Dubai,Beauty & Personal Care,102.42,1,10.0,102.42,92.18,Cash On Delivery,Returning,4.0,4.0
113659,2024-08-15,Sharjah,Mobile Accessories,83.61,1,0.0,83.61,83.61,Card,New,1.0,4.5
119297,2024-11-08,Abu Dhabi,Mobile Accessories,148.6,1,5.0,148.6,141.17,Wallet,Returning,1.0,4.4
117136,2024-04-10,Dubai,Fashion,377.81,1,0.0,377.81,377.81,Card,New,3.0,5.0
124586,2025-01-16,Abu Dhabi,Fashion,313.36,1,10.0,313.36,282.02,Card,Returning,3.0,4.1
104879,2024-03-27,Abu Dhabi,Mobile Accessories,176.33,1,0.0,176.33,176.33,Card,New,4.0,5.0
126727,2025-02-20,Abu Dhabi,Beauty & Personal Care,310.2,1,20.0,310.2,248.16,Card,New,2.0,5.0
140505,2025-09-09,Dubai,Electronics,1510.99,2,0.0,3021.98,3021.98,Cash On Delivery,New,2.0,4.0
110099,2024-06-17,Ajman,Electronics,2457.03,1,15.0,2457.03,2088.48,Card,New,3.0,5.0
127040,2025-02-25,Sharjah,Mobile Accessories,134.89,2,10.0,269.78,242.8,Card,Returning,1.0,4.5
131849,2025-09-05,Abu Dhabi,Electronics,3062.23,1,5.0,3062.23,2909.12,Cash On Delivery,Returning,3.0,4.4
112966,2024-04-08,Dubai,Electronics,1705.34,1,15.0,1705.34,1449.54,Card,New,3.0,3.5
149233,2025-12-28,Dubai,Fashion,74.92,3,5.0,224.76,213.52,Card,Returning,3.0,4.2
141746,2025-09-27,Sharjah,Electronics,1633.86,1,0.0,1633.86,1633.86,Card,Returning,2.0,5.0
126277,2025-02-13,Ras Al Khaimah,Electronics,1346.48,1,10.0,1346.48,1211.83,Cash On Delivery,Returning,2.0,4.1
141115,2025-09-18,Dubai,Fashion,579.39,2,0.0,1158.78,1158.78,Cash On Delivery,Returning,2.0,4.1
123853,2025-05-01,Sharjah,Groceries,153.05,1,0.0,153.05,153.05,Cash On Delivery,Returning,4.0,4.7
112427,2024-07-26,Dubai,Beauty & Personal Care,45.98,1,30.0,45.98,32.19,Card,Returning,3.0,3.3
148993,2025-12-25,Dubai,Electronics,3032.87,1,0.0,3032.87,3032.87,Wallet,Returning,4.0,3.9
147275,2025-12-01,Ajman,Mobile Accessories,124.11,1,0.0,124.11,124.11,Card,Returning,4.0,2.5
114808,2024-08-30,Dubai,Mobile Accessories,203.06,2,10.0,406.12,365.51,Card,New,2.0,4.2
115824,2024-09-13,Abu Dhabi,Fashion,505.43,1,0.0,505.43,505.43,Card,New,1.0,4.1
131370,2025-05-02,Dubai,Mobile Accessories,186.42,2,5.0,372.84,354.2,Cash On Delivery,Returning,1.0,4.2
149386,2025-12-30,Dubai,Mobile Accessories,62.98,1,30.0,62.98,44.09,Card,New,2.0,4.7
105821,2024-11-04,Abu Dhabi,Home & Kitchen,122.62,1,0.0,122.62,122.62,Cash On Delivery,New,2.0,4.5
124451,2025-01-14,Sharjah,Home & Kitchen,622.56,1,10.0,622.56,560.3,Cash On Delivery,Returning,1.0,4.2
145065,2025-11-12,Dubai,Groceries,75.3,2,0.0,150.6,150.6,Card,Returning,1.0,4.6
130966,2025-04-26,Dubai,Groceries,181.42,1,0.0,181.42,181.42,Card,Returning,1.0,4.0
115603,2024-09-08,Ras Al Khaimah,Beauty & Personal Care,178.85,1,5.0,178.85,169.91,Wallet,New,1.0,4.1
109155,2024-06-02,Abu Dhabi,Groceries,243.02,1,5.0,243.02,230.87,Card,Returning,1.0,4.9
102776,2024-02-17,Abu Dhabi,Beauty & Personal Care,298.32,1,0.0,298.32,298.32,Card,Returning,3.0,4.2
110976,2024-07-02,Dubai,Fashion,170.3,1,30.0,170.3,119.21,Card,Returning,3.0,3.5
101159,2024-01-20,Abu Dhabi,Fashion,522.95,2,0.0,1045.9,1045.9,Card,Returning,2.0,4.8
121638,2024-12-02,Dubai,Mobile Accessories,135.39,2,0.0,270.78,270.78,Card,Returning,1.0,5.0
149435,2025-12-31,Sharjah,Groceries,159.09,1,20.0,159.09,127.27,Cash On Delivery,Returning,4.0,3.5
135287,2025-06-30,Abu Dhabi,Home & Kitchen,850.83,2,0.0,1701.66,1701.66,Wallet,Returning,3.0,4.3
132609,2025-05-21,Abu Dhabi,Groceries,224.69,1,0.0,224.69,224.69,Wallet,Returning,4.0,4.8
116269,2024-09-20,Ajman,Beauty & Personal Care,42.99,2,5.0,85.98,81.68,Card,New,2.0,4.3
117624,2024-10-12,Abu Dhabi,Mobile Accessories,227.02,1,30.0,227.02,158.91,Wallet,Returning,2.0,2.9
119216,2024-07-11,Dubai,Mobile Accessories,210.11,1,0.0,210.11,210.11,Card,Returning,4.0,3.7
146341,2025-11-24,Ajman,Fashion,160.75,2,20.0,321.5,257.2,Card,Returning,4.0,4.7
104133,2024-12-03,Sharjah,Beauty & Personal Care,196.47,1,10.0,196.47,176.82,Card,Returning,1.0,4.6
132283,2025-05-16,Sharjah,Fashion,487.99,1,5.0,487.99,463.59,Cash On Delivery,New,3.0,4.1
141497,2025-09-24,Dubai,Fashion,153.5,1,20.0,153.5,122.8,Wallet,New,3.0,4.5
137596,2025-03-08,Ras Al Khaimah,Mobile Accessories,115.76,1,30.0,115.76,81.03,Cash On Delivery,Returning,2.0,4.2
109470,2024-07-06,Dubai,Electronics,2395.23,1,15.0,2395.23,2035.95,Cash On Delivery,New,2.0,5.0
121084,2024-11-27,Ras Al Khaimah,Home & Kitchen,589.89,1,10.0,589.89,530.9,Card,Returning,2.0,5.0
126492,2025-02-16,Ras Al Khaimah,Home & Kitchen,752.5,1,10.0,752.5,677.25,Cash On Delivery,Returning,2.0,5.0
136833,2025-07-23,Sharjah,Beauty & Personal Care,300.54,2,0.0,601.08,601.08,Card,New,2.0,5.0
136541,2025-07-18,Dubai,Electronics,2756.31,1,5.0,2756.31,2618.49,Card,Returning,2.0,4.7
110271,2024-06-21,Dubai,Mobile Accessories,235.92,1,10.0,235.92,212.33,Cash On Delivery,New,5.0,4.2
133448,2025-06-02,Dubai,Beauty & Personal Care,107.43,1,10.0,107.43,96.69,Card,New,1.0,4.4
134190,2025-06-13,Ajman,Home & Kitchen,307.47,1,5.0,307.47,292.1,Card,Returning,2.0,4.0
111639,2024-07-13,Ajman,Beauty & Personal Care,77.33,1,0.0,77.33,77.33,Cash On Delivery,New,2.0,4.9
126757,2025-02-21,Abu Dhabi,Fashion,380.18,2,0.0,760.36,760.36,Card,Returning,2.0,3.1
138318,2025-08-14,Sharjah,Fashion,50.4,1,0.0,50.4,50.4,Cash On Delivery,Returning,2.0,3.9
100177,2024-04-01,Dubai,Fashion,214.62,1,5.0,214.62,203.89,Cash On Delivery,New,4.0,5.0
112222,2024-07-23,Abu Dhabi,Beauty & Personal Care,367.16,1,5.0,367.16,348.8,Card,Returning,2.0,4.1
106037,2024-04-13,Ajman,Fashion,329.13,1,0.0,329.13,329.13,Card,Returning,2.0,4.5
126259,2025-02-13,Ajman,Beauty & Personal Care,133.22,2,5.0,266.44,253.12,Cash On Delivery,New,3.0,2.6
119133,2024-05-11,Sharjah,Home & Kitchen,195.4,1,5.0,195.4,185.63,Card,Returning,2.0,4.7
116506,2024-09-24,Ajman,Mobile Accessories,103.92,1,0.0,103.92,103.92,Wallet,Returning,4.0,3.0
117667,2024-10-12,Ajman,Groceries,78.07,2,30.0,156.14,109.3,Card,Returning,3.0,4.6
148768,2025-12-22,Abu Dhabi,Groceries,277.11,2,5.0,554.22,526.51,Card,Returning,2.0,3.9
134640,2025-06-20,Sharjah,Beauty & Personal Care,251.36,1,0.0,251.36,251.36,Card,Returning,2.0,4.0
135405,2025-07-02,Abu Dhabi,Home & Kitchen,600.44,1,15.0,600.44,510.37,Card,Returning,2.0,2.7
115537,2024-09-07,Dubai,Groceries,204.39,2,10.0,408.78,367.9,Wallet,New,4.0,3.6
123385,2024-12-29,Abu Dhabi,Home & Kitchen,216.06,1,0.0,216.06,216.06,Card,Returning,2.0,4.2
128325,2025-03-21,Dubai,Mobile Accessories,84.44,1,10.0,84.44,76.0,Card,Returning,3.0,5.0
125617,2025-02-02,Sharjah,Fashion,484.55,1,10.0,484.55,436.1,Wallet,Returning,2.0,3.6
128097,2025-03-17,Dubai,Beauty & Personal Care,221.22,1,5.0,221.22,210.16,Wallet,Returning,3.0,3.9
126398,2025-02-15,Dubai,Groceries,214.29,3,0.0,642.87,642.87,Card,Returning,2.0,3.9
116583,2024-09-25,Dubai,Electronics,770.76,1,15.0,770.76,655.15,Card,Returning,2.0,4.2
125055,2025-01-24,Abu Dhabi,Home & Kitchen,701.42,1,10.0,701.42,631.28,Card,Returning,4.0,3.1
106316,2024-04-15,Ras Al Khaimah,Fashion,440.53,2,5.0,881.06,837.01,Card,Returning,3.0,4.8
128612,2025-03-26,Dubai,Beauty & Personal Care,72.16,1,15.0,72.16,61.34,Cash On Delivery,Returning,3.0,4.2
139860,2025-09-01,Ajman,Fashion,287.61,1,5.0,287.61,273.23,Card,Returning,3.0,4.6
112989,2024-04-08,Dubai,Mobile Accessories,211.91,1,0.0,211.91,211.91,Card,New,3.0,4.0
119955,2024-11-18,Dubai,Fashion,175.97,1,30.0,175.97,123.18,Cash On Delivery,New,1.0,3.5
146326,2025-11-24,Dubai,Mobile Accessories,184.86,1,50.0,184.86,92.43,Cash On Delivery,Returning,1.0,4.6
146427,2025-11-25,Sharjah,Home & Kitchen,724.88,1,10.0,724.88,652.39,Card,New,2.0,4.4
106554,2024-04-19,Ajman,Fashion,436.61,3,10.0,1309.83,1178.85,Cash On Delivery,Returning,1.0,4.7
142994,2025-10-15,Dubai,Mobile Accessories,236.21,1,15.0,236.21,200.78,Cash On Delivery,Returning,2.0,4.9
118561,2024-10-27,Abu Dhabi,Groceries,168.42,1,10.0,168.42,151.58,Card,Returning,4.0,4.6
134432,2025-06-17,Dubai,Home & Kitchen,106.93,1,5.0,106.93,101.58,Wallet,Returning,3.0,4.4
105026,2024-03-30,Sharjah,Home & Kitchen,358.78,1,0.0,358.78,358.78,Card,Returning,1.0,3.5
108231,2024-05-17,Dubai,Fashion,150.54,1,10.0,150.54,135.49,Card,New,3.0,3.5
128237,2025-03-20,Dubai,Fashion,582.31,1,15.0,582.31,494.96,Card,Returning,2.0,5.0
115849,2024-09-13,Dubai,Beauty & Personal Care,193.43,1,5.0,193.43,183.76,Card,New,2.0,3.6
125050,2025-01-24,Dubai,Electronics,1232.94,1,5.0,1232.94,1171.29,Wallet,Returning,3.0,4.8
123831,2025-01-05,Dubai,Groceries,274.46,2,15.0,548.92,466.58,Wallet,New,1.0,4.2
126756,2025-02-21,Dubai,Fashion,365.36,1,5.0,365.36,347.09,Cash On Delivery,Returning,1.0,4.5
109118,2024-01-06,Sharjah,Fashion,190.92,2,10.0,381.84,343.66,Cash On Delivery,Returning,1.0,3.8
133073,2025-05-27,Abu Dhabi,Mobile Accessories,249.43,1,0.0,249.43,249.43,Wallet,Returning,2.0,3.7
135337,2025-06-30,Ras Al Khaimah,Groceries,238.85,1,10.0,238.85,214.96,Card,Returning,5.0,3.9
110765,2024-06-28,Dubai,Groceries,125.1,1,0.0,125.1,125.1,Card,Returning,2.0,3.3
131026,2025-04-27,Abu Dhabi,Groceries,238.54,2,0.0,477.08,477.08,Cash On Delivery,Returning,1.0,3.7
105714,2024-10-04,Ajman,Fashion,487.68,2,5.0,975.36,926.59,Card,Returning,2.0,4.8
133653,2025-05-06,Dubai,Beauty & Personal Care,137.97,1,10.0,137.97,124.17,Card,Returning,3.0,5.0
135143,2025-06-27,Ajman,Groceries,287.15,1,15.0,287.15,244.08,Card,Returning,4.0,4.9
117921,2024-10-17,Dubai,Fashion,362.5,1,0.0,362.5,362.5,Cash On Delivery,New,5.0,4.0
121798,2024-12-05,Sharjah,Home & Kitchen,278.7,2,30.0,557.4,390.18,Card,Returning,2.0,4.3
139723,2025-08-30,Ras Al Khaimah,Groceries,228.1,1,0.0,228.1,228.1,Card,Returning,3.0,4.1
133483,2025-06-03,Dubai,Electronics,810.34,1,5.0,810.34,769.82,Card,Returning,1.0,4.4
119522,2024-12-11,Dubai,Beauty & Personal Care,217.73,1,5.0,217.73,206.84,Card,New,1.0,4.5
134447,2025-06-17,Abu Dhabi,Fashion,258.77,1,0.0,258.77,258.77,Cash On Delivery,Returning,3.0,3.4
119839,2024-11-16,Abu Dhabi,Electronics,683.5,3,0.0,2050.5,2050.5,Card,Returning,1.0,4.2
113595,2024-08-14,Ras Al Khaimah,Fashion,54.2,1,0.0,54.2,54.2,Cash On Delivery,New,1.0,4.3
117395,2024-08-10,Abu Dhabi,Mobile Accessories,23.46,1,10.0,23.46,21.11,Card,New,4.0,3.9
134468,2025-06-17,Sharjah,Mobile Accessories,226.25,1,15.0,226.25,192.31,Cash On Delivery,Returning,2.0,3.8
139186,2025-08-24,Sharjah,Home & Kitchen,796.62,1,5.0,796.62,756.79,Card,New,2.0,5.0
128182,2025-03-19,Sharjah,Home & Kitchen,356.26,2,0.0,712.52,712.52,Card,New,2.0,3.2
123673,2025-01-03,Dubai,Fashion,85.45,2,5.0,170.9,162.35,Card,Returning,1.0,3.4
141932,2025-09-30,Abu Dhabi,Fashion,286.04,1,0.0,286.04,286.04,Cash On Delivery,New,2.0,4.8
136015,2025-11-07,Ras Al Khaimah,Home & Kitchen,148.31,2,20.0,296.62,237.3,Card,Returning,3.0,4.8
104715,2024-03-23,Ajman,Beauty & Personal Care,355.83,1,15.0,355.83,302.46,Wallet,New,3.0,4.1
120201,2024-11-22,Sharjah,Mobile Accessories,198.74,3,30.0,596.22,417.35,Card,New,2.0,3.5
102195,2024-08-02,Abu Dhabi,Mobile Accessories,195.53,1,10.0,195.53,175.98,Wallet,Returning,3.0,4.2
129594,2025-04-04,Ajman,Fashion,497.75,1,0.0,497.75,497.75,Card,Returning,2.0,3.1
112917,2024-08-03,Abu Dhabi,Mobile Accessories,90.22,1,0.0,90.22,90.22,Cash On Delivery,Returning,1.0,3.8
106530,2024-04-19,Dubai,Home & Kitchen,736.03,2,15.0,1472.06,1251.25,Cash On Delivery,Returning,2.0,4.2
138982,2025-08-22,Dubai,Mobile Accessories,93.93,2,0.0,187.86,187.86,Cash On Delivery,New,1.0,4.2
125244,2025-01-27,Ras Al Khaimah,Mobile Accessories,68.96,1,20.0,68.96,55.17,Cash On Delivery,Returning,2.0,3.1
140252,2025-09-05,Sharjah,Beauty & Personal Care,40.21,1,5.0,40.21,38.2,Cash On Delivery,Returning,2.0,5.0
103922,2024-03-08,Dubai,Groceries,111.13,1,10.0,111.13,100.02,Wallet,Returning,3.0,2.9
149106,2025-12-26,Dubai,Fashion,548.79,2,0.0,1097.58,1097.58,Cash On Delivery,New,3.0,3.0
104100,2024-03-11,Dubai,Fashion,467.28,2,5.0,934.56,887.83,Card,New,3.0,5.0
134122,2025-06-12,Abu Dhabi,Electronics,2345.0,1,0.0,2345.0,2345.0,Card,Returning,3.0,4.4
134293,2025-06-15,Dubai,Fashion,370.64,1,0.0,370.64,315.04,Card,Returning,3.0,4.4
110361,2024-06-22,Abu Dhabi,Electronics,2238.06,2,5.0,4476.12,4252.31,Card,Returning,2.0,4.5
123340,2024-12-28,Dubai,Home & Kitchen,280.32,1,15.0,280.32,238.27,Card,Returning,1.0,3.7
140612,2025-11-09,Dubai,Beauty & Personal Care,63.44,1,0.0,63.44,63.44,Card,Returning,3.0,3.2
101487,2024-01-26,Dubai,Beauty & Personal Care,298.63,1,20.0,298.63,238.9,Wallet,New,1.0,4.2
144535,2025-05-11,Sharjah,Home & Kitchen,420.34,1,30.0,420.34,294.24,Cash On Delivery,Returning,2.0,3.3
134803,2025-06-22,Dubai,Beauty & Personal Care,336.01,1,0.0,336.01,285.61,Card,Returning,4.0,4.3
126726,2025-02-20,Dubai,Fashion,211.01,1,15.0,211.01,179.36,Card,New,3.0,4.3
108656,2024-05-24,Dubai,Beauty & Personal Care,303.04,1,10.0,303.04,272.74,Wallet,New,2.0,4.5
102986,2024-02-20,Dubai,Groceries,78.93,1,5.0,78.93,74.98,Card,New,3.0,4.7
107476,2024-05-04,Dubai,Groceries,112.26,1,5.0,112.26,106.65,Card,Returning,3.0,3.9
145664,2025-11-21,Sharjah,Home & Kitchen,838.56,1,20.0,838.56,670.85,Card,Returning,4.0,4.4
119111,2024-11-05,Dubai,Beauty & Personal Care,233.33,1,0.0,233.33,233.33,Wallet,Returning,3.0,4.7
109418,2024-06-06,Dubai,Electronics,3338.97,1,20.0,3338.97,2671.18,Card,New,5.0,3.1
105302,2024-04-04,Sharjah,Home & Kitchen,109.19,1,10.0,109.19,98.27,Wallet,Returning,3.0,3.6
119304,2024-08-11,Ajman,Electronics,2197.17,2,10.0,4394.34,3954.91,Card,Returning,1.0,4.3
126447,2025-02-16,Dubai,Electronics,2000.94,2,0.0,4001.88,4001.88,Cash On Delivery,Returning,2.0,4.6
109644,2024-06-10,Dubai,Electronics,3406.51,1,15.0,3406.51,2895.53,Card,New,2.0,4.5
104616,2024-03-21,Dubai,Groceries,27.78,1,0.0,27.78,27.78,Card,New,3.0,4.0
102289,2024-02-09,Dubai,Mobile Accessories,31.24,2,5.0,62.48,59.36,Cash On Delivery,Returning,2.0,4.7
102224,2024-08-02,Ras Al Khaimah,Electronics,2858.97,1,0.0,2858.97,2858.97,Cash On Delivery,Returning,4.0,5.0
138387,2025-08-15,Dubai,Fashion,106.69,1,5.0,106.69,101.36,Card,New,3.0,3.6
130550,2025-04-19,Abu Dhabi,Home & Kitchen,353.42,1,0.0,353.42,353.42,Cash On Delivery,Returning,1.0,4.4
119767,2024-11-15,Sharjah,Fashion,140.66,1,30.0,140.66,98.46,Cash On Delivery,Returning,3.0,4.0
125441,2025-01-31,Dubai,Home & Kitchen,435.39,2,10.0,870.78,783.7,Card,Returning,5.0,4.9
120242,2024-11-22,Dubai,Home & Kitchen,534.95,1,40.0,534.95,320.97,Card,Returning,2.0,4.6
116650,2024-09-26,Dubai,Electronics,2214.95,1,0.0,2214.95,2214.95,Wallet,Returning,4.0,4.4
131308,2025-05-01,Dubai,Groceries,293.47,2,0.0,586.94,586.94,Cash On Delivery,Returning,4.0,3.0
143582,2025-10-24,Abu Dhabi,Beauty & Personal Care,259.49,1,0.0,259.49,259.49,Cash On Delivery,Returning,4.0,4.1
103073,2024-02-22,Sharjah,Beauty & Personal Care,339.46,1,0.0,339.46,339.46,Card,New,5.0,4.6
138724,2025-08-19,Sharjah,Mobile Accessories,70.0,1,10.0,70.0,63.0,Wallet,Returning,2.0,3.3
127318,2025-01-03,Abu Dhabi,Fashion,475.25,1,20.0,475.25,380.2,Wallet,Returning,2.0,3.5
107466,2024-05-04,Sharjah,Electronics,1442.94,1,10.0,1442.94,1298.65,Card,Returning,3.0,5.0
105696,2024-04-10,Sharjah,Electronics,2433.15,2,10.0,4866.3,4379.67,Card,Returning,1.0,4.9
117556,2024-11-10,Dubai,Beauty & Personal Care,73.58,1,20.0,73.58,58.86,Cash On Delivery,New,3.0,4.3
141392,2025-09-22,Abu Dhabi,Mobile Accessories,74.91,1,5.0,74.91,71.16,Cash On Delivery,Returning,3.0,4.5
145610,2025-11-21,Dubai,Electronics,1669.51,2,30.0,3339.02,2337.31,Wallet,Returning,2.0,4.9
127033,2025-02-25,Dubai,Home & Kitchen,360.06,1,0.0,360.06,360.06,Wallet,Returning,2.0,5.0
129756,2025-07-04,Dubai,Electronics,336.18,1,15.0,336.18,285.75,Cash On Delivery,Returning,2.0,3.7
145029,2025-11-12,Sharjah,Beauty & Personal Care,73.74,1,0.0,73.74,73.74,Cash On Delivery,New,2.0,3.5
113233,2024-08-09,Ras Al Khaimah,Home & Kitchen,517.1,2,0.0,1034.2,1034.2,Card,Returning,2.0,4.4
117294,2024-10-07,Ajman,Fashion,518.62,1,0.0,518.62,518.62,Card,Returning,2.0,4.8
130632,2025-04-21,Ras Al Khaimah,Home & Kitchen,166.85,2,10.0,333.7,300.33,Card,Returning,2.0,3.9
143751,2025-10-26,Dubai,Fashion,161.79,2,15.0,323.58,275.04,Card,Returning,3.0,4.3
123103,2024-12-25,Dubai,Beauty & Personal Care,302.07,1,20.0,302.07,241.66,Wallet,New,3.0,3.3
111458,2024-11-07,Dubai,Home & Kitchen,706.71,1,0.0,706.71,671.37,Card,Returning,1.0,3.6
147085,2025-11-29,Dubai,Beauty & Personal Care,99.55,1,0.0,99.55,99.55,Card,Returning,1.0,4.9
126459,2025-02-16,Abu Dhabi,Beauty & Personal Care,148.81,3,10.0,446.43,401.79,Cash On Delivery,Returning,6.0,4.9
133963,2025-10-06,Dubai,Electronics,1603.72,1,15.0,1603.72,1363.16,Card,New,2.0,4.2
131774,2025-05-08,Ras Al Khaimah,Electronics,1060.24,1,0.0,1060.24,1060.24,Cash On Delivery,New,1.0,3.8
122177,2024-10-12,Dubai,Fashion,510.66,1,0.0,510.66,510.66,Cash On Delivery,Returning,1.0,3.8
126148,2025-02-11,Ras Al Khaimah,Mobile Accessories,32.67,2,10.0,65.34,58.81,Wallet,New,5.0,3.5
106183,2024-04-14,Dubai,Home & Kitchen,400.51,1,0.0,400.51,340.43,Cash On Delivery,Returning,2.0,5.0
119327,2024-09-11,Dubai,Beauty & Personal Care,249.37,1,0.0,249.37,249.37,Cash On Delivery,New,3.0,4.2
138094,2025-08-10,Dubai,Beauty & Personal Care,314.3,2,5.0,628.6,597.17,Cash On Delivery,Returning,3.0,4.1
140344,2025-09-06,Dubai,Home & Kitchen,637.08,1,0.0,637.08,637.08,Card,New,4.0,4.2
106215,2024-04-14,Dubai,Electronics,798.39,1,0.0,798.39,798.39,Wallet,Returning,2.0,4.6
125313,2025-01-28,Dubai,Mobile Accessories,74.25,1,20.0,74.25,59.4,Cash On Delivery,Returning,2.0,4.2
138255,2025-08-13,Dubai,Fashion,491.53,2,5.0,983.06,933.91,Card,Returning,2.0,4.8
146387,2025-11-25,Sharjah,Electronics,1396.17,1,10.0,1396.17,1256.55,Card,New,1.0,4.8
123523,2024-12-31,Dubai,Fashion,260.99,2,0.0,521.98,521.98,Wallet,New,3.0,4.8
111374,2024-09-07,Ajman,Home & Kitchen,729.21,1,0.0,729.21,729.21,Card,Returning,3.0,3.3
112429,2024-07-26,Abu Dhabi,Fashion,255.43,1,0.0,255.43,255.43,Cash On Delivery,New,3.0,4.7
108486,2024-05-21,Sharjah,Groceries,118.83,1,20.0,118.83,95.06,Cash On Delivery,Returning,2.0,4.5
136383,2025-07-16,Dubai,Groceries,99.57,2,30.0,199.14,139.4,Card,Returning,3.0,4.4
118169,2024-10-20,Sharjah,Beauty & Personal Care,329.4,1,15.0,329.4,279.99,Wallet,Returning,2.0,4.2
117695,2024-10-13,Dubai,Home & Kitchen,387.14,1,0.0,387.14,367.78,Card,New,3.0,4.5
131544,2025-05-05,Ras Al Khaimah,Groceries,89.11,1,10.0,89.11,80.2,Cash On Delivery,Returning,2.0,4.2
121010,2024-11-27,Dubai,Mobile Accessories,208.18,1,20.0,208.18,166.54,Card,Returning,1.0,5.0
132736,2025-05-23,Ajman,Groceries,299.7,1,30.0,299.7,209.79,Card,Returning,1.0,4.6
128855,2025-03-30,Dubai,Fashion,434.48,2,10.0,868.96,782.06,Card,New,3.0,3.1
107387,2024-03-05,Sharjah,Mobile Accessories,103.22,1,0.0,103.22,103.22,Cash On Delivery,Returning,3.0,3.7
121167,2024-11-28,Dubai,Fashion,360.81,1,30.0,360.81,252.57,Cash On Delivery,New,2.0,5.0
107465,2024-04-05,Dubai,Groceries,114.41,2,0.0,228.82,228.82,Card,Returning,5.0,3.7
139871,2025-01-09,Abu Dhabi,Mobile Accessories,122.53,1,10.0,122.53,110.28,Card,Returning,2.0,3.8
128434,2025-03-23,Dubai,Groceries,240.41,2,5.0,480.82,456.78,Cash On Delivery,Returning,3.0,4.4
125072,2025-01-25,Dubai,Fashion,154.83,2,10.0,309.66,278.69,Cash On Delivery,Returning,1.0,4.1
118624,2024-10-28,Ras Al Khaimah,Mobile Accessories,62.58,3,0.0,187.74,187.74,Card,New,4.0,4.2
141792,2025-09-28,Dubai,Electronics,2295.35,1,5.0,2295.35,2180.58,Card,New,1.0,3.7
146695,2025-11-26,Abu Dhabi,Electronics,2136.06,1,30.0,2136.06,1495.24,Card,New,2.0,3.8
140654,2025-09-11,Dubai,Electronics,561.08,1,10.0,561.08,504.97,Card,New,3.0,3.1
142142,2025-03-10,Ras Al Khaimah,Groceries,40.53,2,5.0,81.06,77.01,Card,New,3.0,4.5
126425,2025-02-15,Ajman,Home & Kitchen,842.25,1,5.0,842.25,800.14,Cash On Delivery,New,3.0,4.4
114588,2024-08-27,Ajman,Fashion,46.47,1,0.0,46.47,46.47,Card,New,6.0,3.6
112353,2024-07-25,Dubai,Beauty & Personal Care,372.79,1,10.0,372.79,335.51,Cash On Delivery,New,1.0,4.5
102543,2024-02-13,Abu Dhabi,Groceries,219.42,1,10.0,219.42,197.48,Cash On Delivery,Returning,2.0,4.6
112641,2024-07-30,Abu Dhabi,Home & Kitchen,820.79,1,0.0,820.79,820.79,Card,New,3.0,3.7
127857,2025-03-13,Sharjah,Fashion,236.96,1,0.0,236.96,236.96,Card,Returning,1.0,4.2
133075,2025-05-28,Dubai,Beauty & Personal Care,216.06,1,0.0,216.06,216.06,Cash On Delivery,Returning,3.0,4.2
110331,2024-06-21,Dubai,Home & Kitchen,395.08,1,0.0,395.08,395.08,Card,Returning,3.0,5.0
138655,2025-08-18,Sharjah,Electronics,1340.98,2,10.0,2681.96,2413.76,Card,New,3.0,4.5
148572,2025-12-19,Abu Dhabi,Fashion,140.32,1,5.0,140.32,133.3,Card,Returning,2.0,4.9
130583,2025-04-20,Abu Dhabi,Electronics,1467.89,1,0.0,1467.89,1467.89,Card,Returning,2.0,4.5
123524,2024-12-31,Dubai,Mobile Accessories,64.91,1,5.0,64.91,61.66,Wallet,Returning,1.0,4.9
111076,2024-07-04,Abu Dhabi,Mobile Accessories,38.93,1,10.0,38.93,35.04,Card,Returning,2.0,3.5
119633,2024-11-14,Abu Dhabi,Beauty & Personal Care,235.1,1,20.0,235.1,188.08,Card,New,2.0,4.6
126966,2025-02-24,Dubai,Fashion,559.75,1,5.0,559.75,531.76,Cash On Delivery,Returning,3.0,3.1
102432,2024-11-02,Ras Al Khaimah,Home & Kitchen,509.51,1,0.0,509.51,509.51,Card,Returning,1.0,4.3
118339,2024-10-23,Ajman,Mobile Accessories,37.6,1,10.0,37.6,33.84,Cash On Delivery,Returning,3.0,5.0
117945,2024-10-17,Dubai,Mobile Accessories,86.14,3,20.0,258.42,206.74,Cash On Delivery,New,4.0,4.3
138508,2025-08-16,Dubai,Fashion,456.5,1,0.0,456.5,456.5,Card,Returning,4.0,2.6
136715,2025-07-21,Dubai,Fashion,418.26,1,15.0,418.26,355.52,Cash On Delivery,New,4.0,3.8
117485,2024-10-10,Dubai,Mobile Accessories,145.64,2,15.0,291.28,247.59,Card,Returning,3.0,4.5
120262,2024-11-22,Ajman,Electronics,609.16,2,10.0,1218.32,1096.49,Cash On Delivery,Returning,3.0,3.4
125927,2025-02-07,Dubai,Home & Kitchen,589.82,2,30.0,1179.64,825.75,Wallet,Returning,3.0,4.8
119177,2024-11-06,Dubai,Home & Kitchen,259.13,1,30.0,259.13,181.39,Card,Returning,3.0,5.0
134639,2025-06-20,Dubai,Mobile Accessories,79.59,1,0.0,79.59,79.59,Card,Returning,2.0,3.9
116899,2024-09-30,Dubai,Home & Kitchen,560.53,1,20.0,560.53,448.42,Card,Returning,2.0,4.1
122060,2024-08-12,Abu Dhabi,Beauty & Personal Care,371.92,1,10.0,371.92,334.73,Card,New,2.0,4.2
139076,2025-08-23,Abu Dhabi,Mobile Accessories,208.48,2,0.0,416.96,416.96,Wallet,Returning,2.0,5.0
101695,2024-01-30,Abu Dhabi,Fashion,253.66,1,20.0,253.66,202.93,Cash On Delivery,New,3.0,3.2
114906,2024-08-30,Dubai,Groceries,203.32,1,5.0,203.32,193.15,Card,Returning,3.0,4.1
106522,2024-04-19,Dubai,Beauty & Personal Care,221.1,2,0.0,442.2,442.2,Cash On Delivery,New,5.0,4.5
102017,2024-05-02,Abu Dhabi,Home & Kitchen,539.86,1,15.0,539.86,458.88,Cash On Delivery,Returning,3.0,3.4
136914,2025-07-24,Sharjah,Fashion,263.32,3,15.0,789.96,671.47,Card,Returning,5.0,3.5
124146,2025-01-10,Dubai,Electronics,1891.97,1,10.0,1891.97,1702.77,Cash On Delivery,Returning,3.0,3.5
146831,2025-11-27,Dubai,Electronics,1312.66,1,30.0,1312.66,918.86,Card,Returning,4.0,3.8
110541,2024-06-25,Dubai,Groceries,60.86,1,0.0,60.86,60.86,Wallet,Returning,2.0,3.6
132356,2025-05-17,Dubai,Groceries,91.96,3,0.0,275.88,275.88,Card,Returning,4.0,4.9
119672,2024-11-14,Sharjah,Mobile Accessories,41.55,2,0.0,83.1,83.1,Wallet,Returning,3.0,3.4
132513,2025-05-19,Dubai,Mobile Accessories,27.5,2,5.0,55.0,52.25,Cash On Delivery,New,4.0,3.8
137255,2025-07-29,Sharjah,Fashion,197.9,1,5.0,197.9,188.0,Wallet,Returning,3.0,3.5
120053,2024-11-20,Dubai,Mobile Accessories,248.86,2,5.0,497.72,472.83,Cash On Delivery,New,4.0,5.0
117976,2024-10-18,Sharjah,Groceries,289.15,2,0.0,578.3,578.3,Card,Returning,3.0,4.6
111047,2024-03-07,Sharjah,Electronics,2036.56,1,10.0,2036.56,1832.9,Card,Returning,2.0,4.7
112603,2024-07-29,Dubai,Electronics,2365.38,2,0.0,4730.76,4730.76,Card,Returning,4.0,5.0
132264,2025-05-16,Dubai,Beauty & Personal Care,173.86,1,10.0,173.86,156.47,Card,New,1.0,5.0
136519,2025-07-18,Ajman,Home & Kitchen,870.71,2,10.0,1741.42,1567.28,Card,New,2.0,4.2
146855,2025-11-27,Dubai,Beauty & Personal Care,171.14,2,20.0,342.28,273.82,Card,Returning,3.0,4.5
147561,2025-05-12,Dubai,Home & Kitchen,867.34,1,30.0,867.34,607.14,Card,Returning,2.0,4.0
136985,2025-07-25,Ras Al Khaimah,Groceries,25.53,1,5.0,25.53,24.25,Card,Returning,3.0,4.7
131164,2025-04-29,Sharjah,Home & Kitchen,811.32,1,0.0,811.32,811.32,Card,New,3.0,4.6
126812,2025-02-21,Ajman,Electronics,1981.6,1,10.0,1981.6,1783.44,Card,New,3.0,3.3
133573,2025-04-06,Dubai,Fashion,490.7,1,5.0,490.7,466.16,Wallet,Returning,3.0,2.8
122736,2024-12-19,Ajman,Groceries,99.24,1,10.0,99.24,89.32,Cash On Delivery,New,4.0,5.0
123286,2024-12-28,Abu Dhabi,Mobile Accessories,185.97,1,0.0,185.97,185.97,Card,Returning,2.0,4.5
100244,2024-05-01,Sharjah,Home & Kitchen,312.97,2,30.0,625.94,438.16,Card,Returning,3.0,4.2
148723,2025-12-21,Sharjah,Mobile Accessories,195.09,2,10.0,390.18,351.16,Cash On Delivery,New,2.0,4.2
111506,2024-07-12,Dubai,Fashion,118.4,1,20.0,118.4,94.72,Card,Returning,3.0,4.3
132946,2025-05-25,Abu Dhabi,Electronics,2266.98,1,10.0,2266.98,2040.28,Wallet,Returning,4.0,3.9
141536,2025-09-24,Ras Al Khaimah,Beauty & Personal Care,390.08,1,10.0,390.08,351.07,Cash On Delivery,New,3.0,3.8
110693,2024-06-27,Dubai,Groceries,118.87,1,0.0,118.87,118.87,Cash On Delivery,New,3.0,4.2
136533,2025-07-18,Dubai,Fashion,102.96,1,10.0,102.96,92.66,Wallet,Returning,4.0,5.0
126417,2025-02-15,Abu Dhabi,Mobile Accessories,92.06,1,20.0,92.06,73.65,Card,Returning,1.0,3.4
125037,2025-01-24,Dubai,Electronics,1483.31,1,0.0,1483.31,1483.31,Cash On Delivery,Returning,3.0,5.0
136710,2025-07-21,Dubai,Beauty & Personal Care,45.85,1,15.0,45.85,38.97,Cash On Delivery,New,1.0,4.9
128575,2025-03-26,Sharjah,Fashion,222.05,1,20.0,222.05,177.64,Card,Returning,3.0,4.5
107862,2024-11-05,Abu Dhabi,Mobile Accessories,68.36,1,10.0,68.36,61.52,Card,Returning,2.0,4.2
131649,2025-05-06,Dubai,Beauty & Personal Care,140.47,1,5.0,140.47,133.45,Card,New,5.0,3.9
145479,2025-11-18,Abu Dhabi,Home & Kitchen,798.17,1,10.0,798.17,718.35,Cash On Delivery,Returning,1.0,3.6
120816,2024-11-26,Dubai,Fashion,327.87,1,40.0,327.87,196.72,Card,New,2.0,2.3
119405,2024-10-11,Ras Al Khaimah,Beauty & Personal Care,221.11,1,0.0,221.11,221.11,Card,Returning,1.0,4.3
113697,2024-08-16,Ajman,Electronics,410.18,2,0.0,820.36,697.31,Cash On Delivery,Returning,1.0,3.9
123654,2025-01-02,Abu Dhabi,Mobile Accessories,215.58,1,0.0,215.58,215.58,Card,Returning,5.0,4.4
130454,2025-04-18,Abu Dhabi,Beauty & Personal Care,355.0,1,0.0,355.0,355.0,Cash On Delivery,Returning,1.0,4.0
120030,2024-11-20,Dubai,Fashion,441.01,1,0.0,441.01,441.01,Card,New,1.0,3.4
121211,2024-11-28,Sharjah,Home & Kitchen,634.3,2,40.0,1268.6,761.16,Cash On Delivery,New,4.0,4.8
116743,2024-09-28,Dubai,Home & Kitchen,844.0,1,5.0,844.0,801.8,Cash On Delivery,Returning,2.0,4.0
132821,2025-05-24,Ajman,Fashion,279.56,1,0.0,279.56,279.56,Card,Returning,4.0,4.7
146881,2025-11-28,Abu Dhabi,Fashion,546.84,1,20.0,546.84,437.47,Card,Returning,1.0,4.2
136090,2025-12-07,Dubai,Groceries,270.64,1,10.0,270.64,243.58,Card,Returning,1.0,4.0
138039,2025-09-08,Abu Dhabi,Fashion,599.89,1,5.0,599.89,569.9,Card,Returning,3.0,4.9
104854,2024-03-26,Dubai,Electronics,570.79,1,0.0,570.79,570.79,Card,Returning,3.0,4.2
131642,2025-06-05,Sharjah,Mobile Accessories,175.0,1,10.0,175.0,157.5,Card,Returning,1.0,4.3
106677,2024-04-22,Dubai,Home & Kitchen,831.51,1,10.0,831.51,748.36,Wallet,Returning,3.0,4.9
103060,2024-02-21,Dubai,Home & Kitchen,600.46,1,15.0,600.46,510.39,Cash On Delivery,Returning,3.0,3.9
106342,2024-04-16,Ras Al Khaimah,Fashion,417.54,1,0.0,417.54,417.54,Cash On Delivery,Returning,3.0,4.1
129181,2025-01-04,Dubai,Fashion,176.97,1,5.0,176.97,168.12,Card,New,1.0,3.2
114689,2024-08-28,Ras Al Khaimah,Groceries,181.52,1,15.0,181.52,154.29,Wallet,New,1.0,5.0
107525,2024-05-05,Sharjah,Mobile Accessories,192.0,1,5.0,192.0,182.4,Card,New,3.0,4.2
134088,2025-12-06,Dubai,Fashion,405.18,1,0.0,405.18,405.18,Wallet,Returning,2.0,4.2
135960,2025-07-10,Dubai,Groceries,212.41,1,10.0,212.41,191.17,Card,Returning,5.0,4.2
125456,2025-01-31,Abu Dhabi,Electronics,3300.28,1,15.0,3300.28,2805.24,Wallet,Returning,3.0,3.4
101994,2024-04-02,Dubai,Fashion,252.86,1,5.0,252.86,240.22,Card,Returning,2.0,4.2
123447,2024-12-30,Abu Dhabi,Groceries,49.13,1,20.0,49.13,39.3,Cash On Delivery,Returning,3.0,4.6
133070,2025-05-27,Ras Al Khaimah,Beauty & Personal Care,70.84,1,15.0,70.84,60.21,Card,New,3.0,2.7
135911,2025-09-07,Abu Dhabi,Electronics,1290.75,1,0.0,1290.75,1290.75,Cash On Delivery,Returning,2.0,5.0
125816,2025-05-02,Dubai,Electronics,3039.47,1,20.0,3039.47,2431.58,Wallet,Returning,3.0,4.4
143267,2025-10-19,Abu Dhabi,Fashion,145.43,1,0.0,145.43,145.43,Card,Returning,1.0,4.1
100659,2024-01-12,Ras Al Khaimah,Fashion,415.61,1,0.0,415.61,415.61,Cash On Delivery,Returning,2.0,4.2
114389,2024-08-24,Abu Dhabi,Electronics,2473.48,1,15.0,2473.48,2102.46,Card,Returning,2.0,3.3
138199,2025-08-12,Abu Dhabi,Electronics,1143.59,2,10.0,2287.18,2058.46,Cash On Delivery,Returning,3.0,2.9
125314,2025-01-28,Abu Dhabi,Mobile Accessories,134.54,1,0.0,134.54,134.54,Card,New,1.0,4.4
135784,2025-07-07,Dubai,Beauty & Personal Care,256.92,1,5.0,256.92,244.07,Card,Returning,3.0,4.1
145145,2025-11-14,Sharjah,Mobile Accessories,94.25,1,0.0,94.25,94.25,Wallet,Returning,1.0,3.7
146025,2025-11-22,Dubai,Electronics,2580.71,1,40.0,2580.71,1548.43,Card,Returning,3.0,5.0
148662,2025-12-20,Ras Al Khaimah,Mobile Accessories,100.98,1,5.0,100.98,95.93,Card,Returning,1.0,4.9
132165,2025-05-14,Dubai,Fashion,404.97,1,15.0,404.97,344.22,Card,Returning,4.0,4.5
128503,2025-03-24,Dubai,Mobile Accessories,145.35,1,0.0,145.35,145.35,Card,New,1.0,3.8
105862,2024-11-04,Dubai,Beauty & Personal Care,275.32,1,0.0,275.32,275.32,Card,New,1.0,4.5
118903,2024-01-11,Dubai,Electronics,524.88,1,15.0,524.88,446.15,Cash On Delivery,Returning,1.0,4.2
115539,2024-09-07,Ras Al Khaimah,Electronics,1584.61,1,15.0,1584.61,1346.92,Card,New,1.0,4.3
105144,2024-04-01,Sharjah,Fashion,59.34,1,0.0,59.34,59.34,Card,Returning,2.0,4.7
102909,2024-02-19,Dubai,Home & Kitchen,846.82,1,0.0,846.82,846.82,Card,New,2.0,3.6
109008,2024-05-31,Abu Dhabi,Fashion,574.06,1,0.0,574.06,574.06,Card,Returning,3.0,4.6
106711,2024-04-22,Ras Al Khaimah,Beauty & Personal Care,274.23,2,0.0,548.46,548.46,Card,New,2.0,5.0
148399,2025-12-17,Ras Al Khaimah,Home & Kitchen,761.46,1,0.0,761.46,761.46,Wallet,New,3.0,3.4
120428,2024-11-23,Abu Dhabi,Fashion,426.4,1,10.0,426.4,383.76,Card,New,3.0,5.0
108298,2024-05-18,Dubai,Home & Kitchen,873.49,1,0.0,873.49,873.49,Card,Returning,3.0,2.7
115993,2024-09-15,Abu Dhabi,Fashion,542.62,1,10.0,542.62,488.36,Wallet,Returning,2.0,3.2
123237,2024-12-27,Dubai,Beauty & Personal Care,151.71,1,0.0,151.71,151.71,Cash On Delivery,New,4.0,4.9
147743,2025-07-12,Abu Dhabi,Fashion,419.31,1,5.0,419.31,398.34,Card,New,3.0,3.5
130839,2025-04-24,Dubai,Electronics,1269.51,1,15.0,1269.51,1079.08,Cash On Delivery,New,3.0,3.8
109307,2024-06-04,Sharjah,Electronics,3127.24,1,0.0,3127.24,3127.24,Cash On Delivery,New,1.0,4.6
112873,2024-02-08,Dubai,Beauty & Personal Care,201.4,1,15.0,201.4,171.19,Card,Returning,3.0,3.4
139014,2025-08-22,Dubai,Home & Kitchen,264.02,1,0.0,264.02,264.02,Wallet,New,2.0,4.2
131451,2025-03-05,Dubai,Fashion,208.94,1,30.0,208.94,146.26,Cash On Delivery,New,5.0,4.0
123295,2024-12-28,Abu Dhabi,Home & Kitchen,497.56,2,15.0,995.12,845.85,Cash On Delivery,Returning,3.0,3.4
112013,2024-07-19,Sharjah,Beauty & Personal Care,141.56,1,5.0,141.56,134.48,Card,Returning,3.0,3.3
111580,2024-07-13,Dubai,Fashion,367.82,1,0.0,367.82,367.82,Cash On Delivery,New,4.0,4.8
114972,2024-08-31,Sharjah,Mobile Accessories,23.28,2,0.0,46.56,46.56,Card,Returning,2.0,4.2
132695,2025-05-22,Ras Al Khaimah,Home & Kitchen,341.69,1,0.0,341.69,341.69,Cash On Delivery,Returning,3.0,4.3
121937,2024-06-12,Dubai,Fashion,72.04,1,0.0,72.04,72.04,Card,Returning,1.0,3.8
113399,2024-11-08,Sharjah,Home & Kitchen,899.51,2,5.0,1799.02,1709.07,Card,Returning,5.0,3.2
146158,2025-11-23,Dubai,Beauty & Personal Care,228.44,2,40.0,456.88,274.13,Card,New,3.0,4.4
147769,2025-12-08,Dubai,Fashion,310.5,1,30.0,310.5,217.35,Cash On Delivery,Returning,1.0,4.4
112954,2024-04-08,Ajman,Home & Kitchen,191.13,1,15.0,191.13,162.46,Card,Returning,4.0,3.6
100370,2024-01-07,Dubai,Electronics,1396.46,2,0.0,2792.92,2792.92,Card,New,4.0,4.2
124229,2025-01-11,Dubai,Beauty & Personal Care,375.97,2,0.0,751.94,751.94,Wallet,Returning,2.0,4.2
100133,2024-03-01,Sharjah,Groceries,55.61,1,10.0,55.61,50.05,Cash On Delivery,New,3.0,2.8
117394,2024-10-08,Ajman,Electronics,2152.47,1,5.0,2152.47,2044.85,Card,New,2.0,3.9
114302,2024-08-23,Sharjah,Fashion,281.98,1,5.0,281.98,267.88,Wallet,Returning,3.0,4.1
132741,2025-05-23,Sharjah,Groceries,162.45,1,5.0,162.45,154.33,Cash On Delivery,Returning,4.0,3.6
131653,2025-06-05,Dubai,Fashion,580.45,1,20.0,580.45,464.36,Wallet,Returning,4.0,5.0
110422,2024-06-23,Abu Dhabi,Beauty & Personal Care,126.13,1,5.0,126.13,119.82,Card,New,3.0,5.0
134559,2025-06-19,Dubai,Fashion,504.28,1,0.0,504.28,504.28,Card,New,1.0,3.8
113145,2024-07-08,Abu Dhabi,Mobile Accessories,235.92,1,10.0,235.92,212.33,Card,Returning,4.0,5.0
120434,2024-11-23,Sharjah,Fashion,317.74,1,10.0,317.74,285.97,Card,Returning,3.0,4.8
106019,2024-12-04,Dubai,Groceries,230.03,1,10.0,230.03,207.03,Card,New,3.0,3.6
106604,2024-04-20,Dubai,Electronics,3247.52,1,20.0,3247.52,2598.02,Card,New,2.0,4.2
146020,2025-11-22,Ajman,Fashion,330.4,1,40.0,330.4,198.24,Cash On Delivery,Returning,2.0,5.0
115488,2024-07-09,Abu Dhabi,Fashion,375.45,1,10.0,375.45,337.9,Card,New,3.0,4.0
106540,2024-04-19,Ras Al Khaimah,Fashion,80.9,1,15.0,80.9,68.76,Card,Returning,3.0,3.8
106762,2024-04-23,Ajman,Fashion,455.18,1,0.0,455.18,455.18,Cash On Delivery,New,4.0,4.8
138176,2025-12-08,Sharjah,Electronics,972.62,1,0.0,972.62,972.62,Card,New,3.0,3.6
146309,2025-11-24,Dubai,Beauty & Personal Care,238.39,2,0.0,476.78,381.42,Cash On Delivery,Returning,4.0,3.7
123409,2024-12-29,Abu Dhabi,Groceries,74.32,1,5.0,74.32,70.6,Cash On Delivery,New,3.0,3.6
120137,2024-11-22,Abu Dhabi,Mobile Accessories,76.58,1,50.0,76.58,38.29,Card,New,4.0,3.1
101525,2024-01-27,Abu Dhabi,Electronics,3113.67,1,0.0,3113.67,3113.67,Cash On Delivery,New,2.0,3.1
122173,2024-12-10,Sharjah,Fashion,363.97,1,5.0,363.97,345.77,Wallet,New,1.0,4.1
126505,2025-02-16,Dubai,Home & Kitchen,320.28,2,0.0,640.56,640.56,Card,New,2.0,4.6
129958,2025-11-04,Abu Dhabi,Groceries,299.71,1,0.0,299.71,299.71,Card,Returning,3.0,4.2
144434,2025-03-11,Abu Dhabi,Beauty & Personal Care,260.44,1,10.0,260.44,234.4,Card,Returning,4.0,4.0
138733,2025-08-19,Dubai,Home & Kitchen,254.75,1,5.0,254.75,242.01,Card,New,1.0,3.2
127392,2025-03-03,Ajman,Home & Kitchen,252.07,1,20.0,252.07,201.66,Card,Returning,4.0,4.6
143158,2025-10-18,Ras Al Khaimah,Fashion,186.13,1,10.0,186.13,167.52,Cash On Delivery,New,3.0,4.1
129706,2025-04-06,Sharjah,Groceries,28.44,1,0.0,28.44,28.44,Card,Returning,2.0,4.8
100632,2024-01-12,Sharjah,Beauty & Personal Care,209.87,1,5.0,209.87,199.38,Cash On Delivery,Returning,2.0,2.7
147444,2025-03-12,Dubai,Fashion,503.92,1,5.0,503.92,478.72,Cash On Delivery,New,1.0,4.6
144055,2025-10-30,Sharjah,Electronics,2222.22,2,10.0,4444.44,4000.0,Card,New,1.0,4.5
104171,2024-03-13,Dubai,Electronics,1348.23,1,5.0,1348.23,1280.82,Card,Returning,3.0,4.3
128023,2025-03-16,Dubai,Mobile Accessories,141.31,1,20.0,141.31,113.05,Cash On Delivery,Returning,3.0,3.8
112490,2024-07-27,Sharjah,Beauty & Personal Care,278.73,1,15.0,278.73,236.92,Wallet,Returning,4.0,3.8
137097,2025-07-27,Ras Al Khaimah,Fashion,293.14,1,15.0,293.14,249.17,Card,New,4.0,4.3
145302,2025-11-16,Dubai,Home & Kitchen,477.54,1,10.0,477.54,429.79,Card,Returning,3.0,5.0
128622,2025-03-26,Ajman,Home & Kitchen,741.53,2,0.0,1483.06,1483.06,Card,New,3.0,5.0
139338,2025-08-26,Sharjah,Fashion,572.39,1,0.0,572.39,572.39,Card,New,4.0,4.8
131788,2025-09-05,Dubai,Mobile Accessories,141.04,1,10.0,141.04,126.94,Card,Returning,4.0,3.0
120224,2024-11-22,Dubai,Fashion,336.17,1,30.0,336.17,235.32,Wallet,Returning,2.0,4.1
117161,2024-10-05,Dubai,Home & Kitchen,140.23,1,5.0,140.23,133.22,Cash On Delivery,New,4.0,4.5
100997,2024-01-18,Dubai,Fashion,442.04,1,0.0,442.04,442.04,Card,Returning,2.0,3.3
120495,2024-11-23,Abu Dhabi,Beauty & Personal Care,111.07,2,40.0,222.14,133.28,Card,Returning,3.0,4.1
135025,2025-06-26,Ajman,Home & Kitchen,898.99,1,0.0,898.99,898.99,Cash On Delivery,Returning,2.0,4.5
121489,2024-11-30,Dubai,Electronics,2887.16,1,0.0,2887.16,2887.16,Card,Returning,2.0,4.5
110501,2024-06-24,Ras Al Khaimah,Electronics,1153.67,1,0.0,1153.67,1153.67,Card,Returning,2.0,4.2
148627,2025-12-20,Dubai,Electronics,2893.51,1,10.0,2893.51,2604.16,Cash On Delivery,Returning,4.0,4.4
122964,2024-12-23,Sharjah,Groceries,111.94,2,10.0,223.88,201.49,Cash On Delivery,Returning,2.0,4.3
122818,2024-12-20,Dubai,Groceries,117.1,1,0.0,117.1,117.1,Cash On Delivery,New,2.0,4.6
115972,2024-09-15,Dubai,Fashion,124.98,1,0.0,124.98,124.98,Cash On Delivery,Returning,1.0,4.6
105588,2024-04-09,Dubai,Home & Kitchen,722.08,1,0.0,722.08,722.08,Card,New,1.0,3.8
125788,2025-05-02,Ajman,Fashion,227.73,1,5.0,227.73,216.34,Card,Returning,3.0,4.9
103387,2024-02-27,Ajman,Fashion,437.32,1,0.0,437.32,437.32,Card,Returning,3.0,5.0
132096,2025-05-13,Dubai,Fashion,47.21,1,0.0,47.21,47.21,Cash On Delivery,Returning,2.0,3.3
127316,2025-01-03,Abu Dhabi,Beauty & Personal Care,355.8,2,15.0,711.6,604.86,Card,Returning,3.0,5.0
145994,2025-11-22,Abu Dhabi,Fashion,88.21,1,20.0,88.21,70.57,Wallet,New,3.0,5.0
134783,2025-06-22,Dubai,Mobile Accessories,88.93,2,15.0,177.86,151.18,Card,Returning,2.0,4.5
137490,2025-02-08,Dubai,Home & Kitchen,130.08,1,15.0,130.08,110.57,Cash On Delivery,New,3.0,3.5
107450,2024-05-04,Dubai,Beauty & Personal Care,303.4,1,0.0,303.4,303.4,Cash On Delivery,Returning,3.0,4.4
109594,2024-09-06,Dubai,Fashion,229.48,2,0.0,458.96,458.96,Card,New,2.0,5.0
109152,2024-02-06,Dubai,Beauty & Personal Care,358.12,1,0.0,358.12,358.12,Cash On Delivery,Returning,3.0,5.0
134523,2025-06-18,Sharjah,Beauty & Personal Care,158.76,2,5.0,317.52,301.64,Cash On Delivery,Returning,3.0,3.1
120399,2024-11-23,Abu Dhabi,Fashion,288.62,1,20.0,288.62,230.9,Card,Returning,2.0,5.0
143034,2025-10-16,Dubai,Mobile Accessories,216.11,1,10.0,216.11,194.5,Card,Returning,4.0,3.2
107129,2024-04-29,Sharjah,Home & Kitchen,169.88,2,0.0,339.76,339.76,Cash On Delivery,New,3.0,4.2
133729,2025-06-07,Dubai,Groceries,19.1,2,15.0,38.2,32.47,Wallet,Returning,4.0,4.8
133817,2025-06-08,Abu Dhabi,Groceries,182.05,3,0.0,546.15,546.15,Card,Returning,2.0,3.5
106693,2024-04-22,Dubai,Electronics,671.54,1,5.0,671.54,637.96,Cash On Delivery,Returning,2.0,4.3
131684,2025-05-07,Sharjah,Groceries,177.16,1,0.0,177.16,177.16,Card,Returning,2.0,4.8
134186,2025-06-13,Dubai,Fashion,340.05,1,30.0,340.05,238.04,Card,Returning,2.0,3.6
131364,2025-02-05,Dubai,Fashion,535.17,1,10.0,535.17,481.65,Wallet,Returning,2.0,5.0
101863,2024-02-02,Dubai,Fashion,65.1,2,30.0,130.2,91.14,Cash On Delivery,Returning,2.0,3.6
118040,2024-10-18,Dubai,Home & Kitchen,222.48,1,0.0,222.48,222.48,Wallet,New,4.0,4.9
149204,2025-12-28,Dubai,Electronics,1573.9,1,0.0,1573.9,1573.9,Card,New,2.0,3.3
126537,2025-02-17,Ras Al Khaimah,Beauty & Personal Care,288.86,1,10.0,288.86,259.97,Wallet,Returning,4.0,4.7
131253,2025-04-30,Ras Al Khaimah,Electronics,1962.46,1,5.0,1962.46,1864.34,Cash On Delivery,Returning,4.0,4.3
147034,2025-11-28,Sharjah,Fashion,185.66,1,10.0,185.66,167.09,Card,New,2.0,5.0
135581,2025-04-07,Dubai,Fashion,386.71,2,5.0,773.42,734.75,Card,Returning,1.0,4.5
101020,2024-01-18,Dubai,Fashion,561.0,1,0.0,561.0,561.0,Cash On Delivery,Returning,3.0,4.8
145855,2025-11-22,Abu Dhabi,Electronics,3473.23,1,30.0,3473.23,2431.26,Wallet,Returning,2.0,4.2
119787,2024-11-16,Sharjah,Groceries,193.45,1,30.0,193.45,135.42,Cash On Delivery,Returning,1.0,5.0
133747,2025-07-06,Abu Dhabi,Electronics,1646.29,2,10.0,3292.58,2963.32,Card,Returning,3.0,4.0
128933,2025-03-30,Ajman,Fashion,97.61,1,5.0,97.61,92.73,Cash On Delivery,Returning,1.0,3.8
109897,2024-06-14,Dubai,Beauty & Personal Care,41.3,1,5.0,41.3,39.23,Cash On Delivery,Returning,4.0,3.5
109191,2024-03-06,Dubai,Mobile Accessories,220.12,1,5.0,220.12,209.11,Card,New,3.0,5.0
126983,2025-02-24,Sharjah,Fashion,513.11,1,0.0,513.11,513.11,Card,Returning,1.0,2.9
107272,2024-05-01,Dubai,Electronics,832.35,1,15.0,832.35,707.5,Card,New,3.0,5.0
136343,2025-07-16,Ajman,Electronics,2221.16,2,15.0,4442.32,3775.97,Cash On Delivery,Returning,1.0,5.0
138101,2025-10-08,Sharjah,Mobile Accessories,65.36,1,10.0,65.36,58.82,Card,Returning,1.0,2.9
125277,2025-01-28,Dubai,Mobile Accessories,232.14,2,10.0,464.28,417.85,Cash On Delivery,Returning,2.0,4.3
124787,2025-01-20,Ajman,Fashion,542.3,1,0.0,542.3,542.3,Wallet,Returning,2.0,4.2
124339,2025-01-12,Abu Dhabi,Home & Kitchen,310.72,1,10.0,310.72,279.65,Wallet,Returning,3.0,4.4
144684,2025-07-11,Abu Dhabi,Electronics,1975.42,1,5.0,1975.42,1876.65,Cash On Delivery,New,2.0,4.4
123606,2025-01-02,Abu Dhabi,Groceries,194.43,1,5.0,194.43,184.71,Card,Returning,2.0,4.0
109378,2024-06-06,Abu Dhabi,Groceries,256.4,1,30.0,256.4,179.48,Cash On Delivery,New,5.0,4.2
135693,2025-06-07,Ras Al Khaimah,Groceries,45.65,1,0.0,45.65,31.96,Card,New,1.0,4.6
148150,2025-12-13,Abu Dhabi,Mobile Accessories,151.95,1,10.0,151.95,136.76,Wallet,Returning,3.0,4.5
122028,2024-08-12,Abu Dhabi,Mobile Accessories,26.99,1,20.0,26.99,21.59,Card,Returning,3.0,4.8
146002,2025-11-22,Dubai,Mobile Accessories,131.98,1,0.0,131.98,92.39,Card,Returning,2.0,4.2
128366,2025-03-22,Dubai,Home & Kitchen,460.02,1,0.0,460.02,460.02,Card,Returning,3.0,4.3
129857,2025-04-09,Ras Al Khaimah,Beauty & Personal Care,286.52,1,0.0,286.52,286.52,Card,Returning,1.0,3.0
119510,2024-12-11,Dubai,Electronics,3408.63,1,20.0,3408.63,2726.9,Card,Returning,1.0,3.1
134298,2025-06-15,Dubai,Mobile Accessories,228.72,1,5.0,228.72,217.28,Cash On Delivery,New,1.0,4.8
126866,2025-02-22,Dubai,Fashion,363.36,1,0.0,363.36,363.36,Wallet,Returning,2.0,4.8
121129,2024-11-28,Dubai,Fashion,332.09,1,20.0,332.09,265.67,Cash On Delivery,New,3.0,4.2
141225,2025-09-20,Dubai,Home & Kitchen,376.33,1,5.0,376.33,357.51,Wallet,New,2.0,3.5
145579,2025-11-20,Abu Dhabi,Electronics,2848.15,1,10.0,2848.15,2563.34,Cash On Delivery,New,3.0,5.0
118957,2024-11-02,Dubai,Beauty & Personal Care,330.25,1,10.0,330.25,297.23,Wallet,Returning,2.0,4.2
147509,2025-04-12,Ajman,Fashion,79.01,3,20.0,237.03,189.62,Wallet,New,2.0,5.0
116044,2024-09-16,Dubai,Mobile Accessories,249.39,1,15.0,249.39,211.98,Wallet,New,4.0,4.5
127036,2025-02-25,Abu Dhabi,Electronics,2541.8,1,5.0,2541.8,2414.71,Cash On Delivery,New,3.0,5.0
100685,2024-01-13,Dubai,Electronics,2715.78,2,0.0,5431.56,5431.56,Card,Returning,2.0,4.2
138950,2025-08-21,Dubai,Electronics,1235.11,1,5.0,1235.11,1173.35,Wallet,Returning,1.0,5.0
123518,2024-12-31,Dubai,Fashion,340.23,1,5.0,340.23,323.22,Card,Returning,3.0,3.8
118573,2024-10-27,Dubai,Home & Kitchen,403.04,1,20.0,403.04,322.43,Wallet,Returning,2.0,3.8
117005,2024-03-10,Abu Dhabi,Electronics,1202.96,1,0.0,1202.96,1202.96,Card,Returning,2.0,4.9
144953,2025-10-11,Sharjah,Beauty & Personal Care,56.13,1,5.0,56.13,53.32,Card,Returning,1.0,3.5
130921,2025-04-25,Ajman,Beauty & Personal Care,120.08,1,0.0,120.08,120.08,Card,New,3.0,2.7
120962,2024-11-27,Abu Dhabi,Electronics,968.25,1,20.0,968.25,774.6,Cash On Delivery,Returning,2.0,5.0
130075,2025-04-13,Sharjah,Fashion,263.83,1,5.0,263.83,250.64,Wallet,New,3.0,4.6
105752,2024-04-10,Ras Al Khaimah,Fashion,321.52,1,10.0,321.52,289.37,Cash On Delivery,Returning,1.0,4.0
106659,2024-04-22,Dubai,Beauty & Personal Care,397.42,2,0.0,794.84,794.84,Card,Returning,4.0,4.2
108108,2024-05-15,Dubai,Groceries,294.51,1,5.0,294.51,279.78,Wallet,New,3.0,4.0
110951,2024-02-07,Dubai,Fashion,398.13,1,20.0,398.13,318.5,Card,Returning,2.0,4.2
144108,2025-10-31,Dubai,Fashion,302.32,1,0.0,302.32,302.32,Cash On Delivery,Returning,4.0,3.8
139716,2025-08-30,Dubai,Mobile Accessories,223.1,1,0.0,223.1,223.1,Cash On Delivery,Returning,3.0,4.2
146749,2025-11-27,Dubai,Beauty & Personal Care,364.38,1,30.0,364.38,255.07,Wallet,Returning,1.0,4.5
142285,2025-04-10,Abu Dhabi,Beauty & Personal Care,116.96,1,5.0,116.96,111.11,Card,New,3.0,3.7
107475,2024-04-05,Abu Dhabi,Mobile Accessories,54.06,2,5.0,108.12,102.71,Wallet,New,5.0,5.0
135482,2025-03-07,Abu Dhabi,Home & Kitchen,60.28,1,20.0,60.28,48.22,Card,New,4.0,3.5
105413,2024-06-04,Ras Al Khaimah,Fashion,299.79,2,15.0,599.58,509.64,Card,New,2.0,4.8
109507,2024-06-08,Ajman,Mobile Accessories,81.23,1,0.0,81.23,81.23,Cash On Delivery,New,3.0,3.3
128164,2025-03-18,Sharjah,Groceries,115.48,1,0.0,115.48,115.48,Card,New,1.0,3.8
122963,2024-12-23,Ras Al Khaimah,Mobile Accessories,242.22,1,10.0,242.22,218.0,Card,New,2.0,4.3
123477,2024-12-31,Ras Al Khaimah,Fashion,162.19,2,0.0,324.38,324.38,Wallet,Returning,2.0,4.9
127126,2025-02-27,Dubai,Home & Kitchen,324.42,1,0.0,324.42,324.42,Card,New,2.0,4.5
135421,2025-02-07,Sharjah,Beauty & Personal Care,289.35,1,0.0,289.35,289.35,Card,Returning,3.0,4.3
118492,2024-10-25,Dubai,Fashion,537.81,2,0.0,1075.62,1075.62,Cash On Delivery,Returning,3.0,4.3
121645,2024-02-12,Abu Dhabi,Groceries,137.65,1,5.0,137.65,130.77,Card,New,3.0,5.0
139612,2025-08-29,Sharjah,Beauty & Personal Care,186.4,1,10.0,186.4,167.76,Card,New,4.0,3.7
118403,2024-10-24,Abu Dhabi,Electronics,346.38,2,30.0,692.76,484.93,Cash On Delivery,New,3.0,4.6
107991,2024-05-14,Abu Dhabi,Mobile Accessories,178.19,1,10.0,178.19,160.37,Wallet,Returning,3.0,3.9
114986,2024-08-31,Abu Dhabi,Electronics,983.77,1,15.0,983.77,836.2,Cash On Delivery,Returning,2.0,5.0
132312,2025-05-16,Dubai,Fashion,115.44,1,10.0,115.44,103.9,Cash On Delivery,Returning,4.0,3.5
107853,2024-11-05,Abu Dhabi,Mobile Accessories,137.22,1,0.0,137.22,137.22,Card,Returning,2.0,4.1
121994,2024-07-12,Sharjah,Beauty & Personal Care,394.35,1,0.0,394.35,394.35,Wallet,Returning,2.0,5.0
145316,2025-11-16,Dubai,Electronics,1347.04,2,0.0,2694.08,2694.08,Card,New,2.0,3.8
114765,2024-08-29,Dubai,Electronics,2795.42,3,10.0,8386.26,7547.63,Card,New,1.0,5.0
137945,2025-08-08,Dubai,Mobile Accessories,201.8,1,0.0,201.8,201.8,Wallet,New,6.0,3.8
125782,2025-05-02,Sharjah,Home & Kitchen,898.26,1,0.0,898.26,898.26,Wallet,New,1.0,4.4
101982,2024-04-02,Sharjah,Fashion,154.61,1,0.0,154.61,154.61,Card,Returning,2.0,4.5
123420,2024-12-30,Dubai,Electronics,1384.05,1,20.0,1384.05,1107.24,Cash On Delivery,Returning,2.0,4.8
102829,2024-02-17,Abu Dhabi,Home & Kitchen,480.65,1,15.0,480.65,408.55,Wallet,Returning,2.0,4.7
133204,2025-05-30,Abu Dhabi,Mobile Accessories,30.54,1,5.0,30.54,29.01,Cash On Delivery,Returning,4.0,3.6
119471,2024-11-11,Abu Dhabi,Beauty & Personal Care,154.87,1,10.0,154.87,139.38,Cash On Delivery,New,1.0,4.9
143965,2025-10-29,Sharjah,Fashion,95.29,1,0.0,95.29,95.29,Card,New,2.0,3.7
128438,2025-03-23,Dubai,Home & Kitchen,628.48,2,0.0,1256.96,1256.96,Card,Returning,2.0,4.9
125067,2025-01-24,Dubai,Mobile Accessories,108.42,1,0.0,108.42,108.42,Wallet,Returning,4.0,4.2
105641,2024-09-04,Ras Al Khaimah,Home & Kitchen,574.08,1,10.0,574.08,516.67,Card,Returning,4.0,3.9
106929,2024-04-26,Abu Dhabi,Fashion,448.55,2,0.0,897.1,897.1,Wallet,Returning,1.0,4.2
145975,2025-11-22,Ras Al Khaimah,Electronics,3044.43,1,30.0,3044.43,2131.1,Card,Returning,2.0,2.2
114535,2024-08-26,Dubai,Home & Kitchen,381.07,1,20.0,381.07,304.86,Wallet,New,1.0,4.7
105492,2024-04-07,Dubai,Electronics,361.14,2,0.0,722.28,722.28,Card,New,4.0,4.5
131829,2025-09-05,Ajman,Electronics,661.35,1,5.0,661.35,628.28,Cash On Delivery,Returning,2.0,5.0
112204,2024-07-22,Abu Dhabi,Beauty & Personal Care,392.45,1,15.0,392.45,333.58,Cash On Delivery,Returning,3.0,4.1
107675,2024-08-05,Abu Dhabi,Electronics,2728.84,1,10.0,2728.84,2455.96,Wallet,New,3.0,4.8
116524,2024-09-24,Abu Dhabi,Home & Kitchen,256.02,1,5.0,256.02,243.22,Cash On Delivery,Returning,5.0,5.0
105474,2024-04-07,Dubai,Fashion,56.34,1,0.0,56.34,56.34,Card,Returning,2.0,3.9
132898,2025-05-25,Dubai,Groceries,242.34,2,5.0,484.68,460.45,Card,Returning,3.0,4.2
134985,2025-06-25,Abu Dhabi,Home & Kitchen,848.75,1,0.0,848.75,848.75,Cash On Delivery,New,1.0,5.0
118517,2024-10-26,Ajman,Groceries,213.25,2,0.0,426.5,426.5,Card,Returning,2.0,2.6
110913,2024-01-07,Dubai,Fashion,481.56,2,5.0,963.12,914.96,Wallet,Returning,5.0,4.2
128110,2025-03-17,Sharjah,Home & Kitchen,864.85,2,5.0,1729.7,1643.22,Wallet,New,4.0,4.3
126971,2025-02-24,Dubai,Home & Kitchen,889.13,2,30.0,1778.26,1244.78,Wallet,New,1.0,3.8
117406,2024-09-10,Abu Dhabi,Electronics,3188.56,2,5.0,6377.12,6058.26,Wallet,Returning,3.0,3.5
136058,2025-11-07,Dubai,Groceries,255.05,1,15.0,255.05,216.79,Card,Returning,1.0,3.3
133977,2025-10-06,Ras Al Khaimah,Mobile Accessories,103.39,1,0.0,103.39,103.39,Cash On Delivery,New,2.0,4.6
107722,2024-05-09,Dubai,Fashion,212.26,1,30.0,212.26,148.58,Cash On Delivery,New,1.0,4.2
137260,2025-07-29,Abu Dhabi,Electronics,1698.33,1,15.0,1698.33,1443.58,Wallet,Returning,3.0,3.7
142779,2025-11-10,Sharjah,Mobile Accessories,129.52,2,10.0,259.04,233.14,Cash On Delivery,Returning,3.0,3.1
104994,2024-03-29,Sharjah,Groceries,209.67,1,0.0,209.67,209.67,Card,New,1.0,4.9
137848,2025-07-08,Dubai,Mobile Accessories,39.0,1,20.0,39.0,31.2,Card,Returning,2.0,4.8
107184,2024-04-30,Abu Dhabi,Electronics,2650.89,1,0.0,2650.89,2650.89,Card,Returning,3.0,4.0
116301,2024-09-20,Dubai,Mobile Accessories,46.44,1,10.0,46.44,41.8,Card,Returning,2.0,3.9
125686,2025-02-03,Dubai,Fashion,509.46,2,5.0,1018.92,967.97,Card,New,1.0,4.6
132862,2025-05-24,Sharjah,Electronics,2747.32,1,0.0,2747.32,2747.32,Card,Returning,2.0,5.0
124489,2025-01-15,Abu Dhabi,Fashion,558.14,1,0.0,558.14,558.14,Cash On Delivery,New,3.0,3.3
121399,2024-11-29,Abu Dhabi,Home & Kitchen,718.92,1,30.0,718.92,503.24,Cash On Delivery,Returning,3.0,3.7
149424,2025-12-31,Dubai,Mobile Accessories,84.01,1,0.0,84.01,84.01,Card,New,2.0,4.5
104484,2024-03-19,Abu Dhabi,Beauty & Personal Care,78.72,1,10.0,78.72,70.85,Cash On Delivery,New,3.0,3.3
131000,2025-04-26,Abu Dhabi,Mobile Accessories,84.39,1,20.0,84.39,67.51,Card,Returning,4.0,4.4
120025,2024-11-20,Sharjah,Beauty & Personal Care,56.69,1,0.0,56.69,56.69,Cash On Delivery,Returning,1.0,3.4
100803,2024-01-15,Dubai,Fashion,92.45,1,10.0,92.45,83.2,Card,Returning,3.0,3.1
109502,2024-06-07,Abu Dhabi,Fashion,226.94,1,5.0,226.94,215.59,Card,New,2.0,3.0
143233,2025-10-18,Dubai,Mobile Accessories,86.39,2,20.0,172.78,138.22,Card,Returning,3.0,4.2
100765,2024-01-14,Ajman,Beauty & Personal Care,95.93,1,0.0,95.93,95.93,Wallet,Returning,1.0,3.7
144877,2025-11-09,Dubai,Electronics,1359.92,2,15.0,2719.84,2311.86,Card,New,5.0,4.1
101813,2024-02-02,Ras Al Khaimah,Groceries,265.41,1,5.0,265.41,252.14,Card,Returning,4.0,4.8
134021,2025-06-11,Abu Dhabi,Fashion,461.91,1,0.0,461.91,461.91,Card,New,3.0,5.0
140209,2025-05-09,Dubai,Home & Kitchen,235.11,1,5.0,235.11,223.35,Cash On Delivery,New,2.0,4.2
144753,2025-11-08,Dubai,Fashion,53.67,1,15.0,53.67,45.62,Cash On Delivery,Returning,4.0,4.0
119322,2024-08-11,Abu Dhabi,Fashion,76.12,2,15.0,152.24,129.4,Card,Returning,3.0,4.4
145720,2025-11-21,Sharjah,Groceries,123.38,1,20.0,123.38,98.7,Cash On Delivery,New,3.0,3.7
141110,2025-09-18,Abu Dhabi,Fashion,198.32,1,0.0,198.32,198.32,Cash On Delivery,New,4.0,3.9
143399,2025-10-21,Sharjah,Fashion,51.11,1,10.0,51.11,46.0,Cash On Delivery,Returning,3.0,3.3
145625,2025-11-21,Sharjah,Electronics,901.64,1,20.0,901.64,721.31,Card,Returning,2.0,3.7
119684,2024-11-14,Dubai,Mobile Accessories,141.58,1,5.0,141.58,134.5,Card,New,1.0,4.7
114651,2024-08-27,Dubai,Groceries,278.52,1,20.0,278.52,222.82,Card,New,2.0,4.1
143004,2025-10-15,Dubai,Electronics,3077.55,1,0.0,3077.55,3077.55,Cash On Delivery,Returning,2.0,4.1
134090,2025-12-06,Dubai,Mobile Accessories,240.85,1,0.0,240.85,240.85,Cash On Delivery,New,2.0,4.0
135678,2025-07-06,Abu Dhabi,Mobile Accessories,112.39,1,5.0,112.39,106.77,Card,Returning,3.0,3.7
122919,2024-12-22,Sharjah,Fashion,338.77,1,20.0,338.77,271.02,Card,Returning,2.0,4.5
144328,2025-02-11,Dubai,Beauty & Personal Care,365.69,1,10.0,365.69,329.12,Card,Returning,2.0,3.5
127152,2025-02-27,Ras Al Khaimah,Groceries,23.17,1,15.0,23.17,19.69,Card,Returning,3.0,4.1
121987,2024-07-12,Abu Dhabi,Fashion,97.41,1,0.0,97.41,97.41,Card,Returning,1.0,4.2
131296,2025-05-01,Dubai,Fashion,536.28,1,15.0,536.28,455.84,Wallet,New,2.0,3.2
102727,2024-02-16,Dubai,Beauty & Personal Care,152.4,1,15.0,152.4,129.54,Card,Returning,4.0,5.0
143675,2025-10-25,Ras Al Khaimah,Groceries,227.91,1,0.0,227.91,227.91,Card,Returning,2.0,4.5
137776,2025-06-08,Dubai,Mobile Accessories,224.87,1,0.0,224.87,224.87,Cash On Delivery,New,3.0,3.8
115258,2024-09-04,Sharjah,Mobile Accessories,242.71,1,0.0,242.71,242.71,Card,Returning,3.0,3.5
147252,2025-01-12,Dubai,Home & Kitchen,358.8,1,0.0,358.8,304.98,Card,New,3.0,4.1
140876,2025-09-15,Dubai,Beauty & Personal Care,215.3,1,0.0,215.3,215.3,Card,New,4.0,3.6
126641,2025-02-19,Dubai,Mobile Accessories,79.5,3,5.0,238.5,226.58,Card,Returning,5.0,4.5
134453,2025-06-17,Abu Dhabi,Electronics,1097.64,2,10.0,2195.28,1975.75,Card,Returning,3.0,4.0
147471,2025-04-12,Dubai,Fashion,213.63,1,0.0,213.63,213.63,Card,Returning,2.0,5.0
124663,2025-01-17,Dubai,Groceries,205.32,2,0.0,410.64,410.64,Cash On Delivery,Returning,1.0,2.9
108737,2024-05-25,Abu Dhabi,Fashion,90.72,1,20.0,90.72,72.58,Cash On Delivery,Returning,1.0,4.2
115802,2024-09-12,Dubai,Beauty & Personal Care,153.25,1,10.0,153.25,137.93,Card,Returning,4.0,4.9
147299,2025-12-01,Sharjah,Fashion,394.13,1,5.0,394.13,374.42,Cash On Delivery,Returning,1.0,3.9
131857,2025-05-10,Sharjah,Mobile Accessories,123.73,2,10.0,247.46,222.71,Card,New,2.0,4.4
139392,2025-08-27,Ajman,Fashion,274.44,1,15.0,274.44,233.27,Card,New,3.0,4.6
125608,2025-02-02,Dubai,Beauty & Personal Care,266.65,1,0.0,266.65,266.65,Wallet,New,5.0,5.0
125415,2025-01-30,Abu Dhabi,Beauty & Personal Care,133.18,1,20.0,133.18,106.54,Cash On Delivery,New,2.0,2.9
149179,2025-12-27,Sharjah,Mobile Accessories,221.51,1,20.0,221.51,177.21,Card,New,3.0,4.9
146199,2025-11-23,Ras Al Khaimah,Beauty & Personal Care,355.72,2,0.0,711.44,426.86,Cash On Delivery,Returning,3.0,3.7
120700,2024-11-25,Dubai,Fashion,233.4,1,40.0,233.4,140.04,Cash On Delivery,New,4.0,3.9
106080,2024-04-13,Sharjah,Groceries,167.96,1,10.0,167.96,151.16,Cash On Delivery,Returning,4.0,4.3
141020,2025-09-17,Abu Dhabi,Electronics,2816.88,1,10.0,2816.88,2535.19,Cash On Delivery,New,3.0,5.0
149287,2025-12-29,Abu Dhabi,Groceries,190.17,1,0.0,190.17,190.17,Card,Returning,2.0,3.4
140890,2025-09-15,Dubai,Electronics,1157.67,1,30.0,1157.67,810.37,Card,New,3.0,3.2
126778,2025-02-21,Dubai,Mobile Accessories,52.26,3,10.0,156.78,141.1,Cash On Delivery,New,1.0,4.6
148926,2025-12-24,Sharjah,Fashion,443.55,1,10.0,443.55,399.2,Cash On Delivery,New,2.0,4.2
121695,2024-03-12,Dubai,Electronics,2427.56,2,15.0,4855.12,4126.85,Wallet,New,2.0,4.0
142557,2025-09-10,Sharjah,Groceries,86.44,1,30.0,86.44,60.51,Cash On Delivery,Returning,1.0,4.4
123597,2025-02-01,Dubai,Fashion,172.05,1,30.0,172.05,120.44,Card,Returning,2.0,4.2
114897,2024-08-30,Sharjah,Mobile Accessories,177.13,1,10.0,177.13,159.42,Card,New,1.0,5.0
100655,2024-01-12,Dubai,Home & Kitchen,267.32,1,15.0,267.32,227.22,Cash On Delivery,Returning,3.0,4.9
147154,2025-11-30,Dubai,Beauty & Personal Care,35.75,1,15.0,35.75,30.39,Card,New,1.0,5.0
143077,2025-10-17,Dubai,Groceries,221.08,1,10.0,221.08,198.97,Wallet,Returning,1.0,3.7
112808,2024-02-08,Abu Dhabi,Fashion,236.49,1,20.0,236.49,189.19,Card,Returning,2.0,3.7
138614,2025-08-17,Dubai,Fashion,501.38,1,10.0,501.38,451.24,Card,New,3.0,3.9
122803,2024-12-20,Sharjah,Electronics,1350.5,1,10.0,1350.5,1215.45,Wallet,Returning,4.0,4.2
121972,2024-12-07,Ras Al Khaimah,Mobile Accessories,157.75,1,15.0,157.75,134.09,Wallet,New,3.0,4.6
140880,2025-09-15,Dubai,Electronics,3201.93,1,15.0,3201.93,2721.64,Card,Returning,4.0,4.4
101545,2024-01-27,Sharjah,Electronics,1924.59,1,10.0,1924.59,1732.13,Card,Returning,2.0,5.0
108756,2024-05-26,Ras Al Khaimah,Electronics,1129.96,2,0.0,2259.92,2033.93,Card,Returning,2.0,3.0
113891,2024-08-18,Ras Al Khaimah,Mobile Accessories,97.34,2,0.0,194.68,194.68,Card,Returning,3.0,3.8
116327,2024-09-21,Abu Dhabi,Electronics,3255.89,1,0.0,3255.89,3255.89,Card,New,3.0,3.6
110156,2024-06-18,Dubai,Fashion,457.18,1,0.0,457.18,457.18,Wallet,New,1.0,3.8
110404,2024-06-23,Dubai,Electronics,2663.45,3,30.0,7990.35,5593.24,Wallet,Returning,4.0,3.9
111431,2024-10-07,Sharjah,Electronics,466.43,2,15.0,932.86,792.93,Cash On Delivery,New,1.0,5.0
134600,2025-06-20,Abu Dhabi,Groceries,222.94,1,0.0,222.94,222.94,Card,Returning,2.0,3.5
102023,2024-05-02,Abu Dhabi,Beauty & Personal Care,72.45,1,30.0,72.45,50.72,Cash On Delivery,Returning,1.0,3.2
123492,2024-12-31,Dubai,Electronics,3355.74,1,10.0,3355.74,3020.17,Cash On Delivery,Returning,2.0,4.2
107368,2024-05-03,Ras Al Khaimah,Beauty & Personal Care,399.94,2,0.0,799.88,799.88,Card,Returning,3.0,4.2
134890,2025-06-23,Dubai,Fashion,268.09,1,5.0,268.09,254.69,Card,New,4.0,4.5
126037,2025-09-02,Dubai,Electronics,685.4,1,0.0,685.4,685.4,Cash On Delivery,New,1.0,4.3
131151,2025-04-28,Ajman,Fashion,557.04,2,0.0,1114.08,1114.08,Card,Returning,1.0,4.3
120551,2024-11-24,Dubai,Beauty & Personal Care,328.34,1,10.0,328.34,295.51,Cash On Delivery,Returning,4.0,3.8
109074,2024-06-01,Dubai,Home & Kitchen,125.58,1,0.0,125.58,125.58,Card,Returning,5.0,4.2
115815,2024-12-09,Sharjah,Groceries,209.61,1,0.0,209.61,209.61,Cash On Delivery,New,4.0,4.2
137836,2025-08-07,Dubai,Electronics,1701.55,1,0.0,1701.55,1701.55,Cash On Delivery,Returning,2.0,4.5
124362,2025-01-13,Dubai,Electronics,832.56,1,5.0,832.56,790.93,Wallet,Returning,2.0,3.6
105621,2024-04-09,Dubai,Fashion,309.55,3,0.0,928.65,928.65,Wallet,Returning,2.0,4.3
133245,2025-05-30,Dubai,Fashion,194.95,1,0.0,194.95,194.95,Card,New,4.0,4.6
123391,2024-12-29,Dubai,Mobile Accessories,165.99,2,0.0,331.98,331.98,Card,Returning,4.0,4.5
136543,2025-07-18,Abu Dhabi,Home & Kitchen,519.01,1,10.0,519.01,467.11,Card,Returning,3.0,3.2
122551,2024-12-16,Dubai,Electronics,2102.49,1,0.0,2102.49,2102.49,Card,Returning,2.0,4.3
124996,2025-01-23,Abu Dhabi,Electronics,1977.01,2,10.0,3954.02,3558.62,Card,New,4.0,4.4
113576,2024-08-14,Ajman,Fashion,128.66,1,20.0,128.66,102.93,Card,Returning,3.0,4.2
119782,2024-11-16,Dubai,Home & Kitchen,655.42,1,10.0,655.42,589.88,Card,New,2.0,4.8
135637,2025-07-05,Dubai,Beauty & Personal Care,368.9,1,30.0,368.9,258.23,Card,New,3.0,4.5
103458,2024-02-29,Dubai,Mobile Accessories,120.74,1,0.0,120.74,120.74,Cash On Delivery,Returning,1.0,3.4
145636,2025-11-21,Dubai,Fashion,87.05,1,40.0,87.05,52.23,Cash On Delivery,Returning,2.0,4.0
147440,2025-03-12,Ajman,Home & Kitchen,803.34,1,5.0,803.34,763.17,Wallet,New,2.0,4.7
121712,2024-03-12,Dubai,Fashion,312.05,1,0.0,312.05,312.05,Cash On Delivery,New,1.0,4.5
148137,2025-12-13,Dubai,Mobile Accessories,149.7,2,0.0,299.4,299.4,Card,New,4.0,3.1
142188,2025-03-10,Dubai,Electronics,918.0,1,0.0,918.0,918.0,Card,Returning,1.0,2.8
124276,2025-01-11,Abu Dhabi,Fashion,595.07,1,15.0,595.07,505.81,Card,Returning,3.0,3.9
142336,2025-05-10,Sharjah,Home & Kitchen,841.56,1,30.0,841.56,589.09,Wallet,Returning,4.0,4.8
115296,2024-04-09,Ajman,Home & Kitchen,72.31,1,0.0,72.31,68.69,Wallet,Returning,3.0,3.7
128519,2025-03-25,Dubai,Fashion,170.91,1,10.0,170.91,153.82,Wallet,Returning,1.0,3.0
114496,2024-08-25,Sharjah,Electronics,1324.49,1,10.0,1324.49,1192.04,Card,New,3.0,4.2
127230,2025-02-28,Dubai,Electronics,3411.58,1,5.0,3411.58,3241.0,Card,Returning,1.0,4.9
136446,2025-07-17,Dubai,Fashion,521.59,1,5.0,521.59,495.51,Card,New,3.0,3.9
101566,2024-01-27,Dubai,Mobile Accessories,178.33,1,15.0,178.33,151.58,Cash On Delivery,New,2.0,4.7
108998,2024-05-30,Dubai,Home & Kitchen,129.76,1,0.0,129.76,129.76,Card,Returning,1.0,3.4
103264,2024-02-25,Dubai,Groceries,228.24,1,0.0,228.24,228.24,Card,Returning,2.0,4.0
101396,2024-01-25,Dubai,Home & Kitchen,800.39,1,15.0,800.39,680.33,Card,New,2.0,4.1
108926,2024-05-29,Sharjah,Beauty & Personal Care,173.74,1,0.0,173.74,173.74,Card,New,1.0,4.3
117449,2024-09-10,Dubai,Mobile Accessories,41.37,1,5.0,41.37,39.3,Cash On Delivery,Returning,2.0,5.0
138138,2025-08-11,Dubai,Home & Kitchen,515.19,1,5.0,515.19,489.43,Wallet,New,4.0,2.6
132770,2025-05-23,Abu Dhabi,Beauty & Personal Care,309.46,1,5.0,309.46,293.99,Cash On Delivery,New,2.0,3.6
103404,2024-02-28,Abu Dhabi,Mobile Accessories,54.23,1,0.0,54.23,54.23,Card,Returning,2.0,4.3
139963,2025-09-02,Dubai,Groceries,102.81,1,5.0,102.81,97.67,Card,Returning,2.0,3.5
145289,2025-11-16,Dubai,Fashion,278.36,1,10.0,278.36,250.52,Card,New,1.0,4.6
126619,2025-02-19,Ajman,Electronics,517.95,1,10.0,517.95,466.16,Card,New,3.0,4.2
103821,2024-03-06,Abu Dhabi,Beauty & Personal Care,58.15,1,20.0,58.15,46.52,Card,New,2.0,4.9
133890,2025-09-06,Dubai,Fashion,234.54,1,0.0,234.54,234.54,Wallet,New,3.0,3.7
131062,2025-04-27,Dubai,Electronics,3256.86,1,0.0,3256.86,3256.86,Card,Returning,1.0,3.9
119280,2024-08-11,Abu Dhabi,Fashion,548.81,1,0.0,548.81,548.81,Cash On Delivery,Returning,3.0,2.8
124044,2025-08-01,Dubai,Beauty & Personal Care,215.13,2,10.0,430.26,387.23,Card,New,4.0,4.6
135850,2025-07-08,Sharjah,Electronics,2836.55,1,20.0,2836.55,2269.24,Cash On Delivery,New,3.0,4.4
143400,2025-10-21,Sharjah,Home & Kitchen,682.67,1,0.0,682.67,682.67,Card,Returning,3.0,4.6
115264,2024-04-09,Dubai,Groceries,186.48,1,0.0,186.48,186.48,Cash On Delivery,Returning,3.0,4.2
114235,2024-08-23,Ras Al Khaimah,Beauty & Personal Care,80.66,2,10.0,161.32,145.19,Card,Returning,2.0,3.3
123757,2025-04-01,Dubai,Groceries,297.96,1,20.0,297.96,238.37,Card,Returning,1.0,5.0
102308,2024-02-09,Dubai,Electronics,2893.9,1,10.0,2893.9,2604.51,Card,New,5.0,4.4
148567,2025-12-19,Ras Al Khaimah,Electronics,645.48,1,15.0,645.48,548.66,Cash On Delivery,Returning,1.0,4.0
100755,2024-01-14,Ajman,Fashion,229.59,1,10.0,229.59,206.63,Cash On Delivery,Returning,3.0,3.5
104824,2024-03-25,Dubai,Groceries,292.58,1,10.0,292.58,263.32,Card,Returning,4.0,4.2
143870,2025-10-27,Ajman,Fashion,484.34,2,5.0,968.68,920.25,Card,New,4.0,4.4
123499,2024-12-31,Abu Dhabi,Fashion,560.81,1,15.0,560.81,476.69,Card,New,3.0,4.2
115639,2024-09-09,Sharjah,Home & Kitchen,141.7,1,0.0,141.7,141.7,Cash On Delivery,Returning,1.0,5.0
138119,2025-11-08,Dubai,Fashion,312.26,1,0.0,312.26,312.26,Cash On Delivery,Returning,3.0,3.1
120398,2024-11-23,Sharjah,Mobile Accessories,164.02,1,40.0,164.02,98.41,Cash On Delivery,New,2.0,3.7
141820,2025-09-28,Dubai,Home & Kitchen,602.4,1,30.0,602.4,421.68,Card,New,5.0,4.1
122403,2024-12-13,Dubai,Fashion,354.7,1,15.0,354.7,301.5,Wallet,New,1.0,4.5
124428,2025-01-14,Dubai,Beauty & Personal Care,43.1,2,15.0,86.2,73.27,Card,Returning,3.0,3.4
133777,2025-06-07,Abu Dhabi,Fashion,72.27,1,10.0,72.27,65.04,Card,New,4.0,3.4
117723,2024-10-13,Dubai,Home & Kitchen,217.87,1,10.0,217.87,196.08,Cash On Delivery,Returning,2.0,3.7
133305,2025-05-31,Abu Dhabi,Fashion,501.21,1,15.0,501.21,426.03,Card,Returning,4.0,5.0
121688,2024-12-03,Dubai,Groceries,87.6,1,30.0,87.6,61.32,Cash On Delivery,New,4.0,3.7
134278,2025-06-15,Abu Dhabi,Groceries,125.71,3,5.0,377.13,358.27,Cash On Delivery,New,1.0,5.0
121525,2024-01-12,Dubai,Fashion,435.95,1,5.0,435.95,414.15,Cash On Delivery,Returning,4.0,4.8
125832,2025-06-02,Dubai,Electronics,847.15,1,20.0,847.15,677.72,Card,Returning,1.0,4.7
128501,2025-03-24,Abu Dhabi,Mobile Accessories,125.24,1,0.0,125.24,125.24,Wallet,New,2.0,3.2
140459,2025-09-08,Ras Al Khaimah,Beauty & Personal Care,126.44,1,0.0,126.44,126.44,Card,New,2.0,4.1
109295,2024-04-06,Dubai,Fashion,359.83,1,10.0,359.83,323.85,Cash On Delivery,Returning,1.0,3.2
120380,2024-11-23,Sharjah,Electronics,1637.62,1,40.0,1637.62,982.57,Wallet,Returning,4.0,4.6
147411,2025-03-12,Ras Al Khaimah,Home & Kitchen,510.64,3,5.0,1531.92,1455.32,Card,New,1.0,3.9
108081,2024-05-15,Dubai,Mobile Accessories,89.38,1,0.0,89.38,89.38,Card,New,3.0,4.4
127250,2025-02-28,Dubai,Electronics,851.24,1,30.0,851.24,595.87,Cash On Delivery,New,1.0,3.7
118838,2024-10-31,Abu Dhabi,Beauty & Personal Care,96.09,1,10.0,96.09,86.48,Wallet,Returning,1.0,3.4
127969,2025-03-15,Dubai,Groceries,290.97,3,10.0,872.91,785.62,Card,Returning,2.0,4.7
124115,2025-01-09,Ajman,Home & Kitchen,430.5,2,0.0,861.0,861.0,Card,New,1.0,2.5
143111,2025-10-17,Dubai,Home & Kitchen,688.78,1,15.0,688.78,585.46,Cash On Delivery,Returning,3.0,4.1
124548,2025-01-16,Sharjah,Mobile Accessories,42.89,1,10.0,42.89,38.6,Cash On Delivery,Returning,3.0,3.2
136298,2025-07-15,Ras Al Khaimah,Fashion,110.61,1,0.0,110.61,110.61,Wallet,Returning,2.0,4.4
116556,2024-09-25,Ajman,Fashion,135.33,1,0.0,135.33,135.33,Cash On Delivery,New,1.0,3.5
117666,2024-10-12,Dubai,Home & Kitchen,520.54,1,5.0,520.54,494.51,Card,New,2.0,3.6
146900,2025-11-28,Dubai,Mobile Accessories,153.5,2,50.0,307.0,153.5,Card,New,2.0,3.9
141169,2025-09-19,Dubai,Mobile Accessories,196.02,3,10.0,588.06,529.25,Cash On Delivery,Returning,1.0,4.4
103122,2024-02-22,Ajman,Groceries,203.25,1,5.0,203.25,193.09,Wallet,New,4.0,4.0
120088,2024-11-21,Dubai,Beauty & Personal Care,328.54,1,0.0,328.54,328.54,Wallet,Returning,5.0,4.3
137026,2025-07-26,Dubai,Electronics,1437.04,1,5.0,1437.04,1365.19,Card,New,2.0,4.6
106686,2024-04-22,Sharjah,Fashion,295.96,1,5.0,295.96,281.16,Cash On Delivery,New,3.0,5.0
143297,2025-10-19,Sharjah,Home & Kitchen,648.02,1,10.0,648.02,583.22,Cash On Delivery,Returning,5.0,4.6
126237,2025-02-13,Sharjah,Electronics,1521.75,2,15.0,3043.5,2586.98,Card,Returning,3.0,4.2
115064,2024-09-02,Sharjah,Fashion,145.94,1,10.0,145.94,131.35,Wallet,Returning,3.0,4.5
136193,2025-07-13,Dubai,Beauty & Personal Care,275.27,1,5.0,275.27,261.51,Card,Returning,5.0,4.2
121045,2024-11-27,Abu Dhabi,Home & Kitchen,805.1,1,40.0,805.1,483.06,Cash On Delivery,Returning,3.0,2.8
111968,2024-07-19,Dubai,Beauty & Personal Care,121.1,1,20.0,121.1,96.88,Card,Returning,3.0,4.4
131482,2025-03-05,Dubai,Electronics,2169.09,1,0.0,2169.09,2169.09,Cash On Delivery,New,2.0,4.0
110813,2024-06-29,Dubai,Home & Kitchen,240.72,3,10.0,722.16,649.94,Card,New,3.0,4.2
142458,2025-10-07,Abu Dhabi,Fashion,497.22,3,0.0,1491.66,1491.66,Card,New,1.0,3.5
127083,2025-02-26,Dubai,Beauty & Personal Care,69.12,2,10.0,138.24,124.42,Cash On Delivery,Returning,2.0,4.1
135899,2025-07-09,Abu Dhabi,Groceries,58.08,1,10.0,58.08,52.27,Card,Returning,2.0,3.9
128835,2025-03-30,Dubai,Groceries,230.3,1,15.0,230.3,195.76,Card,New,1.0,3.4
119187,2024-06-11,Abu Dhabi,Fashion,316.68,1,30.0,316.68,221.68,Cash On Delivery,Returning,3.0,4.9
101752,2024-01-31,Sharjah,Groceries,290.67,1,30.0,290.67,203.47,Card,Returning,3.0,4.4
136408,2025-07-17,Dubai,Beauty & Personal Care,316.76,3,0.0,950.28,855.25,Wallet,Returning,3.0,4.4
129154,2025-01-04,Dubai,Groceries,111.33,1,0.0,111.33,111.33,Card,Returning,3.0,4.2
108547,2024-05-22,Dubai,Fashion,409.19,2,5.0,818.38,777.46,Wallet,New,3.0,2.7
149481,2025-12-31,Dubai,Home & Kitchen,127.56,1,20.0,127.56,102.05,Wallet,Returning,1.0,4.0
108735,2024-05-25,Abu Dhabi,Groceries,122.81,1,10.0,122.81,110.53,Card,Returning,4.0,3.3
104281,2024-03-15,Ras Al Khaimah,Beauty & Personal Care,335.68,1,10.0,335.68,302.11,Cash On Delivery,Returning,4.0,4.7
126696,2025-02-20,Dubai,Fashion,93.92,1,10.0,93.92,84.53,Card,Returning,3.0,4.7
137348,2025-07-31,Abu Dhabi,Mobile Accessories,172.04,1,0.0,172.04,172.04,Card,New,3.0,5.0
103049,2024-02-21,Abu Dhabi,Mobile Accessories,135.19,1,10.0,135.19,121.67,Card,Returning,3.0,4.9
107651,2024-05-08,Dubai,Groceries,238.25,2,5.0,476.5,452.67,Cash On Delivery,New,3.0,3.4
139770,2025-08-30,Sharjah,Mobile Accessories,69.47,1,0.0,69.47,69.47,Wallet,Returning,4.0,4.2
139241,2025-08-25,Ras Al Khaimah,Beauty & Personal Care,111.06,1,20.0,111.06,88.85,Cash On Delivery,Returning,1.0,3.6
132527,2025-05-19,Sharjah,Mobile Accessories,134.0,1,10.0,134.0,120.6,Card,New,1.0,4.2
144956,2025-11-10,Dubai,Fashion,375.31,1,15.0,375.31,319.01,Card,Returning,3.0,5.0
102358,2024-02-10,Abu Dhabi,Mobile Accessories,94.01,1,10.0,94.01,84.61,Card,Returning,2.0,4.3
126913,2025-02-23,Dubai,Fashion,442.58,1,5.0,442.58,420.45,Cash On Delivery,New,3.0,4.8
117183,2024-10-05,Dubai,Home & Kitchen,588.73,2,0.0,1177.46,1177.46,Card,Returning,5.0,2.8
101768,2024-01-02,Abu Dhabi,Beauty & Personal Care,273.18,2,10.0,546.36,491.72,Card,Returning,3.0,4.0
113231,2024-08-09,Abu Dhabi,Electronics,1683.55,1,5.0,1683.55,1599.37,Card,Returning,5.0,2.9
141083,2025-09-18,Dubai,Fashion,212.97,1,30.0,212.97,149.08,Cash On Delivery,Returning,2.0,3.7
117978,2024-10-18,Sharjah,Fashion,81.4,1,10.0,81.4,73.26,Card,New,1.0,3.2
105248,2024-04-03,Dubai,Mobile Accessories,195.96,1,5.0,195.96,186.16,Card,Returning,1.0,4.4
134478,2025-06-18,Dubai,Mobile Accessories,30.63,2,20.0,61.26,49.01,Card,Returning,1.0,3.8
101038,2024-01-19,Dubai,Fashion,504.9,2,10.0,1009.8,908.82,Cash On Delivery,New,1.0,4.6
129316,2025-04-03,Dubai,Mobile Accessories,204.36,2,10.0,408.72,367.85,Cash On Delivery,New,4.0,4.7
109202,2024-03-06,Dubai,Beauty & Personal Care,235.4,2,10.0,470.8,423.72,Cash On Delivery,Returning,2.0,4.4
124474,2025-01-14,Abu Dhabi,Fashion,154.45,2,20.0,308.9,247.12,Cash On Delivery,New,2.0,5.0
146083,2025-11-23,Abu Dhabi,Fashion,495.75,2,40.0,991.5,594.9,Card,Returning,3.0,4.8
110713,2024-06-28,Dubai,Beauty & Personal Care,222.66,2,15.0,445.32,378.52,Card,New,3.0,4.5
135063,2025-06-26,Sharjah,Beauty & Personal Care,273.95,1,10.0,273.95,246.56,Card,Returning,1.0,3.9
104989,2024-03-29,Dubai,Electronics,926.49,1,15.0,926.49,787.52,Card,Returning,1.0,3.7
136905,2025-07-24,Abu Dhabi,Electronics,1757.88,2,10.0,3515.76,3164.18,Card,Returning,3.0,5.0
143032,2025-10-16,Abu Dhabi,Home & Kitchen,665.93,1,10.0,665.93,599.34,Card,Returning,4.0,3.9
109035,2024-05-31,Ras Al Khaimah,Electronics,2957.21,2,5.0,5914.42,5618.7,Cash On Delivery,Returning,2.0,3.7
120205,2024-11-22,Abu Dhabi,Home & Kitchen,531.98,1,40.0,531.98,319.19,Card,Returning,4.0,4.2
124253,2025-11-01,Dubai,Groceries,61.1,1,0.0,61.1,61.1,Card,Returning,2.0,4.2
113914,2024-08-18,Abu Dhabi,Home & Kitchen,449.69,1,10.0,449.69,404.72,Wallet,Returning,3.0,4.2
113879,2024-08-18,Dubai,Groceries,217.2,1,5.0,217.2,206.34,Card,New,3.0,5.0
121706,2024-12-03,Dubai,Groceries,93.08,1,5.0,93.08,88.43,Card,New,3.0,3.3
111312,2024-08-07,Dubai,Fashion,138.57,1,5.0,138.57,131.64,Card,Returning,2.0,4.1
130764,2025-04-23,Dubai,Beauty & Personal Care,164.48,1,15.0,164.48,139.81,Cash On Delivery,Returning,1.0,4.5
128453,2025-03-23,Sharjah,Fashion,583.27,1,15.0,583.27,495.78,Cash On Delivery,New,1.0,3.9
121393,2024-11-29,Sharjah,Fashion,383.43,2,40.0,766.86,460.12,Wallet,New,3.0,4.2
120046,2024-11-20,Ajman,Home & Kitchen,200.33,1,10.0,200.33,180.3,Wallet,Returning,1.0,4.2
127633,2025-03-08,Dubai,Beauty & Personal Care,398.86,1,15.0,398.86,339.03,Cash On Delivery,Returning,1.0,3.7
101728,2024-01-31,Dubai,Fashion,515.25,1,0.0,515.25,515.25,Card,Returning,3.0,5.0
115634,2024-09-09,Sharjah,Mobile Accessories,169.3,1,15.0,169.3,143.9,Card,New,3.0,4.3
136021,2025-07-11,Abu Dhabi,Home & Kitchen,875.88,1,5.0,875.88,832.09,Card,Returning,2.0,4.2
128059,2025-03-16,Dubai,Fashion,262.83,1,0.0,262.83,262.83,Card,Returning,1.0,3.6
112575,2024-07-29,Ras Al Khaimah,Home & Kitchen,604.58,2,5.0,1209.16,1148.7,Card,New,5.0,3.8
124075,2025-01-09,Dubai,Home & Kitchen,59.68,1,10.0,59.68,53.71,Wallet,Returning,2.0,4.8
102744,2024-02-16,Abu Dhabi,Home & Kitchen,648.29,1,0.0,648.29,583.46,Card,Returning,1.0,3.3
110873,2024-06-30,Dubai,Electronics,1427.67,2,0.0,2855.34,2855.34,Card,Returning,1.0,3.6
107763,2024-05-10,Dubai,Electronics,1031.53,1,15.0,1031.53,876.8,Card,Returning,3.0,4.5
141057,2025-09-18,Ajman,Fashion,62.29,1,10.0,62.29,56.06,Card,Returning,2.0,5.0
126306,2025-02-14,Dubai,Beauty & Personal Care,363.85,2,5.0,727.7,691.32,Cash On Delivery,New,2.0,4.1
137514,2025-08-02,Dubai,Beauty & Personal Care,168.37,2,0.0,336.74,336.74,Card,New,1.0,3.6
110411,2024-06-23,Abu Dhabi,Electronics,2245.74,1,10.0,2245.74,2021.17,Wallet,Returning,3.0,4.6
111295,2024-08-07,Dubai,Mobile Accessories,38.55,1,0.0,38.55,38.55,Card,Returning,2.0,4.2
113604,2024-08-14,Abu Dhabi,Fashion,306.29,1,5.0,306.29,290.98,Card,Returning,1.0,3.9
137617,2025-03-08,Dubai,Fashion,227.97,3,0.0,683.91,683.91,Card,Returning,2.0,4.2
146673,2025-11-26,Abu Dhabi,Fashion,257.17,2,40.0,514.34,308.6,Wallet,New,2.0,4.2
142125,2025-03-10,Ajman,Fashion,403.5,1,0.0,403.5,403.5,Cash On Delivery,Returning,1.0,3.4
121299,2024-11-29,Dubai,Home & Kitchen,272.47,1,20.0,272.47,217.98,Card,Returning,1.0,3.4
121240,2024-11-28,Dubai,Home & Kitchen,342.94,1,20.0,342.94,274.35,Cash On Delivery,Returning,1.0,3.7
108647,2024-05-24,Abu Dhabi,Home & Kitchen,575.12,1,5.0,575.12,546.36,Wallet,Returning,1.0,4.0
122312,2024-12-12,Abu Dhabi,Electronics,1481.3,1,0.0,1481.3,1481.3,Card,New,2.0,4.9
135439,2025-02-07,Ajman,Fashion,233.48,1,30.0,233.48,163.44,Card,New,1.0,3.2
101203,2024-01-21,Dubai,Beauty & Personal Care,70.86,2,5.0,141.72,134.63,Wallet,Returning,2.0,4.8
102861,2024-02-18,Abu Dhabi,Fashion,349.27,1,10.0,349.27,314.34,Cash On Delivery,New,3.0,3.3
125581,2025-02-01,Dubai,Beauty & Personal Care,32.59,1,0.0,32.59,32.59,Cash On Delivery,Returning,3.0,2.9
128760,2025-03-28,Abu Dhabi,Fashion,43.55,1,0.0,43.55,43.55,Wallet,New,3.0,3.6
110169,2024-06-19,Dubai,Mobile Accessories,61.41,2,5.0,122.82,116.68,Card,Returning,1.0,4.2
126824,2025-02-22,Ras Al Khaimah,Home & Kitchen,506.03,1,10.0,506.03,455.43,Card,Returning,2.0,4.2
105853,2024-04-11,Dubai,Electronics,1159.4,1,0.0,1159.4,1159.4,Cash On Delivery,Returning,2.0,4.7
140034,2025-09-03,Dubai,Electronics,1397.23,1,0.0,1397.23,1397.23,Wallet,Returning,2.0,5.0
128303,2025-03-21,Ajman,Fashion,503.43,1,5.0,503.43,478.26,Cash On Delivery,New,2.0,4.2
132819,2025-05-23,Abu Dhabi,Groceries,184.1,1,0.0,184.1,184.1,Cash On Delivery,Returning,2.0,4.2
132362,2025-05-17,Dubai,Groceries,28.0,1,0.0,28.0,28.0,Card,Returning,4.0,3.3
115793,2024-12-09,Dubai,Mobile Accessories,132.69,1,0.0,132.69,132.69,Cash On Delivery,Returning,1.0,4.2
120612,2024-11-24,Dubai,Electronics,692.72,1,40.0,692.72,415.63,Card,Returning,4.0,4.0
112085,2024-07-20,Dubai,Home & Kitchen,773.51,1,10.0,773.51,696.16,Card,New,2.0,5.0
121418,2024-11-29,Dubai,Fashion,428.57,1,30.0,428.57,300.0,Wallet,New,2.0,3.3
142974,2025-10-15,Ras Al Khaimah,Beauty & Personal Care,251.14,1,0.0,251.14,251.14,Card,Returning,3.0,3.7
142282,2025-10-04,Abu Dhabi,Fashion,109.84,1,5.0,109.84,104.35,Cash On Delivery,Returning,2.0,4.0
132964,2025-05-26,Sharjah,Electronics,2816.38,3,0.0,8449.14,8449.14,Cash On Delivery,Returning,1.0,4.2
112372,2024-07-25,Sharjah,Home & Kitchen,519.56,1,10.0,519.56,467.6,Wallet,Returning,3.0,4.6
143962,2025-10-29,Ajman,Fashion,575.81,1,0.0,575.81,575.81,Wallet,Returning,2.0,4.2
108594,2024-05-23,Ajman,Fashion,411.45,1,5.0,411.45,390.88,Card,Returning,2.0,4.2
107256,2024-01-05,Ras Al Khaimah,Beauty & Personal Care,339.21,1,15.0,339.21,288.33,Card,New,3.0,4.5
128482,2025-03-24,Abu Dhabi,Groceries,95.53,1,10.0,95.53,85.98,Wallet,New,6.0,4.0
148156,2025-12-13,Dubai,Beauty & Personal Care,44.66,1,20.0,44.66,35.73,Cash On Delivery,New,3.0,3.8
114532,2024-08-26,Dubai,Fashion,582.79,1,0.0,582.79,582.79,Card,Returning,4.0,4.2
140338,2025-09-06,Sharjah,Fashion,143.62,1,0.0,143.62,143.62,Card,Returning,1.0,4.5
117878,2024-10-16,Sharjah,Mobile Accessories,205.48,1,0.0,205.48,205.48,Wallet,New,3.0,5.0
123751,2025-04-01,Dubai,Electronics,2233.31,2,0.0,4466.62,4466.62,Cash On Delivery,New,2.0,3.9
148671,2025-12-20,Abu Dhabi,Electronics,1087.39,1,0.0,1087.39,1087.39,Cash On Delivery,Returning,3.0,3.9
131298,2025-05-01,Abu Dhabi,Mobile Accessories,82.11,1,10.0,82.11,73.9,Cash On Delivery,Returning,1.0,4.2
125274,2025-01-28,Ajman,Fashion,274.76,2,0.0,549.52,549.52,Wallet,Returning,1.0,4.2
125774,2025-05-02,Abu Dhabi,Fashion,113.66,1,0.0,113.66,113.66,Card,New,2.0,5.0
114667,2024-08-28,Dubai,Mobile Accessories,186.29,1,10.0,186.29,167.66,Wallet,Returning,4.0,4.9
107823,2024-05-11,Dubai,Fashion,182.24,1,10.0,182.24,164.02,Wallet,Returning,2.0,4.8
124513,2025-01-15,Abu Dhabi,Home & Kitchen,635.08,2,10.0,1270.16,1143.14,Cash On Delivery,Returning,2.0,3.3
142547,2025-08-10,Dubai,Electronics,963.5,1,0.0,963.5,963.5,Card,New,1.0,5.0
147590,2025-12-05,Abu Dhabi,Groceries,80.45,1,10.0,80.45,72.4,Card,Returning,4.0,4.4
128465,2025-03-23,Dubai,Electronics,3285.27,1,0.0,3285.27,3285.27,Cash On Delivery,New,4.0,4.5
131622,2025-05-06,Abu Dhabi,Home & Kitchen,259.13,1,0.0,259.13,259.13,Cash On Delivery,New,3.0,4.6
123441,2024-12-30,Dubai,Fashion,220.02,1,0.0,220.02,187.02,Cash On Delivery,New,3.0,4.1
132732,2025-05-23,Abu Dhabi,Electronics,2483.09,1,20.0,2483.09,1986.47,Cash On Delivery,Returning,3.0,4.0
114635,2024-08-27,Ajman,Electronics,671.45,1,30.0,671.45,470.02,Wallet,New,3.0,3.8
124223,2025-01-11,Dubai,Fashion,60.87,1,10.0,60.87,54.78,Card,Returning,4.0,3.5
130946,2025-04-25,Abu Dhabi,Groceries,136.48,1,0.0,136.48,136.48,Wallet,Returning,3.0,2.9
105875,2024-11-04,Dubai,Home & Kitchen,288.77,1,15.0,288.77,245.45,Card,Returning,1.0,3.8
136839,2025-07-23,Dubai,Electronics,1368.52,1,10.0,1368.52,1231.67,Card,New,1.0,4.1
145785,2025-11-21,Abu Dhabi,Mobile Accessories,223.12,1,30.0,223.12,156.18,Card,Returning,4.0,4.5
100230,2024-05-01,Abu Dhabi,Electronics,1730.58,1,15.0,1730.58,1470.99,Card,Returning,2.0,3.5
124632,2025-01-17,Dubai,Mobile Accessories,195.07,1,0.0,195.07,195.07,Card,New,3.0,3.9
129239,2025-02-04,Dubai,Beauty & Personal Care,162.85,1,30.0,162.85,113.99,Card,New,2.0,4.4
102638,2024-02-14,Dubai,Home & Kitchen,329.74,1,0.0,329.74,329.74,Card,Returning,2.0,4.9
121451,2024-11-30,Dubai,Electronics,3141.56,1,0.0,3141.56,3141.56,Card,Returning,2.0,5.0
129200,2025-02-04,Sharjah,Mobile Accessories,176.45,2,15.0,352.9,299.96,Cash On Delivery,Returning,2.0,2.5
122105,2024-09-12,Dubai,Home & Kitchen,540.73,2,30.0,1081.46,757.02,Cash On Delivery,Returning,1.0,3.5
135520,2025-04-07,Dubai,Groceries,80.88,1,15.0,80.88,68.75,Card,New,2.0,4.5
111437,2024-07-11,Ajman,Fashion,457.94,1,0.0,457.94,457.94,Card,Returning,3.0,5.0
128700,2025-03-28,Dubai,Electronics,3357.71,2,10.0,6715.42,6043.88,Wallet,New,3.0,5.0
103724,2024-05-03,Dubai,Home & Kitchen,797.64,1,30.0,797.64,558.35,Card,Returning,1.0,3.7
100542,2024-01-11,Sharjah,Beauty & Personal Care,373.53,1,15.0,373.53,317.5,Card,Returning,1.0,3.4
108963,2024-05-30,Abu Dhabi,Fashion,119.0,1,0.0,119.0,119.0,Card,Returning,3.0,4.3
134738,2025-06-21,Abu Dhabi,Beauty & Personal Care,71.79,1,0.0,71.79,71.79,Card,New,4.0,4.2
136919,2025-07-24,Dubai,Fashion,405.68,1,15.0,405.68,344.83,Card,Returning,1.0,4.3
142260,2025-04-10,Dubai,Groceries,177.01,2,5.0,354.02,336.32,Card,Returning,2.0,5.0
127403,2025-03-03,Abu Dhabi,Groceries,194.61,1,15.0,194.61,165.42,Cash On Delivery,New,2.0,4.8
145917,2025-11-22,Abu Dhabi,Groceries,142.5,3,30.0,427.5,299.25,Wallet,Returning,3.0,4.2
102116,2024-06-02,Abu Dhabi,Fashion,223.72,1,15.0,223.72,190.16,Wallet,Returning,1.0,3.6
100927,2024-01-17,Sharjah,Home & Kitchen,520.67,3,10.0,1562.01,1405.81,Wallet,New,2.0,3.6
147143,2025-11-30,Ajman,Fashion,492.11,2,0.0,984.22,984.22,Wallet,New,1.0,5.0
136958,2025-07-25,Ajman,Electronics,1596.4,1,0.0,1596.4,1596.4,Card,Returning,1.0,3.8
138717,2025-08-19,Sharjah,Electronics,569.5,1,20.0,569.5,455.6,Card,Returning,4.0,5.0
146713,2025-11-27,Sharjah,Fashion,338.28,1,10.0,338.28,304.45,Card,New,4.0,4.1
129789,2025-08-04,Sharjah,Groceries,247.33,2,10.0,494.66,445.19,Wallet,New,2.0,3.7
116674,2024-09-27,Sharjah,Fashion,577.56,1,10.0,577.56,519.8,Card,New,6.0,4.8
123647,2025-01-02,Dubai,Electronics,1709.52,1,0.0,1709.52,1709.52,Wallet,Returning,3.0,4.0
115961,2024-09-15,Sharjah,Mobile Accessories,70.71,1,0.0,70.71,70.71,Cash On Delivery,Returning,4.0,3.3
128156,2025-03-18,Dubai,Mobile Accessories,122.37,1,5.0,122.37,116.25,Cash On Delivery,Returning,3.0,3.8
116652,2024-09-26,Abu Dhabi,Beauty & Personal Care,326.61,1,10.0,326.61,293.95,Card,New,1.0,4.1
141279,2025-09-21,Ras Al Khaimah,Mobile Accessories,201.54,1,0.0,201.54,201.54,Card,New,3.0,5.0
122632,2024-12-17,Dubai,Beauty & Personal Care,387.9,1,5.0,387.9,368.5,Card,Returning,2.0,5.0
107393,2024-03-05,Abu Dhabi,Groceries,277.99,1,5.0,277.99,264.09,Card,New,3.0,3.7
144569,2025-11-05,Sharjah,Home & Kitchen,59.26,1,10.0,59.26,53.33,Cash On Delivery,Returning,4.0,4.6
118859,2024-01-11,Dubai,Groceries,106.89,1,0.0,106.89,106.89,Wallet,New,1.0,4.2
106722,2024-04-23,Abu Dhabi,Beauty & Personal Care,29.69,2,0.0,59.38,59.38,Card,Returning,3.0,3.6
133163,2025-05-29,Dubai,Mobile Accessories,158.82,1,0.0,158.82,158.82,Wallet,Returning,4.0,5.0
107340,2024-05-02,Abu Dhabi,Electronics,523.14,1,20.0,523.14,418.51,Card,New,4.0,4.2
116271,2024-09-20,Dubai,Fashion,368.67,1,15.0,368.67,313.37,Cash On Delivery,New,3.0,3.7
134074,2025-06-12,Sharjah,Home & Kitchen,853.56,1,0.0,853.56,853.56,Cash On Delivery,Returning,2.0,3.2
117841,2024-10-15,Dubai,Fashion,379.2,1,0.0,379.2,379.2,Cash On Delivery,New,3.0,5.0
130323,2025-04-17,Dubai,Electronics,2102.02,1,0.0,2102.02,2102.02,Card,New,3.0,3.9
144512,2025-05-11,Dubai,Mobile Accessories,84.67,1,10.0,84.67,76.2,Card,New,1.0,5.0
126256,2025-02-13,Dubai,Fashion,444.92,1,15.0,444.92,378.18,Card,Returning,3.0,4.4
111222,2024-07-07,Ras Al Khaimah,Mobile Accessories,113.06,1,30.0,113.06,79.14,Wallet,Returning,1.0,3.6
126653,2025-02-19,Dubai,Groceries,70.35,1,0.0,70.35,70.35,Wallet,New,1.0,4.2
121818,2024-05-12,Abu Dhabi,Home & Kitchen,710.03,1,5.0,710.03,674.53,Card,New,2.0,3.2
124690,2025-01-18,Ras Al Khaimah,Fashion,469.8,1,10.0,469.8,422.82,Wallet,New,4.0,4.2
108908,2024-05-29,Dubai,Beauty & Personal Care,206.36,1,15.0,206.36,175.41,Cash On Delivery,Returning,2.0,4.2
131166,2025-04-29,Dubai,Electronics,2640.35,1,0.0,2640.35,2508.33,Card,Returning,3.0,4.4
144073,2025-10-30,Dubai,Home & Kitchen,191.94,3,5.0,575.82,547.03,Card,Returning,6.0,4.7
135688,2025-06-07,Ras Al Khaimah,Electronics,1550.82,2,20.0,3101.64,2481.31,Cash On Delivery,Returning,2.0,4.0
129261,2025-02-04,Dubai,Beauty & Personal Care,166.69,1,5.0,166.69,158.36,Wallet,Returning,3.0,4.2
145867,2025-11-22,Dubai,Groceries,71.95,1,30.0,71.95,50.36,Cash On Delivery,Returning,3.0,4.8
133748,2025-06-07,Ras Al Khaimah,Mobile Accessories,151.26,2,0.0,302.52,302.52,Cash On Delivery,Returning,3.0,5.0
123671,2025-03-01,Sharjah,Fashion,67.5,2,0.0,135.0,135.0,Card,Returning,1.0,4.2
115667,2024-10-09,Dubai,Electronics,1042.92,3,0.0,3128.76,3128.76,Cash On Delivery,New,2.0,4.7
106802,2024-04-24,Abu Dhabi,Groceries,295.02,1,15.0,295.02,250.77,Wallet,New,2.0,3.5
135126,2025-06-27,Ras Al Khaimah,Beauty & Personal Care,307.42,1,20.0,307.42,245.94,Cash On Delivery,Returning,3.0,4.7
140605,2025-11-09,Sharjah,Electronics,2701.15,1,5.0,2701.15,2566.09,Card,Returning,3.0,3.9
141716,2025-09-27,Abu Dhabi,Electronics,1053.57,1,0.0,1053.57,1053.57,Card,Returning,2.0,4.7
125483,2025-01-31,Dubai,Groceries,222.77,1,15.0,222.77,189.35,Card,Returning,4.0,4.3
111769,2024-07-16,Dubai,Groceries,203.57,2,0.0,407.14,407.14,Cash On Delivery,Returning,3.0,3.6
124065,2025-09-01,Ras Al Khaimah,Fashion,97.49,1,10.0,97.49,87.74,Cash On Delivery,New,1.0,4.0
101780,2024-01-02,Abu Dhabi,Electronics,1496.7,1,20.0,1496.7,1197.36,Cash On Delivery,New,3.0,4.8
103717,2024-04-03,Sharjah,Mobile Accessories,157.93,1,0.0,157.93,157.93,Card,New,2.0,2.7
146521,2025-11-25,Abu Dhabi,Electronics,1044.6,1,40.0,1044.6,626.76,Wallet,New,4.0,4.2
143764,2025-10-26,Sharjah,Electronics,1208.65,2,5.0,2417.3,2296.44,Card,Returning,5.0,4.6
127496,2025-03-05,Dubai,Fashion,587.06,1,0.0,587.06,587.06,Card,New,3.0,4.2
139620,2025-08-29,Dubai,Groceries,229.42,1,5.0,229.42,217.95,Card,Returning,2.0,4.1
104008,2024-03-09,Abu Dhabi,Mobile Accessories,167.94,1,0.0,167.94,167.94,Cash On Delivery,New,4.0,5.0
117005,2024-10-03,Abu Dhabi,Electronics,1202.96,1,0.0,1202.96,1202.96,Card,Returning,2.0,4.9
115579,2024-09-08,Abu Dhabi,Groceries,245.83,1,0.0,245.83,245.83,Cash On Delivery,Returning,4.0,4.7
128073,2025-03-17,Sharjah,Mobile Accessories,35.61,1,5.0,35.61,33.83,Wallet,Returning,4.0,4.0
116886,2024-09-30,Dubai,Groceries,152.02,2,0.0,304.04,304.04,Card,Returning,5.0,4.4
135092,2025-06-27,Dubai,Mobile Accessories,85.76,1,0.0,85.76,85.76,Card,Returning,3.0,4.3
114076,2024-08-21,Sharjah,Groceries,157.91,2,0.0,315.82,315.82,Card,Returning,5.0,2.8
134863,2025-06-23,Ajman,Beauty & Personal Care,92.42,1,10.0,92.42,83.18,Cash On Delivery,Returning,3.0,2.8
134673,2025-06-21,Abu Dhabi,Fashion,331.11,1,30.0,331.11,231.78,Card,New,3.0,4.2
114473,2024-08-25,Dubai,Electronics,716.0,1,0.0,716.0,716.0,Card,New,3.0,4.3
130169,2025-04-14,Abu Dhabi,Groceries,57.52,1,10.0,57.52,51.77,Card,Returning,5.0,5.0
122613,2024-12-17,Ras Al Khaimah,Fashion,96.95,1,10.0,96.95,87.26,Card,New,2.0,4.9
135615,2025-05-07,Abu Dhabi,Electronics,2198.67,1,5.0,2198.67,2088.74,Cash On Delivery,New,4.0,4.2
130042,2025-04-12,Abu Dhabi,Fashion,474.03,1,10.0,474.03,426.63,Card,Returning,1.0,4.7
146471,2025-11-25,Dubai,Fashion,145.22,2,20.0,290.44,232.35,Cash On Delivery,Returning,3.0,3.5
125221,2025-01-27,Dubai,Fashion,560.58,1,0.0,560.58,560.58,Card,Returning,3.0,4.2
101291,2024-01-23,Abu Dhabi,Electronics,2013.68,1,10.0,2013.68,1812.31,Card,New,3.0,4.4
122401,2024-12-13,Ras Al Khaimah,Home & Kitchen,403.85,1,0.0,403.85,403.85,Card,Returning,3.0,3.9
101848,2024-02-02,Dubai,Mobile Accessories,212.87,1,20.0,212.87,170.3,Card,Returning,2.0,5.0
107282,2024-05-01,Sharjah,Fashion,56.9,1,20.0,56.9,45.52,Card,New,1.0,4.2
127775,2025-11-03,Sharjah,Electronics,2835.53,1,15.0,2835.53,2410.2,Card,Returning,3.0,4.0
118841,2024-01-11,Abu Dhabi,Mobile Accessories,172.35,1,10.0,172.35,155.12,Card,Returning,2.0,5.0
135430,2025-02-07,Dubai,Beauty & Personal Care,398.46,1,0.0,398.46,398.46,Card,Returning,4.0,4.8
106457,2024-04-18,Abu Dhabi,Fashion,438.42,1,0.0,438.42,438.42,Cash On Delivery,Returning,3.0,2.9
121554,2024-01-12,Abu Dhabi,Electronics,754.24,1,0.0,754.24,754.24,Wallet,Returning,1.0,4.3
130490,2025-04-19,Dubai,Beauty & Personal Care,237.83,1,10.0,237.83,214.05,Cash On Delivery,Returning,4.0,4.2
100030,2024-01-01,Abu Dhabi,Electronics,1971.18,1,0.0,1971.18,1971.18,Card,New,5.0,5.0
110006,2024-06-16,Dubai,Electronics,3121.53,2,0.0,6243.06,6243.06,Wallet,New,3.0,3.8
147900,2025-09-12,Dubai,Beauty & Personal Care,276.24,1,10.0,276.24,248.62,Card,Returning,5.0,5.0
142486,2025-08-10,Abu Dhabi,Electronics,2601.7,2,0.0,5203.4,5203.4,Card,Returning,3.0,4.2
106894,2024-04-25,Abu Dhabi,Fashion,130.47,1,30.0,130.47,91.33,Card,New,2.0,4.2
134786,2025-06-22,Dubai,Groceries,245.6,1,10.0,245.6,221.04,Card,New,1.0,4.2
146243,2025-11-24,Ras Al Khaimah,Home & Kitchen,697.91,1,10.0,697.91,628.12,Cash On Delivery,New,2.0,4.2
140945,2025-09-16,Abu Dhabi,Fashion,273.95,1,15.0,273.95,232.86,Card,Returning,2.0,4.1
105959,2024-12-04,Dubai,Mobile Accessories,230.07,1,10.0,230.07,207.06,Card,Returning,3.0,2.7
129600,2025-04-05,Ras Al Khaimah,Mobile Accessories,139.98,2,10.0,279.96,251.96,Cash On Delivery,New,3.0,4.8
105947,2024-12-04,Abu Dhabi,Home & Kitchen,138.56,2,0.0,277.12,277.12,Card,Returning,1.0,4.7
131246,2025-04-30,Dubai,Groceries,40.91,1,20.0,40.91,32.73,Card,Returning,2.0,4.2
120277,2024-11-22,Ras Al Khaimah,Electronics,1674.07,1,40.0,1674.07,1004.44,Cash On Delivery,Returning,3.0,4.2
113651,2024-08-15,Dubai,Fashion,524.61,1,30.0,524.61,367.23,Card,Returning,5.0,2.7
104641,2024-03-22,Ras Al Khaimah,Mobile Accessories,249.63,1,20.0,249.63,199.7,Wallet,Returning,2.0,4.0
107350,2024-02-05,Sharjah,Electronics,2921.92,1,5.0,2921.92,2775.82,Card,Returning,2.0,5.0
145502,2025-11-19,Ras Al Khaimah,Fashion,42.12,2,10.0,84.24,75.82,Card,Returning,3.0,3.9
133465,2025-06-02,Dubai,Electronics,1558.89,2,5.0,3117.78,2961.89,Card,Returning,2.0,4.3
118546,2024-10-26,Dubai,Electronics,3469.93,2,10.0,6939.86,6245.87,Cash On Delivery,Returning,2.0,3.7
113044,2024-05-08,Dubai,Home & Kitchen,280.09,1,5.0,280.09,266.09,Cash On Delivery,Returning,3.0,4.7
102279,2024-02-09,Dubai,Home & Kitchen,686.7,1,0.0,686.7,686.7,Card,Returning,2.0,5.0
125285,2025-01-28,Dubai,Home & Kitchen,699.08,1,0.0,699.08,699.08,Card,Returning,4.0,5.0
119335,2024-11-09,Dubai,Beauty & Personal Care,231.66,2,5.0,463.32,440.15,Cash On Delivery,Returning,3.0,4.0
133225,2025-05-30,Dubai,Groceries,214.45,1,10.0,214.45,193.0,Cash On Delivery,New,1.0,5.0
100284,2024-06-01,Dubai,Electronics,1238.59,1,5.0,1238.59,1176.66,Card,New,4.0,3.3
146742,2025-11-27,Sharjah,Home & Kitchen,160.33,1,30.0,160.33,112.23,Cash On Delivery,Returning,2.0,3.6
102942,2024-02-19,Dubai,Fashion,329.16,1,15.0,329.16,279.79,Cash On Delivery,New,2.0,4.2
122398,2024-12-13,Dubai,Fashion,153.95,1,15.0,153.95,130.86,Card,Returning,3.0,5.0
110412,2024-06-23,Dubai,Mobile Accessories,142.35,1,5.0,142.35,135.23,Cash On Delivery,Returning,4.0,5.0
105980,2024-04-12,Ajman,Electronics,2693.0,1,5.0,2693.0,2558.35,Cash On Delivery,New,1.0,3.6
112886,2024-03-08,Sharjah,Electronics,3367.63,1,0.0,3367.63,3367.63,Cash On Delivery,Returning,1.0,3.3
131281,2025-04-30,Dubai,Mobile Accessories,23.71,1,0.0,23.71,21.34,Card,New,4.0,3.7
138853,2025-08-20,Abu Dhabi,Electronics,3294.53,1,5.0,3294.53,3129.8,Cash On Delivery,Returning,2.0,4.3
123031,2024-12-24,Abu Dhabi,Electronics,1565.48,1,5.0,1565.48,1487.21,Card,Returning,2.0,4.2
132752,2025-05-23,Abu Dhabi,Mobile Accessories,246.48,1,10.0,246.48,221.83,Card,New,1.0,4.0
129511,2025-04-04,Dubai,Fashion,287.7,1,5.0,287.7,273.32,Cash On Delivery,Returning,1.0,4.5
128916,2025-03-30,Dubai,Groceries,295.36,2,5.0,590.72,561.18,Card,Returning,3.0,4.2
142229,2025-10-04,Sharjah,Groceries,191.76,1,10.0,191.76,172.58,Cash On Delivery,Returning,3.0,5.0
103903,2024-03-08,Sharjah,Groceries,132.02,1,20.0,132.02,105.62,Card,Returning,4.0,4.1
114072,2024-08-20,Dubai,Beauty & Personal Care,314.75,1,10.0,314.75,283.28,Wallet,Returning,3.0,2.8
123763,2025-04-01,Sharjah,Electronics,819.16,1,0.0,819.16,819.16,Card,Returning,6.0,4.4
124238,2025-01-11,Abu Dhabi,Mobile Accessories,138.39,1,20.0,138.39,110.71,Cash On Delivery,Returning,1.0,4.2
115280,2024-04-09,Dubai,Mobile Accessories,198.08,1,15.0,198.08,168.37,Cash On Delivery,Returning,3.0,3.6
123463,2024-12-30,Abu Dhabi,Beauty & Personal Care,62.72,1,15.0,62.72,53.31,Wallet,Returning,3.0,4.8
144416,2025-11-03,Sharjah,Electronics,1152.53,1,0.0,1152.53,1152.53,Card,New,2.0,3.0
106031,2024-12-04,Sharjah,Home & Kitchen,242.89,1,30.0,242.89,170.02,Card,Returning,1.0,3.9
126049,2025-02-09,Abu Dhabi,Fashion,260.85,1,15.0,260.85,221.72,Cash On Delivery,Returning,3.0,4.5
141894,2025-09-29,Sharjah,Fashion,140.06,1,5.0,140.06,133.06,Cash On Delivery,Returning,3.0,4.3
103711,2024-04-03,Dubai,Mobile Accessories,132.45,1,10.0,132.45,119.2,Card,Returning,3.0,4.6
148634,2025-12-20,Sharjah,Home & Kitchen,478.85,1,15.0,478.85,407.02,Cash On Delivery,New,3.0,5.0
112044,2024-07-20,Ajman,Groceries,140.76,1,10.0,140.76,126.68,Wallet,Returning,2.0,4.2
110291,2024-06-21,Ajman,Beauty & Personal Care,224.72,1,0.0,224.72,224.72,Wallet,Returning,3.0,3.6
145444,2025-11-18,Ajman,Beauty & Personal Care,123.9,1,10.0,123.9,111.51,Wallet,New,3.0,3.9
136763,2025-07-22,Ras Al Khaimah,Electronics,3036.41,1,0.0,3036.41,3036.41,Card,New,3.0,4.0
135227,2025-06-29,Dubai,Beauty & Personal Care,388.41,1,0.0,388.41,388.41,Wallet,Returning,2.0,3.7
146539,2025-11-25,Abu Dhabi,Groceries,297.54,1,0.0,297.54,238.03,Card,Returning,2.0,4.2
112012,2024-07-19,Dubai,Home & Kitchen,748.63,1,0.0,748.63,748.63,Card,New,2.0,4.5
124820,2025-01-20,Abu Dhabi,Electronics,1300.98,1,0.0,1300.98,1300.98,Wallet,Returning,2.0,4.2
148039,2025-12-12,Abu Dhabi,Groceries,169.65,1,0.0,169.65,169.65,Card,New,3.0,4.3
139961,2025-09-02,Dubai,Electronics,1558.72,1,0.0,1558.72,1558.72,Cash On Delivery,New,1.0,3.9
101985,2024-02-04,Dubai,Electronics,3280.9,1,20.0,3280.9,2624.72,Card,Returning,3.0,5.0
107703,2024-05-09,Abu Dhabi,Groceries,27.96,1,0.0,27.96,27.96,Cash On Delivery,New,3.0,3.8
138951,2025-08-21,Sharjah,Fashion,508.96,1,5.0,508.96,483.51,Card,Returning,4.0,4.7
126405,2025-02-15,Dubai,Mobile Accessories,23.76,1,10.0,23.76,21.38,Cash On Delivery,Returning,4.0,4.5
111602,2024-07-13,Dubai,Groceries,228.23,1,20.0,228.23,182.58,Cash On Delivery,Returning,5.0,4.2
118342,2024-10-23,Sharjah,Fashion,83.87,1,5.0,83.87,79.68,Card,Returning,4.0,4.2
114188,2024-08-22,Dubai,Mobile Accessories,20.85,1,5.0,20.85,19.81,Wallet,Returning,2.0,4.2
135998,2025-07-10,Dubai,Groceries,299.76,1,10.0,299.76,269.78,Card,Returning,4.0,5.0
118157,2024-10-20,Dubai,Electronics,755.15,1,10.0,755.15,679.64,Wallet,New,2.0,4.5
130230,2025-04-15,Abu Dhabi,Fashion,438.79,1,30.0,438.79,307.15,Card,Returning,3.0,4.0
121453,2024-11-30,Abu Dhabi,Electronics,2942.81,2,20.0,5885.62,4708.5,Cash On Delivery,New,5.0,4.1
119693,2024-11-15,Dubai,Mobile Accessories,107.07,1,15.0,107.07,91.01,Cash On Delivery,New,2.0,4.2
147272,2025-01-12,Dubai,Home & Kitchen,153.68,1,20.0,153.68,122.94,Card,New,3.0,3.8
123126,2024-12-26,Dubai,Electronics,3232.24,1,5.0,3232.24,3070.63,Card,New,4.0,4.3
103462,2024-02-29,Dubai,Mobile Accessories,114.0,1,15.0,114.0,96.9,Cash On Delivery,Returning,3.0,4.5
148472,2025-12-18,Abu Dhabi,Groceries,203.21,2,0.0,406.42,406.42,Card,Returning,3.0,3.7
145875,2025-11-22,Abu Dhabi,Fashion,431.16,1,30.0,431.16,301.81,Card,New,4.0,3.8
103779,2024-03-06,Dubai,Beauty & Personal Care,168.31,1,5.0,168.31,159.89,Card,Returning,3.0,4.9
102886,2024-02-18,Dubai,Groceries,180.68,1,10.0,180.68,162.61,Card,New,2.0,4.3
124120,2025-09-01,Sharjah,Beauty & Personal Care,115.45,1,15.0,115.45,98.13,Card,Returning,1.0,3.2
125121,2025-01-25,Dubai,Groceries,86.5,1,0.0,86.5,86.5,Card,New,1.0,5.0
140480,2025-09-09,Abu Dhabi,Beauty & Personal Care,390.88,2,15.0,781.76,664.5,Card,Returning,5.0,2.6
108102,2024-05-15,Dubai,Mobile Accessories,221.3,1,30.0,221.3,154.91,Card,New,4.0,3.7
146763,2025-11-27,Dubai,Groceries,216.63,2,30.0,433.26,303.28,Wallet,Returning,2.0,4.7
124221,2025-01-11,Dubai,Fashion,370.1,1,5.0,370.1,351.6,Wallet,New,3.0,5.0
120999,2024-11-27,Sharjah,Electronics,916.23,2,20.0,1832.46,1465.97,Card,Returning,3.0,4.2
147546,2025-12-05,Ajman,Mobile Accessories,234.55,1,5.0,234.55,222.82,Card,Returning,4.0,3.4
142747,2025-11-10,Sharjah,Beauty & Personal Care,273.54,1,20.0,273.54,218.83,Card,Returning,2.0,3.8
119306,2024-11-08,Ajman,Mobile Accessories,80.04,2,0.0,160.08,160.08,Cash On Delivery,Returning,2.0,3.9
115003,2024-09-01,Sharjah,Electronics,1655.29,1,15.0,1655.29,1407.0,Cash On Delivery,Returning,4.0,4.4
146867,2025-11-28,Sharjah,Electronics,788.23,1,20.0,788.23,630.58,Card,New,3.0,5.0
136740,2025-07-21,Ras Al Khaimah,Fashion,497.04,1,15.0,497.04,422.48,Card,Returning,5.0,4.7
125729,2025-02-04,Sharjah,Fashion,521.21,1,0.0,521.21,521.21,Cash On Delivery,New,4.0,3.3
112263,2024-07-23,Abu Dhabi,Electronics,2636.38,1,10.0,2636.38,2372.74,Card,Returning,1.0,3.6
143373,2025-10-20,Dubai,Fashion,47.54,2,0.0,95.08,95.08,Wallet,Returning,1.0,4.0
112937,2024-03-08,Dubai,Fashion,220.92,1,20.0,220.92,176.74,Card,Returning,4.0,4.1
101459,2024-01-26,Abu Dhabi,Fashion,522.73,1,20.0,522.73,418.18,Card,Returning,2.0,4.2
138448,2025-08-16,Abu Dhabi,Groceries,226.89,1,0.0,226.89,226.89,Cash On Delivery,New,2.0,2.9
117254,2024-10-06,Dubai,Electronics,526.92,1,0.0,526.92,526.92,Card,Returning,3.0,4.3
113986,2024-08-19,Sharjah,Home & Kitchen,269.02,1,0.0,269.02,269.02,Cash On Delivery,New,2.0,5.0
140200,2025-05-09,Dubai,Home & Kitchen,222.75,2,0.0,445.5,445.5,Cash On Delivery,Returning,3.0,4.4
145752,2025-11-21,Abu Dhabi,Fashion,285.71,1,30.0,285.71,200.0,Card,New,2.0,3.6
111070,2024-07-04,Abu Dhabi,Fashion,328.3,1,15.0,328.3,279.06,Wallet,Returning,2.0,5.0
114804,2024-08-29,Ras Al Khaimah,Fashion,325.51,2,5.0,651.02,618.47,Cash On Delivery,Returning,3.0,4.4
121057,2024-11-27,Dubai,Beauty & Personal Care,347.13,1,40.0,347.13,208.28,Wallet,Returning,3.0,4.2
111069,2024-07-04,Dubai,Groceries,231.4,1,5.0,231.4,219.83,Cash On Delivery,Returning,4.0,4.1
119534,2024-12-11,Dubai,Fashion,496.99,2,10.0,993.98,894.58,Wallet,Returning,2.0,5.0
102753,2024-02-16,Sharjah,Mobile Accessories,61.38,1,15.0,61.38,52.17,Wallet,New,3.0,3.7
130786,2025-04-23,Abu Dhabi,Beauty & Personal Care,37.18,1,10.0,37.18,33.46,Card,Returning,2.0,4.9
148105,2025-12-12,Ajman,Mobile Accessories,69.9,1,0.0,69.9,55.92,Card,New,2.0,4.1
133974,2025-10-06,Abu Dhabi,Home & Kitchen,558.91,3,10.0,1676.73,1509.06,Cash On Delivery,Returning,3.0,3.8
138121,2025-08-11,Abu Dhabi,Fashion,193.74,1,20.0,193.74,154.99,Card,New,2.0,2.4
113377,2024-08-11,Dubai,Fashion,344.44,1,0.0,344.44,344.44,Cash On Delivery,New,3.0,4.4
117130,2024-04-10,Dubai,Groceries,69.31,1,15.0,69.31,58.91,Card,Returning,1.0,4.6
131584,2025-05-05,Dubai,Mobile Accessories,188.56,1,0.0,188.56,188.56,Card,New,3.0,3.9
139974,2025-02-09,Ras Al Khaimah,Home & Kitchen,537.67,1,5.0,537.67,510.79,Wallet,Returning,3.0,4.1
126852,2025-02-22,Dubai,Fashion,104.39,1,10.0,104.39,93.95,Wallet,Returning,3.0,3.3
100633,2024-12-01,Dubai,Home & Kitchen,252.59,1,5.0,252.59,239.96,Card,New,2.0,4.2
105636,2024-04-09,Abu Dhabi,Home & Kitchen,343.75,1,0.0,343.75,343.75,Card,New,3.0,5.0
113783,2024-08-16,Ras Al Khaimah,Home & Kitchen,710.74,1,15.0,710.74,604.13,Card,Returning,3.0,4.3
112882,2024-08-03,Ras Al Khaimah,Home & Kitchen,315.92,1,0.0,315.92,315.92,Card,Returning,1.0,3.8
113585,2024-08-14,Abu Dhabi,Fashion,389.54,2,5.0,779.08,740.13,Card,Returning,5.0,4.7
133606,2025-05-06,Dubai,Mobile Accessories,82.82,1,10.0,82.82,74.54,Card,New,3.0,4.2
105917,2024-12-04,Dubai,Electronics,2009.92,1,10.0,2009.92,1808.93,Card,Returning,1.0,4.1
120833,2024-11-26,Abu Dhabi,Groceries,167.04,1,40.0,167.04,100.22,Cash On Delivery,Returning,1.0,3.2
127721,2025-10-03,Abu Dhabi,Fashion,89.88,1,15.0,89.88,76.4,Card,Returning,3.0,4.5
132346,2025-05-17,Abu Dhabi,Fashion,365.99,1,5.0,365.99,347.69,Card,Returning,1.0,4.3
131530,2025-04-05,Sharjah,Groceries,187.45,1,5.0,187.45,178.08,Card,Returning,1.0,3.9
131768,2025-05-08,Ras Al Khaimah,Beauty & Personal Care,384.33,1,0.0,384.33,384.33,Card,New,4.0,3.1
108528,2024-05-22,Abu Dhabi,Mobile Accessories,183.27,1,15.0,183.27,155.78,Cash On Delivery,Returning,1.0,4.4
136001,2025-10-07,Ras Al Khaimah,Electronics,3046.06,1,0.0,3046.06,3046.06,Cash On Delivery,Returning,3.0,5.0
119625,2024-11-14,Abu Dhabi,Electronics,1999.57,1,10.0,1999.57,1799.61,Cash On Delivery,Returning,4.0,4.2
110322,2024-06-21,Dubai,Mobile Accessories,90.26,2,5.0,180.52,171.49,Cash On Delivery,Returning,5.0,4.0
149014,2025-12-25,Sharjah,Groceries,160.12,2,5.0,320.24,304.23,Wallet,Returning,3.0,4.3
115820,2024-09-13,Abu Dhabi,Mobile Accessories,46.44,1,5.0,46.44,44.12,Cash On Delivery,Returning,2.0,3.6
147237,2025-01-12,Dubai,Fashion,559.36,1,0.0,559.36,559.36,Cash On Delivery,Returning,2.0,2.9
110912,2024-07-01,Abu Dhabi,Fashion,515.95,2,0.0,1031.9,1031.9,Card,Returning,3.0,4.9
132941,2025-05-25,Dubai,Home & Kitchen,819.86,3,0.0,2459.58,2459.58,Card,New,2.0,3.6
110885,2024-06-30,Ras Al Khaimah,Groceries,105.12,1,0.0,105.12,105.12,Card,Returning,3.0,3.8
112266,2024-07-23,Dubai,Electronics,1837.66,1,5.0,1837.66,1745.78,Card,Returning,2.0,3.4
113399,2024-08-11,Sharjah,Home & Kitchen,899.51,2,5.0,1799.02,1709.07,Card,Returning,5.0,3.2
103372,2024-02-27,Dubai,Fashion,158.74,2,10.0,317.48,285.73,Card,Returning,1.0,4.2
143229,2025-10-18,Abu Dhabi,Mobile Accessories,140.04,1,0.0,140.04,140.04,Card,Returning,4.0,3.7
137785,2025-08-06,Dubai,Home & Kitchen,535.43,1,0.0,535.43,535.43,Cash On Delivery,Returning,2.0,4.7
103205,2024-02-24,Dubai,Electronics,374.28,1,0.0,374.28,374.28,Cash On Delivery,Returning,3.0,5.0
115680,2024-09-10,Dubai,Home & Kitchen,122.87,1,10.0,122.87,110.58,Cash On Delivery,New,2.0,3.7
124790,2025-01-20,Dubai,Home & Kitchen,834.3,1,30.0,834.3,584.01,Cash On Delivery,Returning,3.0,4.1
108539,2024-05-22,Dubai,Electronics,1794.09,1,0.0,1794.09,1794.09,Card,Returning,3.0,4.6
133711,2025-06-06,Sharjah,Electronics,466.78,1,0.0,466.78,466.78,Cash On Delivery,New,2.0,4.6
134722,2025-06-21,Abu Dhabi,Home & Kitchen,416.95,1,15.0,416.95,354.41,Card,Returning,2.0,3.8
136986,2025-07-25,Dubai,Home & Kitchen,449.91,1,15.0,449.91,382.42,Cash On Delivery,Returning,2.0,3.4
135415,2025-02-07,Dubai,Groceries,272.19,1,15.0,272.19,231.36,Cash On Delivery,New,4.0,4.3
112870,2024-02-08,Abu Dhabi,Beauty & Personal Care,61.09,1,10.0,61.09,54.98,Cash On Delivery,Returning,3.0,3.8
133182,2025-05-29,Dubai,Electronics,1724.12,1,0.0,1724.12,1724.12,Card,Returning,3.0,4.5
117698,2024-10-13,Abu Dhabi,Electronics,2039.85,1,0.0,2039.85,2039.85,Card,Returning,3.0,5.0
123003,2024-12-24,Dubai,Electronics,386.3,3,10.0,1158.9,1043.01,Card,Returning,2.0,4.2
116468,2024-09-23,Sharjah,Fashion,155.08,1,0.0,155.08,155.08,Card,Returning,2.0,5.0
107811,2024-11-05,Abu Dhabi,Electronics,630.75,1,0.0,630.75,630.75,Card,Returning,4.0,4.3
116398,2024-09-22,Dubai,Fashion,237.34,1,0.0,237.34,237.34,Card,Returning,1.0,5.0
135271,2025-06-30,Dubai,Groceries,31.5,1,10.0,31.5,28.35,Card,Returning,3.0,3.9
111976,2024-07-19,Abu Dhabi,Home & Kitchen,693.34,1,0.0,693.34,693.34,Card,Returning,3.0,5.0
125194,2025-01-26,Abu Dhabi,Beauty & Personal Care,169.57,1,20.0,169.57,135.66,Card,Returning,3.0,3.0
101869,2024-02-02,Dubai,Home & Kitchen,362.54,1,0.0,362.54,362.54,Card,Returning,3.0,5.0
139504,2025-08-28,Ras Al Khaimah,Electronics,2000.2,1,10.0,2000.2,1800.18,Cash On Delivery,New,1.0,4.5
129205,2025-02-04,Dubai,Home & Kitchen,385.21,1,15.0,385.21,327.43,Cash On Delivery,New,2.0,3.9
138983,2025-08-22,Sharjah,Fashion,98.94,1,5.0,98.94,93.99,Card,Returning,3.0,3.5
106618,2024-04-21,Abu Dhabi,Mobile Accessories,216.49,2,5.0,432.98,411.33,Card,New,4.0,3.4
118019,2024-10-18,Dubai,Electronics,3356.24,1,0.0,3356.24,3356.24,Card,New,1.0,4.2
120935,2024-11-26,Sharjah,Beauty & Personal Care,329.26,1,50.0,329.26,164.63,Card,Returning,5.0,4.4
106057,2024-04-13,Dubai,Electronics,1321.87,1,0.0,1321.87,1057.5,Cash On Delivery,Returning,2.0,4.2
148658,2025-12-20,Abu Dhabi,Home & Kitchen,233.29,1,0.0,233.29,233.29,Card,Returning,1.0,4.2
117285,2024-10-07,Ajman,Groceries,211.5,2,0.0,423.0,423.0,Cash On Delivery,Returning,2.0,4.2
112691,2024-07-31,Dubai,Electronics,1547.46,1,15.0,1547.46,1315.34,Card,Returning,4.0,2.5
100604,2024-12-01,Dubai,Groceries,276.01,1,15.0,276.01,234.61,Wallet,Returning,2.0,3.6
132273,2025-05-16,Ras Al Khaimah,Beauty & Personal Care,387.32,1,20.0,387.32,309.86,Cash On Delivery,New,3.0,4.8
103271,2024-02-25,Dubai,Groceries,99.43,1,10.0,99.43,89.49,Wallet,Returning,4.0,3.7
116150,2024-09-18,Sharjah,Fashion,54.45,1,15.0,54.45,46.28,Cash On Delivery,Returning,1.0,3.5
144536,2025-11-05,Dubai,Fashion,195.82,2,0.0,391.64,391.64,Card,Returning,3.0,5.0
146844,2025-11-27,Dubai,Beauty & Personal Care,202.58,1,30.0,202.58,141.81,Card,Returning,5.0,3.8
140997,2025-09-17,Ras Al Khaimah,Beauty & Personal Care,108.25,1,0.0,108.25,108.25,Wallet,Returning,1.0,3.2
124880,2025-01-21,Abu Dhabi,Mobile Accessories,131.58,3,10.0,394.74,355.27,Card,New,2.0,4.3
119124,2024-05-11,Dubai,Fashion,579.03,1,15.0,579.03,492.18,Cash On Delivery,New,3.0,5.0
111983,2024-07-19,Sharjah,Mobile Accessories,167.54,1,15.0,167.54,142.41,Card,New,1.0,4.5
143066,2025-10-16,Dubai,Home & Kitchen,100.44,1,5.0,100.44,95.42,Card,Returning,4.0,4.2
144666,2025-07-11,Dubai,Beauty & Personal Care,398.56,1,5.0,398.56,378.63,Card,Returning,3.0,4.5
106025,2024-12-04,Sharjah,Fashion,95.94,1,10.0,95.94,86.35,Card,Returning,2.0,4.8
131048,2025-04-27,Abu Dhabi,Fashion,290.99,2,0.0,581.98,581.98,Card,Returning,3.0,4.1
144766,2025-11-08,Abu Dhabi,Electronics,2601.37,1,5.0,2601.37,2471.3,Cash On Delivery,New,3.0,4.2
127582,2025-07-03,Dubai,Groceries,23.52,1,5.0,23.52,22.34,Wallet,Returning,2.0,4.3
135660,2025-05-07,Ajman,Groceries,191.36,1,0.0,191.36,191.36,Card,Returning,2.0,3.4
144035,2025-10-30,Abu Dhabi,Mobile Accessories,187.41,3,0.0,562.23,562.23,Wallet,New,3.0,4.7
148624,2025-12-20,Dubai,Electronics,1256.86,1,10.0,1256.86,1131.17,Card,New,2.0,5.0
130924,2025-04-25,Dubai,Electronics,1856.75,1,0.0,1856.75,1856.75,Cash On Delivery,New,1.0,4.7
109098,2024-01-06,Dubai,Electronics,2290.27,1,0.0,2290.27,2290.27,Card,Returning,3.0,4.6
126403,2025-02-15,Dubai,Beauty & Personal Care,349.9,1,30.0,349.9,244.93,Wallet,Returning,1.0,3.9
142611,2025-10-10,Dubai,Home & Kitchen,407.65,2,0.0,815.3,815.3,Cash On Delivery,New,3.0,3.7
119795,2024-11-16,Ajman,Fashion,116.68,1,10.0,116.68,105.01,Cash On Delivery,Returning,2.0,4.0
129233,2025-04-02,Dubai,Electronics,1241.1,1,15.0,1241.1,1054.94,Card,Returning,2.0,4.0
110012,2024-06-16,Dubai,Home & Kitchen,101.18,1,20.0,101.18,80.94,Card,Returning,1.0,3.6
149379,2025-12-30,Ras Al Khaimah,Fashion,98.06,2,10.0,196.12,176.51,Card,New,4.0,3.4
148749,2025-12-22,Abu Dhabi,Electronics,1578.02,1,0.0,1578.02,1578.02,Card,New,4.0,4.0
101075,2024-01-19,Ajman,Beauty & Personal Care,118.77,1,5.0,118.77,112.83,Card,Returning,3.0,3.7
107523,2024-05-05,Dubai,Groceries,262.88,1,0.0,262.88,262.88,Card,Returning,4.0,4.3
147174,2025-11-30,Ras Al Khaimah,Groceries,37.41,1,20.0,37.41,29.93,Cash On Delivery,Returning,6.0,5.0
122302,2024-12-12,Abu Dhabi,Mobile Accessories,64.33,2,10.0,128.66,115.79,Cash On Delivery,New,2.0,2.9
140744,2025-12-09,Dubai,Beauty & Personal Care,92.06,2,5.0,184.12,174.91,Card,Returning,1.0,5.0
109665,2024-06-10,Dubai,Mobile Accessories,110.14,1,5.0,110.14,104.63,Card,New,3.0,3.8
127179,2025-02-27,Abu Dhabi,Mobile Accessories,90.13,1,0.0,90.13,90.13,Cash On Delivery,New,1.0,3.5
103514,2024-03-01,Abu Dhabi,Beauty & Personal Care,59.78,1,0.0,59.78,59.78,Wallet,New,1.0,4.2
140642,2025-09-11,Ajman,Beauty & Personal Care,337.97,1,0.0,337.97,337.97,Card,New,2.0,3.9
120809,2024-11-26,Abu Dhabi,Mobile Accessories,88.1,1,10.0,88.1,79.29,Cash On Delivery,Returning,4.0,3.8
128141,2025-03-18,Dubai,Electronics,1239.56,1,5.0,1239.56,1177.58,Cash On Delivery,New,3.0,4.2
107568,2024-06-05,Abu Dhabi,Mobile Accessories,55.39,1,0.0,55.39,55.39,Card,Returning,3.0,2.8
102842,2024-02-17,Dubai,Beauty & Personal Care,398.99,1,5.0,398.99,379.04,Card,New,3.0,4.1
112778,2024-01-08,Sharjah,Beauty & Personal Care,378.8,1,10.0,378.8,340.92,Cash On Delivery,Returning,4.0,4.3
106609,2024-04-21,Sharjah,Electronics,349.71,1,10.0,349.71,314.74,Card,Returning,3.0,4.2
123484,2024-12-31,Sharjah,Fashion,451.68,1,0.0,451.68,451.68,Card,Returning,1.0,4.7
120345,2024-11-23,Dubai,Mobile Accessories,200.22,1,10.0,200.22,180.2,Cash On Delivery,Returning,1.0,3.4
102051,2024-02-05,Ajman,Mobile Accessories,143.02,1,5.0,143.02,135.87,Wallet,Returning,4.0,5.0
106198,2024-04-14,Dubai,Groceries,154.88,1,30.0,154.88,108.42,Cash On Delivery,Returning,1.0,4.1
126500,2025-02-16,Dubai,Electronics,2248.79,1,20.0,2248.79,1799.03,Card,Returning,3.0,3.8
119901,2024-11-17,Dubai,Fashion,340.17,3,0.0,1020.51,1020.51,Card,New,1.0,3.6
117620,2024-12-10,Abu Dhabi,Fashion,377.52,1,0.0,377.52,377.52,Card,Returning,1.0,3.2
113490,2024-08-13,Dubai,Fashion,435.23,1,0.0,435.23,435.23,Card,Returning,3.0,5.0
108703,2024-05-25,Abu Dhabi,Fashion,503.23,1,5.0,503.23,478.07,Wallet,Returning,2.0,4.0
118496,2024-10-26,Abu Dhabi,Mobile Accessories,126.48,1,5.0,126.48,120.16,Card,Returning,2.0,4.1
129818,2025-08-04,Abu Dhabi,Mobile Accessories,208.55,1,5.0,208.55,198.12,Wallet,New,3.0,2.9
147955,2025-12-10,Dubai,Home & Kitchen,881.15,1,0.0,881.15,881.15,Card,New,4.0,4.2
110230,2024-06-20,Dubai,Groceries,64.09,1,0.0,64.09,64.09,Wallet,Returning,4.0,4.4
122893,2024-12-22,Sharjah,Fashion,573.17,1,0.0,573.17,573.17,Cash On Delivery,New,1.0,5.0
127284,2025-03-01,Dubai,Home & Kitchen,312.43,1,0.0,312.43,312.43,Card,Returning,3.0,4.4
127325,2025-03-02,Dubai,Groceries,237.2,1,0.0,237.2,237.2,Card,New,3.0,5.0
126981,2025-02-24,Ajman,Mobile Accessories,239.31,1,5.0,239.31,227.34,Cash On Delivery,New,1.0,4.0
137476,2025-01-08,Dubai,Mobile Accessories,48.99,1,15.0,48.99,41.64,Cash On Delivery,New,3.0,4.3
114069,2024-08-20,Abu Dhabi,Fashion,471.39,1,10.0,471.39,424.25,Card,Returning,3.0,5.0
133885,2025-06-09,Dubai,Mobile Accessories,26.72,1,0.0,26.72,26.72,Card,New,1.0,4.5
105871,2024-11-04,Dubai,Beauty & Personal Care,346.51,1,0.0,346.51,346.51,Cash On Delivery,Returning,3.0,4.2
115306,2024-09-05,Dubai,Fashion,572.12,1,10.0,572.12,514.91,Card,New,2.0,3.4
119590,2024-11-13,Sharjah,Beauty & Personal Care,280.64,1,0.0,280.64,280.64,Wallet,Returning,2.0,3.1
106954,2024-04-26,Abu Dhabi,Electronics,2786.25,2,0.0,5572.5,5572.5,Card,Returning,5.0,4.7
127342,2025-02-03,Sharjah,Beauty & Personal Care,132.84,2,10.0,265.68,239.11,Card,Returning,2.0,4.0
105283,2024-03-04,Dubai,Electronics,1874.97,2,10.0,3749.94,3374.95,Card,Returning,3.0,3.5
106354,2024-04-16,Ras Al Khaimah,Fashion,301.84,1,15.0,301.84,256.56,Card,New,2.0,5.0
123406,2024-12-29,Ras Al Khaimah,Home & Kitchen,668.64,2,15.0,1337.28,1136.69,Card,Returning,5.0,5.0
146755,2025-11-27,Dubai,Mobile Accessories,105.74,1,50.0,105.74,52.87,Card,New,3.0,2.5
120835,2024-11-26,Abu Dhabi,Electronics,3254.82,2,40.0,6509.64,3905.78,Card,Returning,2.0,4.5
129306,2025-03-04,Dubai,Mobile Accessories,107.09,3,10.0,321.27,289.14,Cash On Delivery,Returning,3.0,4.2
131733,2025-08-05,Sharjah,Beauty & Personal Care,194.56,1,0.0,194.56,194.56,Cash On Delivery,Returning,3.0,4.3
104948,2024-03-29,Dubai,Electronics,2159.17,1,5.0,2159.17,2051.21,Card,Returning,1.0,4.8
115746,2024-09-11,Dubai,Fashion,481.67,1,5.0,481.67,457.59,Card,Returning,2.0,4.5
112879,2024-08-03,Sharjah,Beauty & Personal Care,361.39,1,10.0,361.39,325.25,Cash On Delivery,Returning,5.0,4.0
133507,2025-03-06,Sharjah,Fashion,194.85,1,5.0,194.85,185.11,Card,Returning,3.0,4.1
131339,2025-01-05,Abu Dhabi,Beauty & Personal Care,238.62,1,0.0,238.62,238.62,Wallet,Returning,3.0,4.7
126060,2025-02-09,Dubai,Beauty & Personal Care,256.83,1,15.0,256.83,218.31,Card,New,1.0,4.0
143505,2025-10-22,Abu Dhabi,Home & Kitchen,119.33,3,0.0,357.99,357.99,Cash On Delivery,Returning,3.0,2.6
116445,2024-09-23,Sharjah,Home & Kitchen,585.21,1,5.0,585.21,555.95,Card,Returning,4.0,4.1
143192,2025-10-18,Sharjah,Beauty & Personal Care,186.64,1,15.0,186.64,158.64,Cash On Delivery,Returning,3.0,4.0
125046,2025-01-24,Dubai,Home & Kitchen,856.44,1,0.0,856.44,856.44,Card,New,3.0,4.2
105030,2024-03-30,Ajman,Fashion,491.5,1,0.0,491.5,491.5,Card,Returning,3.0,4.3
120954,2024-11-27,Dubai,Fashion,383.03,1,50.0,383.03,191.52,Card,Returning,2.0,4.6
104039,2024-03-10,Dubai,Fashion,302.17,2,0.0,604.34,604.34,Card,Returning,3.0,4.3
134089,2025-06-12,Ajman,Home & Kitchen,179.94,1,0.0,179.94,179.94,Wallet,New,2.0,3.6
119690,2024-11-14,Dubai,Home & Kitchen,417.7,1,10.0,417.7,375.93,Card,Returning,2.0,5.0
126974,2025-02-24,Dubai,Groceries,83.08,2,5.0,166.16,157.85,Card,Returning,1.0,3.3
140192,2025-05-09,Ras Al Khaimah,Mobile Accessories,86.82,1,0.0,86.82,86.82,Card,New,2.0,5.0
126549,2025-02-17,Abu Dhabi,Mobile Accessories,105.61,1,0.0,105.61,105.61,Cash On Delivery,New,4.0,4.1
109793,2024-06-13,Dubai,Home & Kitchen,298.26,2,15.0,596.52,507.04,Wallet,New,3.0,5.0
120708,2024-11-25,Abu Dhabi,Beauty & Personal Care,90.69,1,10.0,90.69,81.62,Wallet,Returning,2.0,4.4
100197,2024-04-01,Dubai,Mobile Accessories,187.09,3,0.0,561.27,561.27,Cash On Delivery,New,5.0,4.5
121588,2024-02-12,Abu Dhabi,Fashion,130.92,1,0.0,130.92,130.92,Card,New,3.0,3.4
104673,2024-03-22,Dubai,Fashion,582.39,2,30.0,1164.78,815.35,Cash On Delivery,Returning,1.0,4.4
102223,2024-08-02,Dubai,Mobile Accessories,95.96,1,5.0,95.96,91.16,Card,Returning,3.0,4.6
137990,2025-09-08,Abu Dhabi,Electronics,677.12,1,15.0,677.12,575.55,Cash On Delivery,Returning,2.0,4.9
113874,2024-08-18,Ras Al Khaimah,Home & Kitchen,665.6,1,10.0,665.6,599.04,Card,Returning,3.0,4.5
104139,2024-03-12,Dubai,Groceries,125.77,3,30.0,377.31,264.12,Cash On Delivery,New,2.0,4.1
106142,2024-04-13,Abu Dhabi,Home & Kitchen,726.53,1,5.0,726.53,690.2,Wallet,Returning,3.0,4.0
137894,2025-08-07,Dubai,Home & Kitchen,313.51,1,0.0,313.51,313.51,Cash On Delivery,Returning,4.0,4.4
141043,2025-09-17,Abu Dhabi,Groceries,201.74,1,30.0,201.74,141.22,Card,Returning,1.0,4.4
104598,2024-03-21,Dubai,Fashion,207.16,2,15.0,414.32,352.17,Card,Returning,1.0,2.9
128741,2025-03-28,Dubai,Mobile Accessories,125.47,1,5.0,125.47,119.2,Card,Returning,2.0,4.9
110560,2024-06-25,Dubai,Beauty & Personal Care,132.67,1,5.0,132.67,126.04,Cash On Delivery,Returning,3.0,3.3
103071,2024-02-22,Dubai,Home & Kitchen,192.07,2,10.0,384.14,345.73,Cash On Delivery,New,1.0,4.1
106212,2024-04-14,Dubai,Beauty & Personal Care,26.51,1,0.0,26.51,26.51,Cash On Delivery,Returning,4.0,4.0
107039,2024-04-27,Dubai,Beauty & Personal Care,80.86,1,0.0,80.86,80.86,Card,Returning,2.0,2.8
142561,2025-10-09,Dubai,Fashion,364.29,1,0.0,364.29,364.29,Cash On Delivery,New,4.0,3.3
120845,2024-11-26,Dubai,Fashion,356.38,1,30.0,356.38,249.47,Wallet,Returning,3.0,4.2
129369,2025-03-04,Dubai,Electronics,3488.86,1,5.0,3488.86,3314.42,Card,Returning,2.0,4.7
121734,2024-12-04,Sharjah,Home & Kitchen,834.77,1,15.0,834.77,709.55,Card,Returning,2.0,4.1
130619,2025-04-20,Abu Dhabi,Mobile Accessories,49.7,1,10.0,49.7,44.73,Wallet,Returning,3.0,4.9
144384,2025-03-11,Abu Dhabi,Groceries,216.16,1,15.0,216.16,183.74,Card,Returning,1.0,4.4
110547,2024-06-25,Dubai,Mobile Accessories,47.46,1,0.0,47.46,47.46,Card,New,1.0,4.0
112119,2024-07-21,Ajman,Fashion,480.5,1,20.0,480.5,384.4,Cash On Delivery,Returning,3.0,4.5
100164,2024-04-01,Abu Dhabi,Mobile Accessories,42.01,1,10.0,42.01,37.81,Card,New,4.0,3.0
105171,2024-01-04,Abu Dhabi,Beauty & Personal Care,160.31,1,5.0,160.31,152.29,Card,New,3.0,4.2
131886,2025-10-05,Ras Al Khaimah,Electronics,1724.59,1,5.0,1724.59,1638.36,Wallet,Returning,4.0,3.4
135116,2025-06-27,Dubai,Fashion,592.46,1,0.0,592.46,592.46,Cash On Delivery,Returning,2.0,4.8
113580,2024-08-14,Abu Dhabi,Fashion,494.4,1,5.0,494.4,469.68,Card,Returning,4.0,3.9
119279,2024-11-08,Dubai,Home & Kitchen,690.27,1,10.0,690.27,621.24,Wallet,Returning,2.0,4.2
142030,2025-10-01,Abu Dhabi,Beauty & Personal Care,150.56,1,30.0,150.56,105.39,Cash On Delivery,Returning,4.0,4.3
133417,2025-02-06,Dubai,Groceries,49.87,1,20.0,49.87,39.9,Card,Returning,2.0,4.5
142435,2025-07-10,Abu Dhabi,Electronics,1872.39,1,30.0,1872.39,1310.67,Card,Returning,3.0,4.2
136310,2025-07-15,Dubai,Beauty & Personal Care,391.3,1,0.0,391.3,391.3,Card,Returning,3.0,4.4
143692,2025-10-25,Dubai,Beauty & Personal Care,180.07,1,0.0,180.07,180.07,Cash On Delivery,New,2.0,5.0
103530,2024-03-01,Dubai,Home & Kitchen,887.09,1,20.0,887.09,709.67,Card,Returning,1.0,3.5
127093,2025-02-26,Sharjah,Mobile Accessories,167.08,2,5.0,334.16,317.45,Wallet,Returning,3.0,4.9
110195,2024-06-19,Abu Dhabi,Home & Kitchen,118.29,1,0.0,118.29,118.29,Card,New,5.0,4.7
121402,2024-11-29,Dubai,Beauty & Personal Care,97.03,1,30.0,97.03,67.92,Cash On Delivery,Returning,3.0,3.9
133078,2025-05-28,Dubai,Groceries,187.61,1,30.0,187.61,131.33,Cash On Delivery,New,3.0,3.8
136467,2025-07-18,Dubai,Home & Kitchen,95.46,1,15.0,95.46,81.14,Wallet,Returning,3.0,4.0
106985,2024-04-27,Sharjah,Electronics,3481.33,1,20.0,3481.33,2785.06,Cash On Delivery,New,1.0,3.9
148223,2025-12-14,Abu Dhabi,Home & Kitchen,423.26,1,15.0,423.26,359.77,Card,New,1.0,4.7
114017,2024-08-20,Dubai,Home & Kitchen,755.28,1,0.0,755.28,755.28,Card,Returning,3.0,4.2
110286,2024-06-21,Abu Dhabi,Electronics,653.9,1,5.0,653.9,621.2,Card,Returning,1.0,2.7
104370,2024-03-16,Abu Dhabi,Electronics,3284.46,1,10.0,3284.46,2956.01,Cash On Delivery,Returning,4.0,4.2
148526,2025-12-18,Dubai,Home & Kitchen,397.12,1,0.0,397.12,397.12,Card,Returning,2.0,2.7
100275,2024-06-01,Dubai,Groceries,40.45,1,5.0,40.45,38.43,Cash On Delivery,Returning,4.0,5.0
102859,2024-02-18,Dubai,Groceries,174.23,1,0.0,174.23,174.23,Cash On Delivery,New,3.0,5.0
135929,2025-09-07,Abu Dhabi,Electronics,2345.18,1,0.0,2345.18,2345.18,Wallet,New,2.0,4.6
142076,2025-10-02,Abu Dhabi,Fashion,391.63,1,0.0,391.63,391.63,Cash On Delivery,New,4.0,4.3
137098,2025-07-27,Ras Al Khaimah,Beauty & Personal Care,216.75,2,0.0,433.5,433.5,Card,New,1.0,3.9
125601,2025-02-02,Abu Dhabi,Groceries,119.42,1,0.0,119.42,119.42,Card,Returning,5.0,4.2
105894,2024-04-12,Abu Dhabi,Beauty & Personal Care,143.83,1,10.0,143.83,129.45,Cash On Delivery,Returning,5.0,5.0
104568,2024-03-20,Sharjah,Home & Kitchen,863.66,1,5.0,863.66,820.48,Cash On Delivery,New,2.0,5.0
142954,2025-10-14,Dubai,Mobile Accessories,80.75,1,15.0,80.75,68.64,Card,New,2.0,3.9
145184,2025-11-14,Abu Dhabi,Beauty & Personal Care,49.52,1,5.0,49.52,47.04,Card,New,5.0,4.3
112961,2024-08-04,Abu Dhabi,Groceries,54.99,1,5.0,54.99,52.24,Cash On Delivery,Returning,1.0,4.9
109324,2024-06-05,Ras Al Khaimah,Home & Kitchen,407.66,1,5.0,407.66,387.28,Cash On Delivery,New,4.0,4.2
111389,2024-09-07,Abu Dhabi,Mobile Accessories,153.58,1,0.0,153.58,153.58,Cash On Delivery,New,1.0,4.2
146208,2025-11-24,Dubai,Fashion,80.67,1,0.0,80.67,48.4,Card,Returning,4.0,4.5
108945,2024-05-29,Dubai,Electronics,1019.51,1,0.0,1019.51,1019.51,Card,Returning,4.0,4.2
103842,2024-03-07,Ras Al Khaimah,Home & Kitchen,242.53,1,15.0,242.53,206.15,Cash On Delivery,Returning,3.0,4.3
147044,2025-11-28,Dubai,Electronics,1825.07,1,30.0,1825.07,1277.55,Card,Returning,1.0,5.0
121249,2024-11-29,Ras Al Khaimah,Beauty & Personal Care,197.86,1,30.0,197.86,138.5,Cash On Delivery,New,2.0,4.8
141357,2025-09-22,Abu Dhabi,Groceries,76.26,1,10.0,76.26,68.63,Card,Returning,3.0,3.7
128664,2025-03-27,Dubai,Beauty & Personal Care,81.12,1,20.0,81.12,64.9,Card,Returning,2.0,3.9
112006,2024-07-19,Dubai,Electronics,3146.35,1,15.0,3146.35,2674.4,Cash On Delivery,Returning,4.0,5.0
116351,2024-09-21,Ajman,Electronics,508.68,1,0.0,508.68,508.68,Card,Returning,2.0,5.0
122368,2024-12-13,Dubai,Groceries,37.48,1,20.0,37.48,29.98,Card,New,2.0,4.7
146084,2025-11-23,Dubai,Fashion,533.03,3,30.0,1599.09,1119.36,Card,Returning,5.0,4.4
100398,2024-01-08,Dubai,Fashion,501.19,2,5.0,1002.38,952.26,Card,Returning,1.0,3.8
109123,2024-06-02,Dubai,Fashion,312.26,2,0.0,624.52,624.52,Card,New,3.0,4.9
111269,2024-07-07,Dubai,Electronics,1057.48,2,20.0,2114.96,1691.97,Card,New,4.0,4.2
122442,2024-12-14,Abu Dhabi,Beauty & Personal Care,250.53,1,30.0,250.53,175.37,Cash On Delivery,Returning,3.0,4.2
148847,2025-12-23,Abu Dhabi,Groceries,87.87,1,0.0,87.87,87.87,Card,New,1.0,3.4
107424,2024-03-05,Dubai,Fashion,102.47,1,5.0,102.47,97.35,Card,Returning,5.0,3.1
112086,2024-07-20,Ras Al Khaimah,Groceries,44.56,1,5.0,44.56,42.33,Wallet,Returning,2.0,3.0
144731,2025-08-11,Dubai,Fashion,240.88,1,10.0,240.88,216.79,Cash On Delivery,Returning,3.0,3.2
108884,2024-05-28,Dubai,Beauty & Personal Care,292.66,1,15.0,292.66,248.76,Card,New,2.0,3.8
114059,2024-08-20,Ajman,Beauty & Personal Care,163.87,1,0.0,163.87,163.87,Card,Returning,3.0,3.9
124615,2025-01-17,Ras Al Khaimah,Electronics,2823.34,2,15.0,5646.68,4799.68,Cash On Delivery,New,5.0,4.6
116075,2024-09-16,Abu Dhabi,Fashion,420.13,2,0.0,840.26,840.26,Wallet,New,2.0,4.5
104280,2024-03-15,Dubai,Groceries,34.63,1,5.0,34.63,32.9,Wallet,Returning,2.0,4.8
149319,2025-12-29,Abu Dhabi,Fashion,568.94,1,0.0,568.94,568.94,Card,New,2.0,4.3
122084,2024-09-12,Abu Dhabi,Beauty & Personal Care,227.8,3,20.0,683.4,546.72,Cash On Delivery,New,2.0,4.0
104729,2024-03-23,Abu Dhabi,Groceries,22.04,1,0.0,22.04,22.04,Card,New,4.0,5.0
147601,2025-05-12,Ajman,Home & Kitchen,308.4,1,10.0,308.4,277.56,Cash On Delivery,Returning,3.0,4.1
133688,2025-06-06,Abu Dhabi,Electronics,2976.59,1,5.0,2976.59,2827.76,Card,New,2.0,3.8
141239,2025-09-20,Dubai,Beauty & Personal Care,219.77,1,0.0,219.77,219.77,Card,Returning,2.0,4.2
139471,2025-08-28,Abu Dhabi,Mobile Accessories,94.85,1,0.0,94.85,94.85,Card,New,4.0,4.2
104456,2024-03-18,Abu Dhabi,Groceries,261.92,1,5.0,261.92,248.82,Wallet,Returning,2.0,3.6
118199,2024-10-21,Dubai,Groceries,138.89,1,5.0,138.89,131.95,Card,Returning,3.0,4.0
146932,2025-11-28,Abu Dhabi,Fashion,596.37,3,20.0,1789.11,1431.29,Cash On Delivery,Returning,3.0,4.2
109270,2024-06-04,Dubai,Home & Kitchen,759.09,1,20.0,759.09,607.27,Cash On Delivery,Returning,4.0,5.0
133118,2025-05-28,Abu Dhabi,Beauty & Personal Care,56.79,1,10.0,56.79,51.11,Wallet,Returning,1.0,4.0
118345,2024-10-23,Ras Al Khaimah,Groceries,296.91,1,0.0,296.91,296.91,Cash On Delivery,Returning,4.0,3.6
121593,2024-02-12,Dubai,Fashion,285.86,1,5.0,285.86,271.57,Cash On Delivery,New,2.0,3.4
106641,2024-04-21,Dubai,Mobile Accessories,93.55,1,5.0,93.55,88.87,Card,Returning,2.0,4.2
124231,2025-11-01,Ajman,Electronics,1350.03,1,10.0,1350.03,1215.03,Card,New,3.0,4.2
149330,2025-12-29,Abu Dhabi,Fashion,429.82,1,10.0,429.82,386.84,Wallet,New,3.0,4.0
138748,2025-08-19,Dubai,Mobile Accessories,172.19,1,0.0,172.19,172.19,Cash On Delivery,New,5.0,4.2
103990,2024-09-03,Dubai,Mobile Accessories,246.43,1,0.0,246.43,246.43,Card,Returning,1.0,4.3
147457,2025-12-03,Sharjah,Electronics,2682.7,1,15.0,2682.7,2280.29,Wallet,Returning,3.0,4.7
136246,2025-07-14,Dubai,Home & Kitchen,746.39,1,0.0,746.39,746.39,Card,New,1.0,4.5
121164,2024-11-28,Sharjah,Mobile Accessories,232.04,2,40.0,464.08,278.45,Card,Returning,2.0,4.2
138329,2025-08-14,Dubai,Fashion,316.62,1,10.0,316.62,284.96,Cash On Delivery,New,3.0,4.2
138207,2025-08-12,Dubai,Fashion,534.0,1,0.0,534.0,534.0,Cash On Delivery,Returning,3.0,4.2
129732,2025-07-04,Ajman,Beauty & Personal Care,386.2,2,10.0,772.4,695.16,Card,Returning,3.0,4.3
101798,2024-01-02,Dubai,Electronics,2796.66,2,30.0,5593.32,3915.32,Cash On Delivery,Returning,3.0,2.9
110402,2024-06-23,Sharjah,Mobile Accessories,42.13,1,10.0,42.13,37.92,Card,Returning,2.0,4.2
134033,2025-11-06,Dubai,Home & Kitchen,787.81,2,0.0,1575.62,1575.62,Card,Returning,3.0,3.8
118855,2024-11-01,Sharjah,Home & Kitchen,306.09,1,15.0,306.09,260.18,Cash On Delivery,Returning,4.0,4.2
123402,2024-12-29,Sharjah,Fashion,48.57,2,10.0,97.14,87.43,Card,Returning,2.0,4.8
117615,2024-12-10,Abu Dhabi,Beauty & Personal Care,68.17,1,0.0,68.17,68.17,Cash On Delivery,New,4.0,4.1
107901,2024-12-05,Ras Al Khaimah,Beauty & Personal Care,63.89,1,10.0,63.89,57.5,Card,Returning,3.0,4.0
131108,2025-04-28,Dubai,Fashion,413.25,1,5.0,413.25,392.59,Card,Returning,4.0,4.7
115467,2024-09-06,Dubai,Groceries,264.29,1,0.0,264.29,264.29,Cash On Delivery,New,5.0,3.7
106028,2024-04-12,Sharjah,Fashion,332.85,1,0.0,332.85,332.85,Cash On Delivery,Returning,3.0,4.3
108365,2024-05-19,Dubai,Home & Kitchen,252.73,1,10.0,252.73,227.46,Card,Returning,5.0,4.6
125523,2025-02-01,Dubai,Beauty & Personal Care,31.35,1,10.0,31.35,28.22,Card,Returning,3.0,3.3
126735,2025-02-20,Dubai,Mobile Accessories,179.83,1,0.0,179.83,179.83,Card,New,3.0,4.3
114224,2024-08-22,Ajman,Beauty & Personal Care,176.34,2,0.0,352.68,317.41,Card,New,1.0,4.2
108518,2024-05-22,Ras Al Khaimah,Groceries,275.21,1,5.0,275.21,261.45,Wallet,New,1.0,3.9
115975,2024-09-15,Sharjah,Home & Kitchen,362.62,2,0.0,725.24,725.24,Cash On Delivery,Returning,4.0,4.4
138869,2025-08-20,Abu Dhabi,Home & Kitchen,133.77,3,0.0,401.31,401.31,Cash On Delivery,New,3.0,4.3
133172,2025-05-29,Sharjah,Home & Kitchen,212.85,1,0.0,212.85,212.85,Wallet,Returning,2.0,3.6
114199,2024-08-22,Sharjah,Groceries,298.2,1,0.0,298.2,298.2,Card,Returning,4.0,4.2
124146,2025-10-01,Dubai,Electronics,1891.97,1,10.0,1891.97,1702.77,Cash On Delivery,Returning,3.0,3.5
109677,2024-11-06,Ajman,Electronics,1990.08,1,0.0,1990.08,1890.58,Cash On Delivery,Returning,3.0,4.3
138687,2025-08-18,Dubai,Fashion,558.12,1,5.0,558.12,530.21,Cash On Delivery,Returning,2.0,4.3
114726,2024-08-28,Dubai,Beauty & Personal Care,199.34,1,15.0,199.34,169.44,Card,Returning,3.0,4.6
145780,2025-11-21,Sharjah,Home & Kitchen,729.03,1,30.0,729.03,510.32,Cash On Delivery,New,3.0,3.9
108063,2024-05-15,Dubai,Home & Kitchen,260.41,2,0.0,520.82,520.82,Card,Returning,3.0,4.3
148133,2025-12-13,Dubai,Beauty & Personal Care,290.92,2,10.0,581.84,523.66,Cash On Delivery,Returning,4.0,3.6
116449,2024-09-23,Dubai,Electronics,1797.9,1,0.0,1797.9,1797.9,Card,New,3.0,4.9
134399,2025-06-17,Dubai,Fashion,88.56,1,15.0,88.56,75.28,Wallet,Returning,4.0,3.8
114571,2024-08-26,Dubai,Mobile Accessories,103.05,1,10.0,103.05,92.74,Card,Returning,2.0,3.4
109703,2024-11-06,Abu Dhabi,Home & Kitchen,255.6,1,0.0,255.6,255.6,Cash On Delivery,Returning,1.0,4.6
122839,2024-12-21,Abu Dhabi,Beauty & Personal Care,387.31,1,10.0,387.31,348.58,Card,Returning,4.0,5.0
108072,2024-05-15,Sharjah,Groceries,181.76,1,15.0,181.76,154.5,Cash On Delivery,Returning,3.0,4.4
137051,2025-07-26,Abu Dhabi,Fashion,371.58,1,15.0,371.58,315.84,Wallet,New,4.0,3.2
113378,2024-08-11,Dubai,Mobile Accessories,92.4,1,0.0,92.4,92.4,Wallet,Returning,2.0,3.8
104217,2024-03-13,Abu Dhabi,Beauty & Personal Care,366.13,1,10.0,366.13,329.52,Cash On Delivery,Returning,2.0,5.0
147711,2025-07-12,Dubai,Home & Kitchen,611.28,1,0.0,611.28,611.28,Cash On Delivery,Returning,3.0,5.0
119769,2024-11-15,Ras Al Khaimah,Home & Kitchen,408.03,1,0.0,408.03,408.03,Card,Returning,2.0,3.4
146119,2025-11-23,Sharjah,Electronics,3103.44,1,40.0,3103.44,1862.06,Wallet,Returning,1.0,4.0
138262,2025-08-13,Dubai,Mobile Accessories,78.33,3,0.0,234.99,234.99,Cash On Delivery,Returning,2.0,2.7
137777,2025-08-06,Sharjah,Electronics,3412.51,2,0.0,6825.02,6825.02,Cash On Delivery,New,3.0,3.9
138564,2025-08-17,Dubai,Mobile Accessories,39.21,1,10.0,39.21,35.29,Card,Returning,1.0,4.1
122843,2024-12-21,Ajman,Electronics,386.79,1,5.0,386.79,367.45,Card,New,4.0,4.0
126668,2025-02-19,Ras Al Khaimah,Fashion,597.15,2,5.0,1194.3,1134.58,Cash On Delivery,Returning,2.0,4.6
111789,2024-07-16,Dubai,Mobile Accessories,149.26,1,0.0,149.26,149.26,Card,Returning,3.0,3.7
127336,2025-03-02,Dubai,Beauty & Personal Care,353.75,2,0.0,707.5,707.5,Cash On Delivery,Returning,2.0,4.4
145202,2025-11-14,Dubai,Mobile Accessories,160.62,1,0.0,160.62,160.62,Cash On Delivery,Returning,1.0,5.0
128130,2025-03-18,Abu Dhabi,Groceries,160.43,2,0.0,320.86,320.86,Card,New,1.0,4.0
121623,2024-12-02,Dubai,Electronics,1328.58,2,0.0,2657.16,2657.16,Card,New,2.0,2.2
147741,2025-07-12,Dubai,Mobile Accessories,116.44,1,20.0,116.44,93.15,Card,Returning,3.0,5.0
114896,2024-08-30,Sharjah,Electronics,1934.47,1,0.0,1934.47,1934.47,Cash On Delivery,Returning,1.0,4.0
139159,2025-08-24,Dubai,Groceries,40.67,1,0.0,40.67,40.67,Card,New,2.0,4.8
113614,2024-08-15,Abu Dhabi,Home & Kitchen,552.7,1,0.0,552.7,552.7,Card,New,1.0,4.5
126467,2025-02-16,Dubai,Groceries,230.79,2,30.0,461.58,323.11,Card,Returning,3.0,4.1
148469,2025-12-18,Sharjah,Beauty & Personal Care,70.34,1,10.0,70.34,63.31,Cash On Delivery,Returning,3.0,5.0
104152,2024-03-12,Dubai,Home & Kitchen,268.11,1,5.0,268.11,254.7,Cash On Delivery,Returning,2.0,3.3
139673,2025-08-30,Dubai,Electronics,713.85,1,0.0,713.85,713.85,Card,Returning,3.0,3.4
133301,2025-05-31,Dubai,Beauty & Personal Care,320.15,2,5.0,640.3,608.28,Card,Returning,3.0,3.9
144342,2025-11-02,Abu Dhabi,Groceries,173.84,2,10.0,347.68,312.91,Card,Returning,4.0,4.6
114640,2024-08-27,Ras Al Khaimah,Beauty & Personal Care,158.97,1,10.0,158.97,143.07,Card,Returning,4.0,4.7
140147,2025-09-04,Abu Dhabi,Electronics,2774.99,1,0.0,2774.99,2774.99,Card,Returning,3.0,4.3
100915,2024-01-17,Dubai,Electronics,750.09,1,5.0,750.09,712.59,Card,Returning,2.0,3.4
126314,2025-02-14,Dubai,Fashion,249.33,2,0.0,498.66,473.73,Wallet,Returning,1.0,3.8
136879,2025-07-24,Dubai,Beauty & Personal Care,263.23,1,5.0,263.23,250.07,Cash On Delivery,New,1.0,4.2
147345,2025-02-12,Abu Dhabi,Groceries,254.37,1,0.0,254.37,254.37,Cash On Delivery,New,4.0,4.8
137944,2025-08-08,Dubai,Groceries,90.77,1,20.0,90.77,72.62,Card,Returning,4.0,4.5
144011,2025-10-29,Dubai,Fashion,488.0,1,5.0,488.0,463.6,Card,Returning,3.0,3.9
137680,2025-04-08,Ras Al Khaimah,Mobile Accessories,85.62,1,5.0,85.62,81.34,Card,Returning,1.0,4.1
139075,2025-08-23,Dubai,Electronics,3474.27,1,5.0,3474.27,3300.56,Card,Returning,6.0,4.4
146938,2025-11-28,Dubai,Home & Kitchen,448.85,1,40.0,448.85,269.31,Cash On Delivery,Returning,4.0,4.9
134834,2025-06-23,Abu Dhabi,Groceries,43.23,1,0.0,43.23,43.23,Card,New,3.0,2.9
118712,2024-10-29,Dubai,Electronics,1466.22,2,5.0,2932.44,2785.82,Cash On Delivery,Returning,3.0,5.0
117038,2024-03-10,Dubai,Fashion,323.24,1,0.0,323.24,323.24,Card,New,2.0,4.9
134756,2025-06-21,Abu Dhabi,Home & Kitchen,560.06,1,10.0,560.06,504.05,Card,Returning,3.0,3.9
147679,2025-06-12,Sharjah,Home & Kitchen,767.48,1,5.0,767.48,729.11,Cash On Delivery,New,2.0,3.9
135917,2025-07-09,Dubai,Fashion,88.28,2,0.0,176.56,176.56,Card,New,2.0,3.6
112975,2024-04-08,Dubai,Mobile Accessories,110.96,1,10.0,110.96,99.86,Card,Returning,1.0,5.0
120727,2024-11-25,Dubai,Fashion,373.1,1,30.0,373.1,261.17,Cash On Delivery,New,3.0,3.8
118840,2024-01-11,Abu Dhabi,Electronics,801.58,2,5.0,1603.16,1523.0,Cash On Delivery,Returning,3.0,2.7
133597,2025-05-06,Abu Dhabi,Mobile Accessories,73.16,1,10.0,73.16,65.84,Cash On Delivery,Returning,1.0,3.3
121039,2024-11-27,Dubai,Electronics,3158.39,2,50.0,6316.78,3158.39,Card,Returning,4.0,4.7
144596,2025-11-06,Dubai,Mobile Accessories,191.62,1,5.0,191.62,182.04,Wallet,Returning,3.0,4.1
111150,2024-05-07,Ras Al Khaimah,Groceries,155.22,1,10.0,155.22,139.7,Card,Returning,4.0,3.9
133254,2025-05-30,Dubai,Home & Kitchen,385.33,2,10.0,770.66,693.59,Card,Returning,2.0,4.3
124530,2025-01-15,Ras Al Khaimah,Home & Kitchen,396.79,1,0.0,396.79,396.79,Cash On Delivery,Returning,2.0,4.2
123247,2024-12-27,Dubai,Beauty & Personal Care,303.03,1,10.0,303.03,272.73,Card,Returning,4.0,3.3
117679,2024-10-12,Dubai,Mobile Accessories,110.34,1,20.0,110.34,88.27,Card,Returning,2.0,5.0
116805,2024-09-29,Sharjah,Beauty & Personal Care,260.38,1,5.0,260.38,247.36,Card,Returning,1.0,5.0
117273,2024-06-10,Abu Dhabi,Mobile Accessories,46.72,1,0.0,46.72,46.72,Card,New,2.0,3.6
130030,2025-12-04,Dubai,Beauty & Personal Care,325.03,1,0.0,325.03,325.03,Card,New,3.0,3.3
135490,2025-03-07,Dubai,Mobile Accessories,192.39,1,0.0,192.39,192.39,Card,New,5.0,5.0
114265,2024-08-23,Dubai,Fashion,486.0,1,10.0,486.0,437.4,Cash On Delivery,Returning,3.0,3.5
109002,2024-05-30,Dubai,Home & Kitchen,388.65,1,10.0,388.65,349.78,Card,Returning,1.0,5.0
125911,2025-07-02,Dubai,Home & Kitchen,108.9,1,0.0,108.9,108.9,Cash On Delivery,New,5.0,2.8
138027,2025-09-08,Sharjah,Fashion,540.66,1,0.0,540.66,540.66,Card,New,3.0,3.8
138797,2025-08-20,Abu Dhabi,Beauty & Personal Care,123.06,1,5.0,123.06,116.91,Cash On Delivery,New,3.0,4.2
118595,2024-10-28,Dubai,Beauty & Personal Care,148.76,1,15.0,148.76,126.45,Card,Returning,5.0,4.2
105897,2024-12-04,Sharjah,Fashion,61.83,1,0.0,61.83,61.83,Card,Returning,1.0,5.0
122235,2024-12-11,Abu Dhabi,Groceries,118.48,1,20.0,118.48,94.78,Cash On Delivery,Returning,4.0,3.1
132888,2025-05-24,Abu Dhabi,Fashion,432.21,1,5.0,432.21,410.6,Card,New,1.0,4.5
124162,2025-01-10,Dubai,Fashion,391.94,3,10.0,1175.82,1058.24,Card,New,3.0,5.0
114865,2024-08-30,Dubai,Home & Kitchen,743.11,1,5.0,743.11,705.95,Wallet,Returning,1.0,3.9
105817,2024-04-11,Dubai,Fashion,48.06,1,0.0,48.06,48.06,Cash On Delivery,Returning,3.0,4.8
142581,2025-09-10,Dubai,Mobile Accessories,20.75,1,10.0,20.75,18.68,Card,Returning,3.0,3.2
123084,2024-12-25,Dubai,Electronics,2145.91,2,5.0,4291.82,4077.23,Cash On Delivery,Returning,3.0,4.6
145969,2025-11-22,Dubai,Fashion,333.05,1,30.0,333.05,233.14,Cash On Delivery,New,3.0,2.7
133192,2025-05-29,Dubai,Fashion,558.3,1,10.0,558.3,502.47,Card,Returning,3.0,4.8
141538,2025-09-24,Abu Dhabi,Beauty & Personal Care,160.54,1,0.0,160.54,160.54,Cash On Delivery,Returning,1.0,4.1
138871,2025-08-21,Dubai,Mobile Accessories,39.01,1,5.0,39.01,37.06,Cash On Delivery,New,2.0,4.3
127176,2025-02-27,Sharjah,Electronics,3138.3,1,5.0,3138.3,2981.38,Card,Returning,3.0,4.0
137085,2025-07-26,Dubai,Home & Kitchen,877.69,1,5.0,877.69,833.81,Card,New,3.0,5.0
121201,2024-11-28,Sharjah,Mobile Accessories,244.79,1,40.0,244.79,146.87,Cash On Delivery,Returning,2.0,3.6
132561,2025-05-20,Dubai,Home & Kitchen,876.41,2,5.0,1752.82,1665.18,Card,Returning,3.0,4.6
140251,2025-09-05,Abu Dhabi,Home & Kitchen,808.42,1,0.0,808.42,808.42,Card,Returning,4.0,3.6
131771,2025-05-08,Sharjah,Mobile Accessories,100.85,1,20.0,100.85,80.68,Cash On Delivery,New,5.0,2.7
124321,2025-01-12,Sharjah,Electronics,3093.4,2,15.0,6186.8,5258.78,Cash On Delivery,Returning,3.0,4.2
119190,2024-11-06,Dubai,Fashion,102.32,1,0.0,102.32,102.32,Card,Returning,3.0,4.4
136270,2025-07-14,Abu Dhabi,Home & Kitchen,490.33,1,20.0,490.33,392.26,Wallet,New,1.0,4.7
121783,2024-12-04,Dubai,Electronics,653.27,1,0.0,653.27,653.27,Card,Returning,1.0,4.4
118568,2024-10-27,Dubai,Electronics,1273.86,1,5.0,1273.86,1210.17,Wallet,New,2.0,4.7
148447,2025-12-17,Ajman,Mobile Accessories,52.23,1,0.0,52.23,52.23,Cash On Delivery,New,1.0,4.0
148655,2025-12-20,Ajman,Mobile Accessories,191.39,1,5.0,191.39,181.82,Wallet,Returning,2.0,5.0
126943,2025-02-24,Dubai,Home & Kitchen,222.85,1,5.0,222.85,211.71,Wallet,New,4.0,4.4
104434,2024-03-18,Dubai,Electronics,2805.03,1,0.0,2805.03,2805.03,Card,New,1.0,4.2
102326,2024-09-02,Dubai,Home & Kitchen,843.4,2,10.0,1686.8,1518.12,Wallet,Returning,4.0,2.8
111361,2024-09-07,Sharjah,Mobile Accessories,198.52,2,5.0,397.04,377.19,Card,Returning,2.0,4.2
118525,2024-10-26,Abu Dhabi,Fashion,468.54,1,10.0,468.54,421.69,Card,Returning,3.0,4.2
122230,2024-12-11,Sharjah,Groceries,144.6,2,0.0,289.2,289.2,Card,Returning,2.0,4.2
113723,2024-08-16,Dubai,Groceries,217.84,1,0.0,217.84,217.84,Card,New,2.0,4.1
129009,2025-03-31,Dubai,Groceries,137.96,1,0.0,137.96,137.96,Card,Returning,2.0,3.6
115967,2024-09-15,Dubai,Fashion,372.71,1,0.0,372.71,372.71,Card,New,3.0,3.9
144858,2025-11-09,Dubai,Beauty & Personal Care,85.34,1,5.0,85.34,81.07,Card,New,5.0,3.2
132566,2025-05-20,Abu Dhabi,Home & Kitchen,700.03,1,10.0,700.03,630.03,Cash On Delivery,Returning,4.0,5.0
135354,2025-07-01,Dubai,Electronics,1105.43,2,0.0,2210.86,2210.86,Card,Returning,3.0,2.9
126322,2025-02-14,Dubai,Fashion,526.55,1,0.0,526.55,526.55,Wallet,New,1.0,3.6
103885,2024-07-03,Dubai,Beauty & Personal Care,396.23,1,20.0,396.23,316.98,Wallet,Returning,1.0,3.5
120748,2024-11-25,Abu Dhabi,Groceries,79.98,1,10.0,79.98,71.98,Card,Returning,4.0,4.2
146024,2025-11-22,Dubai,Fashion,438.46,1,0.0,438.46,306.92,Card,Returning,3.0,3.5
120762,2024-11-25,Sharjah,Home & Kitchen,496.55,1,50.0,496.55,248.28,Card,New,2.0,3.2
114882,2024-08-30,Dubai,Fashion,216.22,1,5.0,216.22,205.41,Card,Returning,4.0,4.5
106402,2024-04-17,Dubai,Fashion,140.05,1,0.0,140.05,140.05,Cash On Delivery,Returning,3.0,3.0
138444,2025-08-16,Dubai,Beauty & Personal Care,84.35,1,10.0,84.35,75.91,Card,Returning,2.0,4.2
139499,2025-08-28,Dubai,Beauty & Personal Care,25.41,2,0.0,50.82,50.82,Cash On Delivery,Returning,2.0,4.4
134869,2025-06-23,Dubai,Beauty & Personal Care,251.46,1,10.0,251.46,226.31,Cash On Delivery,New,3.0,3.7
140025,2025-03-09,Abu Dhabi,Fashion,536.9,1,5.0,536.9,510.05,Card,Returning,3.0,3.9
124600,2025-01-16,Ras Al Khaimah,Mobile Accessories,114.88,2,0.0,229.76,229.76,Card,Returning,1.0,3.7
104195,2024-03-13,Dubai,Home & Kitchen,865.2,1,5.0,865.2,821.94,Card,New,5.0,4.2
100511,2024-10-01,Dubai,Mobile Accessories,232.99,1,30.0,232.99,163.09,Cash On Delivery,Returning,3.0,4.9
122348,2024-12-13,Ras Al Khaimah,Groceries,41.78,1,15.0,41.78,35.51,Card,New,1.0,3.0
143336,2025-10-20,Dubai,Beauty & Personal Care,40.08,1,0.0,40.08,40.08,Cash On Delivery,New,1.0,4.6
108248,2024-05-17,Dubai,Electronics,3357.11,1,0.0,3357.11,3357.11,Card,New,4.0,5.0
130693,2025-04-22,Ras Al Khaimah,Home & Kitchen,60.8,1,0.0,60.8,60.8,Card,New,1.0,4.2
131810,2025-05-09,Abu Dhabi,Fashion,63.89,2,5.0,127.78,121.39,Cash On Delivery,New,2.0,5.0
128879,2025-03-30,Dubai,Mobile Accessories,109.37,1,15.0,109.37,92.96,Card,Returning,1.0,3.4
141488,2025-09-24,Dubai,Beauty & Personal Care,361.33,1,5.0,361.33,343.26,Cash On Delivery,Returning,4.0,4.4
118002,2024-10-18,Sharjah,Fashion,455.67,1,20.0,455.67,364.54,Cash On Delivery,Returning,1.0,3.6
114412,2024-08-24,Abu Dhabi,Mobile Accessories,229.61,2,10.0,459.22,413.3,Wallet,New,3.0,4.0
100395,2024-08-01,Dubai,Mobile Accessories,22.49,2,15.0,44.98,38.23,Cash On Delivery,Returning,4.0,4.6
122395,2024-12-13,Sharjah,Fashion,126.15,1,5.0,126.15,119.84,Cash On Delivery,Returning,3.0,3.5
124979,2025-01-23,Abu Dhabi,Electronics,1268.99,1,10.0,1268.99,1142.09,Wallet,Returning,3.0,4.2
103185,2024-02-24,Dubai,Fashion,579.16,1,0.0,579.16,579.16,Cash On Delivery,New,3.0,4.6
113534,2024-08-13,Dubai,Groceries,177.57,1,5.0,177.57,168.69,Cash On Delivery,New,3.0,1.9
146139,2025-11-23,Abu Dhabi,Mobile Accessories,235.15,1,30.0,235.15,164.6,Cash On Delivery,New,3.0,4.0
140386,2025-07-09,Dubai,Electronics,3022.59,1,30.0,3022.59,2115.81,Wallet,New,3.0,3.5
116172,2024-09-18,Abu Dhabi,Mobile Accessories,130.58,1,5.0,130.58,124.05,Card,Returning,2.0,4.5
138210,2025-12-08,Sharjah,Home & Kitchen,545.73,1,0.0,545.73,545.73,Card,Returning,2.0,3.4
132649,2025-05-21,Dubai,Electronics,2868.99,1,5.0,2868.99,2725.54,Cash On Delivery,New,4.0,4.8
149028,2025-12-26,Abu Dhabi,Electronics,2596.97,1,15.0,2596.97,2207.42,Wallet,Returning,4.0,3.1
127347,2025-02-03,Sharjah,Mobile Accessories,151.77,1,20.0,151.77,121.42,Card,Returning,3.0,3.5
141143,2025-09-19,Dubai,Home & Kitchen,788.27,1,10.0,788.27,709.44,Card,Returning,1.0,3.4
118120,2024-10-19,Dubai,Home & Kitchen,664.03,1,10.0,664.03,597.63,Card,Returning,4.0,4.1
112435,2024-07-26,Ajman,Electronics,2600.99,1,0.0,2600.99,2600.99,Cash On Delivery,Returning,2.0,4.6
126321,2025-02-14,Ras Al Khaimah,Fashion,153.33,2,0.0,306.66,306.66,Card,New,1.0,4.3
113117,2024-07-08,Dubai,Home & Kitchen,413.8,1,0.0,413.8,413.8,Wallet,Returning,1.0,3.7
116431,2024-09-22,Dubai,Electronics,3180.36,1,0.0,3180.36,3180.36,Card,Returning,2.0,4.9
114555,2024-08-26,Dubai,Mobile Accessories,65.69,3,0.0,197.07,197.07,Cash On Delivery,Returning,2.0,4.0
137513,2025-02-08,Dubai,Beauty & Personal Care,170.8,2,0.0,341.6,341.6,Cash On Delivery,New,3.0,4.2
106992,2024-04-27,Dubai,Fashion,499.77,1,0.0,499.77,499.77,Card,New,3.0,4.1
146901,2025-11-28,Abu Dhabi,Fashion,455.71,1,20.0,455.71,364.57,Card,Returning,1.0,3.9
134690,2025-06-21,Abu Dhabi,Home & Kitchen,205.47,1,5.0,205.47,195.2,Cash On Delivery,Returning,1.0,4.2
107308,2024-02-05,Abu Dhabi,Mobile Accessories,145.97,1,0.0,145.97,145.97,Card,New,4.0,3.5
135327,2025-06-30,Dubai,Groceries,264.32,1,5.0,264.32,251.1,Cash On Delivery,Returning,5.0,3.9
116999,2024-10-02,Abu Dhabi,Fashion,375.03,1,0.0,375.03,375.03,Card,Returning,1.0,5.0
106378,2024-04-17,Abu Dhabi,Fashion,435.85,1,10.0,435.85,392.27,Wallet,Returning,1.0,4.8
128619,2025-03-26,Abu Dhabi,Groceries,254.76,1,0.0,254.76,254.76,Card,Returning,3.0,3.7
140119,2025-04-09,Abu Dhabi,Home & Kitchen,255.4,2,20.0,510.8,408.64,Card,Returning,3.0,3.2
136448,2025-07-17,Dubai,Groceries,66.49,1,20.0,66.49,53.19,Card,Returning,3.0,4.0
119878,2024-11-17,Dubai,Beauty & Personal Care,233.72,1,0.0,233.72,163.6,Card,Returning,4.0,4.1
106361,2024-04-16,Dubai,Mobile Accessories,94.08,1,0.0,94.08,94.08,Card,New,2.0,5.0
114942,2024-08-31,Sharjah,Groceries,94.88,1,10.0,94.88,85.39,Wallet,Returning,1.0,4.1
121302,2024-11-29,Dubai,Beauty & Personal Care,99.2,1,30.0,99.2,69.44,Cash On Delivery,New,1.0,4.1
139794,2025-08-31,Sharjah,Beauty & Personal Care,25.72,1,10.0,25.72,23.15,Card,New,1.0,3.6
146560,2025-11-26,Dubai,Fashion,378.72,1,30.0,378.72,265.1,Cash On Delivery,Returning,2.0,4.2
123376,2024-12-29,Abu Dhabi,Groceries,167.71,1,10.0,167.71,150.94,Wallet,Returning,1.0,4.3
118287,2024-10-22,Dubai,Groceries,226.41,3,0.0,679.23,645.27,Cash On Delivery,Returning,1.0,4.3
116820,2024-09-29,Ajman,Beauty & Personal Care,376.69,1,10.0,376.69,339.02,Card,Returning,3.0,4.6
121820,2024-05-12,Abu Dhabi,Groceries,176.65,2,0.0,353.3,353.3,Card,New,1.0,5.0
118068,2024-10-19,Dubai,Beauty & Personal Care,126.81,1,0.0,126.81,101.45,Card,Returning,2.0,3.8
125245,2025-01-27,Abu Dhabi,Groceries,112.05,2,0.0,224.1,224.1,Cash On Delivery,Returning,2.0,4.0
136975,2025-07-25,Dubai,Home & Kitchen,645.39,1,20.0,645.39,516.31,Wallet,Returning,4.0,4.4
116544,2024-09-25,Dubai,Home & Kitchen,319.26,1,5.0,319.26,303.3,Cash On Delivery,Returning,1.0,3.8
148659,2025-12-20,Dubai,Fashion,157.03,1,5.0,157.03,149.18,Card,New,1.0,4.2
107958,2024-05-13,Sharjah,Groceries,188.65,1,10.0,188.65,169.78,Card,Returning,2.0,5.0
127136,2025-02-27,Dubai,Fashion,382.93,3,15.0,1148.79,976.47,Card,Returning,1.0,4.5
148413,2025-12-17,Dubai,Home & Kitchen,864.42,1,30.0,864.42,605.09,Card,Returning,2.0,4.3
117527,2024-11-10,Abu Dhabi,Home & Kitchen,703.69,1,30.0,703.69,492.58,Wallet,New,3.0,4.2
141688,2025-09-27,Dubai,Mobile Accessories,103.26,1,5.0,103.26,98.1,Card,Returning,1.0,3.9
130126,2025-04-13,Abu Dhabi,Electronics,704.69,1,0.0,704.69,669.46,Card,New,5.0,3.6
142540,2025-08-10,Dubai,Electronics,2978.71,2,0.0,5957.42,5957.42,Card,Returning,3.0,4.2
111717,2024-07-14,Abu Dhabi,Groceries,239.44,2,15.0,478.88,407.05,Card,Returning,3.0,3.5
111947,2024-07-19,Abu Dhabi,Home & Kitchen,585.41,1,30.0,585.41,409.79,Card,Returning,2.0,3.4
119650,2024-11-14,Dubai,Fashion,410.6,1,0.0,410.6,410.6,Card,Returning,2.0,3.9
136473,2025-07-18,Abu Dhabi,Home & Kitchen,588.01,2,15.0,1176.02,999.62,Card,New,2.0,3.5
147483,2025-12-04,Dubai,Mobile Accessories,179.23,2,30.0,358.46,250.92,Card,New,1.0,4.0
132208,2025-05-15,Sharjah,Home & Kitchen,830.92,2,0.0,1661.84,1661.84,Card,Returning,4.0,4.1
134776,2025-06-22,Abu Dhabi,Mobile Accessories,167.62,1,5.0,167.62,159.24,Cash On Delivery,Returning,5.0,3.8
123887,2025-06-01,Abu Dhabi,Mobile Accessories,80.92,2,10.0,161.84,145.66,Cash On Delivery,Returning,2.0,4.6
125160,2025-01-26,Ras Al Khaimah,Home & Kitchen,888.56,1,20.0,888.56,710.85,Cash On Delivery,Returning,2.0,5.0
136432,2025-07-17,Abu Dhabi,Fashion,269.57,2,0.0,539.14,485.23,Cash On Delivery,New,1.0,4.6
129044,2025-03-31,Abu Dhabi,Groceries,281.99,1,15.0,281.99,239.69,Card,Returning,1.0,4.4
122951,2024-12-23,Abu Dhabi,Beauty & Personal Care,266.76,1,0.0,266.76,266.76,Card,Returning,3.0,4.6
112510,2024-07-27,Dubai,Beauty & Personal Care,341.77,3,10.0,1025.31,922.78,Cash On Delivery,Returning,1.0,5.0
140844,2025-09-14,Sharjah,Home & Kitchen,254.61,2,10.0,509.22,458.3,Card,New,2.0,3.4
138746,2025-08-19,Abu Dhabi,Home & Kitchen,398.58,2,20.0,797.16,637.73,Cash On Delivery,New,3.0,4.8
147959,2025-12-10,Sharjah,Electronics,553.99,2,30.0,1107.98,775.59,Cash On Delivery,Returning,4.0,4.6
115430,2024-06-09,Ras Al Khaimah,Electronics,1040.45,1,10.0,1040.45,936.41,Card,Returning,5.0,4.1
108568,2024-05-23,Sharjah,Groceries,265.44,1,15.0,265.44,225.62,Card,Returning,2.0,4.2
144690,2025-07-11,Abu Dhabi,Home & Kitchen,592.59,1,5.0,592.59,562.96,Card,Returning,3.0,5.0
117886,2024-10-16,Sharjah,Electronics,3255.28,1,5.0,3255.28,3092.52,Card,New,4.0,4.2
147402,2025-02-12,Dubai,Electronics,1219.0,1,20.0,1219.0,975.2,Card,Returning,2.0,3.8
122337,2024-12-13,Dubai,Fashion,376.74,1,0.0,376.74,376.74,Card,Returning,5.0,3.0
141573,2025-09-25,Abu Dhabi,Home & Kitchen,497.43,2,20.0,994.86,795.89,Cash On Delivery,New,1.0,5.0
106572,2024-04-20,Ajman,Beauty & Personal Care,138.55,1,0.0,138.55,138.55,Card,New,3.0,3.1
142019,2025-01-10,Abu Dhabi,Fashion,561.05,1,5.0,561.05,533.0,Card,New,4.0,3.7
118941,2024-02-11,Abu Dhabi,Fashion,41.17,1,10.0,41.17,37.05,Wallet,Returning,3.0,3.2
101310,2024-01-23,Ras Al Khaimah,Mobile Accessories,80.62,1,15.0,80.62,68.53,Cash On Delivery,Returning,3.0,5.0
122138,2024-12-09,Abu Dhabi,Home & Kitchen,355.73,1,15.0,355.73,302.37,Wallet,New,1.0,4.2
112005,2024-07-19,Sharjah,Mobile Accessories,32.6,1,15.0,32.6,27.71,Card,Returning,1.0,4.5
137577,2025-08-03,Dubai,Groceries,287.18,1,0.0,287.18,287.18,Cash On Delivery,Returning,1.0,5.0
102938,2024-02-19,Abu Dhabi,Mobile Accessories,83.58,2,0.0,167.16,167.16,Wallet,Returning,3.0,3.9
119740,2024-11-15,Abu Dhabi,Home & Kitchen,426.75,1,5.0,426.75,405.41,Card,Returning,3.0,5.0
130968,2025-04-26,Sharjah,Electronics,1529.11,2,0.0,3058.22,3058.22,Cash On Delivery,New,3.0,3.5
120908,2024-11-26,Dubai,Beauty & Personal Care,125.89,1,30.0,125.89,88.12,Card,Returning,2.0,5.0
136828,2025-07-23,Sharjah,Beauty & Personal Care,245.21,1,10.0,245.21,220.69,Cash On Delivery,Returning,3.0,4.0
145405,2025-11-17,Abu Dhabi,Fashion,264.11,2,0.0,528.22,528.22,Wallet,New,1.0,3.6
118691,2024-10-29,Abu Dhabi,Fashion,441.7,1,0.0,441.7,441.7,Card,Returning,3.0,4.8
126244,2025-02-13,Sharjah,Mobile Accessories,217.99,1,15.0,217.99,185.29,Card,New,3.0,4.1
143166,2025-10-18,Abu Dhabi,Electronics,896.59,1,30.0,896.59,627.61,Card,Returning,1.0,4.2
131596,2025-05-05,Abu Dhabi,Beauty & Personal Care,177.95,1,10.0,177.95,160.16,Card,New,2.0,3.3
101158,2024-01-20,Sharjah,Mobile Accessories,227.0,1,30.0,227.0,158.9,Wallet,New,2.0,5.0
119553,2024-11-12,Sharjah,Mobile Accessories,150.05,1,5.0,150.05,142.55,Card,Returning,2.0,4.2
111854,2024-07-17,Dubai,Beauty & Personal Care,341.63,1,10.0,341.63,307.47,Wallet,New,1.0,4.3
129160,2025-01-04,Dubai,Electronics,1059.42,1,0.0,1059.42,1059.42,Card,New,3.0,4.2
100160,2024-04-01,Sharjah,Mobile Accessories,176.66,1,5.0,176.66,167.83,Card,Returning,4.0,4.1
103494,2024-01-03,Ajman,Fashion,381.26,1,10.0,381.26,343.13,Card,New,3.0,4.7
106040,2024-04-13,Dubai,Fashion,271.44,2,0.0,542.88,542.88,Wallet,Returning,3.0,3.9
132825,2025-05-24,Ras Al Khaimah,Groceries,52.19,1,5.0,52.19,49.58,Cash On Delivery,Returning,1.0,4.5
109253,2024-04-06,Dubai,Mobile Accessories,133.32,1,5.0,133.32,126.65,Card,New,2.0,4.1
135101,2025-06-27,Dubai,Groceries,213.87,1,10.0,213.87,192.48,Card,New,2.0,4.6
123411,2024-12-30,Sharjah,Beauty & Personal Care,203.41,2,15.0,406.82,345.8,Cash On Delivery,Returning,6.0,4.8
148701,2025-12-21,Abu Dhabi,Home & Kitchen,477.75,1,5.0,477.75,453.86,Wallet,Returning,3.0,4.7
141823,2025-09-28,Dubai,Groceries,206.41,1,5.0,206.41,196.09,Card,Returning,4.0,4.2
105390,2024-04-06,Abu Dhabi,Beauty & Personal Care,399.26,2,5.0,798.52,758.59,Card,New,4.0,4.0
136872,2025-07-23,Dubai,Electronics,3189.74,1,5.0,3189.74,3030.25,Cash On Delivery,New,1.0,4.7
130501,2025-04-19,Dubai,Home & Kitchen,682.11,2,10.0,1364.22,1227.8,Cash On Delivery,Returning,1.0,4.2
124310,2025-12-01,Dubai,Beauty & Personal Care,176.15,2,5.0,352.3,334.68,Card,Returning,3.0,2.5
118171,2024-10-20,Ajman,Beauty & Personal Care,399.93,1,20.0,399.93,319.94,Card,Returning,1.0,3.3
119775,2024-11-16,Abu Dhabi,Beauty & Personal Care,299.4,1,0.0,299.4,299.4,Cash On Delivery,Returning,3.0,5.0
144229,2025-11-01,Ajman,Beauty & Personal Care,226.4,1,20.0,226.4,181.12,Card,New,3.0,3.6
140977,2025-09-16,Sharjah,Electronics,3282.42,2,10.0,6564.84,5908.36,Card,Returning,1.0,3.4
102874,2024-02-18,Sharjah,Home & Kitchen,653.41,1,0.0,653.41,653.41,Card,Returning,3.0,3.8
107378,2024-03-05,Ajman,Groceries,29.99,1,5.0,29.99,28.49,Cash On Delivery,New,5.0,4.3
120605,2024-11-24,Abu Dhabi,Mobile Accessories,115.75,2,20.0,231.5,185.2,Cash On Delivery,New,3.0,4.1
133569,2025-04-06,Dubai,Fashion,288.87,1,0.0,288.87,202.21,Card,Returning,3.0,3.1
120410,2024-11-23,Ajman,Groceries,241.1,1,20.0,241.1,192.88,Card,Returning,2.0,3.3
149202,2025-12-28,Sharjah,Beauty & Personal Care,277.8,1,5.0,277.8,263.91,Cash On Delivery,New,4.0,4.8
117927,2024-10-17,Dubai,Electronics,325.23,3,0.0,975.69,975.69,Wallet,New,3.0,4.0
106456,2024-04-18,Dubai,Home & Kitchen,416.33,1,0.0,416.33,416.33,Card,New,3.0,4.2
147641,2025-06-12,Sharjah,Home & Kitchen,371.13,1,15.0,371.13,315.46,Card,New,2.0,3.9
125864,2025-02-06,Dubai,Fashion,576.83,1,30.0,576.83,403.78,Card,Returning,1.0,3.7
145164,2025-11-14,Abu Dhabi,Fashion,269.24,1,5.0,269.24,255.78,Cash On Delivery,Returning,6.0,5.0
100593,2024-11-01,Dubai,Groceries,56.79,1,0.0,56.79,56.79,Cash On Delivery,Returning,2.0,5.0
105187,2024-02-04,Ajman,Fashion,193.84,1,15.0,193.84,164.76,Card,Returning,4.0,4.5
126344,2025-02-14,Abu Dhabi,Mobile Accessories,228.33,1,10.0,228.33,205.5,Card,New,2.0,5.0
121183,2024-11-28,Sharjah,Mobile Accessories,76.74,1,0.0,76.74,53.72,Card,Returning,4.0,5.0
133132,2025-05-28,Sharjah,Fashion,505.22,1,0.0,505.22,505.22,Card,Returning,1.0,4.1
143900,2025-10-28,Abu Dhabi,Fashion,215.79,1,20.0,215.79,172.63,Card,New,3.0,4.0
124974,2025-01-23,Ajman,Fashion,432.61,2,5.0,865.22,821.96,Cash On Delivery,Returning,3.0,4.8
116013,2024-09-15,Dubai,Groceries,128.73,2,0.0,257.46,257.46,Card,Returning,1.0,2.8
124240,2025-11-01,Dubai,Groceries,127.56,1,0.0,127.56,127.56,Card,New,5.0,4.3
136599,2025-07-19,Dubai,Home & Kitchen,127.71,2,10.0,255.42,229.88,Wallet,Returning,1.0,4.3
142948,2025-10-14,Dubai,Electronics,3178.46,1,5.0,3178.46,3019.54,Card,New,1.0,4.2
139567,2025-08-29,Dubai,Mobile Accessories,161.33,2,0.0,322.66,322.66,Card,New,2.0,3.4
110986,2024-07-02,Dubai,Groceries,250.05,1,0.0,250.05,250.05,Wallet,Returning,2.0,4.2
107730,2024-09-05,Abu Dhabi,Beauty & Personal Care,153.08,1,0.0,153.08,153.08,Cash On Delivery,Returning,3.0,4.2
110956,2024-02-07,Dubai,Fashion,272.3,1,0.0,272.3,272.3,Card,Returning,3.0,3.9
110867,2024-06-30,Abu Dhabi,Electronics,1377.89,1,15.0,1377.89,1171.21,Card,New,2.0,4.1
122945,2024-12-23,Abu Dhabi,Electronics,2841.44,1,0.0,2841.44,2699.37,Wallet,Returning,2.0,3.9
135178,2025-06-28,Abu Dhabi,Electronics,358.26,1,30.0,358.26,250.78,Card,New,3.0,4.2
126784,2025-02-21,Dubai,Beauty & Personal Care,354.9,1,0.0,354.9,354.9,Card,Returning,3.0,5.0
141838,2025-09-29,Dubai,Electronics,1436.17,1,10.0,1436.17,1292.55,Card,New,3.0,5.0
125429,2025-01-30,Dubai,Electronics,366.37,1,5.0,366.37,348.05,Card,Returning,3.0,4.8
140070,2025-03-09,Ras Al Khaimah,Electronics,478.49,1,5.0,478.49,454.57,Card,New,3.0,4.8
121616,2024-02-12,Dubai,Beauty & Personal Care,277.73,2,20.0,555.46,444.37,Cash On Delivery,Returning,2.0,4.3
108353,2024-05-19,Ajman,Fashion,165.55,1,0.0,165.55,165.55,Card,Returning,3.0,5.0
131222,2025-04-30,Sharjah,Fashion,312.19,1,10.0,312.19,280.97,Card,New,3.0,3.5
104001,2024-03-09,Dubai,Groceries,190.45,1,5.0,190.45,180.93,Card,Returning,1.0,4.3
124621,2025-01-17,Abu Dhabi,Groceries,289.12,3,15.0,867.36,737.26,Card,New,1.0,3.4
103190,2024-02-24,Ajman,Fashion,566.62,1,30.0,566.62,396.63,Card,Returning,4.0,4.6
149392,2025-12-30,Abu Dhabi,Groceries,101.4,1,0.0,101.4,101.4,Card,Returning,1.0,4.7
116956,2024-10-02,Abu Dhabi,Mobile Accessories,166.35,1,10.0,166.35,149.72,Cash On Delivery,Returning,3.0,4.9
105042,2024-03-30,Dubai,Beauty & Personal Care,209.15,1,0.0,209.15,209.15,Card,New,1.0,4.0
135876,2025-08-07,Sharjah,Groceries,55.72,1,5.0,55.72,52.93,Card,Returning,4.0,3.6
129802,2025-08-04,Dubai,Fashion,401.35,1,0.0,401.35,401.35,Card,New,2.0,3.6
135211,2025-06-29,Sharjah,Groceries,102.67,1,10.0,102.67,92.4,Card,Returning,3.0,4.8
148419,2025-12-17,Dubai,Beauty & Personal Care,125.21,3,0.0,375.63,375.63,Wallet,Returning,2.0,3.9
111847,2024-07-17,Sharjah,Electronics,2505.35,3,10.0,7516.05,6764.45,Cash On Delivery,Returning,2.0,5.0
124623,2025-01-17,Dubai,Beauty & Personal Care,338.29,1,0.0,338.29,338.29,Cash On Delivery,New,3.0,4.2
135521,2025-07-04,Abu Dhabi,Fashion,281.79,1,5.0,281.79,267.7,Cash On Delivery,Returning,3.0,4.8
103346,2024-02-26,Abu Dhabi,Beauty & Personal Care,368.58,2,10.0,737.16,663.44,Card,New,2.0,3.5
116973,2024-10-02,Ajman,Fashion,576.53,1,0.0,576.53,576.53,Card,Returning,1.0,3.7
101523,2024-01-27,Ajman,Beauty & Personal Care,278.95,1,0.0,278.95,265.0,Card,Returning,2.0,5.0
111682,2024-07-14,Abu Dhabi,Groceries,270.91,1,30.0,270.91,189.64,Card,New,4.0,4.1
148728,2025-12-21,Dubai,Mobile Accessories,175.86,1,20.0,175.86,140.69,Cash On Delivery,Returning,3.0,4.5
127394,2025-03-03,Abu Dhabi,Home & Kitchen,702.44,1,10.0,702.44,632.2,Cash On Delivery,Returning,2.0,5.0
137077,2025-07-26,Dubai,Mobile Accessories,194.89,1,10.0,194.89,175.4,Card,New,4.0,3.4
114074,2024-08-20,Dubai,Electronics,3418.41,3,20.0,10255.23,8204.18,Card,New,2.0,5.0
117597,2024-10-12,Ajman,Home & Kitchen,727.5,2,5.0,1455.0,1382.25,Wallet,Returning,2.0,2.6
121468,2024-11-30,Abu Dhabi,Fashion,445.81,1,30.0,445.81,312.07,Cash On Delivery,Returning,2.0,4.2
123069,2024-12-25,Dubai,Beauty & Personal Care,374.28,1,0.0,374.28,374.28,Card,Returning,5.0,3.9
109239,2024-06-04,Sharjah,Beauty & Personal Care,149.95,1,0.0,149.95,149.95,Cash On Delivery,New,1.0,4.3
117015,2024-10-03,Sharjah,Beauty & Personal Care,296.93,1,10.0,296.93,267.24,Card,Returning,3.0,4.2
101313,2024-01-23,Abu Dhabi,Electronics,1135.41,1,20.0,1135.41,908.33,Card,New,3.0,3.5
122550,2024-12-16,Sharjah,Electronics,2662.43,1,10.0,2662.43,2396.19,Wallet,Returning,2.0,4.3
147032,2025-11-28,Dubai,Groceries,193.89,1,20.0,193.89,155.11,Card,Returning,3.0,5.0
147050,2025-11-28,Abu Dhabi,Mobile Accessories,29.74,1,40.0,29.74,17.84,Wallet,Returning,2.0,5.0
132143,2025-05-14,Dubai,Mobile Accessories,137.38,1,15.0,137.38,116.77,Card,New,4.0,3.8
112287,2024-07-24,Dubai,Groceries,50.97,1,0.0,50.97,50.97,Card,New,3.0,3.8
104234,2024-03-14,Dubai,Home & Kitchen,432.85,1,5.0,432.85,411.21,Card,Returning,3.0,3.9
111401,2024-07-10,Sharjah,Home & Kitchen,195.9,2,0.0,391.8,391.8,Card,New,3.0,4.6
123240,2024-12-27,Abu Dhabi,Mobile Accessories,121.45,1,0.0,121.45,121.45,Cash On Delivery,Returning,4.0,4.2
143459,2025-10-22,Dubai,Mobile Accessories,166.27,1,5.0,166.27,157.96,Card,New,2.0,4.8
117639,2024-12-10,Dubai,Groceries,68.41,1,20.0,68.41,54.73,Card,Returning,3.0,3.8
123026,2024-12-24,Sharjah,Fashion,319.71,3,0.0,959.13,959.13,Card,Returning,1.0,4.3
134160,2025-06-13,Ajman,Mobile Accessories,50.44,1,5.0,50.44,47.92,Cash On Delivery,Returning,4.0,5.0
138701,2025-08-18,Abu Dhabi,Beauty & Personal Care,395.52,2,20.0,791.04,632.83,Cash On Delivery,New,2.0,5.0
120438,2024-11-23,Dubai,Home & Kitchen,732.07,1,40.0,732.07,439.24,Card,New,4.0,5.0
119488,2024-11-11,Dubai,Electronics,1591.11,1,5.0,1591.11,1511.55,Card,Returning,3.0,3.0
116153,2024-09-18,Dubai,Beauty & Personal Care,260.28,1,0.0,260.28,260.28,Cash On Delivery,Returning,3.0,3.9
135438,2025-07-02,Dubai,Mobile Accessories,56.19,2,5.0,112.38,106.76,Card,Returning,5.0,4.6
129186,2025-02-04,Abu Dhabi,Home & Kitchen,826.58,2,5.0,1653.16,1570.5,Card,Returning,5.0,4.1
132965,2025-05-26,Dubai,Electronics,1718.15,1,0.0,1718.15,1718.15,Cash On Delivery,New,3.0,3.2
129305,2025-03-04,Sharjah,Electronics,1566.58,1,0.0,1566.58,1566.58,Cash On Delivery,Returning,1.0,4.1
148428,2025-12-17,Dubai,Fashion,533.46,1,5.0,533.46,506.79,Card,Returning,1.0,4.7
116838,2024-09-29,Dubai,Beauty & Personal Care,215.47,1,10.0,215.47,193.92,Cash On Delivery,Returning,3.0,4.3
108716,2024-05-25,Sharjah,Fashion,526.99,1,0.0,526.99,526.99,Card,Returning,2.0,5.0
146655,2025-11-26,Abu Dhabi,Groceries,299.56,1,40.0,299.56,179.74,Cash On Delivery,Returning,1.0,4.7
143148,2025-10-17,Dubai,Fashion,141.83,1,15.0,141.83,120.56,Card,Returning,1.0,4.6
132169,2025-05-14,Dubai,Groceries,213.8,1,10.0,213.8,192.42,Card,Returning,1.0,5.0
104904,2024-03-27,Dubai,Mobile Accessories,163.06,1,5.0,163.06,154.91,Cash On Delivery,Returning,3.0,4.4
113795,2024-08-17,Dubai,Groceries,212.11,1,5.0,212.11,201.5,Card,New,4.0,4.4
135310,2025-06-30,Ajman,Fashion,425.05,1,20.0,425.05,340.04,Card,Returning,3.0,2.8
107370,2024-03-05,Dubai,Mobile Accessories,47.39,1,15.0,47.39,40.28,Cash On Delivery,Returning,3.0,4.8
134065,2025-11-06,Dubai,Fashion,365.5,2,10.0,731.0,657.9,Wallet,Returning,3.0,3.4
122216,2024-11-12,Sharjah,Groceries,154.67,1,0.0,154.67,154.67,Card,Returning,4.0,4.5
125874,2025-02-07,Ras Al Khaimah,Fashion,453.2,1,10.0,453.2,407.88,Cash On Delivery,New,3.0,4.2
141315,2025-09-21,Abu Dhabi,Beauty & Personal Care,69.25,1,5.0,69.25,65.79,Card,Returning,3.0,4.2
133226,2025-05-30,Dubai,Fashion,278.47,1,0.0,278.47,278.47,Card,Returning,4.0,3.1
131634,2025-06-05,Ras Al Khaimah,Fashion,188.48,1,0.0,188.48,188.48,Cash On Delivery,Returning,2.0,4.2
109057,2024-05-31,Ajman,Beauty & Personal Care,282.7,1,10.0,282.7,254.43,Card,Returning,2.0,5.0
118487,2024-10-25,Ajman,Home & Kitchen,515.98,1,5.0,515.98,490.18,Cash On Delivery,Returning,4.0,3.4
124876,2025-01-21,Dubai,Beauty & Personal Care,117.45,2,0.0,234.9,234.9,Card,New,2.0,4.2
139350,2025-08-26,Abu Dhabi,Groceries,298.8,1,10.0,298.8,268.92,Card,Returning,5.0,4.4
119055,2024-04-11,Dubai,Electronics,1585.6,1,5.0,1585.6,1506.32,Card,Returning,4.0,4.0
109129,2024-06-02,Dubai,Home & Kitchen,842.02,1,5.0,842.02,799.92,Card,Returning,2.0,2.8
148742,2025-12-21,Dubai,Groceries,223.79,2,10.0,447.58,402.82,Card,Returning,3.0,3.8
138178,2025-12-08,Abu Dhabi,Mobile Accessories,81.65,1,10.0,81.65,73.49,Card,Returning,3.0,4.4
111511,2024-07-12,Dubai,Groceries,56.43,1,5.0,56.43,53.61,Card,New,3.0,4.9
122309,2024-12-12,Dubai,Electronics,2177.95,1,5.0,2177.95,2069.05,Card,Returning,4.0,3.4
123384,2024-12-29,Dubai,Fashion,317.52,1,10.0,317.52,285.77,Cash On Delivery,New,1.0,3.4
130621,2025-04-20,Abu Dhabi,Beauty & Personal Care,316.73,1,15.0,316.73,269.22,Cash On Delivery,New,5.0,4.7
114917,2024-08-31,Dubai,Beauty & Personal Care,84.37,1,10.0,84.37,75.93,Card,Returning,3.0,3.5
106379,2024-04-17,Dubai,Groceries,30.43,2,10.0,60.86,54.77,Wallet,New,2.0,3.5
120463,2024-11-23,Abu Dhabi,Electronics,3073.52,1,50.0,3073.52,1536.76,Card,Returning,2.0,5.0
125191,2025-01-26,Abu Dhabi,Beauty & Personal Care,131.93,1,5.0,131.93,125.33,Wallet,New,4.0,4.0
116344,2024-09-21,Ajman,Mobile Accessories,194.05,1,0.0,194.05,194.05,Card,Returning,4.0,4.8
139703,2025-08-30,Dubai,Mobile Accessories,28.38,1,5.0,28.38,26.96,Card,Returning,3.0,3.2
107169,2024-04-29,Dubai,Mobile Accessories,85.6,1,5.0,85.6,81.32,Card,New,3.0,4.0
111710,2024-07-14,Ras Al Khaimah,Electronics,1380.31,1,0.0,1380.31,1380.31,Card,Returning,3.0,5.0
125151,2025-01-26,Dubai,Mobile Accessories,224.57,1,20.0,224.57,179.66,Card,Returning,4.0,5.0
149068,2025-12-26,Ajman,Home & Kitchen,154.81,1,15.0,154.81,131.59,Cash On Delivery,Returning,2.0,3.2
119292,2024-11-08,Dubai,Fashion,426.07,3,0.0,1278.21,1278.21,Cash On Delivery,New,2.0,3.2
149270,2025-12-29,Dubai,Electronics,766.1,3,0.0,2298.3,2298.3,Wallet,Returning,3.0,3.8
144908,2025-10-11,Dubai,Fashion,592.37,1,15.0,592.37,503.51,Card,Returning,1.0,4.4
113996,2024-08-19,Dubai,Groceries,202.73,3,0.0,608.19,608.19,Card,New,2.0,4.2
131332,2025-01-05,Dubai,Home & Kitchen,214.98,1,10.0,214.98,193.48,Cash On Delivery,Returning,3.0,4.8
139385,2025-08-26,Sharjah,Groceries,168.52,1,0.0,168.52,168.52,Card,Returning,1.0,4.1
127836,2025-03-12,Sharjah,Fashion,57.04,1,0.0,57.04,57.04,Card,New,3.0,3.5
133187,2025-05-29,Abu Dhabi,Fashion,339.97,1,5.0,339.97,322.97,Card,Returning,1.0,4.2
108726,2024-05-25,Ajman,Groceries,261.1,1,0.0,261.1,261.1,Card,Returning,3.0,4.2
109758,2024-12-06,Dubai,Home & Kitchen,165.86,2,5.0,331.72,315.13,Card,Returning,1.0,4.5
119579,2024-11-13,Abu Dhabi,Fashion,179.45,1,0.0,179.45,179.45,Card,Returning,3.0,3.8
134296,2025-06-15,Sharjah,Fashion,378.11,1,0.0,378.11,378.11,Card,Returning,3.0,4.2
127974,2025-03-15,Dubai,Beauty & Personal Care,285.32,3,0.0,855.96,727.57,Card,Returning,2.0,4.2
124904,2025-01-22,Dubai,Fashion,161.11,1,15.0,161.11,136.94,Wallet,Returning,3.0,4.4
144260,2025-01-11,Dubai,Fashion,347.57,2,0.0,695.14,695.14,Card,New,3.0,4.1
133201,2025-05-30,Ras Al Khaimah,Beauty & Personal Care,112.21,1,5.0,112.21,106.6,Cash On Delivery,New,2.0,4.9
143005,2025-10-15,Dubai,Mobile Accessories,162.58,1,10.0,162.58,146.32,Card,New,2.0,3.5
100078,2024-01-02,Abu Dhabi,Groceries,192.91,1,20.0,192.91,154.33,Card,New,3.0,5.0
140188,2025-09-05,Sharjah,Fashion,68.73,1,5.0,68.73,65.29,Card,New,2.0,3.8
120735,2024-11-25,Dubai,Electronics,934.41,1,20.0,934.41,747.53,Cash On Delivery,Returning,4.0,3.7
109017,2024-05-31,Ajman,Fashion,447.08,1,15.0,447.08,380.02,Cash On Delivery,New,2.0,4.3
101514,2024-01-27,Sharjah,Fashion,234.73,1,5.0,234.73,222.99,Card,Returning,4.0,4.2
111705,2024-07-14,Ras Al Khaimah,Mobile Accessories,217.7,2,0.0,435.4,435.4,Card,Returning,4.0,2.3
121166,2024-11-28,Dubai,Electronics,3263.69,1,40.0,3263.69,1958.21,Card,New,1.0,3.8
136592,2025-07-19,Abu Dhabi,Beauty & Personal Care,305.67,1,30.0,305.67,213.97,Card,Returning,3.0,4.2
139899,2025-01-09,Dubai,Home & Kitchen,733.52,3,5.0,2200.56,2090.53,Wallet,Returning,3.0,4.2
135752,2025-07-07,Dubai,Beauty & Personal Care,197.46,3,5.0,592.38,562.76,Cash On Delivery,Returning,3.0,4.7
135622,2025-05-07,Dubai,Home & Kitchen,865.01,1,15.0,865.01,735.26,Card,Returning,3.0,4.0
129215,2025-02-04,Dubai,Electronics,2108.51,1,15.0,2108.51,1792.23,Wallet,New,1.0,4.4
105018,2024-03-29,Dubai,Groceries,69.37,1,0.0,69.37,69.37,Card,Returning,1.0,2.3
110897,2024-06-30,Dubai,Groceries,144.06,1,5.0,144.06,136.86,Cash On Delivery,New,2.0,4.9
117428,2024-09-10,Abu Dhabi,Fashion,144.15,1,5.0,144.15,136.94,Card,Returning,3.0,5.0
113528,2024-08-13,Dubai,Fashion,345.98,1,0.0,345.98,345.98,Wallet,Returning,3.0,4.7
101161,2024-01-20,Dubai,Fashion,74.54,1,5.0,74.54,70.81,Cash On Delivery,Returning,3.0,4.4
129791,2025-04-08,Abu Dhabi,Electronics,1825.62,1,10.0,1825.62,1643.06,Card,New,1.0,5.0
145525,2025-11-19,Dubai,Mobile Accessories,110.49,1,0.0,110.49,110.49,Wallet,New,3.0,4.6
146716,2025-11-27,Abu Dhabi,Home & Kitchen,120.92,1,10.0,120.92,108.83,Cash On Delivery,Returning,3.0,3.8
121335,2024-11-29,Dubai,Mobile Accessories,214.84,1,20.0,214.84,171.87,Cash On Delivery,New,2.0,4.3
136876,2025-07-24,Dubai,Electronics,2249.32,1,0.0,2249.32,2249.32,Card,New,3.0,5.0
122098,2024-12-09,Abu Dhabi,Beauty & Personal Care,205.95,1,5.0,205.95,195.65,Card,Returning,3.0,5.0
125293,2025-01-28,Dubai,Fashion,372.78,1,0.0,372.78,372.78,Card,New,2.0,4.0
113472,2024-12-08,Sharjah,Groceries,200.63,1,0.0,200.63,200.63,Card,Returning,4.0,5.0
124728,2025-01-18,Dubai,Fashion,597.2,1,0.0,597.2,597.2,Cash On Delivery,New,3.0,4.5
114901,2024-08-30,Ajman,Fashion,520.15,2,10.0,1040.3,936.27,Card,New,1.0,4.6
132487,2025-05-18,Dubai,Beauty & Personal Care,81.9,1,5.0,81.9,77.81,Cash On Delivery,Returning,2.0,3.8
100287,2024-01-06,Dubai,Electronics,1470.18,1,0.0,1470.18,1470.18,Cash On Delivery,Returning,1.0,4.4
133345,2025-05-31,Dubai,Fashion,241.02,2,10.0,482.04,433.84,Card,New,3.0,5.0
117229,2024-10-06,Dubai,Fashion,102.89,1,0.0,102.89,102.89,Cash On Delivery,New,2.0,3.5
146933,2025-11-28,Sharjah,Electronics,3125.05,1,50.0,3125.05,1562.52,Cash On Delivery,Returning,4.0,4.6
125596,2025-01-02,Ras Al Khaimah,Home & Kitchen,640.5,1,0.0,640.5,640.5,Cash On Delivery,Returning,4.0,4.0
132762,2025-05-23,Abu Dhabi,Beauty & Personal Care,102.72,2,0.0,205.44,205.44,Card,New,1.0,4.9
104037,2024-10-03,Dubai,Groceries,204.09,1,5.0,204.09,193.89,Card,Returning,2.0,4.8
126569,2025-02-18,Dubai,Home & Kitchen,744.7,1,10.0,744.7,670.23,Card,New,4.0,3.8
138363,2025-08-15,Abu Dhabi,Mobile Accessories,177.87,1,0.0,177.87,177.87,Wallet,New,4.0,4.8
120928,2024-11-26,Dubai,Electronics,3228.16,1,20.0,3228.16,2582.53,Wallet,New,4.0,4.2
140780,2025-09-13,Abu Dhabi,Beauty & Personal Care,82.38,1,5.0,82.38,78.26,Cash On Delivery,Returning,3.0,4.3
115822,2024-09-13,Ras Al Khaimah,Beauty & Personal Care,302.99,1,0.0,302.99,272.69,Card,Returning,4.0,3.7
146173,2025-11-23,Abu Dhabi,Home & Kitchen,699.75,1,40.0,699.75,419.85,Card,Returning,4.0,4.9
105879,2024-04-11,Dubai,Mobile Accessories,158.86,3,0.0,476.58,476.58,Card,Returning,3.0,4.0
108217,2024-05-17,Abu Dhabi,Electronics,684.65,1,10.0,684.65,616.18,Card,New,2.0,5.0
131429,2025-03-05,Abu Dhabi,Electronics,1278.22,1,10.0,1278.22,1150.4,Cash On Delivery,Returning,3.0,4.0
135339,2025-07-01,Abu Dhabi,Electronics,3262.57,1,0.0,3262.57,3262.57,Card,Returning,2.0,5.0
135373,2025-01-07,Dubai,Fashion,148.29,1,15.0,148.29,126.05,Card,Returning,1.0,4.3
124295,2025-01-12,Abu Dhabi,Electronics,2337.52,1,0.0,2337.52,2337.52,Card,New,3.0,4.0
148575,2025-12-19,Abu Dhabi,Mobile Accessories,45.09,1,10.0,45.09,40.58,Cash On Delivery,New,1.0,4.1
104160,2024-03-12,Ajman,Fashion,179.94,1,0.0,179.94,179.94,Card,Returning,1.0,4.0
139871,2025-09-01,Abu Dhabi,Mobile Accessories,122.53,1,10.0,122.53,110.28,Card,Returning,2.0,3.8
103776,2024-06-03,Abu Dhabi,Mobile Accessories,220.59,1,0.0,220.59,220.59,Card,Returning,1.0,3.9
134446,2025-06-17,Abu Dhabi,Fashion,209.06,1,5.0,209.06,198.61,Cash On Delivery,New,2.0,4.1
128613,2025-03-26,Ajman,Electronics,3487.91,1,10.0,3487.91,3139.12,Card,Returning,5.0,5.0
132284,2025-05-16,Dubai,Mobile Accessories,233.14,2,0.0,466.28,466.28,Card,Returning,2.0,5.0
102980,2024-02-20,Dubai,Home & Kitchen,461.8,1,15.0,461.8,392.53,Cash On Delivery,Returning,2.0,4.1
140742,2025-09-12,Dubai,Groceries,283.95,1,20.0,283.95,227.16,Card,Returning,2.0,4.4
138782,2025-08-19,Sharjah,Electronics,864.8,1,0.0,864.8,864.8,Wallet,Returning,4.0,4.2
117151,2024-05-10,Dubai,Mobile Accessories,32.39,1,5.0,32.39,30.77,Wallet,Returning,2.0,4.6
146878,2025-11-28,Abu Dhabi,Electronics,418.51,1,30.0,418.51,292.96,Wallet,Returning,3.0,4.2
118412,2024-10-25,Dubai,Home & Kitchen,229.43,1,0.0,229.43,229.43,Card,Returning,4.0,5.0
100421,2024-08-01,Sharjah,Groceries,59.52,3,30.0,178.56,124.99,Cash On Delivery,Returning,2.0,4.7
118303,2024-10-22,Dubai,Groceries,80.18,1,0.0,80.18,80.18,Card,Returning,3.0,3.0
118292,2024-10-22,Dubai,Home & Kitchen,766.39,1,0.0,766.39,766.39,Card,Returning,4.0,5.0
128963,2025-03-31,Ras Al Khaimah,Groceries,119.31,1,0.0,119.31,119.31,Card,Returning,2.0,3.3
106661,2024-04-22,Dubai,Mobile Accessories,237.58,2,0.0,475.16,475.16,Cash On Delivery,Returning,4.0,2.9
129012,2025-03-31,Ras Al Khaimah,Fashion,282.65,2,15.0,565.3,480.5,Card,New,5.0,5.0
111977,2024-07-19,Abu Dhabi,Beauty & Personal Care,391.8,1,0.0,391.8,391.8,Cash On Delivery,Returning,3.0,5.0
119667,2024-11-14,Dubai,Groceries,17.54,1,10.0,17.54,15.79,Card,New,3.0,4.4
138119,2025-08-11,Dubai,Fashion,312.26,1,0.0,312.26,312.26,Cash On Delivery,Returning,3.0,3.1
135181,2025-06-28,Dubai,Fashion,394.58,1,0.0,394.58,394.58,Cash On Delivery,Returning,2.0,3.7
124739,2025-01-19,Sharjah,Beauty & Personal Care,85.33,1,5.0,85.33,81.06,Card,Returning,2.0,3.7
145679,2025-11-21,Dubai,Fashion,118.45,1,40.0,118.45,71.07,Card,New,3.0,4.8
142755,2025-10-11,Abu Dhabi,Mobile Accessories,66.07,2,10.0,132.14,118.93,Card,Returning,4.0,4.3
127486,2025-05-03,Abu Dhabi,Mobile Accessories,145.69,1,0.0,145.69,145.69,Card,Returning,1.0,4.4
137498,2025-02-08,Dubai,Beauty & Personal Care,115.02,1,5.0,115.02,109.27,Card,Returning,3.0,3.8
138823,2025-08-20,Dubai,Electronics,1008.54,1,5.0,1008.54,958.11,Wallet,Returning,2.0,4.2
108843,2024-05-28,Sharjah,Beauty & Personal Care,245.84,2,5.0,491.68,467.1,Cash On Delivery,Returning,1.0,4.1
107637,2024-08-05,Sharjah,Mobile Accessories,223.51,1,0.0,223.51,223.51,Wallet,New,4.0,4.4
110935,2024-07-01,Ajman,Electronics,2466.21,1,0.0,2466.21,2466.21,Card,Returning,1.0,4.3
149076,2025-12-26,Abu Dhabi,Beauty & Personal Care,355.82,1,10.0,355.82,320.24,Card,New,2.0,4.0
110658,2024-06-27,Sharjah,Mobile Accessories,49.59,1,0.0,49.59,49.59,Cash On Delivery,Returning,3.0,4.7
128789,2025-03-29,Sharjah,Mobile Accessories,136.61,1,5.0,136.61,129.78,Card,New,2.0,4.1
124815,2025-01-20,Sharjah,Fashion,596.42,1,5.0,596.42,566.6,Card,Returning,4.0,4.2
144152,2025-10-31,Abu Dhabi,Groceries,26.57,2,5.0,53.14,50.48,Cash On Delivery,Returning,1.0,3.4
139486,2025-08-28,Dubai,Groceries,291.78,1,15.0,291.78,248.01,Cash On Delivery,Returning,2.0,4.3
129201,2025-04-02,Ajman,Electronics,3141.17,1,10.0,3141.17,2827.05,Cash On Delivery,New,2.0,3.9
109353,2024-05-06,Dubai,Mobile Accessories,231.32,1,10.0,231.32,208.19,Cash On Delivery,Returning,1.0,4.0
126031,2025-02-09,Ras Al Khaimah,Mobile Accessories,155.57,1,15.0,155.57,132.23,Cash On Delivery,Returning,3.0,4.8
113726,2024-08-16,Ras Al Khaimah,Fashion,498.39,2,0.0,996.78,996.78,Cash On Delivery,Returning,1.0,3.9
140523,2025-09-09,Dubai,Home & Kitchen,225.67,1,0.0,225.67,225.67,Cash On Delivery,Returning,2.0,4.6
133600,2025-06-05,Abu Dhabi,Beauty & Personal Care,54.34,1,0.0,54.34,54.34,Cash On Delivery,Returning,4.0,5.0
109954,2024-06-15,Sharjah,Mobile Accessories,30.96,1,5.0,30.96,29.41,Wallet,New,3.0,4.1
118321,2024-10-23,Abu Dhabi,Beauty & Personal Care,239.63,1,10.0,239.63,215.67,Card,Returning,1.0,4.3
110969,2024-02-07,Dubai,Beauty & Personal Care,278.91,3,5.0,836.73,794.89,Card,Returning,3.0,5.0
100468,2024-09-01,Abu Dhabi,Home & Kitchen,726.81,1,10.0,726.81,654.13,Card,New,5.0,4.2
130602,2025-04-20,Dubai,Home & Kitchen,504.53,1,10.0,504.53,454.08,Cash On Delivery,New,2.0,4.2
104350,2024-03-16,Dubai,Mobile Accessories,197.05,1,0.0,197.05,197.05,Wallet,Returning,3.0,4.5
129642,2025-05-04,Sharjah,Mobile Accessories,126.18,2,15.0,252.36,214.51,Card,Returning,3.0,4.2
142899,2025-10-13,Dubai,Beauty & Personal Care,38.85,1,0.0,38.85,38.85,Card,New,1.0,4.3
136679,2025-07-20,Ajman,Beauty & Personal Care,297.89,1,0.0,297.89,297.89,Card,New,3.0,5.0
134770,2025-06-22,Dubai,Mobile Accessories,71.63,1,5.0,71.63,68.05,Wallet,New,3.0,4.8
102539,2024-02-13,Dubai,Electronics,596.44,1,5.0,596.44,566.62,Card,Returning,3.0,4.3
128569,2025-03-25,Ajman,Fashion,99.19,2,15.0,198.38,168.62,Cash On Delivery,Returning,2.0,5.0
131527,2025-05-04,Sharjah,Fashion,585.8,1,0.0,585.8,527.22,Card,Returning,3.0,4.3
101103,2024-01-20,Sharjah,Groceries,228.27,2,5.0,456.54,433.71,Card,New,3.0,2.5
118091,2024-10-19,Dubai,Electronics,2302.95,1,15.0,2302.95,1957.51,Wallet,Returning,3.0,4.9
140415,2025-08-09,Ras Al Khaimah,Beauty & Personal Care,175.86,1,10.0,175.86,158.27,Card,Returning,4.0,4.7
101942,2024-02-03,Dubai,Beauty & Personal Care,252.22,1,20.0,252.22,201.78,Card,Returning,1.0,5.0
116552,2024-09-25,Dubai,Beauty & Personal Care,175.62,2,5.0,351.24,333.68,Card,New,2.0,3.8
104876,2024-03-26,Dubai,Fashion,568.04,1,0.0,568.04,511.24,Card,Returning,2.0,4.9
127538,2025-06-03,Dubai,Mobile Accessories,249.42,1,0.0,249.42,249.42,Wallet,New,3.0,3.7
140106,2025-04-09,Dubai,Mobile Accessories,103.35,1,5.0,103.35,98.18,Cash On Delivery,Returning,2.0,4.7
139855,2025-01-09,Abu Dhabi,Home & Kitchen,824.79,1,0.0,824.79,824.79,Card,Returning,2.0,4.0
127411,2025-03-03,Abu Dhabi,Fashion,379.7,2,15.0,759.4,645.49,Wallet,Returning,2.0,3.2
111851,2024-07-17,Dubai,Home & Kitchen,82.85,1,0.0,82.85,82.85,Card,Returning,2.0,4.6
122645,2024-12-18,Abu Dhabi,Fashion,415.33,2,5.0,830.66,789.13,Wallet,Returning,3.0,4.8
141068,2025-09-18,Dubai,Home & Kitchen,221.46,1,5.0,221.46,210.39,Wallet,Returning,2.0,3.9
136082,2025-11-07,Sharjah,Fashion,541.68,1,0.0,541.68,541.68,Wallet,Returning,5.0,3.8
117057,2024-03-10,Dubai,Groceries,35.53,1,0.0,35.53,35.53,Card,New,4.0,4.7
146412,2025-11-25,Dubai,Electronics,2130.78,1,30.0,2130.78,1491.55,Cash On Delivery,New,4.0,4.9
130598,2025-04-20,Sharjah,Fashion,208.18,1,0.0,208.18,208.18,Card,Returning,1.0,5.0
119507,2024-11-12,Dubai,Home & Kitchen,713.13,2,10.0,1426.26,1283.63,Cash On Delivery,Returning,2.0,4.6
141503,2025-09-24,Abu Dhabi,Fashion,267.81,1,0.0,267.81,267.81,Card,New,2.0,4.6
135081,2025-06-26,Dubai,Groceries,269.19,1,30.0,269.19,188.43,Wallet,New,4.0,3.7
139228,2025-08-25,Dubai,Beauty & Personal Care,364.75,1,10.0,364.75,328.28,Card,New,2.0,3.7
130164,2025-04-14,Abu Dhabi,Fashion,378.0,1,0.0,378.0,378.0,Card,New,3.0,4.2
139886,2025-09-01,Dubai,Home & Kitchen,301.61,1,0.0,301.61,301.61,Card,Returning,2.0,4.4
122409,2024-12-14,Abu Dhabi,Beauty & Personal Care,323.58,1,15.0,323.58,275.04,Cash On Delivery,New,2.0,5.0
135869,2025-07-08,Dubai,Fashion,446.44,1,0.0,446.44,446.44,Card,New,4.0,5.0
102261,2024-09-02,Sharjah,Fashion,129.91,1,0.0,129.91,129.91,Wallet,Returning,2.0,5.0
125337,2025-01-29,Abu Dhabi,Fashion,264.41,1,5.0,264.41,251.19,Cash On Delivery,Returning,1.0,4.2
130410,2025-04-18,Abu Dhabi,Electronics,1390.61,3,0.0,4171.83,4171.83,Cash On Delivery,Returning,2.0,4.3
146095,2025-11-23,Dubai,Home & Kitchen,695.26,1,30.0,695.26,486.68,Cash On Delivery,Returning,3.0,3.5
147710,2025-07-12,Sharjah,Electronics,3015.99,1,15.0,3015.99,2563.59,Card,New,3.0,4.9
124336,2025-12-01,Abu Dhabi,Fashion,417.35,1,5.0,417.35,396.48,Cash On Delivery,Returning,3.0,4.2
131560,2025-05-05,Dubai,Beauty & Personal Care,127.91,2,15.0,255.82,217.45,Card,New,1.0,4.3
122617,2024-12-17,Dubai,Electronics,3100.71,1,0.0,3100.71,3100.71,Card,Returning,1.0,3.8
105303,2024-04-04,Dubai,Home & Kitchen,308.19,1,0.0,308.19,308.19,Cash On Delivery,New,1.0,3.7
134164,2025-06-13,Ras Al Khaimah,Beauty & Personal Care,79.75,1,0.0,79.75,79.75,Cash On Delivery,Returning,2.0,5.0
142128,2025-10-03,Dubai,Fashion,380.46,1,10.0,380.46,342.41,Wallet,Returning,2.0,2.9
114457,2024-08-25,Abu Dhabi,Electronics,3022.9,1,10.0,3022.9,2720.61,Wallet,Returning,3.0,5.0
123704,2025-01-03,Abu Dhabi,Fashion,467.06,1,15.0,467.06,397.0,Card,Returning,3.0,4.5
109740,2024-06-12,Abu Dhabi,Home & Kitchen,276.8,1,5.0,276.8,262.96,Card,New,1.0,4.6
105766,2024-04-10,Dubai,Beauty & Personal Care,242.97,1,0.0,242.97,242.97,Card,Returning,3.0,4.2
134889,2025-06-23,Dubai,Home & Kitchen,829.69,1,0.0,829.69,829.69,Cash On Delivery,Returning,4.0,4.8
107975,2024-05-13,Ras Al Khaimah,Fashion,151.83,1,0.0,151.83,151.83,Wallet,Returning,3.0,5.0
136669,2025-07-20,Dubai,Fashion,398.75,1,10.0,398.75,358.88,Wallet,Returning,3.0,5.0
146795,2025-11-27,Abu Dhabi,Home & Kitchen,839.28,1,40.0,839.28,503.57,Card,Returning,3.0,3.7
106927,2024-04-26,Dubai,Beauty & Personal Care,393.85,2,5.0,787.7,748.32,Wallet,Returning,2.0,4.9
105411,2024-06-04,Dubai,Groceries,176.85,1,15.0,176.85,150.32,Wallet,Returning,3.0,4.0
136540,2025-07-18,Dubai,Home & Kitchen,421.39,1,0.0,421.39,400.32,Card,Returning,5.0,4.1
138427,2025-08-15,Dubai,Electronics,2218.05,1,5.0,2218.05,2107.15,Card,New,2.0,4.2
136925,2025-07-24,Dubai,Groceries,28.58,1,0.0,28.58,28.58,Card,Returning,3.0,5.0
134355,2025-06-16,Sharjah,Electronics,2296.31,1,0.0,2296.31,2296.31,Cash On Delivery,New,3.0,4.6
125881,2025-02-07,Abu Dhabi,Mobile Accessories,71.49,1,0.0,71.49,71.49,Cash On Delivery,New,1.0,2.8
148448,2025-12-17,Abu Dhabi,Fashion,480.59,1,5.0,480.59,456.56,Card,New,3.0,3.1
102833,2024-02-17,Abu Dhabi,Fashion,341.47,1,30.0,341.47,239.03,Wallet,Returning,2.0,4.3
126843,2025-02-22,Dubai,Beauty & Personal Care,275.77,1,15.0,275.77,234.4,Card,Returning,2.0,5.0
115168,2024-03-09,Abu Dhabi,Groceries,246.3,1,30.0,246.3,172.41,Card,Returning,3.0,4.8
119790,2024-11-16,Sharjah,Mobile Accessories,119.44,1,0.0,119.44,119.44,Card,Returning,3.0,3.3
101060,2024-01-19,Dubai,Home & Kitchen,306.04,1,20.0,306.04,244.83,Wallet,Returning,2.0,4.6
140621,2025-11-09,Ras Al Khaimah,Fashion,529.39,1,0.0,529.39,529.39,Card,Returning,2.0,5.0
105362,2024-04-05,Dubai,Home & Kitchen,562.86,1,20.0,562.86,450.29,Cash On Delivery,New,3.0,4.4
128113,2025-03-17,Abu Dhabi,Groceries,211.75,1,0.0,211.75,211.75,Card,Returning,3.0,4.9
146335,2025-11-24,Ajman,Electronics,574.75,1,20.0,574.75,459.8,Cash On Delivery,Returning,2.0,5.0
140483,2025-09-09,Ras Al Khaimah,Beauty & Personal Care,218.6,1,0.0,218.6,218.6,Card,New,3.0,4.9
143413,2025-10-21,Dubai,Electronics,3188.14,1,30.0,3188.14,2231.7,Card,New,1.0,4.0
133289,2025-05-31,Abu Dhabi,Fashion,555.06,1,10.0,555.06,499.55,Cash On Delivery,New,3.0,3.4
111213,2024-06-07,Dubai,Groceries,48.9,1,10.0,48.9,44.01,Card,Returning,2.0,4.2
147213,2025-01-12,Sharjah,Mobile Accessories,71.69,1,10.0,71.69,64.52,Wallet,New,1.0,4.0
110075,2024-06-17,Abu Dhabi,Beauty & Personal Care,325.47,1,10.0,325.47,292.92,Cash On Delivery,Returning,1.0,4.9
111349,2024-09-07,Dubai,Beauty & Personal Care,67.48,1,5.0,67.48,64.11,Wallet,Returning,2.0,4.3
104759,2024-03-24,Ajman,Electronics,1618.38,1,5.0,1618.38,1537.46,Cash On Delivery,Returning,3.0,4.2
137755,2025-08-05,Dubai,Beauty & Personal Care,208.11,1,20.0,208.11,166.49,Card,Returning,3.0,3.9
106223,2024-04-14,Ajman,Beauty & Personal Care,200.99,1,0.0,200.99,200.99,Cash On Delivery,New,4.0,3.3
140939,2025-09-16,Abu Dhabi,Mobile Accessories,187.59,1,20.0,187.59,150.07,Cash On Delivery,Returning,2.0,4.8
117845,2024-10-16,Abu Dhabi,Groceries,129.97,1,0.0,129.97,129.97,Cash On Delivery,New,3.0,3.5
122710,2024-12-19,Sharjah,Fashion,213.29,1,0.0,213.29,213.29,Card,Returning,5.0,4.2
116816,2024-09-29,Dubai,Beauty & Personal Care,27.21,1,5.0,27.21,25.85,Cash On Delivery,Returning,2.0,3.2
122111,2024-12-09,Dubai,Home & Kitchen,676.25,1,20.0,676.25,541.0,Card,Returning,3.0,4.3
104129,2024-03-12,Dubai,Groceries,124.2,1,0.0,124.2,99.36,Cash On Delivery,Returning,1.0,5.0
100091,2024-02-01,Abu Dhabi,Fashion,54.22,1,10.0,54.22,48.8,Card,New,3.0,3.4
138569,2025-08-17,Sharjah,Electronics,2875.7,1,15.0,2875.7,2444.34,Cash On Delivery,Returning,1.0,4.2
138497,2025-08-16,Ras Al Khaimah,Groceries,189.46,1,0.0,189.46,189.46,Card,Returning,1.0,4.1
142815,2025-10-12,Dubai,Beauty & Personal Care,183.98,1,0.0,183.98,183.98,Cash On Delivery,Returning,2.0,4.2
129516,2025-04-04,Ajman,Mobile Accessories,116.4,1,0.0,116.4,116.4,Cash On Delivery,New,1.0,3.7
113773,2024-08-16,Sharjah,Mobile Accessories,239.66,2,5.0,479.32,455.35,Card,New,3.0,3.1
136821,2025-07-23,Dubai,Beauty & Personal Care,255.44,1,0.0,255.44,255.44,Card,New,4.0,3.8
108137,2024-05-16,Dubai,Mobile Accessories,106.17,1,15.0,106.17,90.24,Card,New,4.0,4.6
121191,2024-11-28,Abu Dhabi,Mobile Accessories,137.42,2,40.0,274.84,164.9,Cash On Delivery,Returning,4.0,2.8
131447,2025-03-05,Dubai,Electronics,859.39,2,15.0,1718.78,1460.96,Cash On Delivery,New,4.0,3.8
137834,2025-07-08,Abu Dhabi,Fashion,524.77,1,0.0,524.77,524.77,Card,Returning,3.0,3.8
145709,2025-11-21,Dubai,Beauty & Personal Care,333.81,1,0.0,333.81,200.29,Card,Returning,3.0,4.3
123576,2025-01-01,Abu Dhabi,Electronics,3064.46,2,30.0,6128.92,4290.24,Card,New,3.0,5.0
132395,2025-05-17,Abu Dhabi,Fashion,390.9,1,10.0,390.9,351.81,Card,Returning,1.0,4.2
143665,2025-10-25,Ajman,Home & Kitchen,553.43,1,10.0,553.43,498.09,Card,New,2.0,4.3
117989,2024-10-18,Dubai,Mobile Accessories,217.81,1,5.0,217.81,206.92,Card,Returning,3.0,4.1
141380,2025-09-22,Sharjah,Mobile Accessories,189.15,1,0.0,189.15,189.15,Cash On Delivery,Returning,3.0,4.2
143773,2025-10-26,Dubai,Home & Kitchen,473.12,1,0.0,473.12,473.12,Card,New,2.0,4.2
116429,2024-09-22,Dubai,Groceries,199.09,1,0.0,199.09,179.18,Card,New,2.0,5.0
127846,2025-12-03,Abu Dhabi,Fashion,265.08,1,5.0,265.08,251.83,Card,New,2.0,4.3
125034,2025-01-24,Ras Al Khaimah,Home & Kitchen,293.16,1,10.0,293.16,263.84,Card,Returning,3.0,4.4
105457,2024-07-04,Sharjah,Mobile Accessories,187.42,1,10.0,187.42,168.68,Cash On Delivery,Returning,2.0,3.3
113575,2024-08-14,Dubai,Fashion,124.26,1,10.0,124.26,111.83,Cash On Delivery,Returning,2.0,3.9
140578,2025-09-10,Sharjah,Home & Kitchen,129.68,1,30.0,129.68,90.78,Card,Returning,1.0,4.0
124912,2025-01-22,Sharjah,Electronics,2858.61,1,0.0,2858.61,2858.61,Card,Returning,3.0,5.0
138943,2025-08-21,Dubai,Mobile Accessories,151.55,1,10.0,151.55,136.4,Cash On Delivery,Returning,2.0,4.1
141950,2025-09-30,Dubai,Fashion,86.53,1,10.0,86.53,77.88,Cash On Delivery,Returning,1.0,3.7
122477,2024-12-14,Abu Dhabi,Electronics,868.81,1,0.0,868.81,868.81,Card,Returning,1.0,3.0
135478,2025-07-03,Abu Dhabi,Electronics,2763.47,1,0.0,2763.47,2763.47,Card,Returning,3.0,4.7
119876,2024-11-17,Sharjah,Electronics,2551.91,1,0.0,2551.91,2551.91,Cash On Delivery,Returning,5.0,5.0
116847,2024-09-29,Dubai,Electronics,1297.28,2,10.0,2594.56,2335.1,Card,Returning,1.0,3.7
131718,2025-05-07,Abu Dhabi,Beauty & Personal Care,244.83,1,30.0,244.83,171.38,Card,Returning,1.0,4.2
142470,2025-07-10,Dubai,Beauty & Personal Care,51.02,1,0.0,51.02,51.02,Cash On Delivery,Returning,3.0,3.8
129572,2025-04-04,Abu Dhabi,Groceries,55.26,1,5.0,55.26,52.5,Cash On Delivery,New,1.0,5.0
146999,2025-11-28,Ajman,Groceries,223.54,2,40.0,447.08,268.25,Cash On Delivery,Returning,1.0,4.7
144103,2025-10-31,Abu Dhabi,Home & Kitchen,289.01,3,15.0,867.03,736.98,Card,New,3.0,3.6
129799,2025-04-08,Dubai,Mobile Accessories,37.95,2,0.0,75.9,75.9,Card,Returning,3.0,4.2
143846,2025-10-27,Abu Dhabi,Beauty & Personal Care,303.33,2,20.0,606.66,485.33,Card,New,2.0,3.7
114154,2024-08-21,Sharjah,Groceries,103.38,1,0.0,103.38,103.38,Cash On Delivery,Returning,4.0,4.8
140694,2025-09-12,Abu Dhabi,Fashion,154.26,2,0.0,308.52,308.52,Card,New,4.0,3.8
109291,2024-04-06,Sharjah,Electronics,2639.03,1,0.0,2639.03,2639.03,Cash On Delivery,Returning,3.0,3.3
122857,2024-12-21,Dubai,Fashion,105.97,1,10.0,105.97,95.37,Card,Returning,3.0,4.2
107035,2024-04-27,Sharjah,Home & Kitchen,217.39,1,0.0,217.39,217.39,Cash On Delivery,Returning,3.0,3.4
118327,2024-10-23,Abu Dhabi,Electronics,314.19,2,0.0,628.38,628.38,Cash On Delivery,Returning,3.0,4.2
103902,2024-03-08,Dubai,Electronics,2195.2,2,15.0,4390.4,3731.84,Card,Returning,3.0,4.2
111075,2024-04-07,Abu Dhabi,Mobile Accessories,155.72,1,10.0,155.72,140.15,Card,New,2.0,4.1
131552,2025-05-05,Sharjah,Home & Kitchen,596.06,1,20.0,596.06,476.85,Cash On Delivery,New,3.0,4.1
116891,2024-09-30,Dubai,Fashion,251.69,1,10.0,251.69,226.52,Card,New,3.0,2.9
142744,2025-10-11,Abu Dhabi,Groceries,243.1,1,0.0,243.1,218.79,Wallet,New,1.0,4.0
121705,2024-03-12,Dubai,Fashion,199.24,2,0.0,398.48,398.48,Wallet,New,4.0,2.8
125023,2025-01-24,Abu Dhabi,Fashion,584.06,1,0.0,584.06,584.06,Cash On Delivery,New,3.0,3.5
115497,2024-09-07,Dubai,Beauty & Personal Care,365.84,1,20.0,365.84,292.67,Cash On Delivery,New,3.0,3.8
112116,2024-07-21,Dubai,Fashion,387.56,1,0.0,387.56,387.56,Card,Returning,3.0,4.2
128531,2025-03-25,Sharjah,Beauty & Personal Care,386.68,2,10.0,773.36,696.02,Cash On Delivery,Returning,3.0,5.0
114855,2024-08-30,Abu Dhabi,Groceries,62.15,2,0.0,124.3,124.3,Cash On Delivery,Returning,3.0,4.3
108651,2024-05-24,Sharjah,Home & Kitchen,875.02,1,10.0,875.02,787.52,Card,Returning,4.0,3.5
116262,2024-09-20,Abu Dhabi,Fashion,474.87,1,30.0,474.87,332.41,Card,Returning,1.0,4.5
146297,2025-11-24,Dubai,Mobile Accessories,33.75,1,20.0,33.75,27.0,Wallet,Returning,3.0,4.3
125439,2025-01-31,Ajman,Groceries,260.98,1,10.0,260.98,234.88,Cash On Delivery,Returning,3.0,4.2
132174,2025-05-14,Sharjah,Mobile Accessories,105.73,1,5.0,105.73,100.44,Card,New,1.0,5.0
141427,2025-09-23,Ras Al Khaimah,Mobile Accessories,137.26,1,0.0,137.26,137.26,Card,Returning,5.0,4.5
119051,2024-04-11,Ajman,Groceries,251.39,1,10.0,251.39,226.25,Wallet,New,2.0,4.4
102927,2024-02-19,Dubai,Beauty & Personal Care,60.33,1,0.0,60.33,60.33,Card,New,3.0,3.5
115379,2024-05-09,Abu Dhabi,Groceries,105.0,2,30.0,210.0,147.0,Card,Returning,3.0,4.7
126282,2025-02-13,Abu Dhabi,Groceries,164.8,2,0.0,329.6,329.6,Card,Returning,4.0,4.1
113650,2024-08-15,Sharjah,Home & Kitchen,442.58,1,10.0,442.58,398.32,Card,Returning,4.0,4.1
138854,2025-08-20,Ajman,Beauty & Personal Care,131.71,1,30.0,131.71,92.2,Card,Returning,2.0,4.7
145632,2025-11-21,Dubai,Fashion,386.37,1,50.0,386.37,193.18,Wallet,Returning,3.0,4.1
135534,2025-07-04,Ajman,Beauty & Personal Care,48.53,1,15.0,48.53,41.25,Cash On Delivery,New,2.0,4.2
130313,2025-04-16,Dubai,Home & Kitchen,662.0,2,0.0,1324.0,1324.0,Card,Returning,1.0,5.0
105614,2024-04-09,Abu Dhabi,Mobile Accessories,167.45,1,5.0,167.45,159.08,Cash On Delivery,Returning,3.0,4.1
142266,2025-10-04,Abu Dhabi,Mobile Accessories,152.82,1,0.0,152.82,152.82,Card,Returning,1.0,2.9
137261,2025-07-29,Ras Al Khaimah,Home & Kitchen,474.35,2,5.0,948.7,901.26,Card,New,3.0,4.0
117393,2024-08-10,Ras Al Khaimah,Home & Kitchen,740.65,1,0.0,740.65,740.65,Wallet,Returning,3.0,4.5
101637,2024-01-29,Dubai,Fashion,207.26,1,5.0,207.26,196.9,Card,Returning,2.0,4.2
127821,2025-03-12,Dubai,Electronics,1270.37,2,30.0,2540.74,1778.52,Card,Returning,1.0,4.5
131033,2025-04-27,Dubai,Home & Kitchen,259.55,1,5.0,259.55,246.57,Cash On Delivery,New,2.0,3.6
124597,2025-01-16,Dubai,Home & Kitchen,104.31,1,0.0,104.31,104.31,Card,New,4.0,5.0
128234,2025-03-19,Abu Dhabi,Electronics,2475.27,1,0.0,2475.27,2475.27,Card,New,3.0,5.0
112846,2024-02-08,Dubai,Home & Kitchen,352.23,2,15.0,704.46,598.79,Wallet,New,5.0,4.2
124147,2025-10-01,Abu Dhabi,Mobile Accessories,166.67,1,0.0,166.67,166.67,Wallet,New,2.0,3.9
125817,2025-02-06,Abu Dhabi,Mobile Accessories,28.68,1,5.0,28.68,27.25,Card,Returning,4.0,5.0
105398,2024-06-04,Dubai,Fashion,346.02,1,20.0,346.02,276.82,Card,Returning,3.0,3.5
145967,2025-11-22,Sharjah,Electronics,2232.47,2,10.0,4464.94,4018.45,Card,Returning,2.0,4.9
148501,2025-12-18,Sharjah,Electronics,2885.38,1,5.0,2885.38,2741.11,Card,Returning,3.0,4.0
145551,2025-11-20,Ajman,Mobile Accessories,215.29,3,5.0,645.87,613.58,Cash On Delivery,New,3.0,4.2
126391,2025-02-15,Dubai,Fashion,295.73,2,0.0,591.46,591.46,Card,New,5.0,4.8
127428,2025-04-03,Dubai,Beauty & Personal Care,140.1,1,0.0,140.1,140.1,Card,New,1.0,3.1
144063,2025-10-30,Dubai,Fashion,418.85,1,5.0,418.85,397.91,Card,New,2.0,4.4
119691,2024-11-14,Dubai,Fashion,256.58,1,0.0,256.58,256.58,Cash On Delivery,Returning,3.0,4.4
130467,2025-04-19,Dubai,Groceries,101.15,1,5.0,101.15,96.09,Cash On Delivery,New,2.0,4.9
139568,2025-08-29,Dubai,Fashion,79.65,1,5.0,79.65,75.67,Cash On Delivery,Returning,2.0,2.5
140721,2025-09-12,Dubai,Groceries,292.05,1,5.0,292.05,277.45,Card,Returning,1.0,3.9
134306,2025-06-15,Abu Dhabi,Home & Kitchen,723.2,1,30.0,723.2,506.24,Card,New,1.0,4.2
135165,2025-06-28,Dubai,Home & Kitchen,65.38,1,30.0,65.38,45.77,Card,Returning,1.0,4.3
139240,2025-08-25,Dubai,Mobile Accessories,228.92,2,15.0,457.84,389.16,Card,Returning,1.0,3.6
142123,2025-10-02,Abu Dhabi,Beauty & Personal Care,305.21,1,0.0,305.21,305.21,Wallet,Returning,1.0,5.0
103982,2024-09-03,Dubai,Electronics,3208.5,1,0.0,3208.5,3208.5,Wallet,Returning,3.0,3.9
106559,2024-04-19,Dubai,Mobile Accessories,71.15,1,5.0,71.15,67.59,Card,Returning,1.0,4.1
141238,2025-09-20,Dubai,Mobile Accessories,34.22,1,5.0,34.22,32.51,Wallet,New,3.0,5.0
115977,2024-09-15,Sharjah,Electronics,2647.84,1,0.0,2647.84,2647.84,Card,New,1.0,4.5
134526,2025-06-18,Ras Al Khaimah,Home & Kitchen,550.76,3,5.0,1652.28,1569.67,Wallet,New,1.0,4.2
137340,2025-07-30,Dubai,Groceries,86.23,1,0.0,86.23,86.23,Card,New,3.0,4.6
109189,2024-06-02,Sharjah,Electronics,1701.37,1,20.0,1701.37,1361.1,Wallet,Returning,3.0,2.6
146727,2025-11-27,Dubai,Beauty & Personal Care,39.63,1,30.0,39.63,27.74,Card,Returning,3.0,5.0
147325,2025-12-02,Ras Al Khaimah,Mobile Accessories,23.49,1,10.0,23.49,21.14,Card,New,3.0,5.0
113457,2024-08-12,Dubai,Beauty & Personal Care,113.95,1,0.0,113.95,113.95,Card,Returning,2.0,3.6
101603,2024-01-28,Abu Dhabi,Fashion,144.61,1,10.0,144.61,130.15,Card,Returning,3.0,4.7
102353,2024-10-02,Abu Dhabi,Beauty & Personal Care,270.22,1,0.0,270.22,270.22,Wallet,Returning,4.0,4.7
124522,2025-01-15,Abu Dhabi,Fashion,403.86,1,0.0,403.86,403.86,Wallet,New,3.0,4.2
120774,2024-11-25,Abu Dhabi,Mobile Accessories,217.67,1,10.0,217.67,195.9,Card,Returning,3.0,3.6
109444,2024-06-07,Sharjah,Beauty & Personal Care,121.37,1,0.0,121.37,121.37,Card,Returning,3.0,2.9
114530,2024-08-26,Sharjah,Mobile Accessories,63.51,1,0.0,63.51,63.51,Wallet,New,2.0,4.2
138051,2025-09-08,Dubai,Electronics,2821.08,1,10.0,2821.08,2538.97,Card,Returning,3.0,5.0
140599,2025-11-09,Dubai,Electronics,3060.69,1,30.0,3060.69,2142.48,Card,Returning,3.0,4.2
136723,2025-07-21,Sharjah,Electronics,3044.69,3,0.0,9134.07,9134.07,Cash On Delivery,New,4.0,5.0
104829,2024-03-25,Abu Dhabi,Home & Kitchen,192.35,2,5.0,384.7,365.46,Card,New,1.0,4.7
132424,2025-05-17,Abu Dhabi,Home & Kitchen,609.91,1,15.0,609.91,518.42,Card,New,4.0,2.7
119129,2024-11-05,Abu Dhabi,Groceries,74.83,1,0.0,74.83,74.83,Cash On Delivery,Returning,3.0,4.3
136109,2025-12-07,Ajman,Groceries,202.41,1,0.0,202.41,202.41,Card,Returning,1.0,4.3
136180,2025-07-13,Sharjah,Electronics,849.48,1,15.0,849.48,722.06,Card,Returning,4.0,3.6
102668,2024-02-15,Dubai,Beauty & Personal Care,52.87,1,0.0,52.87,52.87,Card,New,1.0,3.6
139691,2025-08-30,Dubai,Electronics,798.8,1,5.0,798.8,758.86,Card,Returning,3.0,4.6
145563,2025-11-20,Abu Dhabi,Mobile Accessories,178.38,3,15.0,535.14,454.87,Card,New,1.0,4.5
105433,2024-04-06,Dubai,Fashion,349.12,1,0.0,349.12,349.12,Wallet,Returning,3.0,4.9
111125,2024-05-07,Dubai,Beauty & Personal Care,350.39,2,15.0,700.78,595.66,Card,Returning,4.0,2.1
119203,2024-11-06,Abu Dhabi,Beauty & Personal Care,256.27,2,20.0,512.54,410.03,Card,Returning,2.0,4.6
141094,2025-09-18,Abu Dhabi,Mobile Accessories,110.35,1,5.0,110.35,104.83,Wallet,New,3.0,4.1
119232,2024-11-07,Dubai,Mobile Accessories,176.57,1,0.0,176.57,176.57,Card,New,1.0,4.2
142977,2025-10-15,Abu Dhabi,Fashion,221.73,1,0.0,221.73,221.73,Card,Returning,1.0,4.2
111334,2024-07-08,Dubai,Beauty & Personal Care,113.14,1,5.0,113.14,107.48,Cash On Delivery,Returning,3.0,4.2
135829,2025-08-07,Ajman,Fashion,537.52,1,5.0,537.52,510.64,Card,Returning,3.0,5.0
106944,2024-04-26,Dubai,Electronics,2906.18,1,0.0,2906.18,2760.87,Wallet,Returning,4.0,3.8
147099,2025-11-29,Dubai,Home & Kitchen,367.19,1,10.0,367.19,330.47,Cash On Delivery,New,4.0,4.9
114436,2024-08-25,Dubai,Fashion,132.89,1,10.0,132.89,119.6,Card,New,2.0,4.6
102009,2024-04-02,Ajman,Groceries,64.41,1,20.0,64.41,51.53,Card,Returning,4.0,4.7
142430,2025-07-10,Dubai,Groceries,61.37,1,0.0,61.37,61.37,Cash On Delivery,New,1.0,3.2
106928,2024-04-26,Sharjah,Electronics,467.73,1,0.0,467.73,467.73,Card,Returning,2.0,4.7
101556,2024-01-27,Dubai,Fashion,188.78,2,5.0,377.56,358.68,Card,New,6.0,4.3
127128,2025-02-27,Dubai,Home & Kitchen,732.8,1,15.0,732.8,622.88,Card,Returning,2.0,3.7
124782,2025-01-20,Dubai,Mobile Accessories,224.12,2,5.0,448.24,425.83,Card,Returning,2.0,3.7
124896,2025-01-22,Dubai,Beauty & Personal Care,239.8,1,0.0,239.8,239.8,Card,Returning,2.0,3.9
131809,2025-09-05,Abu Dhabi,Groceries,49.54,1,15.0,49.54,42.11,Card,Returning,2.0,4.5
112397,2024-07-26,Ajman,Electronics,1236.02,1,10.0,1236.02,1112.42,Card,Returning,2.0,3.8
103435,2024-02-28,Sharjah,Groceries,196.58,1,10.0,196.58,176.92,Cash On Delivery,Returning,4.0,4.2
104379,2024-03-16,Ras Al Khaimah,Mobile Accessories,60.71,1,0.0,60.71,60.71,Card,Returning,1.0,3.0
147823,2025-08-12,Dubai,Electronics,1334.14,1,5.0,1334.14,1267.43,Cash On Delivery,New,3.0,3.8
102960,2024-02-20,Dubai,Home & Kitchen,230.99,1,0.0,230.99,230.99,Card,New,2.0,4.0
104306,2024-03-15,Ajman,Groceries,256.45,2,0.0,512.9,461.61,Cash On Delivery,Returning,1.0,5.0
112101,2024-07-20,Sharjah,Electronics,2981.1,1,0.0,2981.1,2981.1,Cash On Delivery,Returning,4.0,4.9
100914,2024-01-17,Abu Dhabi,Mobile Accessories,171.54,1,5.0,171.54,162.96,Cash On Delivery,New,3.0,4.4
128953,2025-03-30,Ras Al Khaimah,Home & Kitchen,321.91,1,0.0,321.91,321.91,Cash On Delivery,New,3.0,5.0
137121,2025-07-27,Sharjah,Electronics,2909.86,1,0.0,2909.86,2909.86,Card,New,1.0,4.0
131780,2025-08-05,Sharjah,Electronics,3134.38,1,0.0,3134.38,3134.38,Cash On Delivery,New,2.0,3.4
130548,2025-04-19,Ras Al Khaimah,Fashion,213.29,1,0.0,213.29,213.29,Card,Returning,1.0,4.2
128296,2025-03-21,Abu Dhabi,Mobile Accessories,69.52,2,15.0,139.04,118.18,Card,Returning,1.0,4.7
124957,2025-01-23,Abu Dhabi,Fashion,590.42,2,10.0,1180.84,1062.76,Card,Returning,3.0,5.0
115298,2024-04-09,Sharjah,Beauty & Personal Care,399.09,2,20.0,798.18,638.54,Cash On Delivery,Returning,3.0,3.9
137510,2025-08-02,Dubai,Electronics,1847.14,1,10.0,1847.14,1662.43,Card,New,5.0,4.4
137720,2025-05-08,Dubai,Electronics,920.99,1,10.0,920.99,828.89,Cash On Delivery,Returning,1.0,5.0
131020,2025-04-26,Sharjah,Electronics,2428.35,1,15.0,2428.35,2064.1,Card,Returning,3.0,3.7
122236,2024-12-11,Dubai,Home & Kitchen,739.17,1,10.0,739.17,665.25,Card,New,3.0,4.2
105793,2024-11-04,Dubai,Home & Kitchen,395.0,1,0.0,395.0,395.0,Card,Returning,2.0,4.1
132433,2025-05-18,Ajman,Groceries,211.64,1,0.0,211.64,211.64,Card,Returning,3.0,3.9
120723,2024-11-25,Ras Al Khaimah,Beauty & Personal Care,150.01,1,40.0,150.01,90.01,Card,New,3.0,3.4
139134,2025-08-23,Dubai,Fashion,157.75,1,5.0,157.75,149.86,Card,Returning,4.0,4.4
112207,2024-07-22,Dubai,Home & Kitchen,868.26,1,5.0,868.26,824.85,Wallet,Returning,3.0,3.8
107782,2024-05-10,Dubai,Fashion,174.24,1,30.0,174.24,121.97,Cash On Delivery,Returning,3.0,4.2
125635,2025-02-02,Ajman,Home & Kitchen,616.88,1,5.0,616.88,586.04,Cash On Delivery,Returning,2.0,3.9
107756,2024-10-05,Dubai,Fashion,549.84,1,5.0,549.84,522.35,Cash On Delivery,New,5.0,5.0
122935,2024-12-22,Dubai,Home & Kitchen,775.24,1,5.0,775.24,736.48,Cash On Delivery,New,3.0,3.6
141098,2025-09-18,Dubai,Fashion,360.01,1,0.0,360.01,360.01,Wallet,New,3.0,5.0
102407,2024-10-02,Abu Dhabi,Beauty & Personal Care,227.44,1,5.0,227.44,216.07,Card,Returning,1.0,4.8
137620,2025-08-03,Ras Al Khaimah,Fashion,129.35,1,0.0,129.35,129.35,Card,Returning,3.0,4.2
142330,2025-05-10,Dubai,Mobile Accessories,239.25,1,10.0,239.25,215.32,Card,New,5.0,5.0
148802,2025-12-22,Abu Dhabi,Fashion,525.39,1,0.0,525.39,525.39,Card,Returning,4.0,4.0
144588,2025-11-06,Dubai,Home & Kitchen,289.36,1,5.0,289.36,274.89,Card,Returning,4.0,3.8
131844,2025-05-09,Dubai,Fashion,197.57,1,20.0,197.57,158.06,Cash On Delivery,New,4.0,3.8
119924,2024-11-18,Ras Al Khaimah,Home & Kitchen,581.0,2,10.0,1162.0,1045.8,Card,Returning,4.0,4.5
105240,2024-04-03,Ras Al Khaimah,Fashion,409.83,3,0.0,1229.49,1229.49,Card,Returning,1.0,4.1
121375,2024-11-29,Abu Dhabi,Electronics,920.75,2,40.0,1841.5,1104.9,Card,Returning,3.0,5.0
106734,2024-04-23,Dubai,Groceries,166.92,1,5.0,166.92,158.57,Card,Returning,3.0,3.8
145129,2025-11-13,Dubai,Beauty & Personal Care,126.66,1,0.0,126.66,126.66,Card,New,2.0,4.2
108749,2024-05-25,Abu Dhabi,Home & Kitchen,249.39,1,5.0,249.39,236.92,Card,Returning,4.0,5.0
103075,2024-02-22,Dubai,Mobile Accessories,65.54,1,0.0,65.54,65.54,Card,New,2.0,4.4
139947,2025-09-02,Dubai,Mobile Accessories,85.18,1,15.0,85.18,72.4,Card,Returning,3.0,4.4
145987,2025-11-22,Dubai,Fashion,242.03,1,30.0,242.03,169.42,Card,Returning,6.0,4.3
109171,2024-02-06,Abu Dhabi,Electronics,2968.83,1,15.0,2968.83,2523.51,Cash On Delivery,Returning,2.0,4.4
110593,2024-06-26,Ajman,Beauty & Personal Care,361.02,1,15.0,361.02,306.87,Card,Returning,1.0,4.2
149237,2025-12-28,Dubai,Groceries,255.85,1,0.0,255.85,255.85,Card,Returning,2.0,5.0
106117,2024-04-13,Sharjah,Home & Kitchen,120.1,1,0.0,120.1,120.1,Cash On Delivery,Returning,4.0,3.5
104319,2024-03-15,Ras Al Khaimah,Beauty & Personal Care,99.29,1,10.0,99.29,89.36,Card,Returning,4.0,4.1
102402,2024-10-02,Abu Dhabi,Beauty & Personal Care,349.03,1,0.0,349.03,349.03,Card,New,5.0,4.3
116097,2024-09-17,Ras Al Khaimah,Mobile Accessories,182.59,1,0.0,182.59,173.46,Cash On Delivery,New,2.0,4.2
106001,2024-04-12,Abu Dhabi,Groceries,51.95,1,15.0,51.95,44.16,Card,Returning,3.0,3.4
111422,2024-07-10,Dubai,Groceries,211.85,1,30.0,211.85,148.29,Card,Returning,4.0,3.5
134576,2025-06-19,Abu Dhabi,Groceries,69.58,1,10.0,69.58,62.62,Card,Returning,4.0,3.9
119908,2024-11-18,Dubai,Fashion,86.75,1,0.0,86.75,86.75,Cash On Delivery,New,2.0,4.3
107721,2024-09-05,Dubai,Beauty & Personal Care,134.76,2,20.0,269.52,215.62,Cash On Delivery,Returning,1.0,5.0
115766,2024-09-11,Ajman,Fashion,359.3,1,20.0,359.3,287.44,Cash On Delivery,Returning,4.0,4.2
126512,2025-02-17,Dubai,Fashion,159.91,1,10.0,159.91,143.92,Wallet,Returning,1.0,3.5
104296,2024-03-15,Dubai,Electronics,1179.38,1,20.0,1179.38,943.5,Card,New,5.0,3.7
120506,2024-11-24,Abu Dhabi,Mobile Accessories,105.64,1,40.0,105.64,63.38,Card,New,3.0,4.1
131654,2025-06-05,Dubai,Fashion,427.89,1,30.0,427.89,299.52,Cash On Delivery,New,4.0,4.3
130136,2025-04-14,Dubai,Electronics,2665.77,1,0.0,2665.77,2665.77,Card,New,2.0,5.0
102774,2024-02-17,Sharjah,Groceries,66.13,2,0.0,132.26,132.26,Card,Returning,2.0,3.7
112687,2024-07-31,Dubai,Mobile Accessories,226.24,1,15.0,226.24,192.3,Card,Returning,2.0,4.6
120721,2024-11-25,Dubai,Home & Kitchen,798.74,1,0.0,798.74,559.12,Cash On Delivery,New,3.0,4.9
118064,2024-10-19,Sharjah,Electronics,3050.29,1,30.0,3050.29,2135.2,Cash On Delivery,Returning,4.0,4.8
114232,2024-08-22,Abu Dhabi,Fashion,306.5,1,5.0,306.5,291.18,Cash On Delivery,Returning,1.0,4.0
129776,2025-04-08,Dubai,Fashion,198.72,1,0.0,198.72,198.72,Cash On Delivery,Returning,3.0,3.9
104617,2024-03-21,Sharjah,Fashion,555.26,1,15.0,555.26,471.97,Card,Returning,2.0,4.7
142812,2025-12-10,Abu Dhabi,Fashion,148.22,1,0.0,148.22,148.22,Card,New,3.0,4.6
108328,2024-05-18,Abu Dhabi,Home & Kitchen,56.61,1,0.0,56.61,56.61,Cash On Delivery,Returning,5.0,4.2
145080,2025-11-13,Dubai,Mobile Accessories,215.18,1,30.0,215.18,150.63,Wallet,New,5.0,4.2
121237,2024-11-28,Ajman,Beauty & Personal Care,128.4,1,10.0,128.4,115.56,Wallet,Returning,3.0,5.0
124914,2025-01-22,Ras Al Khaimah,Home & Kitchen,550.69,1,10.0,550.69,495.62,Card,Returning,4.0,4.0
133133,2025-05-28,Abu Dhabi,Beauty & Personal Care,313.72,1,20.0,313.72,250.98,Cash On Delivery,Returning,5.0,4.7
120379,2024-11-23,Sharjah,Electronics,1409.66,3,20.0,4228.98,3383.18,Cash On Delivery,Returning,4.0,4.2
123258,2024-12-27,Ras Al Khaimah,Electronics,1674.14,2,15.0,3348.28,2846.04,Card,Returning,2.0,3.2
127386,2025-03-03,Abu Dhabi,Fashion,555.46,1,5.0,555.46,527.69,Card,New,2.0,3.9
107692,2024-09-05,Dubai,Mobile Accessories,40.24,1,10.0,40.24,36.22,Wallet,Returning,1.0,4.5
115688,2024-10-09,Dubai,Home & Kitchen,747.42,1,0.0,747.42,747.42,Cash On Delivery,Returning,3.0,3.3
123016,2024-12-24,Ras Al Khaimah,Mobile Accessories,114.63,2,5.0,229.26,217.8,Card,New,1.0,5.0
130780,2025-04-23,Dubai,Electronics,1039.54,2,10.0,2079.08,1871.17,Card,New,4.0,5.0
106065,2024-04-13,Dubai,Home & Kitchen,172.13,1,0.0,172.13,172.13,Wallet,Returning,2.0,4.6
134342,2025-06-16,Abu Dhabi,Electronics,616.71,1,0.0,616.71,616.71,Card,Returning,4.0,3.8
128582,2025-03-26,Sharjah,Electronics,2803.86,1,30.0,2803.86,1962.7,Card,New,4.0,3.8
148682,2025-12-20,Dubai,Groceries,28.78,1,10.0,28.78,25.9,Card,Returning,4.0,3.1
142785,2025-12-10,Abu Dhabi,Home & Kitchen,320.96,1,20.0,320.96,256.77,Cash On Delivery,Returning,2.0,3.5
114096,2024-08-21,Ajman,Fashion,191.16,2,0.0,382.32,382.32,Cash On Delivery,New,3.0,3.1
140843,2025-09-14,Dubai,Fashion,358.59,1,15.0,358.59,304.8,Cash On Delivery,New,3.0,4.5
114225,2024-08-22,Sharjah,Mobile Accessories,44.52,1,10.0,44.52,40.07,Wallet,New,4.0,3.1
136491,2025-07-18,Sharjah,Fashion,349.58,1,10.0,349.58,314.62,Wallet,Returning,3.0,5.0
101023,2024-01-18,Abu Dhabi,Beauty & Personal Care,203.39,1,15.0,203.39,172.88,Card,Returning,2.0,4.5
131519,2025-04-05,Ajman,Electronics,1689.34,1,10.0,1689.34,1520.41,Card,Returning,2.0,3.9
100173,2024-04-01,Abu Dhabi,Fashion,376.33,1,20.0,376.33,301.06,Wallet,Returning,3.0,4.1
144149,2025-10-31,Dubai,Beauty & Personal Care,228.64,1,0.0,228.64,228.64,Card,Returning,3.0,2.8
137755,2025-05-08,Dubai,Beauty & Personal Care,208.11,1,20.0,208.11,166.49,Card,Returning,3.0,3.9
119747,2024-11-15,Sharjah,Home & Kitchen,105.28,1,5.0,105.28,100.02,Card,New,4.0,4.5
103805,2024-03-06,Dubai,Mobile Accessories,144.27,1,15.0,144.27,122.63,Cash On Delivery,Returning,1.0,4.2
114671,2024-08-28,Dubai,Fashion,58.9,1,10.0,58.9,53.01,Card,Returning,3.0,4.6
117219,2024-10-06,Dubai,Beauty & Personal Care,321.41,1,0.0,321.41,321.41,Cash On Delivery,Returning,1.0,3.7
123439,2024-12-30,Ajman,Electronics,2350.8,1,0.0,2350.8,2350.8,Cash On Delivery,Returning,3.0,4.7
102061,2024-02-05,Dubai,Electronics,467.93,1,30.0,467.93,327.55,Card,Returning,1.0,5.0
102992,2024-02-20,Abu Dhabi,Fashion,400.25,1,0.0,400.25,400.25,Cash On Delivery,Returning,2.0,3.6
139766,2025-08-30,Dubai,Beauty & Personal Care,210.03,1,0.0,210.03,210.03,Card,Returning,3.0,4.6
108007,2024-05-14,Abu Dhabi,Beauty & Personal Care,312.2,1,10.0,312.2,280.98,Card,Returning,1.0,4.4
117112,2024-04-10,Dubai,Beauty & Personal Care,274.77,1,0.0,274.77,274.77,Card,Returning,4.0,4.2
104031,2024-10-03,Ras Al Khaimah,Fashion,491.25,1,0.0,491.25,491.25,Card,Returning,2.0,4.5
120268,2024-11-22,Ras Al Khaimah,Groceries,262.73,1,30.0,262.73,183.91,Card,New,1.0,2.6
108889,2024-05-29,Dubai,Electronics,2455.52,2,0.0,4911.04,4911.04,Cash On Delivery,Returning,1.0,4.4
138556,2025-08-17,Dubai,Electronics,958.47,1,0.0,958.47,958.47,Cash On Delivery,New,3.0,4.7
111409,2024-10-07,Abu Dhabi,Home & Kitchen,258.9,1,15.0,258.9,220.06,Wallet,New,3.0,4.2
103401,2024-02-28,Ras Al Khaimah,Groceries,97.28,2,0.0,194.56,194.56,Wallet,New,2.0,4.6
133027,2025-05-27,Dubai,Electronics,2405.24,1,0.0,2405.24,2405.24,Card,Returning,2.0,4.2
148256,2025-12-15,Abu Dhabi,Groceries,152.75,1,20.0,152.75,122.2,Card,Returning,3.0,3.9
118147,2024-10-20,Dubai,Fashion,149.14,1,10.0,149.14,134.23,Card,Returning,3.0,4.5
132696,2025-05-22,Abu Dhabi,Beauty & Personal Care,238.3,1,0.0,238.3,238.3,Card,Returning,2.0,4.6
145310,2025-11-16,Dubai,Electronics,2680.68,1,5.0,2680.68,2546.65,Card,Returning,2.0,5.0
133148,2025-05-29,Dubai,Fashion,149.98,1,0.0,149.98,149.98,Card,Returning,4.0,4.7
141063,2025-09-18,Dubai,Electronics,943.79,1,10.0,943.79,849.41,Card,New,1.0,3.8
104419,2024-03-17,Dubai,Electronics,942.05,1,0.0,942.05,942.05,Card,New,4.0,5.0
104097,2024-03-11,Ajman,Electronics,2086.3,1,10.0,2086.3,1877.67,Card,Returning,1.0,4.9
104555,2024-03-20,Ajman,Beauty & Personal Care,213.36,1,0.0,213.36,213.36,Card,Returning,1.0,4.1
148973,2025-12-25,Dubai,Home & Kitchen,602.42,1,0.0,602.42,602.42,Card,New,4.0,4.5
101265,2024-01-22,Dubai,Home & Kitchen,74.02,1,0.0,74.02,74.02,Card,Returning,3.0,3.6
142258,2025-04-10,Dubai,Fashion,375.16,1,10.0,375.16,337.64,Card,Returning,2.0,4.8
131493,2025-05-04,Dubai,Beauty & Personal Care,390.68,3,20.0,1172.04,937.63,Card,Returning,1.0,5.0
124895,2025-01-22,Sharjah,Mobile Accessories,62.51,1,0.0,62.51,62.51,Card,New,6.0,4.0
129051,2025-03-31,Abu Dhabi,Fashion,160.61,3,5.0,481.83,457.74,Card,Returning,4.0,3.8
107002,2024-04-27,Dubai,Electronics,2906.73,2,20.0,5813.46,4650.77,Cash On Delivery,Returning,2.0,2.8
139093,2025-08-23,Dubai,Fashion,204.43,1,0.0,204.43,204.43,Card,New,1.0,3.3
103875,2024-03-07,Ras Al Khaimah,Groceries,163.09,2,5.0,326.18,309.87,Wallet,Returning,1.0,3.2
105980,2024-12-04,Ajman,Electronics,2693.0,1,5.0,2693.0,2558.35,Cash On Delivery,New,1.0,3.6
132885,2025-05-24,Dubai,Home & Kitchen,633.3,2,15.0,1266.6,1076.61,Card,New,4.0,4.2
140632,2025-09-11,Abu Dhabi,Electronics,2153.08,1,10.0,2153.08,1937.77,Cash On Delivery,Returning,2.0,4.0
143175,2025-10-18,Sharjah,Fashion,527.83,1,5.0,527.83,501.44,Cash On Delivery,Returning,1.0,4.6
101464,2024-01-26,Dubai,Electronics,788.98,1,0.0,788.98,788.98,Card,New,4.0,3.5
133284,2025-05-31,Abu Dhabi,Fashion,368.71,2,15.0,737.42,626.81,Card,New,2.0,4.6
121170,2024-11-28,Dubai,Beauty & Personal Care,391.25,2,40.0,782.5,469.5,Cash On Delivery,New,1.0,3.8
119609,2024-11-13,Abu Dhabi,Groceries,222.87,1,0.0,222.87,222.87,Card,New,3.0,3.4
129841,2025-04-09,Abu Dhabi,Mobile Accessories,154.19,1,5.0,154.19,146.48,Card,New,3.0,4.5
136466,2025-07-18,Ajman,Home & Kitchen,191.47,1,0.0,191.47,191.47,Cash On Delivery,Returning,3.0,3.6
113075,2024-08-06,Dubai,Fashion,333.42,1,0.0,333.42,333.42,Card,New,4.0,5.0
125164,2025-01-26,Ajman,Mobile Accessories,37.72,2,10.0,75.44,67.9,Card,Returning,5.0,3.0
131753,2025-05-08,Dubai,Mobile Accessories,217.98,1,0.0,217.98,217.98,Cash On Delivery,Returning,2.0,4.5
131797,2025-05-09,Abu Dhabi,Electronics,3292.88,1,15.0,3292.88,2798.95,Cash On Delivery,Returning,1.0,3.2
105777,2024-10-04,Sharjah,Home & Kitchen,239.48,2,5.0,478.96,455.01,Card,Returning,3.0,3.4
107806,2024-05-10,Abu Dhabi,Electronics,2797.69,1,0.0,2797.69,2797.69,Card,New,1.0,4.5
126807,2025-02-21,Abu Dhabi,Mobile Accessories,83.31,1,0.0,83.31,83.31,Cash On Delivery,New,3.0,5.0
141224,2025-09-20,Abu Dhabi,Beauty & Personal Care,89.61,2,15.0,179.22,152.34,Card,New,2.0,3.6
119329,2024-09-11,Dubai,Mobile Accessories,224.9,1,30.0,224.9,157.43,Cash On Delivery,Returning,5.0,5.0
110189,2024-06-19,Dubai,Home & Kitchen,516.61,1,0.0,516.61,516.61,Card,Returning,1.0,2.9
119438,2024-10-11,Dubai,Home & Kitchen,887.49,1,15.0,887.49,754.37,Wallet,Returning,3.0,3.7
141752,2025-09-27,Ajman,Home & Kitchen,79.91,1,5.0,79.91,75.91,Card,Returning,2.0,4.8
126018,2025-08-02,Abu Dhabi,Electronics,460.17,1,0.0,460.17,460.17,Cash On Delivery,Returning,3.0,2.9
115731,2024-11-09,Sharjah,Home & Kitchen,132.38,2,20.0,264.76,211.81,Card,Returning,3.0,4.2
113173,2024-08-08,Sharjah,Electronics,1566.55,2,0.0,3133.1,3133.1,Card,Returning,3.0,3.6
106009,2024-12-04,Abu Dhabi,Fashion,316.31,1,0.0,316.31,316.31,Card,New,3.0,4.2
112622,2024-07-30,Dubai,Beauty & Personal Care,62.89,1,20.0,62.89,50.31,Cash On Delivery,Returning,3.0,4.1
107253,2024-05-01,Sharjah,Groceries,207.46,2,5.0,414.92,394.17,Card,Returning,1.0,3.2
127356,2025-02-03,Abu Dhabi,Beauty & Personal Care,79.41,1,15.0,79.41,67.5,Card,Returning,3.0,5.0
149426,2025-12-31,Ras Al Khaimah,Electronics,2020.36,1,20.0,2020.36,1616.29,Card,Returning,1.0,3.7
104054,2024-03-10,Dubai,Fashion,272.0,1,0.0,272.0,272.0,Card,Returning,3.0,3.8
116065,2024-09-16,Sharjah,Mobile Accessories,85.37,1,20.0,85.37,68.3,Card,New,2.0,2.8
144179,2025-10-31,Abu Dhabi,Groceries,161.12,1,5.0,161.12,153.06,Card,Returning,3.0,4.4
127194,2025-02-28,Dubai,Home & Kitchen,820.81,1,30.0,820.81,574.57,Wallet,Returning,3.0,4.7
109784,2024-12-06,Dubai,Home & Kitchen,388.85,1,0.0,388.85,388.85,Cash On Delivery,New,1.0,4.3
107627,2024-05-08,Sharjah,Home & Kitchen,750.69,1,15.0,750.69,638.09,Wallet,Returning,4.0,3.0
111425,2024-07-10,Dubai,Beauty & Personal Care,64.88,2,5.0,129.76,123.27,Cash On Delivery,New,2.0,5.0
122029,2024-12-08,Abu Dhabi,Mobile Accessories,59.96,1,15.0,59.96,50.97,Card,New,4.0,2.6
122243,2024-11-12,Ajman,Mobile Accessories,143.57,1,15.0,143.57,122.03,Card,Returning,3.0,4.5
101774,2024-02-01,Abu Dhabi,Beauty & Personal Care,300.25,1,0.0,300.25,300.25,Card,Returning,4.0,3.9
121072,2024-11-27,Dubai,Home & Kitchen,439.75,2,30.0,879.5,615.65,Card,New,4.0,3.6
114957,2024-08-31,Ajman,Groceries,212.82,1,5.0,212.82,202.18,Card,Returning,3.0,3.3
143018,2025-10-16,Ajman,Fashion,72.32,1,10.0,72.32,65.09,Card,Returning,1.0,4.0
106135,2024-04-13,Sharjah,Electronics,1946.26,2,20.0,3892.52,3114.02,Card,Returning,3.0,4.7
133534,2025-03-06,Dubai,Home & Kitchen,437.31,1,5.0,437.31,415.44,Card,Returning,3.0,4.8
113819,2024-08-17,Dubai,Mobile Accessories,226.26,1,10.0,226.26,203.63,Card,Returning,2.0,3.5
146580,2025-11-26,Sharjah,Home & Kitchen,300.73,1,20.0,300.73,240.58,Card,Returning,3.0,4.2
101013,2024-01-18,Sharjah,Electronics,742.81,1,5.0,742.81,705.67,Cash On Delivery,Returning,4.0,3.2
137142,2025-07-27,Dubai,Beauty & Personal Care,321.18,1,20.0,321.18,256.94,Cash On Delivery,Returning,4.0,3.7
115182,2024-03-09,Abu Dhabi,Home & Kitchen,860.18,1,20.0,860.18,688.14,Cash On Delivery,Returning,2.0,4.2
109938,2024-06-15,Dubai,Mobile Accessories,75.42,3,0.0,226.26,226.26,Cash On Delivery,Returning,1.0,3.2
133553,2025-04-06,Abu Dhabi,Electronics,353.35,3,0.0,1060.05,1060.05,Card,Returning,3.0,3.4
130709,2025-04-22,Sharjah,Groceries,247.75,2,0.0,495.5,495.5,Card,Returning,2.0,4.3
108275,2024-05-18,Sharjah,Fashion,88.03,1,15.0,88.03,74.83,Wallet,New,2.0,3.7
107934,2024-05-12,Dubai,Home & Kitchen,676.85,1,0.0,676.85,676.85,Cash On Delivery,Returning,4.0,4.5
116399,2024-09-22,Abu Dhabi,Fashion,574.25,1,0.0,574.25,574.25,Wallet,Returning,3.0,4.2
106514,2024-04-19,Abu Dhabi,Fashion,593.41,1,10.0,593.41,534.07,Cash On Delivery,Returning,1.0,3.7
149441,2025-12-31,Dubai,Groceries,260.48,1,30.0,260.48,182.34,Card,Returning,2.0,4.0
134155,2025-06-13,Ajman,Fashion,48.66,1,15.0,48.66,41.36,Wallet,Returning,4.0,3.6
135668,2025-07-05,Dubai,Mobile Accessories,193.18,1,15.0,193.18,164.2,Card,Returning,3.0,4.4
106887,2024-04-25,Abu Dhabi,Electronics,1896.39,2,5.0,3792.78,3603.14,Wallet,New,1.0,4.9
143603,2025-10-24,Dubai,Fashion,66.6,1,10.0,66.6,59.94,Card,Returning,2.0,4.2
118815,2024-10-31,Dubai,Fashion,319.21,1,0.0,319.21,319.21,Wallet,Returning,3.0,3.9
110550,2024-06-25,Sharjah,Home & Kitchen,102.9,1,5.0,102.9,97.76,Card,Returning,5.0,5.0
137075,2025-07-26,Dubai,Fashion,208.04,3,0.0,624.12,624.12,Card,Returning,3.0,4.2
139064,2025-08-23,Dubai,Beauty & Personal Care,165.18,1,0.0,165.18,165.18,Cash On Delivery,Returning,3.0,5.0
106759,2024-04-23,Abu Dhabi,Groceries,193.81,1,10.0,193.81,174.43,Card,Returning,2.0,4.3
128128,2025-03-18,Dubai,Fashion,591.49,1,30.0,591.49,414.04,Card,New,1.0,4.2
114616,2024-08-27,Dubai,Fashion,436.9,1,5.0,436.9,415.05,Cash On Delivery,New,1.0,4.9
104532,2024-03-20,Ajman,Home & Kitchen,400.96,2,15.0,801.92,681.63,Wallet,Returning,3.0,5.0
115509,2024-09-07,Ras Al Khaimah,Electronics,2157.56,1,5.0,2157.56,2049.68,Card,Returning,4.0,3.8
108073,2024-05-15,Ajman,Electronics,3428.98,1,15.0,3428.98,2914.63,Card,Returning,3.0,4.2
105856,2024-04-11,Abu Dhabi,Beauty & Personal Care,153.13,1,0.0,153.13,153.13,Card,Returning,3.0,3.4
127718,2025-03-10,Dubai,Groceries,136.08,1,15.0,136.08,115.67,Cash On Delivery,New,2.0,4.8
124331,2025-12-01,Abu Dhabi,Groceries,175.65,1,0.0,175.65,175.65,Card,New,3.0,4.7
145276,2025-11-15,Abu Dhabi,Fashion,506.14,1,0.0,506.14,506.14,Cash On Delivery,Returning,2.0,3.0
105651,2024-04-09,Abu Dhabi,Fashion,333.53,1,15.0,333.53,283.5,Card,New,3.0,4.6
139373,2025-08-26,Dubai,Mobile Accessories,176.5,3,5.0,529.5,503.02,Cash On Delivery,Returning,5.0,4.9
104528,2024-03-20,Sharjah,Beauty & Personal Care,176.89,1,10.0,176.89,159.2,Card,Returning,2.0,5.0
109482,2024-07-06,Dubai,Mobile Accessories,27.89,2,5.0,55.78,52.99,Wallet,New,1.0,3.9
113547,2024-08-14,Sharjah,Mobile Accessories,197.28,2,10.0,394.56,355.1,Cash On Delivery,New,3.0,4.5
136118,2025-07-12,Dubai,Beauty & Personal Care,112.29,1,15.0,112.29,95.45,Card,New,2.0,4.2
112704,2024-07-31,Dubai,Mobile Accessories,59.0,1,5.0,59.0,56.05,Card,New,3.0,4.1
134590,2025-06-19,Dubai,Electronics,3207.42,1,10.0,3207.42,2886.68,Cash On Delivery,Returning,3.0,3.3
146367,2025-11-25,Sharjah,Groceries,121.29,1,10.0,121.29,109.16,Cash On Delivery,Returning,3.0,4.2
113673,2024-08-15,Dubai,Electronics,985.35,1,0.0,985.35,985.35,Cash On Delivery,Returning,1.0,3.7
123974,2025-01-07,Dubai,Home & Kitchen,659.53,1,15.0,659.53,560.6,Card,New,3.0,3.9
143623,2025-10-24,Dubai,Beauty & Personal Care,349.53,1,10.0,349.53,314.58,Cash On Delivery,Returning,2.0,2.5
103430,2024-02-28,Abu Dhabi,Home & Kitchen,782.64,1,0.0,782.64,782.64,Card,New,3.0,4.1
112083,2024-07-20,Sharjah,Mobile Accessories,185.95,1,0.0,185.95,185.95,Card,New,3.0,4.2
138986,2025-08-22,Abu Dhabi,Home & Kitchen,653.18,1,20.0,653.18,522.54,Card,Returning,6.0,5.0
125586,2025-02-01,Dubai,Electronics,2583.45,1,0.0,2583.45,2583.45,Card,Returning,3.0,4.4
108074,2024-05-15,Ajman,Fashion,184.31,1,5.0,184.31,175.09,Cash On Delivery,New,1.0,3.6
133565,2025-04-06,Dubai,Beauty & Personal Care,299.6,1,5.0,299.6,284.62,Card,Returning,1.0,4.2
126637,2025-02-19,Dubai,Home & Kitchen,303.41,1,5.0,303.41,288.24,Card,New,3.0,4.4
109586,2024-06-09,Dubai,Electronics,454.56,1,5.0,454.56,431.83,Cash On Delivery,New,2.0,4.0
102406,2024-10-02,Sharjah,Electronics,1613.01,1,0.0,1613.01,1371.06,Cash On Delivery,New,3.0,3.5
123919,2025-01-06,Dubai,Fashion,94.2,1,10.0,94.2,84.78,Cash On Delivery,New,3.0,4.2
112347,2024-07-25,Abu Dhabi,Home & Kitchen,390.84,1,10.0,390.84,351.76,Cash On Delivery,Returning,3.0,2.5
132661,2025-05-21,Dubai,Beauty & Personal Care,29.15,1,30.0,29.15,20.4,Cash On Delivery,Returning,3.0,4.2
100175,2024-04-01,Sharjah,Home & Kitchen,344.18,3,10.0,1032.54,929.29,Card,Returning,2.0,4.8
126707,2025-02-20,Abu Dhabi,Mobile Accessories,212.78,1,30.0,212.78,148.95,Cash On Delivery,Returning,3.0,3.9
115127,2024-09-02,Dubai,Mobile Accessories,41.51,1,30.0,41.51,29.06,Card,New,3.0,3.7
130886,2025-04-25,Dubai,Mobile Accessories,145.39,1,15.0,145.39,123.58,Card,New,2.0,3.7
146455,2025-11-25,Dubai,Mobile Accessories,230.56,1,10.0,230.56,207.5,Cash On Delivery,Returning,3.0,3.7
147762,2025-12-07,Abu Dhabi,Fashion,531.4,2,20.0,1062.8,850.24,Card,Returning,1.0,5.0
124366,2025-01-13,Ras Al Khaimah,Groceries,109.42,1,10.0,109.42,98.48,Card,Returning,2.0,4.2
143255,2025-10-19,Dubai,Electronics,942.68,1,15.0,942.68,801.28,Card,Returning,3.0,3.5
111388,2024-07-09,Dubai,Fashion,229.2,1,5.0,229.2,217.74,Card,New,3.0,4.9
147595,2025-05-12,Dubai,Mobile Accessories,40.87,1,10.0,40.87,36.78,Card,Returning,3.0,3.8
117317,2024-10-07,Sharjah,Home & Kitchen,609.12,1,15.0,609.12,517.75,Cash On Delivery,New,3.0,4.1
109994,2024-06-15,Dubai,Beauty & Personal Care,223.18,1,0.0,223.18,223.18,Card,New,3.0,4.8
145528,2025-11-19,Dubai,Fashion,55.1,1,0.0,55.1,55.1,Card,Returning,2.0,3.2
141489,2025-09-24,Abu Dhabi,Home & Kitchen,475.82,3,0.0,1427.46,1427.46,Card,Returning,2.0,4.1
113361,2024-11-08,Dubai,Groceries,188.86,1,0.0,188.86,188.86,Cash On Delivery,New,2.0,4.0
134785,2025-06-22,Abu Dhabi,Groceries,93.27,3,20.0,279.81,223.85,Cash On Delivery,New,3.0,4.0
122410,2024-12-14,Ajman,Groceries,251.0,3,10.0,753.0,677.7,Card,Returning,5.0,4.8
121118,2024-11-28,Dubai,Electronics,632.63,1,40.0,632.63,379.58,Wallet,Returning,3.0,3.3
127807,2025-03-12,Dubai,Mobile Accessories,80.05,1,10.0,80.05,72.04,Card,Returning,3.0,3.3
115371,2024-05-09,Abu Dhabi,Beauty & Personal Care,244.05,2,15.0,488.1,414.88,Cash On Delivery,New,3.0,4.3
102570,2024-02-13,Dubai,Groceries,17.94,1,20.0,17.94,14.35,Card,New,1.0,4.2
122097,2024-12-09,Sharjah,Beauty & Personal Care,390.56,1,0.0,390.56,390.56,Card,Returning,4.0,4.1
135812,2025-07-07,Abu Dhabi,Electronics,468.46,1,10.0,468.46,421.61,Cash On Delivery,Returning,4.0,4.5
142400,2025-06-10,Sharjah,Groceries,283.67,1,15.0,283.67,241.12,Card,Returning,5.0,5.0
106698,2024-04-22,Abu Dhabi,Fashion,265.49,1,0.0,265.49,265.49,Cash On Delivery,New,2.0,5.0
143015,2025-10-15,Abu Dhabi,Beauty & Personal Care,201.6,2,20.0,403.2,322.56,Card,Returning,2.0,4.7
140563,2025-09-10,Sharjah,Mobile Accessories,144.54,1,0.0,144.54,144.54,Card,New,1.0,3.6
140687,2025-09-12,Ras Al Khaimah,Home & Kitchen,109.19,1,0.0,109.19,109.19,Card,Returning,1.0,3.9
116702,2024-09-27,Dubai,Groceries,183.22,1,30.0,183.22,128.25,Card,New,2.0,5.0
122677,2024-12-18,Abu Dhabi,Groceries,43.54,1,10.0,43.54,39.19,Cash On Delivery,Returning,3.0,5.0
127920,2025-03-14,Ajman,Groceries,228.99,1,0.0,228.99,228.99,Wallet,Returning,2.0,4.7
144277,2025-01-11,Dubai,Fashion,592.05,1,0.0,592.05,592.05,Cash On Delivery,New,3.0,4.8
117903,2024-10-16,Ajman,Beauty & Personal Care,242.83,1,20.0,242.83,194.26,Card,Returning,1.0,3.4
136152,2025-07-12,Ajman,Fashion,288.37,1,10.0,288.37,259.53,Cash On Delivery,New,1.0,4.9
118343,2024-10-23,Ras Al Khaimah,Mobile Accessories,44.52,1,5.0,44.52,42.29,Cash On Delivery,New,1.0,4.2
112590,2024-07-29,Dubai,Groceries,111.62,1,30.0,111.62,78.13,Card,New,3.0,3.5
124078,2025-01-09,Sharjah,Fashion,353.21,2,15.0,706.42,600.46,Wallet,New,3.0,3.6
110994,2024-07-02,Abu Dhabi,Groceries,232.42,1,0.0,232.42,232.42,Card,Returning,2.0,2.7
121086,2024-11-27,Sharjah,Fashion,417.57,1,20.0,417.57,334.06,Cash On Delivery,Returning,2.0,5.0
141868,2025-09-29,Dubai,Fashion,474.17,1,15.0,474.17,403.04,Card,Returning,1.0,5.0
131562,2025-05-05,Dubai,Fashion,160.38,1,10.0,160.38,144.34,Wallet,Returning,2.0,3.7
123011,2024-12-24,Dubai,Groceries,147.72,2,0.0,295.44,295.44,Wallet,New,3.0,3.4
133062,2025-05-27,Sharjah,Fashion,251.14,3,10.0,753.42,678.08,Wallet,Returning,3.0,4.4
124699,2025-01-18,Sharjah,Mobile Accessories,220.29,1,5.0,220.29,209.28,Wallet,Returning,5.0,4.7
142417,2025-10-06,Dubai,Mobile Accessories,239.84,1,5.0,239.84,227.85,Wallet,New,3.0,4.6
141871,2025-09-29,Dubai,Fashion,64.1,1,10.0,64.1,57.69,Card,New,3.0,3.8
129136,2025-04-01,Dubai,Groceries,117.02,1,0.0,117.02,117.02,Wallet,Returning,2.0,4.3
103143,2024-02-23,Abu Dhabi,Mobile Accessories,228.74,2,0.0,457.48,365.98,Wallet,Returning,2.0,4.2
133481,2025-06-03,Dubai,Fashion,277.8,1,5.0,277.8,263.91,Card,Returning,2.0,5.0
124491,2025-01-15,Dubai,Mobile Accessories,91.37,3,15.0,274.11,232.99,Cash On Delivery,Returning,4.0,4.3
137842,2025-08-07,Ajman,Mobile Accessories,100.42,1,0.0,100.42,100.42,Wallet,Returning,3.0,4.0
133000,2025-05-26,Abu Dhabi,Home & Kitchen,394.52,2,0.0,789.04,789.04,Wallet,Returning,4.0,4.2
139890,2025-09-01,Dubai,Groceries,226.57,1,5.0,226.57,215.24,Cash On Delivery,New,2.0,4.9
112275,2024-07-24,Abu Dhabi,Fashion,481.7,2,15.0,963.4,818.89,Card,Returning,4.0,3.7
121842,2024-05-12,Dubai,Beauty & Personal Care,395.78,2,5.0,791.56,751.98,Card,Returning,3.0,5.0
136083,2025-11-07,Abu Dhabi,Beauty & Personal Care,46.83,2,5.0,93.66,88.98,Card,Returning,3.0,3.6
103085,2024-02-22,Sharjah,Mobile Accessories,109.06,3,0.0,327.18,327.18,Card,Returning,2.0,4.5
118523,2024-10-26,Dubai,Home & Kitchen,173.51,1,0.0,173.51,173.51,Wallet,Returning,5.0,4.3
110498,2024-06-24,Ras Al Khaimah,Beauty & Personal Care,178.32,1,0.0,178.32,178.32,Cash On Delivery,New,3.0,2.8
129064,2025-01-04,Ras Al Khaimah,Electronics,3125.76,1,10.0,3125.76,2813.18,Card,New,4.0,4.9
105146,2024-04-01,Dubai,Home & Kitchen,63.59,1,10.0,63.59,57.23,Card,Returning,3.0,5.0
141010,2025-09-17,Abu Dhabi,Electronics,439.05,1,30.0,439.05,307.33,Cash On Delivery,New,4.0,4.2
140988,2025-09-16,Abu Dhabi,Mobile Accessories,142.29,1,0.0,142.29,142.29,Card,New,4.0,3.7
144642,2025-11-06,Ras Al Khaimah,Home & Kitchen,812.18,1,20.0,812.18,649.74,Card,Returning,5.0,3.7
128247,2025-03-20,Abu Dhabi,Home & Kitchen,118.74,2,30.0,237.48,166.24,Wallet,Returning,2.0,3.2
109054,2024-05-31,Abu Dhabi,Home & Kitchen,570.6,1,0.0,570.6,570.6,Card,New,4.0,2.8
144216,2025-11-01,Dubai,Mobile Accessories,193.31,1,0.0,193.31,193.31,Cash On Delivery,Returning,1.0,4.2
136621,2025-07-19,Dubai,Fashion,103.75,1,20.0,103.75,83.0,Card,Returning,4.0,5.0
130168,2025-04-14,Dubai,Electronics,465.54,1,0.0,465.54,465.54,Cash On Delivery,Returning,3.0,4.1
109127,2024-02-06,Abu Dhabi,Home & Kitchen,372.68,1,15.0,372.68,316.78,Card,New,2.0,3.8
106612,2024-04-21,Dubai,Electronics,945.96,1,0.0,945.96,851.36,Card,Returning,4.0,4.2
109623,2024-06-10,Dubai,Mobile Accessories,47.6,1,10.0,47.6,42.84,Cash On Delivery,New,4.0,3.8
116393,2024-09-22,Dubai,Groceries,289.51,1,15.0,289.51,246.08,Wallet,Returning,2.0,4.5
101680,2024-01-30,Abu Dhabi,Beauty & Personal Care,279.83,1,5.0,279.83,265.84,Card,Returning,3.0,4.0
112252,2024-07-23,Abu Dhabi,Fashion,60.29,2,15.0,120.58,102.49,Wallet,Returning,2.0,3.6
101544,2024-01-27,Dubai,Fashion,243.13,1,5.0,243.13,230.97,Card,New,2.0,3.1
131966,2025-11-05,Dubai,Mobile Accessories,114.51,1,0.0,114.51,114.51,Wallet,New,1.0,3.7
111614,2024-07-13,Abu Dhabi,Mobile Accessories,83.18,2,20.0,166.36,133.09,Cash On Delivery,Returning,1.0,4.2
115935,2024-09-14,Abu Dhabi,Electronics,2817.4,1,0.0,2817.4,2817.4,Cash On Delivery,New,3.0,3.7
115973,2024-09-15,Ras Al Khaimah,Electronics,3306.82,1,5.0,3306.82,3141.48,Wallet,New,4.0,3.2
148753,2025-12-22,Dubai,Home & Kitchen,273.13,1,0.0,273.13,273.13,Card,New,3.0,5.0
102505,2024-02-12,Abu Dhabi,Home & Kitchen,215.11,1,0.0,215.11,215.11,Card,New,2.0,3.3
147801,2025-12-08,Dubai,Fashion,68.2,1,10.0,68.2,61.38,Card,Returning,1.0,3.6
116197,2024-09-19,Dubai,Mobile Accessories,234.97,1,0.0,234.97,234.97,Wallet,Returning,4.0,4.6
130016,2025-04-12,Abu Dhabi,Groceries,169.13,1,5.0,169.13,160.67,Card,Returning,4.0,4.2
129579,2025-04-04,Dubai,Beauty & Personal Care,68.85,3,0.0,206.55,206.55,Cash On Delivery,New,4.0,5.0
137956,2025-08-08,Abu Dhabi,Electronics,1291.95,1,15.0,1291.95,1098.16,Cash On Delivery,Returning,5.0,4.6
142168,2025-10-03,Abu Dhabi,Fashion,437.91,1,0.0,437.91,437.91,Wallet,Returning,1.0,4.4
138691,2025-08-18,Ras Al Khaimah,Electronics,2283.94,1,15.0,2283.94,1941.35,Card,New,3.0,4.4
108936,2024-05-29,Abu Dhabi,Mobile Accessories,35.87,1,0.0,35.87,35.87,Card,New,6.0,5.0
120610,2024-11-24,Dubai,Electronics,1066.31,2,40.0,2132.62,1279.57,Cash On Delivery,Returning,2.0,4.9
137795,2025-08-06,Dubai,Groceries,192.44,2,15.0,384.88,327.15,Cash On Delivery,Returning,2.0,4.7
127149,2025-02-27,Dubai,Electronics,621.42,1,5.0,621.42,590.35,Cash On Delivery,Returning,2.0,4.2
123215,2024-12-27,Abu Dhabi,Electronics,2537.36,1,30.0,2537.36,1776.15,Card,Returning,4.0,3.9
113353,2024-11-08,Abu Dhabi,Home & Kitchen,212.95,1,10.0,212.95,191.66,Card,New,3.0,5.0
113991,2024-08-19,Ras Al Khaimah,Groceries,32.8,1,0.0,32.8,32.8,Card,Returning,3.0,4.0
105506,2024-04-08,Sharjah,Electronics,1613.22,2,30.0,3226.44,2258.51,Card,Returning,3.0,3.5
147029,2025-11-28,Dubai,Fashion,232.21,1,50.0,232.21,116.1,Card,Returning,3.0,3.2
129013,2025-03-31,Abu Dhabi,Electronics,1000.02,1,10.0,1000.02,900.02,Cash On Delivery,Returning,2.0,5.0
131608,2025-05-05,Abu Dhabi,Fashion,409.25,1,5.0,409.25,388.79,Card,Returning,4.0,3.3
117673,2024-12-10,Dubai,Beauty & Personal Care,300.87,1,10.0,300.87,270.78,Wallet,Returning,3.0,5.0
117073,2024-04-10,Ras Al Khaimah,Electronics,3421.05,1,0.0,3421.05,3421.05,Card,New,4.0,4.7
142165,2025-03-10,Abu Dhabi,Electronics,3025.38,2,10.0,6050.76,5445.68,Cash On Delivery,Returning,4.0,4.2
125098,2025-01-25,Dubai,Fashion,438.64,2,5.0,877.28,833.42,Wallet,Returning,3.0,4.9
119241,2024-11-07,Dubai,Home & Kitchen,587.28,1,20.0,587.28,469.82,Card,New,3.0,3.0
103159,2024-02-23,Sharjah,Fashion,498.44,1,0.0,498.44,498.44,Card,Returning,1.0,3.0
146601,2025-11-26,Abu Dhabi,Beauty & Personal Care,336.13,1,20.0,336.13,268.9,Cash On Delivery,New,2.0,4.3
125479,2025-01-31,Dubai,Electronics,1248.81,2,0.0,2497.62,2497.62,Card,New,3.0,4.9
129778,2025-08-04,Sharjah,Beauty & Personal Care,71.02,1,0.0,71.02,71.02,Wallet,Returning,5.0,4.2
134665,2025-06-20,Dubai,Mobile Accessories,211.74,1,5.0,211.74,201.15,Card,New,1.0,4.0
104886,2024-03-27,Dubai,Beauty & Personal Care,326.89,1,0.0,326.89,294.2,Card,Returning,2.0,3.4
121161,2024-11-28,Dubai,Beauty & Personal Care,126.48,1,30.0,126.48,88.54,Card,New,2.0,3.2
112912,2024-03-08,Dubai,Electronics,2640.19,1,10.0,2640.19,2376.17,Wallet,Returning,3.0,4.2
148609,2025-12-20,Abu Dhabi,Groceries,55.52,1,20.0,55.52,44.42,Card,New,3.0,3.7
101322,2024-01-23,Dubai,Fashion,495.83,1,10.0,495.83,446.25,Cash On Delivery,Returning,2.0,3.4
142577,2025-10-09,Dubai,Electronics,495.95,1,10.0,495.95,446.36,Wallet,Returning,5.0,4.8
126911,2025-02-23,Ajman,Beauty & Personal Care,262.73,3,15.0,788.19,669.96,Card,Returning,2.0,3.6
115881,2024-09-13,Dubai,Fashion,307.06,1,0.0,307.06,307.06,Cash On Delivery,Returning,3.0,4.6
122019,2024-12-08,Ras Al Khaimah,Groceries,213.0,2,0.0,426.0,426.0,Cash On Delivery,Returning,2.0,3.6
145169,2025-11-14,Ajman,Beauty & Personal Care,281.09,1,0.0,281.09,281.09,Cash On Delivery,Returning,2.0,4.8
121908,2024-06-12,Dubai,Home & Kitchen,352.58,1,5.0,352.58,334.95,Wallet,Returning,3.0,4.3
115005,2024-09-01,Abu Dhabi,Mobile Accessories,216.19,1,30.0,216.19,151.33,Wallet,New,1.0,3.1
137034,2025-07-26,Dubai,Groceries,271.43,1,0.0,271.43,271.43,Card,Returning,4.0,4.3
116421,2024-09-22,Abu Dhabi,Beauty & Personal Care,169.78,3,15.0,509.34,432.94,Card,New,2.0,4.1
104032,2024-10-03,Dubai,Fashion,62.51,1,10.0,62.51,56.26,Card,Returning,5.0,4.5
145911,2025-11-22,Abu Dhabi,Groceries,279.76,1,10.0,279.76,251.78,Card,New,2.0,3.8
126236,2025-02-13,Abu Dhabi,Beauty & Personal Care,293.75,1,15.0,293.75,249.69,Card,Returning,3.0,3.1
108660,2024-05-24,Dubai,Beauty & Personal Care,89.63,1,0.0,89.63,89.63,Card,New,4.0,4.9
132263,2025-05-16,Dubai,Electronics,2332.03,3,0.0,6996.09,6996.09,Card,Returning,2.0,4.4
123206,2024-12-27,Sharjah,Home & Kitchen,287.88,1,0.0,287.88,287.88,Card,Returning,3.0,3.1
120786,2024-11-26,Dubai,Groceries,182.82,1,30.0,182.82,127.97,Card,Returning,4.0,3.5
104223,2024-03-14,Abu Dhabi,Beauty & Personal Care,354.2,2,5.0,708.4,672.98,Card,Returning,3.0,4.2
116186,2024-09-18,Sharjah,Fashion,319.85,1,10.0,319.85,287.86,Cash On Delivery,New,4.0,3.8
106509,2024-04-19,Dubai,Beauty & Personal Care,230.03,2,10.0,460.06,414.05,Wallet,New,2.0,4.5
136064,2025-07-11,Abu Dhabi,Home & Kitchen,608.23,2,10.0,1216.46,1094.81,Wallet,Returning,2.0,3.1
130749,2025-04-22,Sharjah,Fashion,389.84,2,0.0,779.68,779.68,Cash On Delivery,Returning,6.0,5.0
141609,2025-09-26,Abu Dhabi,Groceries,72.62,2,0.0,145.24,145.24,Cash On Delivery,Returning,2.0,3.6
122357,2024-12-13,Dubai,Groceries,167.63,1,15.0,167.63,142.49,Card,Returning,1.0,4.3
146209,2025-11-24,Abu Dhabi,Groceries,41.13,1,20.0,41.13,32.9,Card,Returning,3.0,4.7
147836,2025-08-12,Sharjah,Home & Kitchen,596.04,1,0.0,596.04,596.04,Card,New,3.0,5.0
128036,2025-03-16,Dubai,Beauty & Personal Care,219.42,1,10.0,219.42,197.48,Card,Returning,5.0,3.8
144528,2025-05-11,Dubai,Home & Kitchen,551.46,2,10.0,1102.92,992.63,Card,Returning,1.0,5.0
123967,2025-01-07,Sharjah,Home & Kitchen,456.52,1,5.0,456.52,433.69,Card,Returning,3.0,4.4
127330,2025-02-03,Abu Dhabi,Groceries,179.66,1,0.0,179.66,179.66,Card,Returning,4.0,4.3
138274,2025-08-13,Sharjah,Fashion,190.44,1,10.0,190.44,171.4,Card,Returning,5.0,4.2
133447,2025-06-02,Dubai,Fashion,522.18,1,0.0,522.18,522.18,Card,New,2.0,4.8
136825,2025-07-23,Ajman,Electronics,658.03,1,5.0,658.03,625.13,Cash On Delivery,Returning,3.0,3.7
122002,2024-12-07,Ajman,Home & Kitchen,487.01,1,15.0,487.01,413.96,Card,New,2.0,4.1
120523,2024-11-24,Abu Dhabi,Beauty & Personal Care,36.19,2,30.0,72.38,50.67,Card,Returning,2.0,4.9
108032,2024-05-14,Ajman,Home & Kitchen,516.19,1,10.0,516.19,464.57,Cash On Delivery,Returning,4.0,3.9
146492,2025-11-25,Abu Dhabi,Mobile Accessories,191.92,1,30.0,191.92,134.34,Cash On Delivery,New,2.0,3.5
129837,2025-09-04,Ajman,Fashion,251.52,1,0.0,251.52,251.52,Card,Returning,3.0,3.8
116557,2024-09-25,Abu Dhabi,Groceries,249.79,2,30.0,499.58,349.71,Card,Returning,1.0,5.0
112375,2024-07-25,Abu Dhabi,Mobile Accessories,23.87,1,20.0,23.87,19.1,Card,Returning,3.0,3.9
113467,2024-12-08,Dubai,Fashion,266.14,1,0.0,266.14,266.14,Card,Returning,2.0,4.2
122386,2024-12-13,Ajman,Home & Kitchen,200.12,2,0.0,400.24,400.24,Card,Returning,5.0,4.2
112942,2024-08-03,Sharjah,Fashion,229.61,2,5.0,459.22,436.26,Cash On Delivery,New,2.0,4.5
119922,2024-11-18,Abu Dhabi,Beauty & Personal Care,77.6,2,30.0,155.2,108.64,Card,Returning,4.0,4.1
118664,2024-10-28,Abu Dhabi,Beauty & Personal Care,265.54,1,30.0,265.54,185.88,Wallet,Returning,3.0,4.0
148870,2025-12-23,Dubai,Mobile Accessories,91.09,1,5.0,91.09,86.54,Card,New,3.0,4.3
114816,2024-08-30,Dubai,Beauty & Personal Care,330.54,1,10.0,330.54,297.49,Cash On Delivery,Returning,2.0,4.4
143326,2025-10-20,Dubai,Mobile Accessories,249.79,1,15.0,249.79,212.32,Card,Returning,1.0,3.3
110191,2024-06-19,Ras Al Khaimah,Groceries,198.83,1,5.0,198.83,188.89,Wallet,Returning,4.0,3.8
104858,2024-03-26,Abu Dhabi,Home & Kitchen,772.7,1,0.0,772.7,695.43,Cash On Delivery,Returning,2.0,4.9
101580,2024-01-28,Ras Al Khaimah,Groceries,47.39,1,15.0,47.39,40.28,Card,Returning,1.0,4.8
107187,2024-04-30,Dubai,Beauty & Personal Care,125.1,1,20.0,125.1,100.08,Card,Returning,2.0,4.7
115823,2024-09-13,Ras Al Khaimah,Beauty & Personal Care,359.37,1,30.0,359.37,251.56,Card,Returning,2.0,4.1
133607,2025-05-06,Dubai,Home & Kitchen,525.56,1,5.0,525.56,499.28,Wallet,Returning,4.0,3.6
142906,2025-10-13,Sharjah,Fashion,129.99,1,5.0,129.99,123.49,Cash On Delivery,Returning,3.0,4.2
128185,2025-03-19,Dubai,Fashion,315.57,1,10.0,315.57,284.01,Card,Returning,3.0,4.2
109720,2024-11-06,Ras Al Khaimah,Home & Kitchen,283.95,1,10.0,283.95,255.56,Wallet,Returning,4.0,2.9
123183,2024-12-26,Abu Dhabi,Mobile Accessories,234.89,2,0.0,469.78,469.78,Card,Returning,1.0,4.1
134348,2025-06-16,Sharjah,Electronics,3259.99,1,0.0,3259.99,3259.99,Wallet,Returning,3.0,3.7
111468,2024-07-11,Dubai,Mobile Accessories,103.38,3,0.0,310.14,310.14,Card,Returning,2.0,4.8
117699,2024-10-13,Abu Dhabi,Electronics,2707.41,1,10.0,2707.41,2436.67,Card,Returning,1.0,4.5
149150,2025-12-27,Dubai,Groceries,98.48,1,10.0,98.48,88.63,Wallet,New,3.0,5.0
110919,2024-01-07,Sharjah,Home & Kitchen,397.43,1,0.0,397.43,397.43,Card,Returning,1.0,4.9
149464,2025-12-31,Dubai,Groceries,273.25,1,15.0,273.25,232.26,Card,New,3.0,5.0
125062,2025-01-24,Ajman,Groceries,29.64,1,10.0,29.64,26.68,Card,Returning,3.0,3.5
145929,2025-11-22,Dubai,Home & Kitchen,466.98,1,40.0,466.98,280.19,Card,Returning,1.0,3.5
143159,2025-10-18,Sharjah,Fashion,330.1,2,0.0,660.2,660.2,Card,New,4.0,3.5
115446,2024-06-09,Sharjah,Beauty & Personal Care,366.32,1,5.0,366.32,348.0,Card,New,2.0,3.7
143338,2025-10-20,Sharjah,Beauty & Personal Care,255.66,1,0.0,255.66,255.66,Cash On Delivery,Returning,1.0,4.9
135527,2025-07-04,Sharjah,Groceries,79.76,1,10.0,79.76,71.78,Wallet,Returning,3.0,4.6
114537,2024-08-26,Sharjah,Beauty & Personal Care,258.54,1,20.0,258.54,206.83,Card,Returning,1.0,3.1
123507,2024-12-31,Abu Dhabi,Home & Kitchen,63.91,1,5.0,63.91,60.71,Card,Returning,2.0,3.7
107052,2024-04-28,Sharjah,Home & Kitchen,480.65,1,5.0,480.65,456.62,Card,New,5.0,5.0
137317,2025-07-30,Dubai,Electronics,719.86,2,10.0,1439.72,1295.75,Card,New,2.0,4.8
147286,2025-12-01,Dubai,Electronics,2425.34,1,10.0,2425.34,2182.81,Card,Returning,2.0,3.7
112980,2024-08-04,Dubai,Home & Kitchen,773.81,1,10.0,773.81,696.43,Card,Returning,4.0,4.9
123134,2024-12-26,Sharjah,Fashion,105.16,1,30.0,105.16,73.61,Card,Returning,3.0,3.7
108019,2024-05-14,Abu Dhabi,Beauty & Personal Care,45.55,1,15.0,45.55,38.72,Card,New,2.0,3.8
132891,2025-05-25,Ras Al Khaimah,Fashion,173.75,1,30.0,173.75,121.62,Card,New,1.0,4.6
132392,2025-05-17,Dubai,Electronics,756.91,1,15.0,756.91,643.37,Card,Returning,1.0,4.2
135763,2025-07-07,Dubai,Beauty & Personal Care,131.79,2,20.0,263.58,210.86,Cash On Delivery,Returning,1.0,4.8
117807,2024-10-15,Abu Dhabi,Fashion,244.01,1,0.0,244.01,231.81,Cash On Delivery,Returning,1.0,3.5
104861,2024-03-26,Dubai,Home & Kitchen,358.11,1,15.0,358.11,304.39,Cash On Delivery,New,2.0,4.2
129755,2025-07-04,Dubai,Electronics,2688.46,3,20.0,8065.38,6452.3,Card,New,1.0,4.2
100622,2024-01-12,Dubai,Mobile Accessories,104.81,1,15.0,104.81,89.09,Wallet,Returning,2.0,5.0
118119,2024-10-19,Sharjah,Beauty & Personal Care,72.89,1,10.0,72.89,65.6,Card,Returning,2.0,3.7
111713,2024-07-14,Dubai,Electronics,2379.86,1,10.0,2379.86,2141.87,Cash On Delivery,Returning,1.0,4.4
121275,2024-11-29,Abu Dhabi,Mobile Accessories,117.02,1,20.0,117.02,93.62,Cash On Delivery,Returning,3.0,4.0
116981,2024-10-02,Abu Dhabi,Home & Kitchen,524.17,2,0.0,1048.34,1048.34,Card,Returning,5.0,4.2
113683,2024-08-15,Dubai,Fashion,542.7,2,5.0,1085.4,1031.13,Wallet,Returning,3.0,3.4
106658,2024-04-22,Sharjah,Fashion,524.3,1,5.0,524.3,498.08,Card,Returning,3.0,2.2
120452,2024-11-23,Sharjah,Mobile Accessories,228.77,1,0.0,228.77,160.14,Card,Returning,1.0,3.7
103622,2024-03-02,Dubai,Home & Kitchen,423.36,2,10.0,846.72,762.05,Card,Returning,3.0,3.1
105080,2024-03-31,Sharjah,Home & Kitchen,768.96,2,0.0,1537.92,1537.92,Wallet,Returning,1.0,4.2
130765,2025-04-23,Dubai,Electronics,1037.31,2,10.0,2074.62,1867.16,Card,New,3.0,3.7
100372,2024-01-07,Abu Dhabi,Mobile Accessories,209.15,1,5.0,209.15,198.69,Cash On Delivery,Returning,4.0,4.7
149038,2025-12-26,Dubai,Groceries,249.94,1,0.0,249.94,249.94,Cash On Delivery,Returning,3.0,5.0
126947,2025-02-24,Dubai,Home & Kitchen,236.8,1,0.0,236.8,236.8,Card,Returning,3.0,4.1
129961,2025-04-11,Dubai,Groceries,46.8,1,10.0,46.8,42.12,Card,Returning,1.0,4.3
109427,2024-07-06,Sharjah,Fashion,540.19,1,10.0,540.19,486.17,Card,Returning,2.0,4.0
134885,2025-06-23,Sharjah,Fashion,225.34,1,5.0,225.34,214.07,Cash On Delivery,Returning,2.0,5.0
123856,2025-05-01,Sharjah,Beauty & Personal Care,311.59,1,20.0,311.59,249.27,Cash On Delivery,Returning,4.0,5.0
120808,2024-11-26,Ajman,Home & Kitchen,369.42,1,30.0,369.42,258.59,Cash On Delivery,New,2.0,3.7
147441,2025-03-12,Ras Al Khaimah,Fashion,206.72,1,20.0,206.72,165.38,Card,Returning,2.0,4.2
115079,2024-02-09,Ras Al Khaimah,Fashion,415.58,1,0.0,415.58,415.58,Cash On Delivery,Returning,2.0,5.0
133677,2025-06-06,Abu Dhabi,Home & Kitchen,540.71,1,0.0,540.71,540.71,Cash On Delivery,Returning,2.0,2.7
143790,2025-10-26,Sharjah,Fashion,433.88,1,10.0,433.88,390.49,Wallet,New,1.0,4.8
121699,2024-12-03,Sharjah,Electronics,2812.39,1,10.0,2812.39,2531.15,Wallet,Returning,4.0,4.2
107395,2024-05-03,Abu Dhabi,Home & Kitchen,219.29,1,15.0,219.29,186.4,Card,Returning,4.0,2.7
129867,2025-09-04,Sharjah,Electronics,1290.99,1,0.0,1290.99,1290.99,Card,Returning,6.0,5.0
144628,2025-06-11,Dubai,Electronics,2552.32,1,5.0,2552.32,2424.7,Cash On Delivery,Returning,4.0,4.6
133923,2025-09-06,Abu Dhabi,Electronics,2081.92,2,15.0,4163.84,3539.26,Cash On Delivery,New,3.0,4.1
114018,2024-08-20,Dubai,Mobile Accessories,225.09,1,5.0,225.09,213.84,Cash On Delivery,Returning,2.0,4.2
134744,2025-06-21,Dubai,Groceries,280.35,1,0.0,280.35,280.35,Cash On Delivery,New,2.0,3.5
135629,2025-07-05,Sharjah,Electronics,1808.31,1,0.0,1808.31,1808.31,Card,Returning,3.0,4.3
110849,2024-06-30,Dubai,Beauty & Personal Care,178.9,1,10.0,178.9,161.01,Card,Returning,3.0,4.4
146788,2025-11-27,Ras Al Khaimah,Electronics,3071.11,1,50.0,3071.11,1535.56,Card,New,1.0,4.7
129880,2025-10-04,Dubai,Beauty & Personal Care,374.19,1,5.0,374.19,355.48,Cash On Delivery,Returning,2.0,4.5
145033,2025-12-11,Dubai,Mobile Accessories,113.46,2,0.0,226.92,226.92,Wallet,Returning,2.0,4.1
136537,2025-07-18,Dubai,Home & Kitchen,166.09,2,0.0,332.18,332.18,Card,Returning,3.0,5.0
133330,2025-05-31,Abu Dhabi,Groceries,273.28,1,0.0,273.28,273.28,Card,Returning,1.0,5.0
108009,2024-05-14,Dubai,Electronics,1020.97,1,5.0,1020.97,969.92,Card,Returning,1.0,2.9
114822,2024-08-30,Dubai,Mobile Accessories,164.63,1,0.0,164.63,164.63,Card,Returning,1.0,3.8
134542,2025-06-19,Abu Dhabi,Fashion,424.19,2,5.0,848.38,805.96,Cash On Delivery,Returning,3.0,4.7
137909,2025-08-08,Ajman,Groceries,146.52,1,15.0,146.52,124.54,Cash On Delivery,Returning,3.0,4.0
108029,2024-05-14,Dubai,Home & Kitchen,186.73,1,0.0,186.73,186.73,Card,Returning,3.0,4.2
134537,2025-06-19,Abu Dhabi,Beauty & Personal Care,38.69,1,0.0,38.69,38.69,Cash On Delivery,New,4.0,4.3
125460,2025-01-31,Abu Dhabi,Electronics,990.86,1,10.0,990.86,891.77,Cash On Delivery,Returning,3.0,4.2
146445,2025-11-25,Sharjah,Beauty & Personal Care,389.33,2,10.0,778.66,700.79,Card,Returning,4.0,4.3
126873,2025-02-22,Dubai,Mobile Accessories,85.68,1,0.0,85.68,77.11,Card,New,3.0,4.7
136026,2025-11-07,Ajman,Electronics,3415.89,1,5.0,3415.89,3245.1,Card,New,2.0,4.0
145820,2025-11-22,Abu Dhabi,Home & Kitchen,290.94,2,20.0,581.88,465.5,Card,Returning,3.0,3.5
148818,2025-12-23,Abu Dhabi,Electronics,3393.4,1,0.0,3393.4,3393.4,Wallet,Returning,1.0,4.1
144266,2025-01-11,Dubai,Mobile Accessories,244.18,1,10.0,244.18,219.76,Cash On Delivery,Returning,2.0,4.0
113831,2024-08-17,Dubai,Electronics,2755.55,1,15.0,2755.55,2342.22,Card,Returning,1.0,2.5
135801,2025-07-07,Dubai,Mobile Accessories,76.62,1,0.0,76.62,76.62,Cash On Delivery,Returning,4.0,4.9
100773,2024-01-14,Dubai,Mobile Accessories,35.09,1,10.0,35.09,31.58,Card,New,3.0,3.4
127649,2025-08-03,Dubai,Beauty & Personal Care,373.04,1,15.0,373.04,317.08,Cash On Delivery,Returning,4.0,2.9
110272,2024-06-21,Sharjah,Beauty & Personal Care,362.63,1,0.0,362.63,362.63,Card,New,3.0,4.0
137624,2025-08-03,Ras Al Khaimah,Home & Kitchen,499.8,1,20.0,499.8,399.84,Wallet,Returning,3.0,4.3
120625,2024-11-24,Dubai,Fashion,179.42,1,30.0,179.42,125.59,Cash On Delivery,Returning,4.0,3.8
143775,2025-10-26,Ras Al Khaimah,Fashion,525.41,1,5.0,525.41,499.14,Card,Returning,4.0,4.2
124647,2025-01-17,Dubai,Mobile Accessories,47.69,2,5.0,95.38,90.61,Cash On Delivery,Returning,2.0,5.0
127762,2025-11-03,Sharjah,Groceries,219.21,2,5.0,438.42,416.5,Card,New,4.0,3.1
124444,2025-01-14,Dubai,Groceries,44.51,1,10.0,44.51,40.06,Cash On Delivery,New,2.0,4.1
132250,2025-05-15,Ras Al Khaimah,Mobile Accessories,41.31,1,5.0,41.31,39.24,Cash On Delivery,Returning,1.0,4.2
114762,2024-08-29,Sharjah,Fashion,184.23,1,10.0,184.23,165.81,Cash On Delivery,Returning,5.0,4.2
146188,2025-11-23,Ras Al Khaimah,Home & Kitchen,699.55,1,20.0,699.55,559.64,Wallet,New,3.0,4.2
121875,2024-06-12,Sharjah,Groceries,32.06,1,0.0,32.06,32.06,Card,New,2.0,4.6
117179,2024-05-10,Abu Dhabi,Electronics,1111.74,1,10.0,1111.74,1000.57,Cash On Delivery,Returning,3.0,4.0
128119,2025-03-18,Dubai,Beauty & Personal Care,169.69,1,10.0,169.69,152.72,Cash On Delivery,New,3.0,4.0
110446,2024-06-23,Dubai,Mobile Accessories,69.84,2,10.0,139.68,125.71,Wallet,Returning,1.0,5.0
128299,2025-03-21,Abu Dhabi,Mobile Accessories,21.52,1,0.0,21.52,21.52,Cash On Delivery,Returning,2.0,3.8
135318,2025-06-30,Dubai,Groceries,44.19,1,15.0,44.19,37.56,Card,New,2.0,3.8
111127,2024-05-07,Dubai,Electronics,3185.87,1,5.0,3185.87,3026.58,Wallet,Returning,2.0,4.2
124145,2025-10-01,Abu Dhabi,Beauty & Personal Care,29.33,1,0.0,29.33,29.33,Cash On Delivery,Returning,2.0,4.1
107463,2024-05-04,Abu Dhabi,Home & Kitchen,373.99,1,15.0,373.99,317.89,Wallet,Returning,2.0,3.2
143379,2025-10-21,Sharjah,Electronics,3077.92,2,10.0,6155.84,5540.26,Card,Returning,4.0,3.5
146806,2025-11-27,Abu Dhabi,Electronics,2427.31,1,30.0,2427.31,1699.12,Card,New,2.0,4.3
128001,2025-03-15,Dubai,Groceries,85.03,1,5.0,85.03,80.78,Card,New,2.0,3.7
106474,2024-04-18,Abu Dhabi,Mobile Accessories,229.98,2,0.0,459.96,459.96,Card,Returning,3.0,4.8
114638,2024-08-27,Sharjah,Home & Kitchen,415.02,2,5.0,830.04,788.54,Cash On Delivery,Returning,2.0,4.0
122676,2024-12-18,Abu Dhabi,Mobile Accessories,65.03,1,15.0,65.03,55.28,Cash On Delivery,New,3.0,4.6
103675,2024-03-03,Sharjah,Home & Kitchen,765.21,1,30.0,765.21,535.65,Card,Returning,3.0,4.5
127992,2025-03-15,Dubai,Fashion,142.57,1,0.0,142.57,142.57,Wallet,New,3.0,4.7
116450,2024-09-23,Abu Dhabi,Groceries,21.27,1,10.0,21.27,19.14,Card,Returning,4.0,4.2
115768,2024-12-09,Dubai,Home & Kitchen,675.14,1,10.0,675.14,607.63,Card,New,3.0,4.6
101384,2024-01-25,Ras Al Khaimah,Fashion,40.75,1,0.0,40.75,40.75,Cash On Delivery,New,3.0,3.6
112911,2024-03-08,Dubai,Beauty & Personal Care,136.22,1,0.0,136.22,136.22,Card,Returning,2.0,3.0
146408,2025-11-25,Dubai,Home & Kitchen,786.94,1,50.0,786.94,393.47,Card,Returning,1.0,4.3
118919,2024-02-11,Abu Dhabi,Beauty & Personal Care,356.43,1,0.0,356.43,356.43,Card,New,4.0,4.3
126303,2025-02-14,Dubai,Groceries,21.94,1,0.0,21.94,21.94,Card,New,2.0,4.3
143069,2025-10-16,Sharjah,Mobile Accessories,183.95,3,15.0,551.85,469.07,Card,Returning,1.0,3.7
104069,2024-03-10,Sharjah,Mobile Accessories,230.09,1,5.0,230.09,218.59,Card,New,2.0,4.8
100331,2024-01-06,Dubai,Fashion,406.9,1,0.0,406.9,406.9,Card,New,3.0,4.4
127771,2025-11-03,Sharjah,Mobile Accessories,120.16,1,15.0,120.16,102.14,Card,Returning,3.0,4.0
106550,2024-04-19,Abu Dhabi,Fashion,445.41,2,0.0,890.82,890.82,Card,Returning,2.0,4.5
123436,2024-12-30,Ajman,Fashion,61.5,1,0.0,61.5,61.5,Cash On Delivery,New,3.0,4.0
114481,2024-08-25,Abu Dhabi,Beauty & Personal Care,139.08,1,5.0,139.08,132.13,Cash On Delivery,Returning,3.0,3.7
100901,2024-01-16,Dubai,Home & Kitchen,365.74,1,5.0,365.74,347.45,Card,Returning,1.0,3.2
139394,2025-08-27,Dubai,Electronics,3027.43,3,15.0,9082.29,7719.95,Card,New,3.0,3.9
135737,2025-07-06,Dubai,Mobile Accessories,156.77,2,0.0,313.54,313.54,Cash On Delivery,Returning,1.0,4.5
145442,2025-11-18,Abu Dhabi,Mobile Accessories,231.79,1,5.0,231.79,220.2,Card,New,1.0,3.5
108961,2024-05-30,Sharjah,Groceries,100.0,1,0.0,100.0,100.0,Cash On Delivery,New,2.0,3.7
142757,2025-11-10,Sharjah,Mobile Accessories,24.4,1,0.0,24.4,24.4,Card,Returning,2.0,4.2
143089,2025-10-17,Dubai,Fashion,275.43,1,0.0,275.43,275.43,Cash On Delivery,New,2.0,5.0
104040,2024-03-10,Ajman,Groceries,80.56,1,0.0,80.56,80.56,Card,Returning,3.0,5.0
107702,2024-05-09,Abu Dhabi,Fashion,518.48,1,0.0,518.48,518.48,Cash On Delivery,Returning,3.0,3.1
103965,2024-08-03,Abu Dhabi,Electronics,2436.93,1,10.0,2436.93,2193.24,Card,Returning,1.0,3.8
121796,2024-05-12,Ajman,Beauty & Personal Care,253.89,1,0.0,253.89,253.89,Card,Returning,4.0,3.4
148381,2025-12-16,Sharjah,Mobile Accessories,81.01,2,10.0,162.02,145.82,Cash On Delivery,New,5.0,4.1
149283,2025-12-29,Dubai,Home & Kitchen,388.36,1,5.0,388.36,368.94,Card,Returning,2.0,4.7
144725,2025-11-07,Abu Dhabi,Mobile Accessories,113.6,1,0.0,113.6,113.6,Card,New,1.0,5.0
104522,2024-03-20,Abu Dhabi,Electronics,2689.58,1,0.0,2689.58,2689.58,Cash On Delivery,New,6.0,4.2
134036,2025-11-06,Ras Al Khaimah,Fashion,260.25,1,20.0,260.25,208.2,Cash On Delivery,Returning,4.0,4.6
118601,2024-10-28,Dubai,Groceries,93.9,1,0.0,93.9,93.9,Card,Returning,2.0,4.7
138237,2025-08-13,Sharjah,Home & Kitchen,234.44,2,20.0,468.88,375.1,Card,Returning,3.0,3.9
107589,2024-05-06,Sharjah,Beauty & Personal Care,70.94,1,0.0,70.94,70.94,Card,New,3.0,4.2
132707,2025-05-22,Sharjah,Groceries,181.17,1,10.0,181.17,163.05,Card,New,1.0,3.9
144404,2025-11-03,Sharjah,Home & Kitchen,349.6,1,15.0,349.6,297.16,Card,Returning,3.0,4.5
145381,2025-11-17,Sharjah,Mobile Accessories,167.21,1,0.0,167.21,167.21,Wallet,Returning,3.0,4.4
101210,2024-01-21,Sharjah,Electronics,459.75,1,0.0,459.75,459.75,Card,New,3.0,4.1
128867,2025-03-30,Dubai,Fashion,189.21,1,20.0,189.21,151.37,Card,New,1.0,5.0
102286,2024-09-02,Abu Dhabi,Electronics,432.74,1,0.0,432.74,432.74,Card,Returning,5.0,3.8
105794,2024-11-04,Dubai,Mobile Accessories,182.33,1,30.0,182.33,127.63,Card,Returning,5.0,3.3
135553,2025-07-04,Dubai,Mobile Accessories,43.9,1,0.0,43.9,43.9,Card,New,5.0,4.5
100093,2024-01-02,Dubai,Groceries,251.61,1,10.0,251.61,226.45,Card,Returning,3.0,3.3
102644,2024-02-14,Dubai,Beauty & Personal Care,292.43,1,20.0,292.43,233.94,Cash On Delivery,Returning,2.0,4.7
113636,2024-08-15,Sharjah,Home & Kitchen,433.04,3,0.0,1299.12,1299.12,Card,New,1.0,4.2
125504,2025-01-31,Sharjah,Fashion,302.99,1,0.0,302.99,302.99,Card,New,3.0,3.6
107132,2024-04-29,Abu Dhabi,Mobile Accessories,107.98,1,0.0,107.98,107.98,Cash On Delivery,Returning,1.0,4.3
112345,2024-07-25,Ajman,Fashion,176.69,1,15.0,176.69,150.19,Card,New,2.0,3.6
102767,2024-02-17,Abu Dhabi,Mobile Accessories,98.16,1,0.0,98.16,98.16,Card,Returning,3.0,3.7
137228,2025-07-29,Sharjah,Groceries,267.45,2,10.0,534.9,481.41,Card,Returning,2.0,3.5
138344,2025-08-15,Abu Dhabi,Home & Kitchen,558.54,2,0.0,1117.08,1117.08,Card,Returning,3.0,5.0
146931,2025-11-28,Sharjah,Electronics,2963.36,1,30.0,2963.36,2074.35,Cash On Delivery,Returning,3.0,3.1
102660,2024-02-15,Ajman,Fashion,427.85,1,0.0,427.85,427.85,Card,New,5.0,4.5
136624,2025-07-19,Dubai,Beauty & Personal Care,396.8,1,15.0,396.8,337.28,Cash On Delivery,New,3.0,3.7
103893,2024-07-03,Dubai,Beauty & Personal Care,211.37,1,10.0,211.37,190.23,Card,Returning,3.0,4.7
108388,2024-05-19,Dubai,Home & Kitchen,767.75,1,0.0,767.75,767.75,Card,Returning,3.0,4.1
122369,2024-12-13,Sharjah,Electronics,2238.5,1,20.0,2238.5,1790.8,Wallet,Returning,4.0,4.2
125054,2025-01-24,Abu Dhabi,Mobile Accessories,75.27,1,0.0,75.27,75.27,Card,Returning,3.0,4.3
113954,2024-08-19,Dubai,Fashion,406.72,1,0.0,406.72,406.72,Card,Returning,2.0,3.6
101231,2024-01-22,Dubai,Mobile Accessories,98.13,2,0.0,196.26,196.26,Card,Returning,3.0,4.2
124922,2025-01-22,Abu Dhabi,Beauty & Personal Care,309.09,1,10.0,309.09,278.18,Card,Returning,3.0,4.7
135253,2025-06-29,Dubai,Mobile Accessories,110.32,1,10.0,110.32,99.29,Card,Returning,3.0,4.3
108866,2024-05-28,Sharjah,Beauty & Personal Care,239.74,1,10.0,239.74,215.77,Card,Returning,2.0,3.9
132154,2025-05-14,Dubai,Groceries,240.75,1,15.0,240.75,204.64,Cash On Delivery,Returning,4.0,4.4
139024,2025-08-22,Sharjah,Fashion,304.93,1,5.0,304.93,289.68,Card,Returning,4.0,4.0
138480,2025-08-16,Dubai,Beauty & Personal Care,185.61,1,15.0,185.61,157.77,Card,Returning,1.0,4.3
133215,2025-05-30,Ajman,Home & Kitchen,168.91,1,0.0,168.91,168.91,Cash On Delivery,Returning,3.0,4.2
148914,2025-12-24,Dubai,Home & Kitchen,332.56,1,10.0,332.56,299.3,Cash On Delivery,Returning,2.0,4.0
131342,2025-05-01,Sharjah,Electronics,1554.16,1,0.0,1554.16,1554.16,Card,New,2.0,4.2
118291,2024-10-22,Dubai,Mobile Accessories,48.58,1,0.0,48.58,48.58,Card,Returning,3.0,3.6
128780,2025-03-29,Dubai,Home & Kitchen,799.89,1,5.0,799.89,759.9,Card,New,4.0,4.6
123290,2024-12-28,Abu Dhabi,Mobile Accessories,185.53,1,5.0,185.53,176.25,Card,New,2.0,5.0
109536,2024-08-06,Ras Al Khaimah,Fashion,247.43,2,5.0,494.86,470.12,Cash On Delivery,Returning,2.0,2.9
143754,2025-10-26,Abu Dhabi,Groceries,265.4,1,10.0,265.4,238.86,Card,Returning,4.0,3.0
118781,2024-10-30,Ajman,Fashion,159.89,1,0.0,159.89,159.89,Card,Returning,3.0,3.6
102176,2024-07-02,Dubai,Fashion,165.61,1,10.0,165.61,149.05,Wallet,Returning,3.0,2.5
118944,2024-02-11,Abu Dhabi,Fashion,224.64,1,0.0,224.64,224.64,Cash On Delivery,Returning,4.0,4.7
116991,2024-10-02,Dubai,Fashion,41.78,1,15.0,41.78,35.51,Wallet,New,3.0,2.9
145614,2025-11-21,Dubai,Electronics,3062.89,1,40.0,3062.89,1837.73,Card,Returning,3.0,4.7
100194,2024-04-01,Ras Al Khaimah,Beauty & Personal Care,271.06,1,5.0,271.06,257.51,Wallet,New,2.0,4.1
105836,2024-04-11,Dubai,Beauty & Personal Care,227.21,1,10.0,227.21,204.49,Wallet,Returning,2.0,3.1
117889,2024-10-16,Dubai,Home & Kitchen,320.49,1,0.0,320.49,320.49,Cash On Delivery,New,2.0,5.0
128216,2025-03-19,Sharjah,Electronics,486.59,1,20.0,486.59,389.27,Cash On Delivery,Returning,2.0,4.6
131072,2025-04-27,Abu Dhabi,Mobile Accessories,84.72,2,0.0,169.44,169.44,Cash On Delivery,New,2.0,3.7
117617,2024-10-12,Dubai,Electronics,2152.09,1,10.0,2152.09,1936.88,Cash On Delivery,Returning,5.0,4.3
133761,2025-07-06,Abu Dhabi,Mobile Accessories,27.76,1,15.0,27.76,23.6,Card,New,2.0,4.2
123512,2024-12-31,Dubai,Fashion,415.06,1,0.0,415.06,415.06,Cash On Delivery,Returning,1.0,5.0
133285,2025-05-31,Ajman,Beauty & Personal Care,139.07,1,0.0,139.07,139.07,Card,Returning,3.0,3.8
120003,2024-11-19,Dubai,Electronics,964.84,1,10.0,964.84,868.36,Card,New,3.0,4.6
143592,2025-10-24,Sharjah,Beauty & Personal Care,324.34,1,0.0,324.34,324.34,Card,Returning,2.0,4.3
108577,2024-05-23,Sharjah,Electronics,466.32,2,20.0,932.64,746.11,Cash On Delivery,Returning,4.0,5.0
108720,2024-05-25,Dubai,Mobile Accessories,193.7,1,0.0,193.7,193.7,Card,New,1.0,4.7
133869,2025-08-06,Ajman,Home & Kitchen,553.3,1,20.0,553.3,442.64,Cash On Delivery,Returning,2.0,4.2
102990,2024-02-20,Dubai,Fashion,212.98,1,30.0,212.98,149.09,Cash On Delivery,New,3.0,3.7
111332,2024-08-07,Dubai,Fashion,283.7,1,10.0,283.7,255.33,Card,Returning,1.0,3.6
126885,2025-02-23,Abu Dhabi,Electronics,415.77,1,10.0,415.77,374.19,Card,Returning,2.0,3.5
129003,2025-03-31,Abu Dhabi,Groceries,296.08,1,20.0,296.08,236.86,Card,New,3.0,4.4
119879,2024-11-17,Ras Al Khaimah,Fashion,128.19,1,0.0,128.19,128.19,Cash On Delivery,Returning,2.0,3.8
103591,2024-02-03,Sharjah,Home & Kitchen,345.14,1,0.0,345.14,345.14,Cash On Delivery,New,3.0,4.9
113532,2024-08-13,Sharjah,Electronics,2168.98,1,30.0,2168.98,1518.29,Wallet,Returning,2.0,4.6
119777,2024-11-16,Sharjah,Electronics,2396.33,1,0.0,2396.33,2396.33,Cash On Delivery,New,3.0,3.3
130408,2025-04-18,Abu Dhabi,Mobile Accessories,67.03,1,15.0,67.03,56.98,Card,New,3.0,3.7
144357,2025-02-11,Dubai,Groceries,218.22,1,20.0,218.22,174.58,Wallet,Returning,2.0,3.4
125581,2025-01-02,Dubai,Beauty & Personal Care,32.59,1,0.0,32.59,32.59,Cash On Delivery,Returning,3.0,2.9
136386,2025-07-16,Dubai,Fashion,379.32,1,0.0,379.32,379.32,Cash On Delivery,New,3.0,3.6
124095,2025-09-01,Dubai,Electronics,3316.22,1,5.0,3316.22,3150.41,Cash On Delivery,Returning,1.0,3.3
146606,2025-11-26,Abu Dhabi,Home & Kitchen,340.49,2,30.0,680.98,476.69,Wallet,Returning,2.0,4.2
117925,2024-10-17,Abu Dhabi,Beauty & Personal Care,367.0,1,5.0,367.0,348.65,Wallet,Returning,2.0,4.5
103106,2024-02-22,Ajman,Home & Kitchen,764.9,1,5.0,764.9,726.66,Card,Returning,4.0,4.2
121098,2024-11-28,Dubai,Beauty & Personal Care,68.16,1,0.0,68.16,34.08,Cash On Delivery,New,4.0,3.4
140123,2025-09-04,Dubai,Beauty & Personal Care,306.85,1,10.0,306.85,276.17,Cash On Delivery,New,3.0,4.2
122671,2024-12-18,Abu Dhabi,Mobile Accessories,72.66,2,0.0,145.32,145.32,Cash On Delivery,Returning,1.0,4.2
100256,2024-01-06,Dubai,Home & Kitchen,510.45,1,0.0,510.45,433.88,Card,New,1.0,3.6
104202,2024-03-13,Ajman,Home & Kitchen,571.89,2,5.0,1143.78,1086.59,Card,New,5.0,3.1
128222,2025-03-19,Sharjah,Electronics,675.34,1,10.0,675.34,607.81,Cash On Delivery,Returning,1.0,4.4
129730,2025-04-07,Abu Dhabi,Electronics,2845.66,1,0.0,2845.66,2845.66,Card,New,5.0,4.9
149265,2025-12-28,Abu Dhabi,Fashion,486.22,1,0.0,486.22,486.22,Card,New,3.0,5.0
142485,2025-07-10,Ras Al Khaimah,Mobile Accessories,191.52,1,10.0,191.52,172.37,Cash On Delivery,Returning,1.0,4.2
120585,2024-11-24,Dubai,Electronics,3045.42,1,20.0,3045.42,2436.34,Card,Returning,2.0,4.4
139508,2025-08-28,Dubai,Fashion,361.9,1,5.0,361.9,343.8,Card,Returning,1.0,3.5
135008,2025-06-25,Ras Al Khaimah,Fashion,360.09,1,10.0,360.09,324.08,Card,New,3.0,4.3
143266,2025-10-19,Ajman,Mobile Accessories,237.2,2,0.0,474.4,474.4,Card,Returning,3.0,3.9
144474,2025-11-04,Ras Al Khaimah,Beauty & Personal Care,326.78,1,10.0,326.78,294.1,Cash On Delivery,New,3.0,4.0
114488,2024-08-25,Sharjah,Fashion,217.92,1,0.0,217.92,217.92,Card,Returning,2.0,4.6
130688,2025-04-21,Dubai,Electronics,2883.04,1,0.0,2883.04,2883.04,Card,Returning,1.0,4.8
112960,2024-08-04,Ajman,Fashion,314.99,1,0.0,314.99,314.99,Cash On Delivery,New,4.0,3.6
145830,2025-11-22,Abu Dhabi,Groceries,290.44,1,10.0,290.44,261.4,Card,Returning,1.0,4.1
114487,2024-08-25,Dubai,Fashion,363.53,2,0.0,727.06,727.06,Cash On Delivery,Returning,4.0,4.6
132789,2025-05-23,Abu Dhabi,Beauty & Personal Care,371.79,1,20.0,371.79,297.43,Card,Returning,1.0,4.2
126404,2025-02-15,Abu Dhabi,Fashion,179.86,1,5.0,179.86,170.87,Wallet,Returning,2.0,3.8
125331,2025-01-29,Dubai,Home & Kitchen,638.79,1,20.0,638.79,511.03,Cash On Delivery,Returning,3.0,3.3
132975,2025-05-26,Dubai,Beauty & Personal Care,395.97,3,15.0,1187.91,1009.72,Card,New,4.0,3.0
121189,2024-11-28,Dubai,Electronics,2080.44,1,30.0,2080.44,1456.31,Cash On Delivery,New,2.0,3.8
106107,2024-04-13,Abu Dhabi,Groceries,23.39,1,30.0,23.39,16.37,Card,Returning,1.0,4.1
115218,2024-03-09,Abu Dhabi,Fashion,526.84,3,10.0,1580.52,1422.47,Card,Returning,3.0,4.6
123227,2024-12-27,Dubai,Electronics,986.47,1,10.0,986.47,887.82,Card,New,2.0,5.0
139224,2025-08-24,Dubai,Fashion,592.29,1,10.0,592.29,533.06,Cash On Delivery,Returning,1.0,4.2
132637,2025-05-21,Abu Dhabi,Fashion,292.31,1,10.0,292.31,263.08,Card,New,1.0,5.0
117558,2024-11-10,Sharjah,Mobile Accessories,159.01,1,5.0,159.01,151.06,Card,Returning,4.0,4.5
138788,2025-08-19,Dubai,Mobile Accessories,237.76,1,0.0,237.76,237.76,Cash On Delivery,Returning,4.0,3.2
136053,2025-11-07,Dubai,Beauty & Personal Care,278.46,1,5.0,278.46,264.54,Cash On Delivery,Returning,4.0,4.0
107099,2024-04-28,Sharjah,Beauty & Personal Care,349.39,1,5.0,349.39,331.92,Card,Returning,3.0,4.1
129993,2025-11-04,Ajman,Fashion,560.17,2,5.0,1120.34,1064.32,Card,New,2.0,3.3
136487,2025-07-18,Abu Dhabi,Home & Kitchen,609.64,1,5.0,609.64,579.16,Card,Returning,3.0,5.0
104056,2024-03-10,Abu Dhabi,Electronics,603.77,1,0.0,603.77,603.77,Card,Returning,4.0,4.3
133515,2025-06-03,Dubai,Electronics,3032.06,1,0.0,3032.06,3032.06,Card,New,3.0,5.0
131399,2025-02-05,Dubai,Fashion,258.94,1,0.0,258.94,258.94,Card,Returning,2.0,4.5
101002,2024-01-18,Dubai,Home & Kitchen,791.37,1,5.0,791.37,751.8,Cash On Delivery,New,1.0,4.9
126450,2025-02-16,Dubai,Groceries,219.7,3,10.0,659.1,593.19,Card,New,1.0,5.0
125466,2025-01-31,Sharjah,Beauty & Personal Care,172.38,2,20.0,344.76,275.81,Card,Returning,3.0,3.9
144484,2025-11-04,Dubai,Fashion,46.46,1,0.0,46.46,46.46,Cash On Delivery,New,2.0,4.2
128974,2025-03-31,Dubai,Electronics,2632.13,3,15.0,7896.39,6711.93,Card,New,1.0,3.8
126264,2025-02-13,Abu Dhabi,Electronics,797.74,1,0.0,797.74,797.74,Card,New,3.0,4.1
143483,2025-10-22,Abu Dhabi,Electronics,2917.95,2,5.0,5835.9,5544.1,Card,New,4.0,4.6
126767,2025-02-21,Dubai,Beauty & Personal Care,358.1,1,15.0,358.1,304.38,Card,Returning,4.0,4.7
105411,2024-04-06,Dubai,Groceries,176.85,1,15.0,176.85,150.32,Wallet,Returning,3.0,4.0
135677,2025-05-07,Ajman,Mobile Accessories,63.48,1,10.0,63.48,57.13,Cash On Delivery,Returning,1.0,4.7
148680,2025-12-20,Sharjah,Home & Kitchen,74.84,1,30.0,74.84,52.39,Card,Returning,3.0,4.2
115030,2024-09-01,Dubai,Fashion,588.19,1,10.0,588.19,529.37,Card,Returning,4.0,5.0
122433,2024-12-14,Dubai,Mobile Accessories,242.88,1,0.0,242.88,242.88,Cash On Delivery,Returning,2.0,4.4
110364,2024-06-22,Sharjah,Mobile Accessories,102.52,1,30.0,102.52,71.76,Card,Returning,2.0,4.2
134091,2025-12-06,Sharjah,Beauty & Personal Care,238.32,1,5.0,238.32,226.4,Cash On Delivery,New,4.0,5.0
114177,2024-08-22,Dubai,Home & Kitchen,668.23,1,0.0,668.23,668.23,Card,Returning,2.0,5.0
148013,2025-11-12,Sharjah,Beauty & Personal Care,270.13,1,5.0,270.13,256.62,Wallet,Returning,2.0,5.0
139585,2025-08-29,Dubai,Home & Kitchen,800.1,3,0.0,2400.3,2400.3,Card,New,4.0,3.2
106570,2024-04-20,Dubai,Fashion,454.22,1,0.0,454.22,454.22,Card,Returning,3.0,3.7
139328,2025-08-26,Dubai,Electronics,1324.98,1,10.0,1324.98,1192.48,Cash On Delivery,Returning,3.0,4.5
130316,2025-04-16,Abu Dhabi,Fashion,448.24,2,0.0,896.48,896.48,Card,New,1.0,5.0
138210,2025-08-12,Sharjah,Home & Kitchen,545.73,1,0.0,545.73,545.73,Card,Returning,2.0,3.4
147670,2025-06-12,Dubai,Groceries,273.35,1,0.0,273.35,273.35,Card,Returning,1.0,2.6
130652,2025-04-21,Dubai,Home & Kitchen,699.3,1,10.0,699.3,629.37,Cash On Delivery,New,2.0,4.2
140601,2025-09-11,Dubai,Electronics,1121.6,1,0.0,1121.6,1121.6,Card,Returning,3.0,4.0
124604,2025-01-17,Abu Dhabi,Groceries,71.95,1,10.0,71.95,64.76,Card,New,2.0,5.0
147326,2025-02-12,Dubai,Mobile Accessories,149.92,1,0.0,149.92,149.92,Cash On Delivery,New,2.0,3.9
133933,2025-06-09,Dubai,Fashion,536.37,1,15.0,536.37,455.91,Cash On Delivery,Returning,3.0,4.4
104583,2024-03-21,Sharjah,Home & Kitchen,617.59,1,0.0,617.59,617.59,Card,Returning,1.0,5.0
120731,2024-11-25,Dubai,Groceries,182.87,1,50.0,182.87,91.44,Card,New,3.0,3.1
112154,2024-07-21,Sharjah,Groceries,39.99,1,15.0,39.99,33.99,Card,Returning,3.0,4.2
114776,2024-08-29,Abu Dhabi,Home & Kitchen,829.63,1,0.0,829.63,829.63,Card,Returning,3.0,4.4
147018,2025-11-28,Abu Dhabi,Groceries,262.37,1,40.0,262.37,157.42,Cash On Delivery,Returning,1.0,4.7
145138,2025-11-13,Dubai,Fashion,112.49,1,0.0,112.49,112.49,Wallet,Returning,3.0,3.7
142105,2025-02-10,Ras Al Khaimah,Beauty & Personal Care,98.24,1,30.0,98.24,68.77,Card,Returning,2.0,4.3
134303,2025-06-15,Abu Dhabi,Groceries,192.09,1,20.0,192.09,153.67,Card,New,1.0,4.1
122619,2024-12-17,Sharjah,Fashion,528.36,1,5.0,528.36,501.94,Card,New,2.0,4.6
114161,2024-08-21,Sharjah,Groceries,149.42,1,5.0,149.42,141.95,Card,Returning,2.0,4.4
135414,2025-02-07,Abu Dhabi,Home & Kitchen,423.25,1,0.0,423.25,423.25,Card,New,4.0,4.4
142921,2025-10-14,Dubai,Groceries,209.52,1,0.0,209.52,209.52,Card,Returning,1.0,4.2
146779,2025-11-27,Dubai,Fashion,337.06,1,30.0,337.06,235.94,Cash On Delivery,Returning,4.0,3.4
111802,2024-07-16,Abu Dhabi,Electronics,929.41,1,10.0,929.41,836.47,Card,Returning,1.0,3.8
100526,2024-01-10,Abu Dhabi,Beauty & Personal Care,246.89,1,10.0,246.89,222.2,Cash On Delivery,Returning,1.0,4.4
136211,2025-07-13,Sharjah,Fashion,267.05,1,5.0,267.05,253.7,Wallet,New,1.0,4.4
142857,2025-10-13,Dubai,Electronics,3173.03,1,0.0,3173.03,3173.03,Wallet,Returning,3.0,4.2
132968,2025-05-26,Dubai,Electronics,432.55,1,5.0,432.55,410.92,Card,Returning,3.0,4.3
106050,2024-04-13,Ajman,Electronics,2529.13,1,0.0,2529.13,2529.13,Card,Returning,2.0,3.9
146311,2025-11-24,Sharjah,Electronics,855.52,1,20.0,855.52,684.42,Card,Returning,3.0,5.0
113852,2024-08-17,Dubai,Fashion,453.27,1,15.0,453.27,385.28,Card,Returning,3.0,5.0
145361,2025-11-16,Sharjah,Beauty & Personal Care,245.96,1,0.0,245.96,245.96,Card,Returning,3.0,3.9
141395,2025-09-22,Dubai,Fashion,47.5,1,0.0,47.5,47.5,Card,Returning,2.0,5.0
133294,2025-05-31,Sharjah,Groceries,23.82,1,15.0,23.82,20.25,Card,Returning,4.0,4.6
108860,2024-05-28,Dubai,Beauty & Personal Care,196.26,1,0.0,196.26,196.26,Wallet,New,2.0,4.1
111145,2024-07-05,Dubai,Fashion,368.7,2,10.0,737.4,663.66,Wallet,New,4.0,4.2
116071,2024-09-16,Sharjah,Beauty & Personal Care,162.08,1,0.0,162.08,162.08,Card,New,2.0,4.3
140222,2025-09-05,Abu Dhabi,Beauty & Personal Care,92.8,1,5.0,92.8,88.16,Wallet,New,1.0,4.4
140899,2025-09-15,Sharjah,Mobile Accessories,99.89,1,5.0,99.89,94.9,Card,New,4.0,4.4
116835,2024-09-29,Sharjah,Beauty & Personal Care,30.53,2,5.0,61.06,58.01,Card,Returning,3.0,4.5
100961,2024-01-18,Abu Dhabi,Beauty & Personal Care,203.48,1,20.0,203.48,162.78,Cash On Delivery,Returning,5.0,4.2
127844,2025-03-12,Abu Dhabi,Fashion,57.56,1,0.0,57.56,57.56,Card,Returning,1.0,3.6
117606,2024-12-10,Sharjah,Groceries,157.92,1,0.0,157.92,157.92,Cash On Delivery,New,4.0,4.4
122092,2024-09-12,Sharjah,Home & Kitchen,167.05,2,0.0,334.1,334.1,Wallet,Returning,2.0,4.3
123502,2024-12-31,Dubai,Mobile Accessories,90.8,1,0.0,90.8,90.8,Wallet,Returning,3.0,4.8
127175,2025-02-27,Abu Dhabi,Beauty & Personal Care,64.2,1,0.0,64.2,64.2,Card,New,4.0,4.2
121494,2024-11-30,Dubai,Beauty & Personal Care,372.4,1,20.0,372.4,297.92,Cash On Delivery,Returning,5.0,4.9
110141,2024-06-18,Dubai,Beauty & Personal Care,123.4,1,5.0,123.4,117.23,Wallet,Returning,3.0,4.9
110211,2024-06-19,Sharjah,Fashion,283.17,2,5.0,566.34,538.02,Cash On Delivery,Returning,1.0,4.7
100480,2024-09-01,Sharjah,Groceries,120.52,1,20.0,120.52,96.42,Card,Returning,1.0,3.4
143741,2025-10-25,Abu Dhabi,Electronics,1041.24,1,0.0,1041.24,1041.24,Card,Returning,3.0,4.6
141042,2025-09-17,Dubai,Groceries,84.52,2,10.0,169.04,152.14,Wallet,New,1.0,4.4
123709,2025-01-03,Dubai,Fashion,131.75,2,10.0,263.5,237.15,Card,Returning,5.0,4.5
111067,2024-07-04,Dubai,Fashion,592.69,1,5.0,592.69,563.06,Cash On Delivery,New,1.0,4.6
106132,2024-04-13,Ajman,Beauty & Personal Care,140.52,1,0.0,140.52,140.52,Wallet,New,1.0,3.1
120472,2024-11-23,Sharjah,Home & Kitchen,419.76,1,20.0,419.76,335.81,Card,Returning,3.0,3.9
131395,2025-02-05,Dubai,Fashion,287.48,1,5.0,287.48,273.11,Card,New,3.0,3.7
108705,2024-05-25,Abu Dhabi,Beauty & Personal Care,396.57,1,0.0,396.57,396.57,Wallet,New,2.0,5.0
112144,2024-07-21,Dubai,Electronics,2700.78,1,10.0,2700.78,2430.7,Card,New,3.0,4.2
114093,2024-08-21,Sharjah,Fashion,218.92,3,10.0,656.76,591.08,Card,New,4.0,3.8
131540,2025-04-05,Sharjah,Beauty & Personal Care,91.34,2,0.0,182.68,182.68,Cash On Delivery,New,3.0,4.2
142513,2025-08-10,Dubai,Fashion,96.39,1,15.0,96.39,81.93,Card,New,6.0,4.4
108015,2024-05-14,Dubai,Fashion,267.42,1,0.0,267.42,213.94,Wallet,Returning,2.0,4.9
149174,2025-12-27,Dubai,Beauty & Personal Care,348.77,1,0.0,348.77,348.77,Cash On Delivery,New,4.0,5.0
133626,2025-05-06,Abu Dhabi,Beauty & Personal Care,78.29,1,0.0,78.29,78.29,Cash On Delivery,Returning,2.0,4.5
101123,2024-01-20,Dubai,Beauty & Personal Care,50.05,2,0.0,100.1,70.07,Card,Returning,3.0,5.0
106209,2024-04-14,Ajman,Groceries,133.27,1,0.0,133.27,133.27,Card,New,2.0,3.3
118233,2024-10-21,Dubai,Home & Kitchen,93.67,1,0.0,93.67,93.67,Card,New,3.0,4.4
126271,2025-02-13,Sharjah,Beauty & Personal Care,156.95,1,5.0,156.95,149.1,Wallet,Returning,2.0,4.1
141705,2025-09-27,Ajman,Fashion,524.87,1,0.0,524.87,524.87,Card,New,5.0,3.4
146508,2025-11-25,Dubai,Electronics,2035.54,1,30.0,2035.54,1424.88,Wallet,Returning,1.0,4.2
135026,2025-06-26,Sharjah,Home & Kitchen,168.02,1,0.0,168.02,151.22,Cash On Delivery,Returning,1.0,5.0
121353,2024-11-29,Dubai,Fashion,80.02,1,40.0,80.02,48.01,Card,Returning,3.0,3.3
143926,2025-10-28,Dubai,Electronics,532.27,1,5.0,532.27,505.66,Card,New,2.0,5.0
142805,2025-12-10,Dubai,Fashion,242.87,1,15.0,242.87,206.44,Card,Returning,4.0,4.3
114594,2024-08-27,Ras Al Khaimah,Mobile Accessories,107.96,1,10.0,107.96,97.16,Cash On Delivery,Returning,3.0,5.0
120456,2024-11-23,Abu Dhabi,Beauty & Personal Care,274.93,2,40.0,549.86,329.92,Cash On Delivery,Returning,2.0,3.8
126296,2025-02-13,Ajman,Beauty & Personal Care,35.14,1,10.0,35.14,31.63,Cash On Delivery,Returning,4.0,3.8
125613,2025-02-02,Dubai,Home & Kitchen,326.67,2,0.0,653.34,653.34,Cash On Delivery,Returning,3.0,4.1
100571,2024-11-01,Dubai,Home & Kitchen,701.31,1,15.0,701.31,596.11,Card,Returning,3.0,3.4
114876,2024-08-30,Dubai,Fashion,159.04,1,5.0,159.04,151.09,Cash On Delivery,Returning,1.0,4.6
102858,2024-02-18,Ajman,Electronics,3317.44,1,5.0,3317.44,3151.57,Card,Returning,2.0,3.3
133692,2025-06-06,Abu Dhabi,Electronics,3083.25,1,10.0,3083.25,2774.92,Card,Returning,1.0,4.5
117197,2024-05-10,Abu Dhabi,Groceries,168.49,1,0.0,168.49,168.49,Cash On Delivery,New,2.0,4.5
127927,2025-03-14,Dubai,Groceries,69.47,1,10.0,69.47,62.52,Cash On Delivery,Returning,3.0,3.6
118313,2024-10-23,Sharjah,Fashion,540.81,1,0.0,540.81,540.81,Card,Returning,4.0,4.8
125086,2025-01-25,Abu Dhabi,Beauty & Personal Care,276.14,1,30.0,276.14,193.3,Card,New,2.0,4.1
145177,2025-11-14,Dubai,Home & Kitchen,139.77,1,15.0,139.77,118.8,Card,Returning,3.0,4.7
100629,2024-12-01,Dubai,Electronics,2603.99,1,10.0,2603.99,2343.59,Cash On Delivery,New,1.0,4.7
146319,2025-11-24,Abu Dhabi,Fashion,51.47,1,40.0,51.47,30.88,Cash On Delivery,Returning,1.0,3.8
109156,2024-02-06,Dubai,Home & Kitchen,133.51,2,0.0,267.02,267.02,Wallet,Returning,2.0,5.0
112894,2024-03-08,Dubai,Beauty & Personal Care,306.83,1,20.0,306.83,245.46,Card,Returning,2.0,3.9
143923,2025-10-28,Abu Dhabi,Mobile Accessories,232.31,1,0.0,232.31,232.31,Cash On Delivery,Returning,1.0,3.9
128106,2025-03-17,Dubai,Groceries,219.93,1,0.0,219.93,219.93,Card,New,3.0,3.7
104477,2024-03-18,Abu Dhabi,Home & Kitchen,363.13,1,0.0,363.13,363.13,Card,Returning,2.0,4.9
136277,2025-07-14,Dubai,Electronics,2149.92,1,0.0,2149.92,2149.92,Cash On Delivery,Returning,3.0,4.4
134847,2025-06-23,Abu Dhabi,Electronics,2983.42,1,0.0,2983.42,2983.42,Cash On Delivery,New,2.0,3.9
145764,2025-11-21,Dubai,Home & Kitchen,96.74,2,30.0,193.48,135.44,Cash On Delivery,Returning,1.0,4.6
136906,2025-07-24,Sharjah,Groceries,195.56,1,0.0,195.56,195.56,Wallet,New,3.0,4.7
132769,2025-05-23,Dubai,Electronics,2517.49,1,0.0,2517.49,2517.49,Card,New,2.0,3.9
135761,2025-07-07,Dubai,Fashion,264.16,1,10.0,264.16,237.74,Card,Returning,1.0,5.0
144285,2025-01-11,Abu Dhabi,Mobile Accessories,122.47,2,10.0,244.94,220.45,Card,New,1.0,2.4
115665,2024-09-10,Dubai,Home & Kitchen,342.94,1,0.0,342.94,342.94,Card,Returning,1.0,4.9
114760,2024-08-29,Dubai,Fashion,432.0,1,0.0,432.0,432.0,Wallet,New,2.0,4.6
137794,2025-08-06,Ras Al Khaimah,Groceries,82.46,1,0.0,82.46,82.46,Card,Returning,2.0,4.2
132697,2025-05-22,Dubai,Mobile Accessories,242.97,1,0.0,242.97,242.97,Card,Returning,5.0,4.8
109186,2024-02-06,Ras Al Khaimah,Mobile Accessories,140.1,1,0.0,140.1,140.1,Card,Returning,2.0,3.9
144259,2025-11-01,Abu Dhabi,Home & Kitchen,637.15,1,20.0,637.15,509.72,Cash On Delivery,Returning,3.0,3.6
110835,2024-06-29,Dubai,Electronics,2528.38,1,0.0,2528.38,2528.38,Card,New,1.0,4.8
105158,2024-04-01,Sharjah,Groceries,117.27,1,10.0,117.27,105.54,Card,New,4.0,3.3
136601,2025-07-19,Sharjah,Home & Kitchen,584.19,1,20.0,584.19,467.35,Card,Returning,1.0,4.5
124363,2025-01-13,Abu Dhabi,Fashion,134.06,2,5.0,268.12,254.71,Card,Returning,3.0,4.3
140435,2025-08-09,Dubai,Home & Kitchen,716.94,1,0.0,716.94,716.94,Card,Returning,2.0,4.2
124730,2025-01-18,Dubai,Fashion,581.47,1,0.0,581.47,581.47,Card,New,2.0,4.5
132170,2025-05-14,Sharjah,Groceries,155.0,2,0.0,310.0,310.0,Cash On Delivery,Returning,4.0,4.2
112949,2024-08-04,Ras Al Khaimah,Mobile Accessories,97.48,1,0.0,97.48,97.48,Cash On Delivery,New,1.0,3.5
144693,2025-07-11,Dubai,Mobile Accessories,219.09,1,0.0,219.09,219.09,Cash On Delivery,New,4.0,5.0
145691,2025-11-21,Ras Al Khaimah,Electronics,2362.12,1,50.0,2362.12,1181.06,Cash On Delivery,Returning,1.0,4.1
146860,2025-11-27,Ajman,Electronics,372.1,1,30.0,372.1,260.47,Cash On Delivery,New,1.0,5.0
103325,2024-02-26,Abu Dhabi,Mobile Accessories,105.5,1,0.0,105.5,105.5,Card,Returning,3.0,4.7
139898,2025-01-09,Abu Dhabi,Electronics,554.0,1,20.0,554.0,443.2,Card,Returning,1.0,4.2
115350,2024-09-05,Abu Dhabi,Groceries,45.72,1,20.0,45.72,36.58,Cash On Delivery,Returning,2.0,3.8
139894,2025-01-09,Dubai,Beauty & Personal Care,394.08,1,0.0,394.08,394.08,Card,Returning,4.0,4.8
134255,2025-06-14,Dubai,Beauty & Personal Care,217.1,1,10.0,217.1,195.39,Card,New,2.0,5.0
120710,2024-11-25,Ras Al Khaimah,Beauty & Personal Care,200.69,2,30.0,401.38,280.97,Card,Returning,3.0,3.5
100718,2024-01-13,Abu Dhabi,Fashion,140.6,1,30.0,140.6,98.42,Card,Returning,4.0,3.9
110985,2024-02-07,Dubai,Groceries,211.02,1,15.0,211.02,179.37,Card,Returning,1.0,4.6
107433,2024-04-05,Abu Dhabi,Fashion,248.98,2,10.0,497.96,448.16,Card,Returning,3.0,3.5
139962,2025-02-09,Abu Dhabi,Fashion,446.42,1,5.0,446.42,424.1,Cash On Delivery,New,1.0,4.6
123920,2025-01-06,Sharjah,Fashion,305.05,1,20.0,305.05,244.04,Card,Returning,1.0,5.0
147928,2025-12-10,Abu Dhabi,Mobile Accessories,137.46,1,30.0,137.46,96.22,Card,Returning,3.0,5.0
114077,2024-08-21,Sharjah,Electronics,1565.64,1,5.0,1565.64,1487.36,Card,Returning,1.0,3.5
118888,2024-11-01,Dubai,Fashion,415.2,1,0.0,415.2,415.2,Cash On Delivery,Returning,2.0,4.2
106145,2024-04-13,Abu Dhabi,Mobile Accessories,171.1,1,20.0,171.1,136.88,Wallet,New,3.0,3.9
111909,2024-07-18,Dubai,Mobile Accessories,24.64,1,0.0,24.64,24.64,Card,Returning,3.0,4.7
130058,2025-04-12,Dubai,Home & Kitchen,741.67,2,10.0,1483.34,1335.01,Cash On Delivery,Returning,1.0,4.8
108898,2024-05-29,Abu Dhabi,Electronics,2534.31,1,10.0,2534.31,2280.88,Card,Returning,3.0,4.2
137932,2025-08-08,Abu Dhabi,Electronics,2441.52,1,5.0,2441.52,2319.44,Card,Returning,1.0,3.9
147667,2025-06-12,Ras Al Khaimah,Groceries,273.85,1,0.0,273.85,273.85,Wallet,Returning,4.0,4.5
140335,2025-09-06,Dubai,Mobile Accessories,218.44,2,5.0,436.88,415.04,Cash On Delivery,Returning,1.0,5.0
142962,2025-10-14,Abu Dhabi,Groceries,182.33,1,5.0,182.33,173.21,Card,Returning,5.0,4.4
127630,2025-08-03,Abu Dhabi,Mobile Accessories,56.64,1,0.0,56.64,56.64,Cash On Delivery,Returning,2.0,5.0
113483,2024-08-13,Abu Dhabi,Home & Kitchen,898.32,1,5.0,898.32,853.4,Wallet,Returning,4.0,3.7
100241,2024-05-01,Dubai,Electronics,1001.02,1,0.0,1001.02,1001.02,Cash On Delivery,Returning,1.0,4.3
137214,2025-07-28,Dubai,Mobile Accessories,58.85,2,15.0,117.7,100.04,Card,Returning,3.0,5.0
106673,2024-04-22,Abu Dhabi,Beauty & Personal Care,45.84,1,15.0,45.84,38.96,Cash On Delivery,New,2.0,4.6
109551,2024-06-08,Abu Dhabi,Groceries,24.91,1,15.0,24.91,21.17,Wallet,Returning,3.0,5.0
139885,2025-01-09,Sharjah,Fashion,576.02,1,0.0,576.02,576.02,Cash On Delivery,Returning,3.0,4.0
148098,2025-12-12,Dubai,Fashion,441.91,1,0.0,441.91,441.91,Card,Returning,2.0,2.5
135052,2025-06-26,Ajman,Beauty & Personal Care,104.85,1,15.0,104.85,89.12,Card,New,2.0,4.2
127638,2025-03-08,Abu Dhabi,Beauty & Personal Care,159.27,2,0.0,318.54,318.54,Card,New,4.0,4.4
118557,2024-10-27,Dubai,Beauty & Personal Care,270.62,1,0.0,270.62,270.62,Cash On Delivery,Returning,4.0,4.4
131655,2025-06-05,Dubai,Electronics,1264.32,1,15.0,1264.32,1074.67,Card,Returning,1.0,4.7
142701,2025-10-11,Dubai,Fashion,583.52,1,5.0,583.52,554.34,Cash On Delivery,Returning,4.0,3.4
129416,2025-03-04,Dubai,Groceries,44.13,1,15.0,44.13,37.51,Card,Returning,1.0,5.0
109430,2024-06-07,Abu Dhabi,Beauty & Personal Care,228.93,1,20.0,228.93,183.14,Card,New,1.0,3.6
133112,2025-05-28,Ajman,Electronics,1632.4,2,10.0,3264.8,2938.32,Card,Returning,3.0,4.2
105395,2024-04-06,Dubai,Fashion,474.41,2,10.0,948.82,853.94,Cash On Delivery,Returning,3.0,4.7
115072,2024-02-09,Abu Dhabi,Fashion,216.01,2,15.0,432.02,367.22,Card,Returning,3.0,4.9
144655,2025-07-11,Abu Dhabi,Groceries,255.73,1,5.0,255.73,242.94,Card,Returning,3.0,4.2
104995,2024-03-29,Dubai,Fashion,308.34,1,0.0,308.34,308.34,Card,New,3.0,4.2
139632,2025-08-29,Ajman,Fashion,293.68,1,5.0,293.68,279.0,Wallet,Returning,4.0,4.9
104945,2024-03-28,Ajman,Fashion,383.42,2,0.0,766.84,766.84,Wallet,New,2.0,4.6
136387,2025-07-16,Dubai,Fashion,152.16,1,0.0,152.16,152.16,Wallet,New,4.0,5.0
113870,2024-08-18,Dubai,Electronics,2284.0,1,5.0,2284.0,2169.8,Card,Returning,4.0,4.0
131670,2025-05-07,Dubai,Fashion,325.76,3,0.0,977.28,977.28,Cash On Delivery,New,1.0,3.9
148202,2025-12-14,Dubai,Fashion,279.48,1,10.0,279.48,251.53,Cash On Delivery,Returning,2.0,4.9
139879,2025-01-09,Abu Dhabi,Beauty & Personal Care,192.89,1,10.0,192.89,173.6,Cash On Delivery,Returning,3.0,3.6
126103,2025-02-10,Sharjah,Electronics,1959.18,2,30.0,3918.36,2742.85,Card,New,3.0,4.7
102232,2024-02-08,Abu Dhabi,Electronics,2704.4,1,10.0,2704.4,2433.96,Card,Returning,3.0,4.1
142198,2025-03-10,Ajman,Home & Kitchen,812.94,1,10.0,812.94,731.65,Wallet,Returning,4.0,2.9
108203,2024-05-17,Dubai,Home & Kitchen,439.55,3,0.0,1318.65,1318.65,Card,New,3.0,3.8
143895,2025-10-28,Abu Dhabi,Mobile Accessories,99.92,1,5.0,99.92,94.92,Wallet,Returning,2.0,3.7
148891,2025-12-24,Dubai,Mobile Accessories,42.9,1,10.0,42.9,38.61,Card,Returning,5.0,3.0
112342,2024-07-25,Abu Dhabi,Electronics,1750.54,1,0.0,1750.54,1750.54,Cash On Delivery,Returning,4.0,3.5
125576,2025-02-01,Dubai,Groceries,254.5,1,0.0,254.5,254.5,Cash On Delivery,Returning,3.0,4.0
112215,2024-07-22,Dubai,Electronics,1175.16,1,0.0,1175.16,1175.16,Card,Returning,3.0,3.9
132823,2025-05-24,Abu Dhabi,Fashion,294.02,1,10.0,294.02,264.62,Card,New,2.0,5.0
134646,2025-06-20,Abu Dhabi,Mobile Accessories,126.61,1,0.0,126.61,126.61,Card,Returning,4.0,4.7
148154,2025-12-13,Abu Dhabi,Beauty & Personal Care,244.02,1,30.0,244.02,170.81,Card,New,1.0,4.9
141348,2025-09-22,Dubai,Beauty & Personal Care,334.37,1,0.0,334.37,334.37,Card,Returning,2.0,4.2
123596,2025-02-01,Abu Dhabi,Mobile Accessories,63.91,1,20.0,63.91,51.13,Cash On Delivery,New,2.0,4.9
129847,2025-04-09,Abu Dhabi,Beauty & Personal Care,34.36,1,5.0,34.36,32.64,Card,Returning,1.0,4.1
132780,2025-05-23,Dubai,Fashion,389.94,1,5.0,389.94,370.44,Card,New,4.0,4.7
132344,2025-05-17,Sharjah,Beauty & Personal Care,230.88,1,0.0,230.88,230.88,Cash On Delivery,Returning,1.0,4.5
115808,2024-12-09,Abu Dhabi,Beauty & Personal Care,145.57,1,5.0,145.57,138.29,Card,Returning,3.0,3.6
116529,2024-09-24,Dubai,Groceries,39.75,3,0.0,119.25,119.25,Card,Returning,2.0,5.0
123876,2025-06-01,Dubai,Beauty & Personal Care,74.09,2,10.0,148.18,133.36,Wallet,Returning,2.0,5.0
146263,2025-11-24,Sharjah,Groceries,197.23,1,50.0,197.23,98.62,Wallet,New,2.0,3.3
136953,2025-07-25,Abu Dhabi,Fashion,528.24,2,0.0,1056.48,1056.48,Card,Returning,1.0,3.5
146780,2025-11-27,Sharjah,Fashion,247.46,1,10.0,247.46,222.71,Wallet,Returning,4.0,5.0
131113,2025-04-28,Abu Dhabi,Beauty & Personal Care,366.31,2,0.0,732.62,732.62,Card,Returning,1.0,4.5
109516,2024-06-08,Dubai,Electronics,1293.95,1,5.0,1293.95,1229.25,Cash On Delivery,Returning,2.0,4.7
109088,2024-01-06,Dubai,Electronics,2358.12,1,0.0,2358.12,2358.12,Card,Returning,3.0,4.5
118284,2024-10-22,Sharjah,Beauty & Personal Care,190.03,1,0.0,190.03,190.03,Card,Returning,1.0,5.0
139570,2025-08-29,Dubai,Home & Kitchen,584.53,1,5.0,584.53,555.3,Card,New,3.0,4.1
118649,2024-10-28,Dubai,Electronics,1003.19,1,0.0,1003.19,1003.19,Cash On Delivery,Returning,3.0,3.2
113497,2024-08-13,Dubai,Fashion,325.93,1,10.0,325.93,293.34,Card,Returning,3.0,5.0
147931,2025-10-12,Dubai,Mobile Accessories,206.14,1,5.0,206.14,195.83,Wallet,Returning,2.0,4.6
119910,2024-11-18,Ras Al Khaimah,Groceries,247.89,2,15.0,495.78,421.41,Card,New,4.0,5.0
118683,2024-10-29,Abu Dhabi,Fashion,120.28,1,10.0,120.28,108.25,Cash On Delivery,Returning,1.0,3.7
130055,2025-04-12,Dubai,Home & Kitchen,601.76,1,20.0,601.76,481.41,Card,Returning,3.0,4.2
120973,2024-11-27,Ras Al Khaimah,Fashion,142.1,2,40.0,284.2,170.52,Wallet,New,3.0,4.2
131320,2025-05-01,Ras Al Khaimah,Mobile Accessories,105.39,2,10.0,210.78,189.7,Cash On Delivery,New,3.0,4.1
119134,2024-05-11,Sharjah,Home & Kitchen,537.59,1,5.0,537.59,510.71,Card,Returning,3.0,2.8
130730,2025-04-22,Dubai,Fashion,278.03,1,10.0,278.03,250.23,Card,Returning,4.0,4.4
121964,2024-07-12,Abu Dhabi,Electronics,3088.96,1,10.0,3088.96,2780.06,Card,New,1.0,5.0
122576,2024-12-16,Sharjah,Mobile Accessories,194.77,3,10.0,584.31,525.88,Card,Returning,1.0,3.8
142328,2025-05-10,Abu Dhabi,Fashion,135.87,1,0.0,135.87,135.87,Card,Returning,1.0,3.5
145743,2025-11-21,Dubai,Mobile Accessories,158.39,1,50.0,158.39,79.19,Cash On Delivery,Returning,2.0,3.7
125845,2025-02-06,Abu Dhabi,Electronics,904.44,1,15.0,904.44,768.77,Card,New,3.0,3.7
132330,2025-05-16,Abu Dhabi,Beauty & Personal Care,235.32,3,20.0,705.96,564.77,Cash On Delivery,New,3.0,4.7
145998,2025-11-22,Dubai,Beauty & Personal Care,46.27,2,50.0,92.54,46.27,Card,New,3.0,4.1
101299,2024-01-23,Dubai,Fashion,159.07,1,0.0,159.07,159.07,Cash On Delivery,Returning,2.0,4.7
119972,2024-11-19,Abu Dhabi,Fashion,155.54,1,0.0,155.54,155.54,Cash On Delivery,Returning,1.0,4.0
146300,2025-11-24,Abu Dhabi,Electronics,654.93,1,50.0,654.93,327.46,Cash On Delivery,Returning,3.0,3.4
148206,2025-12-14,Sharjah,Home & Kitchen,73.86,1,15.0,73.86,62.78,Card,Returning,2.0,4.2
139594,2025-08-29,Dubai,Groceries,66.37,1,5.0,66.37,63.05,Cash On Delivery,Returning,2.0,5.0
147670,2025-12-06,Dubai,Groceries,273.35,1,0.0,273.35,273.35,Card,Returning,1.0,2.6
138868,2025-08-20,Abu Dhabi,Electronics,2346.05,1,10.0,2346.05,2111.45,Cash On Delivery,Returning,4.0,3.4
131310,2025-01-05,Dubai,Home & Kitchen,864.78,2,10.0,1729.56,1556.6,Cash On Delivery,New,2.0,4.1
108676,2024-05-25,Abu Dhabi,Home & Kitchen,621.08,1,10.0,621.08,558.97,Card,Returning,3.0,4.0
105631,2024-09-04,Dubai,Fashion,420.47,2,10.0,840.94,756.85,Card,Returning,4.0,3.5
105882,2024-11-04,Abu Dhabi,Mobile Accessories,205.79,2,0.0,411.58,411.58,Card,Returning,2.0,5.0
141892,2025-09-29,Dubai,Electronics,3126.44,1,0.0,3126.44,3126.44,Wallet,Returning,4.0,4.8
109153,2024-02-06,Sharjah,Groceries,102.5,1,0.0,102.5,102.5,Card,Returning,2.0,4.5
137716,2025-05-08,Sharjah,Fashion,594.72,1,20.0,594.72,475.78,Card,Returning,5.0,4.6
100343,2024-07-01,Sharjah,Groceries,147.9,1,5.0,147.9,140.5,Wallet,New,4.0,2.6
120170,2024-11-22,Dubai,Electronics,595.76,1,30.0,595.76,417.03,Card,Returning,1.0,4.0
128030,2025-03-16,Dubai,Fashion,455.56,1,15.0,455.56,387.23,Card,Returning,1.0,5.0
116290,2024-09-20,Dubai,Fashion,338.19,1,5.0,338.19,321.28,Card,New,1.0,4.2
140749,2025-09-13,Dubai,Electronics,1208.42,2,10.0,2416.84,2175.16,Cash On Delivery,New,3.0,3.7
147129,2025-11-29,Ajman,Fashion,342.02,1,0.0,342.02,342.02,Cash On Delivery,New,4.0,3.0
110637,2024-06-26,Dubai,Fashion,219.09,1,0.0,219.09,219.09,Card,Returning,3.0,5.0
128512,2025-03-24,Dubai,Electronics,549.72,1,15.0,549.72,467.26,Card,New,4.0,5.0
133019,2025-05-27,Dubai,Mobile Accessories,232.5,1,15.0,232.5,197.62,Card,New,4.0,5.0
139996,2025-02-09,Sharjah,Beauty & Personal Care,142.07,1,0.0,142.07,142.07,Cash On Delivery,New,3.0,3.8
143624,2025-10-24,Dubai,Fashion,513.04,1,0.0,513.04,513.04,Cash On Delivery,Returning,1.0,3.8
105247,2024-04-03,Abu Dhabi,Electronics,3115.86,1,0.0,3115.86,3115.86,Card,Returning,3.0,4.3
143432,2025-10-21,Abu Dhabi,Electronics,1370.79,1,0.0,1370.79,1370.79,Card,New,2.0,3.5
120417,2024-11-23,Dubai,Fashion,416.08,3,30.0,1248.24,873.77,Cash On Delivery,Returning,3.0,4.8
100492,2024-01-10,Dubai,Fashion,219.68,1,30.0,219.68,153.78,Wallet,New,1.0,3.9
110563,2024-06-25,Sharjah,Fashion,584.93,1,5.0,584.93,555.68,Card,New,3.0,5.0
104015,2024-09-03,Abu Dhabi,Beauty & Personal Care,99.39,1,5.0,99.39,94.42,Card,New,3.0,4.8
130655,2025-04-21,Dubai,Fashion,82.46,1,10.0,82.46,74.21,Card,Returning,2.0,5.0
135746,2025-07-07,Abu Dhabi,Beauty & Personal Care,197.31,1,30.0,197.31,138.12,Card,Returning,2.0,3.4
123365,2024-12-29,Dubai,Groceries,243.03,1,0.0,243.03,243.03,Cash On Delivery,New,3.0,3.9
147055,2025-11-28,Dubai,Fashion,434.95,1,30.0,434.95,304.46,Card,Returning,1.0,3.2
125036,2025-01-24,Dubai,Mobile Accessories,172.5,1,0.0,172.5,172.5,Cash On Delivery,Returning,3.0,3.6
131009,2025-04-26,Sharjah,Home & Kitchen,270.44,1,10.0,270.44,243.4,Card,Returning,4.0,4.4
129962,2025-04-11,Abu Dhabi,Mobile Accessories,185.32,1,20.0,185.32,148.26,Cash On Delivery,Returning,1.0,4.2
127785,2025-11-03,Dubai,Groceries,160.43,1,0.0,160.43,160.43,Cash On Delivery,Returning,4.0,4.2
141336,2025-09-22,Dubai,Home & Kitchen,271.43,1,0.0,271.43,271.43,Card,Returning,2.0,5.0
116434,2024-09-22,Dubai,Mobile Accessories,211.17,1,0.0,211.17,211.17,Cash On Delivery,Returning,4.0,3.8
141034,2025-09-17,Dubai,Electronics,2987.13,3,5.0,8961.39,8513.32,Cash On Delivery,New,1.0,4.2
130219,2025-04-15,Abu Dhabi,Groceries,114.11,1,5.0,114.11,108.4,Card,Returning,3.0,4.8
112108,2024-07-21,Ras Al Khaimah,Beauty & Personal Care,216.75,1,20.0,216.75,173.4,Cash On Delivery,Returning,1.0,4.2
138857,2025-08-20,Dubai,Fashion,312.34,1,5.0,312.34,296.72,Card,New,4.0,5.0
129061,2025-01-04,Abu Dhabi,Groceries,202.63,1,0.0,202.63,202.63,Card,Returning,1.0,4.3
127106,2025-02-26,Sharjah,Fashion,303.37,1,10.0,303.37,273.03,Wallet,Returning,2.0,4.8
149349,2025-12-30,Ras Al Khaimah,Electronics,1568.94,2,5.0,3137.88,2980.99,Wallet,Returning,2.0,4.2
136705,2025-07-21,Dubai,Fashion,67.33,1,20.0,67.33,53.86,Cash On Delivery,New,3.0,4.3
137194,2025-07-28,Abu Dhabi,Groceries,226.87,1,30.0,226.87,158.81,Card,Returning,2.0,4.1
147527,2025-12-05,Abu Dhabi,Mobile Accessories,145.23,3,10.0,435.69,392.12,Cash On Delivery,Returning,2.0,4.2
124742,2025-01-19,Dubai,Beauty & Personal Care,257.82,1,0.0,257.82,257.82,Card,New,2.0,5.0
110019,2024-06-16,Ajman,Electronics,1089.66,2,10.0,2179.32,1961.39,Card,Returning,2.0,4.6
119474,2024-11-11,Dubai,Electronics,3090.26,1,10.0,3090.26,2781.23,Card,Returning,1.0,5.0
138028,2025-08-09,Ras Al Khaimah,Groceries,264.85,1,0.0,264.85,264.85,Card,New,3.0,3.3
140311,2025-09-06,Sharjah,Fashion,227.74,1,0.0,227.74,204.97,Cash On Delivery,Returning,1.0,4.2
145667,2025-11-21,Dubai,Beauty & Personal Care,98.24,1,40.0,98.24,58.94,Card,New,3.0,3.4
130349,2025-04-17,Dubai,Electronics,377.31,1,10.0,377.31,339.58,Wallet,Returning,2.0,4.1
148340,2025-12-16,Abu Dhabi,Fashion,195.84,1,0.0,195.84,195.84,Wallet,Returning,3.0,4.4
107279,2024-01-05,Sharjah,Fashion,139.2,2,10.0,278.4,250.56,Card,Returning,4.0,4.8
136810,2025-07-22,Dubai,Beauty & Personal Care,362.57,1,15.0,362.57,308.18,Card,New,4.0,3.3
131801,2025-09-05,Dubai,Groceries,73.42,1,20.0,73.42,58.74,Card,New,2.0,3.5
119079,2024-04-11,Dubai,Fashion,303.22,3,15.0,909.66,773.21,Card,New,2.0,5.0
131758,2025-05-08,Ajman,Mobile Accessories,45.29,1,10.0,45.29,40.76,Card,Returning,3.0,3.9
106094,2024-04-13,Ras Al Khaimah,Electronics,910.0,1,10.0,910.0,819.0,Card,New,3.0,3.7
134609,2025-06-20,Sharjah,Electronics,2407.21,1,5.0,2407.21,2286.85,Card,Returning,3.0,3.3
102772,2024-02-17,Dubai,Groceries,224.27,1,10.0,224.27,201.84,Card,Returning,2.0,4.9
130561,2025-04-20,Abu Dhabi,Home & Kitchen,585.93,1,0.0,585.93,585.93,Card,Returning,2.0,3.4
115235,2024-04-09,Sharjah,Electronics,3307.64,1,10.0,3307.64,2976.88,Cash On Delivery,New,3.0,4.2
100191,2024-04-01,Dubai,Beauty & Personal Care,329.41,1,0.0,329.41,329.41,Wallet,New,1.0,4.2
112019,2024-07-19,Dubai,Groceries,60.75,1,0.0,60.75,60.75,Card,Returning,4.0,4.1
107909,2024-05-12,Dubai,Home & Kitchen,115.73,1,15.0,115.73,98.37,Card,Returning,4.0,4.6
100103,2024-03-01,Abu Dhabi,Beauty & Personal Care,324.78,1,0.0,324.78,324.78,Card,New,2.0,4.6
134450,2025-06-17,Dubai,Electronics,3117.94,3,0.0,9353.82,9353.82,Card,Returning,3.0,3.9
123980,2025-07-01,Abu Dhabi,Fashion,441.1,1,5.0,441.1,419.04,Card,Returning,3.0,5.0
113754,2024-08-16,Abu Dhabi,Fashion,316.36,1,0.0,316.36,316.36,Card,Returning,3.0,4.0
102335,2024-02-09,Abu Dhabi,Beauty & Personal Care,370.23,1,10.0,370.23,333.21,Cash On Delivery,New,3.0,4.9
108354,2024-05-19,Sharjah,Fashion,289.78,1,0.0,289.78,289.78,Card,New,4.0,5.0
113600,2024-08-14,Abu Dhabi,Beauty & Personal Care,54.39,1,0.0,54.39,54.39,Cash On Delivery,Returning,2.0,4.2
133984,2025-10-06,Abu Dhabi,Fashion,499.34,1,0.0,499.34,499.34,Cash On Delivery,Returning,2.0,5.0
109707,2024-11-06,Dubai,Fashion,275.71,1,20.0,275.71,220.57,Cash On Delivery,New,3.0,5.0
145970,2025-11-22,Dubai,Fashion,138.32,1,40.0,138.32,82.99,Card,Returning,1.0,4.4
113978,2024-08-19,Dubai,Beauty & Personal Care,251.84,1,5.0,251.84,239.25,Card,New,3.0,3.9
104599,2024-03-21,Ras Al Khaimah,Home & Kitchen,598.89,1,20.0,598.89,479.11,Card,Returning,2.0,5.0
129187,2025-02-04,Sharjah,Mobile Accessories,116.95,1,20.0,116.95,93.56,Card,New,1.0,4.6
128541,2025-03-25,Sharjah,Fashion,308.95,2,5.0,617.9,587.0,Wallet,New,2.0,2.9
118431,2024-10-25,Dubai,Mobile Accessories,86.07,1,5.0,86.07,81.77,Card,Returning,3.0,4.1
146233,2025-11-24,Abu Dhabi,Fashion,128.62,1,20.0,128.62,102.9,Cash On Delivery,Returning,3.0,4.2
142708,2025-11-10,Dubai,Home & Kitchen,896.78,1,0.0,896.78,896.78,Card,Returning,4.0,3.7
110414,2024-06-23,Dubai,Beauty & Personal Care,306.01,1,0.0,306.01,306.01,Card,New,1.0,5.0
123526,2024-12-31,Abu Dhabi,Electronics,1269.66,2,5.0,2539.32,2412.35,Card,Returning,3.0,4.2
129216,2025-04-02,Dubai,Mobile Accessories,219.81,1,15.0,219.81,186.84,Card,New,4.0,4.2
101019,2024-01-18,Dubai,Electronics,1109.14,1,0.0,1109.14,1109.14,Card,Returning,3.0,4.6
113984,2024-08-19,Dubai,Mobile Accessories,195.02,1,15.0,195.02,165.77,Cash On Delivery,Returning,2.0,3.0
133444,2025-06-02,Ras Al Khaimah,Electronics,2270.62,1,5.0,2270.62,2157.09,Card,Returning,4.0,4.3
114346,2024-08-24,Ras Al Khaimah,Groceries,58.1,1,10.0,58.1,52.29,Card,New,1.0,4.0
121787,2024-04-12,Ajman,Mobile Accessories,235.0,1,10.0,235.0,211.5,Card,Returning,4.0,3.9
142265,2025-10-04,Dubai,Fashion,46.13,1,15.0,46.13,39.21,Cash On Delivery,New,2.0,3.1
146183,2025-11-23,Dubai,Fashion,451.63,1,40.0,451.63,270.98,Card,New,2.0,5.0
133175,2025-05-29,Dubai,Electronics,3020.98,1,10.0,3020.98,2718.88,Card,Returning,1.0,3.7
109606,2024-09-06,Dubai,Electronics,3176.74,1,0.0,3176.74,3176.74,Cash On Delivery,New,1.0,4.2
124193,2025-01-10,Ajman,Home & Kitchen,569.4,1,0.0,569.4,569.4,Card,Returning,1.0,4.1
141161,2025-09-19,Abu Dhabi,Fashion,330.77,1,5.0,330.77,314.23,Card,Returning,1.0,4.2
126511,2025-02-17,Dubai,Beauty & Personal Care,230.05,2,15.0,460.1,391.08,Card,New,3.0,3.7
125760,2025-02-04,Sharjah,Groceries,292.49,3,30.0,877.47,614.23,Cash On Delivery,Returning,3.0,4.7
133208,2025-05-30,Ajman,Mobile Accessories,105.98,1,5.0,105.98,100.68,Card,Returning,2.0,4.1
129803,2025-08-04,Abu Dhabi,Electronics,1568.39,1,10.0,1568.39,1411.55,Wallet,Returning,4.0,3.3
118850,2024-11-01,Dubai,Fashion,345.21,1,10.0,345.21,310.69,Cash On Delivery,Returning,3.0,5.0
105251,2024-03-04,Abu Dhabi,Home & Kitchen,206.93,2,5.0,413.86,393.17,Card,Returning,2.0,4.4
103358,2024-02-27,Dubai,Groceries,132.51,2,0.0,265.02,265.02,Cash On Delivery,Returning,2.0,3.9
136653,2025-07-20,Dubai,Mobile Accessories,57.37,1,10.0,57.37,51.63,Wallet,Returning,1.0,4.0
106464,2024-04-18,Ajman,Mobile Accessories,231.8,1,0.0,231.8,231.8,Card,Returning,2.0,4.5
104638,2024-03-22,Dubai,Mobile Accessories,227.79,2,15.0,455.58,387.24,Card,Returning,4.0,5.0
116906,2024-09-30,Ras Al Khaimah,Beauty & Personal Care,91.44,1,5.0,91.44,86.87,Cash On Delivery,Returning,1.0,4.8
100234,2024-05-01,Abu Dhabi,Beauty & Personal Care,43.05,2,15.0,86.1,73.18,Cash On Delivery,Returning,3.0,3.7
142452,2025-10-07,Sharjah,Electronics,2066.41,2,0.0,4132.82,4132.82,Card,New,5.0,4.8
121973,2024-07-12,Sharjah,Mobile Accessories,151.92,1,30.0,151.92,106.34,Wallet,New,3.0,5.0
104004,2024-09-03,Abu Dhabi,Mobile Accessories,227.7,1,10.0,227.7,204.93,Card,Returning,5.0,4.0
125495,2025-01-31,Sharjah,Groceries,210.98,1,10.0,210.98,189.88,Cash On Delivery,Returning,1.0,2.6
147045,2025-11-28,Ajman,Groceries,164.32,1,30.0,164.32,115.02,Card,New,3.0,3.2
142876,2025-10-13,Dubai,Fashion,224.96,1,15.0,224.96,191.22,Wallet,Returning,3.0,3.3
147839,2025-12-08,Dubai,Electronics,1320.18,2,0.0,2640.36,2640.36,Card,New,1.0,4.9
142129,2025-03-10,Sharjah,Groceries,136.59,1,0.0,136.59,136.59,Card,Returning,2.0,4.7
131816,2025-09-05,Dubai,Mobile Accessories,236.54,1,0.0,236.54,236.54,Cash On Delivery,Returning,2.0,4.5
122233,2024-11-12,Abu Dhabi,Electronics,2326.32,2,20.0,4652.64,3722.11,Card,New,3.0,4.3
143293,2025-10-19,Dubai,Electronics,2683.76,1,15.0,2683.76,2281.2,Wallet,Returning,2.0,4.3
112791,2024-08-01,Dubai,Home & Kitchen,211.72,1,0.0,211.72,211.72,Cash On Delivery,Returning,1.0,4.2
142538,2025-08-10,Dubai,Groceries,299.78,1,5.0,299.78,284.79,Wallet,Returning,2.0,3.8
133438,2025-02-06,Ajman,Electronics,2888.19,1,5.0,2888.19,2743.78,Card,New,3.0,3.5
113982,2024-08-19,Ras Al Khaimah,Fashion,43.53,1,20.0,43.53,34.82,Card,Returning,3.0,3.9
125078,2025-01-25,Dubai,Home & Kitchen,142.75,1,5.0,142.75,135.61,Card,New,1.0,4.1
104762,2024-03-24,Abu Dhabi,Groceries,136.29,1,20.0,136.29,109.03,Card,Returning,4.0,3.6
142632,2025-10-10,Abu Dhabi,Home & Kitchen,251.49,1,10.0,251.49,226.34,Card,Returning,3.0,3.6
121439,2024-11-29,Abu Dhabi,Groceries,64.94,1,40.0,64.94,38.96,Cash On Delivery,Returning,1.0,4.6
130087,2025-04-13,Ras Al Khaimah,Home & Kitchen,684.58,1,20.0,684.58,547.66,Wallet,Returning,1.0,4.9
102419,2024-02-11,Dubai,Fashion,230.56,1,20.0,230.56,184.45,Cash On Delivery,Returning,3.0,4.4
135468,2025-03-07,Sharjah,Beauty & Personal Care,218.63,2,5.0,437.26,415.4,Card,Returning,2.0,2.8
105675,2024-09-04,Dubai,Groceries,181.33,2,20.0,362.66,290.13,Card,Returning,2.0,3.5
146593,2025-11-26,Abu Dhabi,Mobile Accessories,187.62,1,20.0,187.62,150.1,Card,Returning,3.0,4.5
137144,2025-07-27,Ras Al Khaimah,Electronics,3466.75,2,0.0,6933.5,6933.5,Card,Returning,5.0,5.0
107933,2024-12-05,Sharjah,Groceries,52.08,1,15.0,52.08,44.27,Cash On Delivery,Returning,4.0,4.2
129402,2025-03-04,Sharjah,Beauty & Personal Care,299.69,1,10.0,299.69,269.72,Cash On Delivery,Returning,4.0,4.6
120474,2024-11-23,Dubai,Mobile Accessories,120.24,1,50.0,120.24,60.12,Card,Returning,3.0,3.8
128837,2025-03-30,Sharjah,Fashion,133.5,1,0.0,133.5,133.5,Wallet,New,4.0,4.3
110225,2024-06-20,Dubai,Mobile Accessories,243.29,1,0.0,243.29,243.29,Card,New,3.0,4.9
105192,2024-02-04,Abu Dhabi,Fashion,268.34,1,10.0,268.34,241.51,Card,Returning,4.0,3.8
143704,2025-10-25,Abu Dhabi,Beauty & Personal Care,379.38,1,20.0,379.38,303.5,Card,Returning,3.0,4.3
147835,2025-08-12,Sharjah,Electronics,1147.05,1,0.0,1147.05,1147.05,Card,Returning,4.0,4.2
121130,2024-11-28,Sharjah,Fashion,252.79,1,30.0,252.79,176.95,Wallet,Returning,3.0,4.2
118482,2024-10-25,Dubai,Beauty & Personal Care,70.58,1,15.0,70.58,59.99,Card,Returning,4.0,4.1
129619,2025-04-05,Dubai,Home & Kitchen,569.42,1,0.0,569.42,569.42,Card,Returning,2.0,5.0
113527,2024-08-13,Dubai,Electronics,3201.35,2,0.0,6402.7,6402.7,Card,Returning,1.0,5.0
105416,2024-06-04,Dubai,Fashion,345.65,1,5.0,345.65,328.37,Card,New,2.0,5.0
119681,2024-11-14,Sharjah,Mobile Accessories,203.07,1,10.0,203.07,182.76,Cash On Delivery,Returning,3.0,3.4
134945,2025-06-24,Abu Dhabi,Groceries,285.7,1,20.0,285.7,228.56,Wallet,Returning,2.0,4.2
122212,2024-11-12,Dubai,Mobile Accessories,127.01,1,5.0,127.01,120.66,Cash On Delivery,New,3.0,4.5
103327,2024-02-26,Dubai,Mobile Accessories,236.67,1,5.0,236.67,224.84,Wallet,Returning,2.0,4.1
103916,2024-03-08,Abu Dhabi,Fashion,502.79,1,0.0,502.79,502.79,Cash On Delivery,New,4.0,4.6
130264,2025-04-16,Ras Al Khaimah,Fashion,124.01,1,5.0,124.01,117.81,Cash On Delivery,New,2.0,3.2
148006,2025-11-12,Sharjah,Electronics,613.2,1,5.0,613.2,582.54,Cash On Delivery,Returning,1.0,4.2
131081,2025-04-27,Abu Dhabi,Home & Kitchen,574.01,1,5.0,574.01,545.31,Cash On Delivery,New,3.0,4.2
131538,2025-04-05,Dubai,Mobile Accessories,41.41,1,30.0,41.41,28.99,Wallet,Returning,3.0,3.4
129210,2025-04-02,Dubai,Electronics,2525.85,2,15.0,5051.7,4293.94,Wallet,Returning,3.0,3.7
139222,2025-08-24,Ajman,Fashion,220.19,1,0.0,220.19,220.19,Cash On Delivery,Returning,4.0,5.0
136681,2025-07-20,Dubai,Electronics,2173.03,1,20.0,2173.03,1738.42,Card,Returning,3.0,4.4
142606,2025-10-10,Dubai,Home & Kitchen,888.11,2,15.0,1776.22,1509.79,Cash On Delivery,Returning,2.0,4.5
105145,2024-04-01,Dubai,Groceries,57.7,1,0.0,57.7,57.7,Cash On Delivery,New,2.0,4.2
131478,2025-03-05,Dubai,Beauty & Personal Care,82.77,1,10.0,82.77,74.49,Cash On Delivery,New,3.0,3.9
127817,2025-12-03,Dubai,Groceries,182.22,2,0.0,364.44,364.44,Card,Returning,4.0,3.3
120034,2024-11-20,Dubai,Electronics,2252.54,1,0.0,2252.54,2252.54,Cash On Delivery,New,2.0,3.2
105434,2024-06-04,Ajman,Electronics,3222.87,1,5.0,3222.87,3061.73,Card,New,2.0,3.2
113423,2024-08-12,Abu Dhabi,Groceries,76.39,2,10.0,152.78,137.5,Card,Returning,3.0,4.6
129653,2025-05-04,Dubai,Electronics,2766.94,1,10.0,2766.94,2490.25,Wallet,Returning,6.0,4.3
128551,2025-03-25,Sharjah,Home & Kitchen,576.15,2,0.0,1152.3,1152.3,Cash On Delivery,New,1.0,4.8
100652,2024-12-01,Sharjah,Beauty & Personal Care,252.52,1,15.0,252.52,214.64,Card,Returning,3.0,3.5
138977,2025-08-22,Dubai,Electronics,2335.8,2,5.0,4671.6,4438.02,Card,Returning,2.0,4.8
103440,2024-02-28,Abu Dhabi,Fashion,363.56,1,20.0,363.56,290.85,Card,Returning,4.0,3.2
115613,2024-09-09,Abu Dhabi,Groceries,215.46,1,20.0,215.46,172.37,Cash On Delivery,Returning,2.0,5.0
107252,2024-05-01,Ajman,Groceries,96.31,1,30.0,96.31,67.42,Card,Returning,2.0,5.0
109995,2024-06-15,Abu Dhabi,Groceries,67.13,1,0.0,67.13,67.13,Card,Returning,3.0,5.0
144715,2025-11-07,Dubai,Groceries,228.47,1,5.0,228.47,217.05,Card,Returning,2.0,3.6
101674,2024-01-30,Dubai,Fashion,111.56,1,0.0,111.56,111.56,Cash On Delivery,New,2.0,4.1
125669,2025-03-02,Abu Dhabi,Groceries,154.26,1,5.0,154.26,146.55,Cash On Delivery,New,2.0,4.9
128399,2025-03-22,Abu Dhabi,Mobile Accessories,74.2,1,30.0,74.2,51.94,Cash On Delivery,Returning,2.0,4.4
138321,2025-08-14,Ajman,Groceries,142.31,1,30.0,142.31,99.62,Card,New,1.0,3.7
125445,2025-01-31,Ras Al Khaimah,Home & Kitchen,719.46,1,0.0,719.46,719.46,Wallet,Returning,2.0,4.6
114669,2024-08-28,Ajman,Beauty & Personal Care,246.65,1,10.0,246.65,221.98,Cash On Delivery,Returning,2.0,4.7
147687,2025-06-12,Abu Dhabi,Groceries,234.7,1,0.0,234.7,234.7,Cash On Delivery,New,1.0,5.0
103721,2024-03-04,Abu Dhabi,Fashion,483.16,1,5.0,483.16,459.0,Cash On Delivery,Returning,2.0,3.6
112428,2024-07-26,Ajman,Groceries,119.33,1,10.0,119.33,107.4,Cash On Delivery,Returning,2.0,5.0
144927,2025-10-11,Sharjah,Groceries,116.82,1,10.0,116.82,105.14,Card,Returning,4.0,4.4
130937,2025-04-25,Ajman,Beauty & Personal Care,266.91,1,10.0,266.91,240.22,Card,Returning,3.0,4.0
143749,2025-10-26,Dubai,Fashion,244.21,3,0.0,732.63,732.63,Cash On Delivery,Returning,1.0,4.2
148592,2025-12-19,Ras Al Khaimah,Home & Kitchen,534.06,1,5.0,534.06,507.36,Card,Returning,3.0,5.0
140357,2025-07-09,Ras Al Khaimah,Mobile Accessories,44.64,1,0.0,44.64,44.64,Card,Returning,3.0,4.2
112520,2024-07-27,Ajman,Mobile Accessories,60.92,1,0.0,60.92,60.92,Wallet,Returning,2.0,3.3
131346,2025-01-05,Dubai,Groceries,269.91,1,30.0,269.91,188.94,Card,Returning,4.0,4.1
107840,2024-11-05,Dubai,Electronics,2623.71,1,5.0,2623.71,2492.52,Card,New,2.0,3.0
133973,2025-06-10,Dubai,Beauty & Personal Care,219.06,1,0.0,219.06,219.06,Card,New,3.0,3.3
139349,2025-08-26,Sharjah,Fashion,234.81,1,0.0,234.81,234.81,Wallet,Returning,1.0,4.7
138678,2025-08-18,Dubai,Fashion,226.03,1,20.0,226.03,180.82,Card,New,2.0,5.0
107608,2024-05-07,Dubai,Electronics,1960.45,1,5.0,1960.45,1862.43,Wallet,Returning,3.0,3.5
142193,2025-10-03,Abu Dhabi,Fashion,400.23,1,0.0,400.23,400.23,Card,New,2.0,4.4
136804,2025-07-22,Dubai,Home & Kitchen,767.22,1,10.0,767.22,690.5,Card,Returning,4.0,3.6
116907,2024-09-30,Dubai,Electronics,1760.62,1,5.0,1760.62,1672.59,Card,Returning,4.0,3.7
132704,2025-05-22,Dubai,Home & Kitchen,803.38,1,0.0,803.38,803.38,Card,New,3.0,3.9
137849,2025-08-07,Dubai,Beauty & Personal Care,245.85,1,0.0,245.85,245.85,Card,Returning,3.0,4.5
142833,2025-10-12,Abu Dhabi,Beauty & Personal Care,110.31,1,10.0,110.31,99.28,Cash On Delivery,New,2.0,4.3
130556,2025-04-20,Abu Dhabi,Fashion,406.65,2,10.0,813.3,731.97,Card,New,1.0,5.0
134282,2025-06-15,Dubai,Home & Kitchen,510.65,2,5.0,1021.3,970.23,Card,Returning,4.0,3.4
120584,2024-11-24,Abu Dhabi,Groceries,190.07,1,30.0,190.07,133.05,Cash On Delivery,Returning,3.0,4.9
123595,2025-02-01,Dubai,Fashion,128.2,1,0.0,128.2,128.2,Wallet,Returning,1.0,4.0
115720,2024-09-11,Dubai,Beauty & Personal Care,199.82,1,5.0,199.82,189.83,Cash On Delivery,Returning,2.0,5.0
114409,2024-08-24,Dubai,Home & Kitchen,51.87,1,10.0,51.87,46.68,Cash On Delivery,Returning,3.0,4.2
133326,2025-05-31,Dubai,Electronics,429.41,1,15.0,429.41,365.0,Card,New,4.0,4.2
107106,2024-04-28,Abu Dhabi,Electronics,963.42,1,0.0,963.42,963.42,Wallet,New,4.0,4.4
144301,2025-11-02,Dubai,Electronics,1353.61,1,10.0,1353.61,1218.25,Card,New,2.0,4.4
114180,2024-08-22,Sharjah,Beauty & Personal Care,269.5,1,10.0,269.5,242.55,Wallet,Returning,3.0,4.2
139604,2025-08-29,Dubai,Beauty & Personal Care,248.34,1,15.0,248.34,211.09,Card,New,3.0,4.8
114259,2024-08-23,Dubai,Fashion,510.56,1,20.0,510.56,408.45,Cash On Delivery,New,4.0,4.2
112357,2024-07-25,Dubai,Fashion,513.64,2,0.0,1027.28,1027.28,Card,New,3.0,4.4
128708,2025-03-28,Abu Dhabi,Electronics,1336.19,1,0.0,1336.19,1336.19,Cash On Delivery,New,1.0,3.3
121508,2024-01-12,Sharjah,Fashion,533.07,1,0.0,533.07,533.07,Cash On Delivery,Returning,1.0,4.3
133995,2025-06-10,Dubai,Beauty & Personal Care,248.06,1,5.0,248.06,235.66,Card,New,1.0,4.2
141381,2025-09-22,Abu Dhabi,Fashion,278.67,1,0.0,278.67,278.67,Card,Returning,3.0,3.8
109522,2024-06-08,Sharjah,Home & Kitchen,371.81,1,0.0,371.81,371.81,Card,Returning,5.0,4.3
137879,2025-07-08,Sharjah,Beauty & Personal Care,291.84,3,15.0,875.52,744.19,Wallet,Returning,3.0,4.2
120976,2024-11-27,Abu Dhabi,Home & Kitchen,386.49,1,40.0,386.49,231.89,Card,Returning,2.0,4.9
148961,2025-12-25,Sharjah,Groceries,141.97,1,0.0,141.97,141.97,Card,Returning,3.0,4.2
135853,2025-08-07,Dubai,Groceries,27.69,2,20.0,55.38,44.3,Wallet,Returning,3.0,5.0
116901,2024-09-30,Dubai,Mobile Accessories,127.39,1,5.0,127.39,121.02,Card,Returning,2.0,3.6
104597,2024-03-21,Dubai,Electronics,2394.35,1,15.0,2394.35,2035.2,Card,New,3.0,5.0
111973,2024-07-19,Dubai,Groceries,187.34,2,5.0,374.68,355.95,Cash On Delivery,Returning,3.0,5.0
120286,2024-11-22,Abu Dhabi,Mobile Accessories,60.22,1,40.0,60.22,36.13,Cash On Delivery,New,1.0,2.6
137116,2025-07-27,Abu Dhabi,Home & Kitchen,626.23,1,15.0,626.23,532.3,Wallet,New,6.0,4.1
102810,2024-02-17,Dubai,Mobile Accessories,88.02,1,0.0,88.02,88.02,Card,New,3.0,4.5
102058,2024-02-05,Dubai,Fashion,284.51,1,10.0,284.51,256.06,Card,Returning,2.0,5.0
141499,2025-09-24,Dubai,Home & Kitchen,274.96,1,5.0,274.96,261.21,Card,Returning,1.0,3.5
140215,2025-09-05,Dubai,Fashion,131.34,2,5.0,262.68,249.55,Card,Returning,2.0,5.0
140117,2025-04-09,Dubai,Home & Kitchen,629.12,1,5.0,629.12,597.66,Wallet,New,3.0,5.0
136581,2025-07-19,Abu Dhabi,Beauty & Personal Care,49.78,1,0.0,49.78,49.78,Cash On Delivery,New,3.0,3.7
126376,2025-02-15,Dubai,Fashion,524.57,1,5.0,524.57,498.34,Card,New,2.0,5.0
148548,2025-12-19,Abu Dhabi,Mobile Accessories,164.34,1,0.0,164.34,164.34,Wallet,New,2.0,4.3
146161,2025-11-23,Abu Dhabi,Electronics,1848.94,1,50.0,1848.94,924.47,Card,New,4.0,4.5
120107,2024-11-21,Dubai,Mobile Accessories,137.2,1,0.0,137.2,137.2,Card,Returning,1.0,4.2
112161,2024-07-21,Dubai,Electronics,2782.79,1,0.0,2782.79,2782.79,Cash On Delivery,Returning,1.0,4.2
149242,2025-12-28,Ras Al Khaimah,Mobile Accessories,181.03,1,10.0,181.03,162.93,Cash On Delivery,New,2.0,5.0
136748,2025-07-21,Ajman,Groceries,246.78,1,0.0,246.78,246.78,Wallet,New,2.0,4.0
127953,2025-03-14,Ras Al Khaimah,Groceries,50.09,1,0.0,50.09,50.09,Cash On Delivery,Returning,3.0,2.9
121537,2024-12-01,Dubai,Home & Kitchen,745.2,1,0.0,745.2,745.2,Card,Returning,4.0,5.0
120256,2024-11-22,Dubai,Fashion,581.91,1,30.0,581.91,407.34,Card,Returning,2.0,5.0
113193,2024-08-08,Abu Dhabi,Home & Kitchen,837.56,1,5.0,837.56,795.68,Cash On Delivery,New,3.0,5.0
138626,2025-08-18,Dubai,Beauty & Personal Care,399.23,1,5.0,399.23,379.27,Card,New,3.0,4.1
129667,2025-06-04,Sharjah,Electronics,638.37,1,0.0,638.37,638.37,Card,New,2.0,3.7
129863,2025-04-09,Dubai,Fashion,139.74,1,30.0,139.74,97.82,Cash On Delivery,New,3.0,4.6
139382,2025-08-26,Dubai,Mobile Accessories,137.77,1,0.0,137.77,137.77,Card,New,1.0,4.2
137621,2025-03-08,Sharjah,Groceries,184.38,1,30.0,184.38,129.07,Cash On Delivery,New,3.0,3.6
147206,2025-11-30,Dubai,Electronics,1703.43,1,0.0,1703.43,1703.43,Cash On Delivery,Returning,4.0,3.3
119635,2024-11-14,Dubai,Fashion,129.06,2,0.0,258.12,258.12,Card,New,2.0,4.0
115848,2024-09-13,Sharjah,Home & Kitchen,375.54,1,5.0,375.54,356.76,Card,New,4.0,4.6
116190,2024-09-19,Sharjah,Fashion,441.19,1,10.0,441.19,397.07,Card,New,3.0,3.8
116979,2024-02-10,Ajman,Mobile Accessories,111.95,2,0.0,223.9,223.9,Card,New,1.0,4.2
147253,2025-12-01,Abu Dhabi,Electronics,319.3,1,0.0,319.3,319.3,Wallet,Returning,6.0,4.6
143660,2025-10-24,Dubai,Mobile Accessories,93.45,1,20.0,93.45,74.76,Cash On Delivery,Returning,3.0,5.0
104114,2024-11-03,Dubai,Fashion,140.47,1,10.0,140.47,126.42,Card,Returning,2.0,4.0
148090,2025-12-12,Sharjah,Beauty & Personal Care,387.91,1,10.0,387.91,349.12,Card,New,4.0,4.9
142672,2025-10-10,Abu Dhabi,Groceries,245.38,1,0.0,245.38,220.84,Card,Returning,4.0,5.0
125338,2025-01-29,Sharjah,Groceries,66.52,1,0.0,66.52,66.52,Wallet,Returning,3.0,4.2
133876,2025-06-08,Dubai,Home & Kitchen,325.76,2,0.0,651.52,618.94,Card,New,5.0,4.7
109896,2024-06-14,Sharjah,Fashion,139.94,2,20.0,279.88,223.9,Cash On Delivery,Returning,1.0,3.8
145075,2025-11-13,Abu Dhabi,Electronics,1602.6,2,0.0,3205.2,3205.2,Card,New,4.0,4.2
143883,2025-10-27,Dubai,Home & Kitchen,389.75,1,5.0,389.75,370.26,Cash On Delivery,New,2.0,4.3
114661,2024-08-28,Dubai,Beauty & Personal Care,107.03,2,0.0,214.06,214.06,Card,Returning,4.0,4.7
136244,2025-07-14,Abu Dhabi,Beauty & Personal Care,226.7,1,0.0,226.7,226.7,Cash On Delivery,Returning,2.0,4.1
119038,2024-11-04,Sharjah,Fashion,520.14,1,15.0,520.14,442.12,Card,Returning,3.0,3.9
145966,2025-11-22,Dubai,Beauty & Personal Care,363.41,1,50.0,363.41,181.7,Card,Returning,2.0,4.5
119429,2024-10-11,Dubai,Mobile Accessories,93.0,1,5.0,93.0,88.35,Wallet,New,4.0,4.3
101021,2024-01-18,Sharjah,Home & Kitchen,888.42,1,0.0,888.42,888.42,Card,Returning,3.0,4.2
114468,2024-08-25,Dubai,Groceries,225.57,1,0.0,225.57,225.57,Cash On Delivery,Returning,3.0,4.8
118538,2024-10-26,Dubai,Groceries,130.27,1,5.0,130.27,123.76,Card,New,4.0,5.0
130715,2025-04-22,Abu Dhabi,Mobile Accessories,52.26,1,0.0,52.26,52.26,Card,New,2.0,2.3
101547,2024-01-27,Ras Al Khaimah,Home & Kitchen,728.45,1,5.0,728.45,692.03,Cash On Delivery,Returning,3.0,4.7
124458,2025-01-14,Dubai,Beauty & Personal Care,368.91,1,5.0,368.91,350.46,Card,New,3.0,5.0
119422,2024-10-11,Abu Dhabi,Beauty & Personal Care,339.21,1,15.0,339.21,288.33,Card,Returning,7.0,4.8
102459,2024-11-02,Dubai,Home & Kitchen,484.16,1,5.0,484.16,459.95,Wallet,Returning,3.0,4.1
121005,2024-11-27,Dubai,Fashion,454.3,1,40.0,454.3,272.58,Cash On Delivery,Returning,2.0,4.1
138150,2025-11-08,Dubai,Home & Kitchen,308.15,1,0.0,308.15,308.15,Card,New,3.0,3.6
130207,2025-04-15,Abu Dhabi,Fashion,75.94,1,5.0,75.94,72.14,Card,New,3.0,3.8
147463,2025-12-03,Abu Dhabi,Mobile Accessories,86.7,1,5.0,86.7,82.36,Card,Returning,1.0,4.2
147623,2025-06-12,Dubai,Home & Kitchen,335.85,1,0.0,335.85,335.85,Cash On Delivery,Returning,2.0,4.2
118046,2024-10-18,Dubai,Beauty & Personal Care,113.06,2,0.0,226.12,226.12,Card,Returning,3.0,3.0
124372,2025-01-13,Sharjah,Fashion,396.19,2,0.0,792.38,792.38,Card,Returning,2.0,4.7
115318,2024-09-05,Dubai,Mobile Accessories,160.38,1,0.0,160.38,160.38,Cash On Delivery,New,1.0,3.6
130228,2025-04-15,Abu Dhabi,Groceries,138.95,1,10.0,138.95,125.06,Cash On Delivery,Returning,1.0,4.1
144433,2025-03-11,Abu Dhabi,Electronics,1427.45,1,20.0,1427.45,1141.96,Card,Returning,3.0,4.5
132716,2025-05-22,Dubai,Fashion,150.93,1,0.0,150.93,150.93,Card,Returning,3.0,4.1
109226,2024-06-03,Dubai,Fashion,541.78,2,0.0,1083.56,1083.56,Card,New,2.0,4.5
124563,2025-01-16,Sharjah,Fashion,550.39,1,0.0,550.39,550.39,Cash On Delivery,Returning,1.0,4.9
129472,2025-04-04,Dubai,Electronics,2492.24,1,0.0,2492.24,2492.24,Wallet,Returning,2.0,4.6
116049,2024-09-16,Abu Dhabi,Home & Kitchen,800.57,1,10.0,800.57,720.51,Card,Returning,1.0,4.1
109611,2024-06-09,Dubai,Groceries,298.81,1,10.0,298.81,268.93,Card,Returning,3.0,3.9
110770,2024-06-28,Dubai,Electronics,1028.8,1,5.0,1028.8,977.36,Card,New,3.0,4.6
118580,2024-10-27,Dubai,Beauty & Personal Care,390.12,1,10.0,390.12,351.11,Card,Returning,3.0,4.4
105965,2024-04-12,Sharjah,Home & Kitchen,854.25,1,0.0,854.25,854.25,Cash On Delivery,Returning,2.0,4.2
111451,2024-11-07,Abu Dhabi,Beauty & Personal Care,227.08,1,10.0,227.08,204.37,Wallet,Returning,3.0,4.0
128833,2025-03-29,Abu Dhabi,Groceries,74.96,1,0.0,74.96,74.96,Card,New,3.0,4.2
114999,2024-01-09,Dubai,Beauty & Personal Care,195.95,1,0.0,195.95,195.95,Card,New,1.0,4.4
114065,2024-08-20,Dubai,Mobile Accessories,78.81,1,15.0,78.81,66.99,Wallet,Returning,3.0,3.7
124012,2025-01-08,Dubai,Mobile Accessories,30.06,2,0.0,60.12,51.1,Card,Returning,3.0,3.6
113422,2024-08-12,Dubai,Fashion,146.71,1,10.0,146.71,132.04,Cash On Delivery,Returning,4.0,4.1
128587,2025-03-26,Abu Dhabi,Fashion,357.62,2,0.0,715.24,715.24,Card,Returning,4.0,3.7
116168,2024-09-18,Sharjah,Groceries,140.27,1,10.0,140.27,126.24,Card,New,3.0,4.4
119761,2024-11-15,Dubai,Fashion,92.72,1,5.0,92.72,88.08,Card,Returning,5.0,4.9
101338,2024-01-24,Abu Dhabi,Mobile Accessories,82.27,2,10.0,164.54,148.09,Card,Returning,3.0,4.1
119637,2024-11-14,Abu Dhabi,Groceries,238.71,1,10.0,238.71,214.84,Cash On Delivery,Returning,4.0,2.7
128692,2025-03-28,Abu Dhabi,Electronics,1853.69,2,0.0,3707.38,3707.38,Cash On Delivery,Returning,3.0,4.2
140467,2025-08-09,Abu Dhabi,Electronics,2691.7,1,5.0,2691.7,2557.11,Card,Returning,3.0,3.9
100233,2024-01-05,Abu Dhabi,Fashion,94.06,1,0.0,94.06,94.06,Card,Returning,1.0,3.5
131327,2025-05-01,Sharjah,Electronics,3256.52,1,20.0,3256.52,2605.22,Card,Returning,2.0,3.9
145243,2025-11-15,Dubai,Home & Kitchen,538.12,1,10.0,538.12,484.31,Card,Returning,5.0,4.7
147469,2025-03-12,Dubai,Fashion,125.72,1,0.0,125.72,125.72,Card,Returning,3.0,3.1
143214,2025-10-18,Dubai,Fashion,75.94,1,0.0,75.94,75.94,Wallet,Returning,3.0,4.0
126465,2025-02-16,Dubai,Groceries,188.7,1,0.0,188.7,188.7,Wallet,New,2.0,5.0
135689,2025-06-07,Sharjah,Mobile Accessories,148.72,2,0.0,297.44,297.44,Card,Returning,1.0,3.6
138006,2025-09-08,Dubai,Fashion,69.14,2,0.0,138.28,138.28,Card,Returning,3.0,4.1
137425,2025-01-08,Dubai,Electronics,691.37,1,20.0,691.37,553.1,Card,Returning,4.0,4.2
101980,2024-04-02,Ajman,Electronics,1497.14,1,10.0,1497.14,1347.43,Card,Returning,2.0,3.6
121349,2024-11-29,Ajman,Mobile Accessories,58.38,1,30.0,58.38,40.87,Card,New,1.0,3.6
112077,2024-07-20,Dubai,Electronics,3391.93,1,10.0,3391.93,3052.74,Card,Returning,3.0,4.8
109481,2024-07-06,Ras Al Khaimah,Mobile Accessories,59.3,1,0.0,59.3,59.3,Card,Returning,3.0,3.4
147757,2025-07-12,Sharjah,Fashion,487.76,2,0.0,975.52,975.52,Card,Returning,3.0,4.8
136130,2025-07-12,Abu Dhabi,Home & Kitchen,815.25,1,10.0,815.25,733.72,Card,Returning,3.0,5.0
136717,2025-07-21,Dubai,Electronics,1673.06,2,0.0,3346.12,3346.12,Card,Returning,4.0,4.4
104820,2024-03-25,Dubai,Groceries,248.4,1,10.0,248.4,223.56,Cash On Delivery,New,2.0,3.9
145832,2025-11-22,Sharjah,Beauty & Personal Care,303.62,1,40.0,303.62,182.17,Card,New,2.0,3.7
127669,2025-03-09,Abu Dhabi,Home & Kitchen,369.8,1,5.0,369.8,351.31,Card,Returning,1.0,4.0
146865,2025-11-27,Dubai,Electronics,1004.77,1,50.0,1004.77,502.38,Card,New,3.0,3.2
113088,2024-08-06,Ajman,Beauty & Personal Care,375.17,2,20.0,750.34,600.27,Card,Returning,4.0,4.2
146462,2025-11-25,Dubai,Mobile Accessories,88.19,1,40.0,88.19,52.91,Card,New,4.0,3.8
130698,2025-04-22,Abu Dhabi,Home & Kitchen,777.65,1,0.0,777.65,777.65,Card,Returning,2.0,4.8
123275,2024-12-27,Dubai,Fashion,343.95,1,0.0,343.95,343.95,Card,New,1.0,3.7
104444,2024-03-18,Abu Dhabi,Fashion,412.11,3,5.0,1236.33,1174.51,Card,Returning,2.0,4.0
118204,2024-10-21,Abu Dhabi,Mobile Accessories,249.66,1,0.0,249.66,249.66,Card,New,4.0,3.8
111756,2024-07-15,Dubai,Electronics,685.78,1,0.0,685.78,685.78,Cash On Delivery,Returning,2.0,4.5
121321,2024-11-29,Abu Dhabi,Fashion,595.19,1,30.0,595.19,416.63,Card,Returning,1.0,2.7
120559,2024-11-24,Abu Dhabi,Home & Kitchen,238.99,1,40.0,238.99,143.39,Cash On Delivery,Returning,2.0,4.6
142674,2025-10-10,Abu Dhabi,Home & Kitchen,246.03,1,20.0,246.03,196.82,Wallet,Returning,3.0,4.0
128166,2025-03-18,Dubai,Mobile Accessories,194.84,1,10.0,194.84,175.36,Cash On Delivery,New,5.0,3.0
143714,2025-10-25,Dubai,Mobile Accessories,22.16,1,0.0,22.16,22.16,Card,Returning,3.0,4.0
106914,2024-04-26,Dubai,Fashion,539.1,2,0.0,1078.2,1078.2,Wallet,Returning,2.0,4.4
105693,2024-10-04,Dubai,Groceries,73.45,1,10.0,73.45,66.1,Wallet,Returning,1.0,4.2
147169,2025-11-30,Abu Dhabi,Electronics,3429.68,1,20.0,3429.68,2743.74,Card,New,3.0,4.5
122017,2024-12-07,Dubai,Home & Kitchen,580.75,1,10.0,580.75,522.68,Card,Returning,3.0,3.2
122965,2024-12-23,Dubai,Home & Kitchen,575.5,1,10.0,575.5,517.95,Card,Returning,4.0,4.1
126869,2025-02-22,Dubai,Fashion,270.56,2,0.0,541.12,541.12,Cash On Delivery,New,3.0,4.2
129635,2025-04-05,Dubai,Groceries,223.31,1,10.0,223.31,200.98,Cash On Delivery,Returning,1.0,4.4
112242,2024-07-23,Dubai,Electronics,2085.94,1,10.0,2085.94,1877.35,Card,Returning,3.0,3.8
114683,2024-08-28,Abu Dhabi,Home & Kitchen,555.76,1,5.0,555.76,527.97,Wallet,Returning,2.0,3.8
113916,2024-08-18,Dubai,Mobile Accessories,144.04,2,15.0,288.08,244.87,Card,Returning,1.0,4.7
120128,2024-11-22,Dubai,Home & Kitchen,452.75,1,30.0,452.75,316.92,Card,New,3.0,3.7
121354,2024-11-29,Sharjah,Electronics,2711.59,1,50.0,2711.59,1355.8,Wallet,New,3.0,4.1
107217,2024-04-30,Dubai,Electronics,1658.56,1,30.0,1658.56,1160.99,Cash On Delivery,New,1.0,3.8
139538,2025-08-28,Sharjah,Home & Kitchen,230.4,1,20.0,230.4,184.32,Wallet,New,1.0,4.2
127906,2025-03-14,Ras Al Khaimah,Fashion,216.4,1,15.0,216.4,183.94,Cash On Delivery,Returning,1.0,4.1
136146,2025-12-07,Dubai,Beauty & Personal Care,109.23,2,10.0,218.46,196.61,Cash On Delivery,Returning,1.0,3.1
114081,2024-08-21,Dubai,Fashion,149.01,2,30.0,298.02,208.61,Cash On Delivery,Returning,3.0,4.2
107437,2024-05-04,Abu Dhabi,Beauty & Personal Care,206.14,1,10.0,206.14,185.53,Cash On Delivery,New,2.0,4.9
134831,2025-06-23,Ajman,Home & Kitchen,818.85,1,10.0,818.85,736.96,Card,Returning,2.0,4.2
143317,2025-10-20,Dubai,Beauty & Personal Care,165.64,2,0.0,331.28,331.28,Wallet,New,4.0,3.8
118122,2024-10-19,Dubai,Mobile Accessories,123.92,2,0.0,247.84,247.84,Wallet,Returning,3.0,5.0
136019,2025-11-07,Sharjah,Fashion,502.11,1,5.0,502.11,477.0,Card,New,2.0,4.6
109966,2024-06-15,Ajman,Beauty & Personal Care,399.41,1,10.0,399.41,359.47,Wallet,Returning,2.0,4.4
141354,2025-09-22,Ajman,Beauty & Personal Care,114.6,1,0.0,114.6,114.6,Card,Returning,2.0,3.9
107875,2024-05-11,Sharjah,Fashion,341.79,1,0.0,341.79,341.79,Card,Returning,3.0,5.0
113487,2024-08-13,Abu Dhabi,Electronics,2170.51,2,0.0,4341.02,4341.02,Card,New,2.0,5.0
149073,2025-12-26,Dubai,Fashion,325.56,1,0.0,325.56,325.56,Card,Returning,4.0,5.0
145514,2025-11-19,Abu Dhabi,Groceries,78.03,1,0.0,78.03,78.03,Card,New,2.0,4.4
124029,2025-01-08,Ajman,Beauty & Personal Care,231.22,2,0.0,462.44,439.32,Card,New,3.0,3.9
113200,2024-08-08,Abu Dhabi,Mobile Accessories,98.67,1,0.0,98.67,98.67,Card,New,1.0,3.8
134943,2025-06-24,Abu Dhabi,Beauty & Personal Care,376.67,3,5.0,1130.01,1073.51,Cash On Delivery,Returning,4.0,3.6
101771,2024-01-02,Dubai,Groceries,35.08,1,5.0,35.08,33.33,Card,New,5.0,4.5
123958,2025-07-01,Dubai,Fashion,285.77,1,10.0,285.77,257.19,Card,Returning,3.0,4.6
119011,2024-11-03,Sharjah,Beauty & Personal Care,299.77,1,0.0,299.77,269.79,Card,Returning,1.0,3.6
143455,2025-10-22,Ajman,Electronics,444.39,1,0.0,444.39,444.39,Card,Returning,3.0,3.9
122321,2024-12-12,Dubai,Fashion,592.88,1,10.0,592.88,533.59,Cash On Delivery,Returning,2.0,4.2
125885,2025-07-02,Sharjah,Beauty & Personal Care,365.22,1,0.0,365.22,365.22,Wallet,Returning,3.0,4.5
122170,2024-10-12,Dubai,Beauty & Personal Care,291.27,1,0.0,291.27,291.27,Card,Returning,4.0,3.4
146143,2025-11-23,Sharjah,Fashion,372.63,1,20.0,372.63,298.1,Card,Returning,2.0,4.5
106467,2024-04-18,Abu Dhabi,Electronics,3319.81,1,10.0,3319.81,2987.83,Wallet,New,4.0,4.2
149241,2025-12-28,Dubai,Groceries,172.83,1,0.0,172.83,172.83,Cash On Delivery,Returning,2.0,5.0
116922,2024-10-01,Dubai,Home & Kitchen,137.01,1,10.0,137.01,123.31,Card,New,2.0,3.6
110396,2024-06-22,Abu Dhabi,Groceries,192.59,1,15.0,192.59,163.7,Card,New,1.0,4.2
135733,2025-07-06,Sharjah,Groceries,261.98,1,5.0,261.98,248.88,Wallet,Returning,2.0,4.8
148997,2025-12-25,Dubai,Groceries,123.92,1,0.0,123.92,123.92,Card,Returning,2.0,4.2
113347,2024-08-10,Abu Dhabi,Fashion,200.24,1,5.0,200.24,190.23,Cash On Delivery,Returning,1.0,4.2
128767,2025-03-29,Sharjah,Mobile Accessories,148.98,3,0.0,446.94,446.94,Wallet,Returning,5.0,4.8
126764,2025-02-21,Sharjah,Beauty & Personal Care,172.04,1,5.0,172.04,163.44,Wallet,Returning,1.0,4.8
142907,2025-10-14,Dubai,Electronics,340.22,1,5.0,340.22,323.21,Cash On Delivery,Returning,3.0,4.6
130124,2025-04-13,Dubai,Electronics,662.51,1,20.0,662.51,530.01,Card,Returning,1.0,4.7
107951,2024-05-13,Dubai,Electronics,2049.8,1,5.0,2049.8,1947.31,Card,Returning,3.0,4.6
121902,2024-12-06,Dubai,Home & Kitchen,352.77,1,5.0,352.77,335.13,Cash On Delivery,New,2.0,3.8
107841,2024-11-05,Abu Dhabi,Home & Kitchen,209.13,1,10.0,209.13,188.22,Card,New,3.0,4.4
113455,2024-08-12,Sharjah,Electronics,1269.21,1,5.0,1269.21,1205.75,Card,New,3.0,4.2
148226,2025-12-14,Dubai,Fashion,546.34,1,0.0,546.34,546.34,Card,Returning,1.0,3.3
118161,2024-10-20,Dubai,Groceries,21.83,1,10.0,21.83,19.65,Cash On Delivery,New,1.0,5.0
133156,2025-05-29,Dubai,Mobile Accessories,244.03,1,10.0,244.03,219.63,Card,Returning,3.0,4.0
104952,2024-03-29,Sharjah,Home & Kitchen,577.56,1,0.0,577.56,577.56,Card,Returning,1.0,3.7
135380,2025-07-01,Ajman,Home & Kitchen,460.26,1,15.0,460.26,391.22,Card,New,3.0,4.1
143412,2025-10-21,Abu Dhabi,Electronics,660.48,1,5.0,660.48,627.46,Card,Returning,3.0,4.6
104312,2024-03-15,Sharjah,Groceries,69.54,2,0.0,139.08,139.08,Card,Returning,2.0,5.0
136330,2025-07-15,Abu Dhabi,Beauty & Personal Care,332.47,1,5.0,332.47,315.85,Card,Returning,2.0,4.1
142085,2025-10-02,Dubai,Groceries,52.47,1,15.0,52.47,44.6,Wallet,Returning,3.0,3.7
129366,2025-03-04,Sharjah,Beauty & Personal Care,398.57,1,10.0,398.57,358.71,Wallet,Returning,3.0,4.6
111466,2024-07-11,Dubai,Mobile Accessories,196.23,1,0.0,196.23,196.23,Cash On Delivery,Returning,4.0,3.6
137605,2025-08-03,Dubai,Beauty & Personal Care,42.52,1,0.0,42.52,42.52,Card,Returning,5.0,4.0
133151,2025-05-29,Ras Al Khaimah,Beauty & Personal Care,245.28,1,5.0,245.28,233.02,Card,New,2.0,4.2
140353,2025-06-09,Abu Dhabi,Mobile Accessories,124.37,1,20.0,124.37,99.5,Cash On Delivery,Returning,3.0,3.2
149260,2025-12-28,Abu Dhabi,Fashion,316.53,1,10.0,316.53,284.88,Cash On Delivery,New,3.0,4.2
133635,2025-05-06,Abu Dhabi,Mobile Accessories,206.36,1,5.0,206.36,196.04,Wallet,Returning,1.0,4.7
118500,2024-10-26,Dubai,Groceries,122.83,1,30.0,122.83,85.98,Cash On Delivery,Returning,2.0,3.4
139136,2025-08-23,Ras Al Khaimah,Fashion,360.21,1,15.0,360.21,306.18,Card,Returning,3.0,3.8
113012,2024-05-08,Ras Al Khaimah,Electronics,1941.65,1,0.0,1941.65,1941.65,Card,Returning,3.0,4.0
105846,2024-11-04,Abu Dhabi,Home & Kitchen,601.87,1,0.0,601.87,571.78,Wallet,Returning,2.0,5.0
147943,2025-12-10,Dubai,Groceries,45.36,1,5.0,45.36,43.09,Card,Returning,2.0,3.5
107215,2024-04-30,Sharjah,Home & Kitchen,639.66,2,20.0,1279.32,1023.46,Card,Returning,4.0,5.0
139089,2025-08-23,Dubai,Beauty & Personal Care,120.95,1,20.0,120.95,96.76,Card,Returning,2.0,2.7
118893,2024-11-01,Ajman,Electronics,1925.25,1,0.0,1925.25,1925.25,Card,Returning,3.0,4.6
135479,2025-03-07,Ras Al Khaimah,Home & Kitchen,55.65,2,15.0,111.3,94.6,Cash On Delivery,Returning,3.0,3.8
117880,2024-10-16,Dubai,Beauty & Personal Care,380.36,1,20.0,380.36,304.29,Wallet,Returning,2.0,4.4
115792,2024-09-12,Dubai,Electronics,3222.4,2,10.0,6444.8,5800.32,Cash On Delivery,New,3.0,4.5
125744,2025-02-04,Abu Dhabi,Beauty & Personal Care,365.71,1,0.0,365.71,310.85,Cash On Delivery,Returning,2.0,4.1
105782,2024-04-11,Sharjah,Fashion,461.12,1,20.0,461.12,368.9,Card,Returning,2.0,3.9
123703,2025-01-03,Sharjah,Electronics,3206.67,3,0.0,9620.01,9620.01,Card,Returning,4.0,3.8
141478,2025-09-24,Abu Dhabi,Electronics,2962.32,1,0.0,2962.32,2962.32,Card,New,2.0,4.2
143542,2025-10-23,Dubai,Mobile Accessories,187.42,1,0.0,187.42,187.42,Card,Returning,2.0,4.5
130226,2025-04-15,Sharjah,Electronics,1498.8,1,10.0,1498.8,1348.92,Cash On Delivery,New,2.0,3.6
127345,2025-03-02,Ajman,Electronics,1562.44,1,5.0,1562.44,1484.32,Card,New,2.0,3.8
116525,2024-09-24,Abu Dhabi,Home & Kitchen,673.52,1,10.0,673.52,606.17,Card,Returning,3.0,5.0
139271,2025-08-25,Ajman,Beauty & Personal Care,334.99,1,10.0,334.99,301.49,Wallet,New,1.0,3.8
129474,2025-04-04,Sharjah,Groceries,89.8,1,5.0,89.8,85.31,Card,Returning,3.0,3.8
106338,2024-04-16,Sharjah,Beauty & Personal Care,370.03,1,15.0,370.03,314.53,Cash On Delivery,Returning,2.0,3.8
133881,2025-06-09,Abu Dhabi,Mobile Accessories,167.66,1,0.0,167.66,167.66,Cash On Delivery,Returning,3.0,4.2
112126,2024-07-21,Dubai,Groceries,126.08,1,15.0,126.08,107.17,Cash On Delivery,Returning,2.0,3.8
126573,2025-02-18,Abu Dhabi,Home & Kitchen,864.81,1,5.0,864.81,821.57,Card,Returning,1.0,4.8
135343,2025-07-01,Dubai,Fashion,305.24,1,0.0,305.24,305.24,Wallet,New,1.0,3.9
114536,2024-08-26,Abu Dhabi,Fashion,383.94,1,0.0,383.94,383.94,Card,New,2.0,4.4
146069,2025-11-23,Dubai,Mobile Accessories,219.11,1,30.0,219.11,153.38,Card,New,2.0,4.1
131926,2025-05-10,Sharjah,Home & Kitchen,319.33,1,5.0,319.33,303.36,Cash On Delivery,New,2.0,4.2
103643,2024-03-03,Abu Dhabi,Electronics,1433.57,2,0.0,2867.14,2867.14,Cash On Delivery,Returning,3.0,4.5
147603,2025-05-12,Dubai,Home & Kitchen,340.28,2,10.0,680.56,612.5,Cash On Delivery,Returning,2.0,5.0
138527,2025-08-16,Abu Dhabi,Groceries,101.62,1,0.0,101.62,101.62,Cash On Delivery,New,1.0,4.7
134026,2025-11-06,Dubai,Beauty & Personal Care,237.67,1,10.0,237.67,213.9,Card,Returning,5.0,4.0
108560,2024-05-23,Dubai,Home & Kitchen,564.71,1,0.0,564.71,564.71,Card,New,3.0,4.8
143520,2025-10-23,Dubai,Fashion,73.08,1,5.0,73.08,69.43,Card,Returning,1.0,3.4
147272,2025-12-01,Dubai,Home & Kitchen,153.68,1,20.0,153.68,122.94,Card,New,3.0,3.8
148949,2025-12-24,Ajman,Beauty & Personal Care,314.99,1,5.0,314.99,299.24,Card,Returning,3.0,4.6
131078,2025-04-27,Abu Dhabi,Fashion,323.71,1,30.0,323.71,226.6,Card,Returning,2.0,3.7
109441,2024-07-06,Abu Dhabi,Electronics,617.5,1,5.0,617.5,586.62,Card,Returning,4.0,3.9
148779,2025-12-22,Dubai,Fashion,496.86,1,0.0,496.86,496.86,Card,New,3.0,5.0
109380,2024-06-06,Sharjah,Fashion,180.05,2,10.0,360.1,324.09,Wallet,Returning,2.0,4.1
146690,2025-11-26,Dubai,Fashion,411.84,1,30.0,411.84,288.29,Cash On Delivery,New,3.0,4.2
105964,2024-04-12,Dubai,Home & Kitchen,203.92,1,15.0,203.92,173.33,Card,Returning,3.0,4.4
120375,2024-11-23,Sharjah,Electronics,3347.63,1,20.0,3347.63,2678.1,Card,New,2.0,4.0
137000,2025-07-25,Abu Dhabi,Groceries,290.08,1,20.0,290.08,232.06,Cash On Delivery,Returning,1.0,4.4
100067,2024-02-01,Sharjah,Fashion,88.68,1,10.0,88.68,79.81,Card,New,1.0,3.2
147234,2025-01-12,Abu Dhabi,Electronics,581.88,2,10.0,1163.76,1047.38,Card,Returning,1.0,3.7
100186,2024-01-04,Dubai,Home & Kitchen,571.84,1,5.0,571.84,543.25,Cash On Delivery,Returning,2.0,4.3
140405,2025-09-07,Dubai,Electronics,2943.82,1,30.0,2943.82,2060.67,Card,Returning,3.0,4.6
105993,2024-12-04,Dubai,Mobile Accessories,166.24,1,5.0,166.24,157.93,Card,New,2.0,5.0
130304,2025-04-16,Dubai,Home & Kitchen,520.01,1,0.0,520.01,520.01,Wallet,New,4.0,3.2
130161,2025-04-14,Dubai,Fashion,203.19,1,5.0,203.19,193.03,Card,New,4.0,4.6
142092,2025-10-02,Dubai,Groceries,297.36,2,0.0,594.72,594.72,Cash On Delivery,Returning,3.0,4.0
145670,2025-11-21,Dubai,Groceries,269.6,2,50.0,539.2,269.6,Cash On Delivery,Returning,1.0,3.8
137860,2025-07-08,Sharjah,Home & Kitchen,395.11,1,5.0,395.11,375.35,Cash On Delivery,New,1.0,4.2
105754,2024-10-04,Ras Al Khaimah,Fashion,556.86,1,15.0,556.86,473.33,Cash On Delivery,New,3.0,4.5
103231,2024-02-24,Dubai,Fashion,121.37,1,15.0,121.37,103.16,Card,New,4.0,4.8
115549,2024-09-08,Dubai,Electronics,812.11,2,15.0,1624.22,1380.59,Card,New,2.0,5.0
111187,2024-06-07,Sharjah,Beauty & Personal Care,26.23,1,5.0,26.23,24.92,Card,Returning,3.0,5.0
119470,2024-11-11,Abu Dhabi,Groceries,93.58,1,10.0,93.58,84.22,Cash On Delivery,New,2.0,4.1
108028,2024-05-14,Dubai,Fashion,164.6,1,5.0,164.6,156.37,Wallet,New,3.0,4.4
101773,2024-01-02,Sharjah,Fashion,562.37,1,20.0,562.37,449.9,Cash On Delivery,New,2.0,4.0
119005,2024-11-03,Ras Al Khaimah,Home & Kitchen,317.1,1,0.0,317.1,317.1,Card,New,3.0,4.7
124633,2025-01-17,Abu Dhabi,Beauty & Personal Care,290.51,2,0.0,581.02,581.02,Cash On Delivery,Returning,3.0,5.0
133238,2025-05-30,Dubai,Beauty & Personal Care,329.08,1,30.0,329.08,230.36,Card,New,2.0,4.2
106566,2024-04-20,Dubai,Electronics,513.43,1,10.0,513.43,462.09,Card,Returning,3.0,4.8
123327,2024-12-28,Dubai,Groceries,278.33,1,10.0,278.33,250.5,Cash On Delivery,Returning,2.0,4.2
105753,2024-10-04,Ras Al Khaimah,Electronics,1828.59,1,10.0,1828.59,1645.73,Card,Returning,2.0,4.8
115525,2024-09-07,Sharjah,Groceries,188.7,1,10.0,188.7,169.83,Cash On Delivery,Returning,3.0,4.6
149274,2025-12-29,Ras Al Khaimah,Fashion,195.3,1,0.0,195.3,166.0,Wallet,New,4.0,4.4
131767,2025-08-05,Ajman,Home & Kitchen,662.51,2,0.0,1325.02,1325.02,Wallet,Returning,2.0,4.3
125200,2025-01-26,Ajman,Fashion,214.6,2,0.0,429.2,429.2,Cash On Delivery,Returning,2.0,3.6
111638,2024-07-13,Dubai,Beauty & Personal Care,119.35,1,20.0,119.35,95.48,Cash On Delivery,New,4.0,4.4
135135,2025-06-27,Dubai,Mobile Accessories,92.43,1,10.0,92.43,83.19,Card,New,2.0,5.0
100521,2024-01-10,Dubai,Home & Kitchen,108.17,2,0.0,216.34,216.34,Cash On Delivery,Returning,3.0,2.5
115694,2024-09-10,Sharjah,Mobile Accessories,204.42,1,10.0,204.42,183.98,Card,Returning,1.0,4.1
134747,2025-06-21,Dubai,Electronics,3078.1,3,0.0,9234.3,9234.3,Wallet,Returning,3.0,3.6
129318,2025-04-03,Abu Dhabi,Beauty & Personal Care,306.39,1,30.0,306.39,214.47,Card,Returning,4.0,5.0
127724,2025-10-03,Sharjah,Mobile Accessories,118.2,1,5.0,118.2,112.29,Card,New,3.0,4.5
108092,2024-05-15,Dubai,Beauty & Personal Care,179.21,1,0.0,179.21,179.21,Card,Returning,2.0,3.4
126090,2025-10-02,Ras Al Khaimah,Home & Kitchen,641.75,1,0.0,641.75,641.75,Card,Returning,3.0,4.1
147752,2025-07-12,Abu Dhabi,Home & Kitchen,369.28,3,5.0,1107.84,1052.45,Card,New,4.0,5.0
103763,2024-05-03,Dubai,Mobile Accessories,200.05,1,0.0,200.05,200.05,Card,Returning,3.0,4.1
135195,2025-06-28,Dubai,Home & Kitchen,321.04,1,5.0,321.04,304.99,Wallet,Returning,1.0,5.0
123232,2024-12-27,Ras Al Khaimah,Mobile Accessories,168.59,2,0.0,337.18,337.18,Card,Returning,1.0,3.0
143826,2025-10-27,Dubai,Fashion,331.53,1,0.0,331.53,331.53,Card,Returning,1.0,4.7
123446,2024-12-30,Dubai,Electronics,3313.63,1,10.0,3313.63,2982.27,Cash On Delivery,New,1.0,4.0
120691,2024-11-25,Abu Dhabi,Fashion,56.22,1,20.0,56.22,44.98,Wallet,Returning,3.0,5.0
109266,2024-04-06,Dubai,Fashion,508.95,1,10.0,508.95,458.06,Card,New,4.0,4.2
147074,2025-11-29,Dubai,Groceries,220.56,1,10.0,220.56,198.5,Card,Returning,3.0,4.0
109683,2024-06-11,Dubai,Mobile Accessories,245.96,1,0.0,245.96,245.96,Cash On Delivery,Returning,2.0,3.8
115862,2024-09-13,Dubai,Groceries,252.02,2,30.0,504.04,352.83,Card,Returning,2.0,4.5
118685,2024-10-29,Dubai,Fashion,224.34,1,0.0,224.34,224.34,Card,New,3.0,3.6
103722,2024-03-04,Sharjah,Fashion,145.02,1,0.0,145.02,145.02,Card,New,4.0,4.7
139055,2025-08-23,Dubai,Fashion,88.24,1,30.0,88.24,61.77,Card,Returning,4.0,4.6
111293,2024-07-08,Abu Dhabi,Fashion,452.85,2,0.0,905.7,905.7,Card,Returning,1.0,4.3
148673,2025-12-20,Dubai,Fashion,552.94,1,15.0,552.94,470.0,Wallet,Returning,3.0,3.0
146538,2025-11-25,Abu Dhabi,Mobile Accessories,83.1,1,50.0,83.1,41.55,Card,Returning,2.0,4.2
107167,2024-04-29,Dubai,Fashion,554.53,1,15.0,554.53,471.35,Cash On Delivery,New,4.0,4.3
108319,2024-05-18,Dubai,Fashion,421.83,1,20.0,421.83,337.46,Card,Returning,2.0,4.7
129312,2025-04-03,Ajman,Beauty & Personal Care,341.06,1,0.0,341.06,341.06,Card,Returning,4.0,4.2
106487,2024-04-18,Sharjah,Beauty & Personal Care,149.52,1,15.0,149.52,127.09,Wallet,Returning,2.0,3.9
108439,2024-05-21,Dubai,Mobile Accessories,59.48,1,30.0,59.48,41.64,Cash On Delivery,Returning,2.0,3.2
125227,2025-01-27,Ajman,Home & Kitchen,659.44,1,0.0,659.44,659.44,Cash On Delivery,Returning,3.0,4.8
144033,2025-10-30,Dubai,Mobile Accessories,170.69,1,10.0,170.69,153.62,Card,New,3.0,2.8
127897,2025-03-14,Ajman,Fashion,563.65,1,5.0,563.65,535.47,Cash On Delivery,New,3.0,4.8
107446,2024-05-04,Dubai,Electronics,1843.47,1,20.0,1843.47,1474.78,Card,New,4.0,3.3
123859,2025-05-01,Dubai,Beauty & Personal Care,181.8,1,0.0,181.8,181.8,Wallet,New,1.0,3.1
115717,2024-09-11,Abu Dhabi,Fashion,335.83,1,0.0,335.83,335.83,Card,New,2.0,4.8
123346,2024-12-28,Abu Dhabi,Electronics,633.28,1,20.0,633.28,506.62,Wallet,Returning,4.0,3.3
129988,2025-04-11,Ajman,Beauty & Personal Care,368.7,1,0.0,368.7,368.7,Cash On Delivery,Returning,2.0,4.8
132113,2025-05-13,Abu Dhabi,Groceries,19.09,2,5.0,38.18,36.27,Card,New,5.0,3.9
139403,2025-08-27,Abu Dhabi,Fashion,296.35,1,0.0,296.35,296.35,Card,Returning,2.0,3.5
137541,2025-08-02,Sharjah,Mobile Accessories,101.78,2,0.0,203.56,203.56,Cash On Delivery,New,5.0,3.9
112223,2024-07-23,Abu Dhabi,Home & Kitchen,669.64,1,0.0,669.64,669.64,Cash On Delivery,New,3.0,5.0
119987,2024-11-19,Ras Al Khaimah,Groceries,35.61,1,5.0,35.61,33.83,Card,Returning,1.0,3.1
144499,2025-11-04,Ajman,Home & Kitchen,696.47,1,10.0,696.47,626.82,Card,Returning,1.0,4.0
105486,2024-07-04,Dubai,Beauty & Personal Care,183.26,1,0.0,183.26,164.93,Wallet,Returning,3.0,4.6
125846,2025-06-02,Dubai,Fashion,166.68,1,0.0,166.68,166.68,Wallet,Returning,5.0,3.2
126758,2025-02-21,Ajman,Fashion,506.06,1,10.0,506.06,455.45,Card,Returning,4.0,5.0
140297,2025-06-09,Dubai,Fashion,102.4,1,10.0,102.4,92.16,Cash On Delivery,Returning,5.0,3.3
119828,2024-11-16,Dubai,Fashion,62.37,1,0.0,62.37,62.37,Wallet,Returning,3.0,3.9
146890,2025-11-28,Sharjah,Electronics,3034.78,1,20.0,3034.78,2427.82,Cash On Delivery,Returning,3.0,5.0
106833,2024-04-24,Dubai,Fashion,474.98,1,0.0,474.98,474.98,Card,Returning,1.0,4.2
114864,2024-08-30,Dubai,Groceries,261.0,1,10.0,261.0,234.9,Card,Returning,2.0,4.0
129638,2025-04-05,Abu Dhabi,Groceries,174.88,1,10.0,174.88,157.39,Card,New,2.0,4.4
138544,2025-08-17,Abu Dhabi,Fashion,328.04,1,5.0,328.04,311.64,Card,Returning,2.0,4.4
129502,2025-04-04,Dubai,Fashion,135.54,1,5.0,135.54,128.76,Card,Returning,1.0,3.8
136305,2025-07-15,Dubai,Beauty & Personal Care,187.03,3,10.0,561.09,504.98,Card,New,3.0,4.6
112382,2024-07-25,Sharjah,Fashion,207.06,2,20.0,414.12,331.3,Card,Returning,1.0,4.7
148463,2025-12-18,Ras Al Khaimah,Home & Kitchen,685.58,1,5.0,685.58,651.3,Wallet,Returning,5.0,3.9
137656,2025-08-04,Dubai,Groceries,101.06,1,15.0,101.06,85.9,Cash On Delivery,Returning,3.0,5.0
126208,2025-02-12,Abu Dhabi,Fashion,68.41,1,0.0,68.41,68.41,Card,New,5.0,4.9
106852,2024-04-25,Abu Dhabi,Fashion,387.58,1,30.0,387.58,271.31,Card,New,3.0,4.3
146551,2025-11-26,Dubai,Groceries,173.67,1,30.0,173.67,121.57,Card,Returning,2.0,5.0
140323,2025-09-06,Abu Dhabi,Electronics,985.04,1,0.0,985.04,985.04,Card,New,2.0,4.8
114502,2024-08-26,Ras Al Khaimah,Fashion,328.38,1,15.0,328.38,279.12,Cash On Delivery,New,4.0,5.0
147498,2025-04-12,Sharjah,Groceries,248.63,3,5.0,745.89,708.6,Card,New,2.0,4.9
120622,2024-11-24,Dubai,Fashion,524.12,1,40.0,524.12,314.47,Cash On Delivery,Returning,5.0,4.4
121584,2024-12-02,Dubai,Beauty & Personal Care,305.13,1,10.0,305.13,274.62,Cash On Delivery,Returning,3.0,3.7
143800,2025-10-26,Ras Al Khaimah,Groceries,161.59,1,0.0,161.59,161.59,Card,New,1.0,5.0
123394,2024-12-29,Dubai,Electronics,1298.43,2,20.0,2596.86,2077.49,Wallet,Returning,1.0,3.9
145382,2025-11-17,Dubai,Fashion,293.52,1,0.0,293.52,293.52,Card,Returning,1.0,3.4
122465,2024-12-14,Abu Dhabi,Groceries,68.67,1,20.0,68.67,54.94,Cash On Delivery,Returning,1.0,4.5
131186,2025-04-29,Dubai,Fashion,163.19,1,15.0,163.19,138.71,Card,New,2.0,4.0
100002,2024-01-01,Abu Dhabi,Fashion,479.7,1,5.0,479.7,455.72,Card,Returning,2.0,4.2
127549,2025-03-07,Dubai,Mobile Accessories,92.89,1,5.0,92.89,88.25,Cash On Delivery,Returning,3.0,4.2
118248,2024-10-22,Ras Al Khaimah,Groceries,229.87,3,0.0,689.61,689.61,Card,Returning,2.0,5.0
127617,2025-08-03,Sharjah,Electronics,893.41,2,0.0,1786.82,1786.82,Card,New,2.0,4.9
128608,2025-03-26,Ras Al Khaimah,Fashion,291.21,3,15.0,873.63,742.59,Card,Returning,4.0,5.0
113571,2024-08-14,Ras Al Khaimah,Electronics,2957.81,1,10.0,2957.81,2662.03,Cash On Delivery,Returning,3.0,3.1
146977,2025-11-28,Dubai,Electronics,518.12,2,40.0,1036.24,621.74,Cash On Delivery,New,1.0,2.3
116047,2024-09-16,Sharjah,Home & Kitchen,638.41,1,10.0,638.41,574.57,Cash On Delivery,New,1.0,3.4
109734,2024-11-06,Ajman,Fashion,154.39,1,5.0,154.39,146.67,Wallet,New,4.0,3.7
148484,2025-12-18,Sharjah,Electronics,1802.99,1,20.0,1802.99,1442.39,Cash On Delivery,New,2.0,3.7
134436,2025-06-17,Ajman,Fashion,451.98,1,5.0,451.98,429.38,Card,New,4.0,4.6
130859,2025-04-24,Dubai,Home & Kitchen,108.66,1,10.0,108.66,97.79,Wallet,New,2.0,3.6
139836,2025-08-31,Ras Al Khaimah,Fashion,340.94,1,10.0,340.94,306.85,Card,New,4.0,4.2
113434,2024-08-12,Abu Dhabi,Electronics,2616.24,1,0.0,2616.24,2485.43,Card,New,4.0,4.0
144576,2025-06-11,Abu Dhabi,Groceries,157.82,1,15.0,157.82,134.15,Card,New,2.0,4.2
122606,2024-12-17,Abu Dhabi,Groceries,47.99,2,20.0,95.98,76.78,Card,New,2.0,3.4
122033,2024-08-12,Dubai,Beauty & Personal Care,294.12,1,10.0,294.12,264.71,Card,Returning,4.0,4.6
148606,2025-12-19,Ajman,Electronics,2082.24,1,5.0,2082.24,1978.13,Cash On Delivery,Returning,7.0,5.0
146281,2025-11-24,Abu Dhabi,Groceries,84.12,1,50.0,84.12,42.06,Cash On Delivery,Returning,3.0,4.4
115223,2024-04-09,Sharjah,Groceries,272.26,2,20.0,544.52,435.62,Card,Returning,1.0,3.3
105278,2024-03-04,Dubai,Groceries,188.79,1,10.0,188.79,169.91,Card,New,2.0,4.8
132913,2025-05-25,Sharjah,Beauty & Personal Care,132.53,2,15.0,265.06,225.3,Cash On Delivery,Returning,6.0,4.2
111724,2024-07-15,Sharjah,Electronics,3108.58,1,5.0,3108.58,2953.15,Card,Returning,4.0,4.7
121601,2024-02-12,Dubai,Fashion,154.99,1,10.0,154.99,139.49,Card,Returning,3.0,3.6
128310,2025-03-21,Sharjah,Home & Kitchen,532.7,2,0.0,1065.4,1065.4,Card,New,3.0,4.0
122918,2024-12-22,Dubai,Electronics,959.45,1,5.0,959.45,911.48,Cash On Delivery,New,1.0,4.7
134571,2025-06-19,Dubai,Fashion,372.15,1,5.0,372.15,353.54,Cash On Delivery,Returning,2.0,4.7
129669,2025-06-04,Ajman,Electronics,565.29,2,0.0,1130.58,1130.58,Card,Returning,2.0,3.8
121264,2024-11-29,Dubai,Groceries,280.23,1,30.0,280.23,196.16,Card,Returning,2.0,4.1
117759,2024-10-14,Dubai,Electronics,1433.99,1,5.0,1433.99,1362.29,Cash On Delivery,Returning,3.0,4.5
112474,2024-07-27,Dubai,Beauty & Personal Care,166.51,2,5.0,333.02,316.37,Card,Returning,1.0,4.2
123106,2024-12-25,Dubai,Groceries,198.35,1,20.0,198.35,158.68,Card,Returning,2.0,4.9
117996,2024-10-18,Abu Dhabi,Electronics,740.41,1,10.0,740.41,666.37,Card,Returning,6.0,3.0
119318,2024-11-08,Dubai,Mobile Accessories,60.4,3,15.0,181.2,154.02,Card,Returning,4.0,3.9
125542,2025-02-01,Dubai,Fashion,283.71,1,0.0,283.71,283.71,Wallet,Returning,5.0,5.0
143544,2025-10-23,Sharjah,Fashion,82.84,1,0.0,82.84,82.84,Wallet,Returning,4.0,4.3
103724,2024-03-05,Dubai,Home & Kitchen,797.64,1,30.0,797.64,558.35,Card,Returning,1.0,3.7
132663,2025-05-22,Ajman,Home & Kitchen,526.43,1,15.0,526.43,447.47,Cash On Delivery,Returning,3.0,4.2
112167,2024-07-22,Sharjah,Groceries,255.5,1,20.0,255.5,204.4,Wallet,Returning,4.0,3.3
140918,2025-09-15,Abu Dhabi,Fashion,269.04,1,0.0,269.04,269.04,Card,New,4.0,2.9
102328,2024-09-02,Dubai,Electronics,2995.85,1,0.0,2995.85,2995.85,Card,Returning,1.0,4.7
138174,2025-12-08,Sharjah,Home & Kitchen,713.04,2,0.0,1426.08,1426.08,Card,New,3.0,3.8
103943,2024-08-03,Dubai,Electronics,1147.07,1,5.0,1147.07,1089.72,Card,Returning,3.0,5.0
101142,2024-01-20,Ajman,Home & Kitchen,572.45,2,5.0,1144.9,1087.66,Card,Returning,1.0,4.8
113038,2024-08-05,Dubai,Mobile Accessories,134.35,3,10.0,403.05,362.74,Wallet,New,1.0,2.7
124432,2025-01-14,Abu Dhabi,Mobile Accessories,50.05,2,15.0,100.1,85.08,Card,Returning,3.0,3.7
142348,2025-05-10,Dubai,Electronics,3417.18,3,0.0,10251.54,10251.54,Card,Returning,2.0,4.3
130393,2025-04-18,Sharjah,Fashion,435.29,1,5.0,435.29,413.53,Card,Returning,1.0,3.9
121174,2024-11-28,Abu Dhabi,Fashion,434.45,1,40.0,434.45,260.67,Card,New,4.0,4.2
117603,2024-10-12,Dubai,Mobile Accessories,239.53,1,0.0,239.53,239.53,Card,Returning,4.0,5.0
138483,2025-08-16,Dubai,Fashion,121.42,1,5.0,121.42,115.35,Card,New,4.0,4.2
114618,2024-08-27,Dubai,Groceries,263.0,2,5.0,526.0,499.7,Cash On Delivery,Returning,1.0,5.0
122786,2024-12-20,Ras Al Khaimah,Beauty & Personal Care,285.81,2,0.0,571.62,571.62,Card,Returning,4.0,4.3
145684,2025-11-21,Sharjah,Home & Kitchen,709.09,1,30.0,709.09,496.36,Card,New,4.0,4.6
123878,2025-06-01,Dubai,Beauty & Personal Care,44.13,3,30.0,132.39,92.67,Card,Returning,1.0,4.0
126094,2025-10-02,Ras Al Khaimah,Electronics,2067.22,1,5.0,2067.22,1963.86,Cash On Delivery,New,2.0,5.0
103077,2024-02-22,Sharjah,Electronics,3117.17,2,10.0,6234.34,5610.91,Card,New,3.0,5.0
148511,2025-12-18,Sharjah,Mobile Accessories,31.68,1,5.0,31.68,30.1,Cash On Delivery,New,4.0,3.9
141636,2025-09-26,Abu Dhabi,Electronics,3485.18,1,10.0,3485.18,3136.66,Card,Returning,2.0,3.7
148267,2025-12-15,Abu Dhabi,Fashion,542.75,1,5.0,542.75,515.61,Cash On Delivery,Returning,2.0,4.9
117920,2024-10-17,Dubai,Home & Kitchen,753.8,1,10.0,753.8,678.42,Card,Returning,2.0,4.5
107964,2024-05-13,Abu Dhabi,Fashion,228.74,1,10.0,228.74,205.87,Card,Returning,3.0,5.0
122621,2024-12-17,Dubai,Mobile Accessories,117.47,1,5.0,117.47,111.6,Cash On Delivery,New,3.0,4.7
125973,2025-08-02,Abu Dhabi,Home & Kitchen,519.75,1,30.0,519.75,363.82,Card,Returning,2.0,3.4
120182,2024-11-22,Dubai,Home & Kitchen,840.01,1,20.0,840.01,672.01,Wallet,New,1.0,3.7
132955,2025-05-26,Dubai,Electronics,1500.28,1,0.0,1500.28,1500.28,Cash On Delivery,New,3.0,4.1
135476,2025-07-03,Dubai,Mobile Accessories,240.65,1,0.0,240.65,240.65,Cash On Delivery,Returning,1.0,3.9
104321,2024-03-15,Abu Dhabi,Mobile Accessories,53.11,2,0.0,106.22,106.22,Wallet,New,3.0,3.2
136135,2025-07-12,Dubai,Mobile Accessories,59.04,1,15.0,59.04,50.18,Card,Returning,2.0,4.2
135045,2025-06-26,Abu Dhabi,Mobile Accessories,120.67,2,0.0,241.34,241.34,Card,New,1.0,4.1
149240,2025-12-28,Dubai,Fashion,315.3,1,15.0,315.3,268.0,Card,Returning,3.0,4.6
145644,2025-11-21,Dubai,Beauty & Personal Care,263.68,1,30.0,263.68,184.58,Cash On Delivery,New,4.0,4.6
