order_id,order_date,city,category,unit_price_aed,quantity,discount_pct,gross_revenue_aed,net_revenue_aed,payment_method,customer_segment,delivery_days,rating
130744,22-04-2025,sharjah,  Fashion  ,300.78,1,0.0,300.78,300.78,Card,New,2.0,4.0
124534,2025-01-15,DUBAI,  Home & Kitchen  ,853.38,1,10.0,853.38,768.04,CARD,Returning,4.0,
109210,03/06/2024,  Dubai  ,Home & Kitchen,563.33,1,5.0,563.33,535.16,card,Returning,3.0,3.7
136122,12/07/2025,Sharja,home & kitchen,389.93,1,10.0,389.93,350.94,WALLET,New,4.0,3.9
137684,08/04/2025,,HOME & KITCHEN,261.64,1,10.0,261.64,235.48,Card,Returning,2.0,4.0
133376,2025-06-01,ABU DHABI,HOME & KITCHEN,345.5,1,10.0,345.5,310.95,card,Returning,2.0,3.3
141662,2025-09-26,Dubai ,beauty & personal care,93.64,2,20.0,187.28,149.82,WALLET,Returning,3.0,4.5
101294,23/01/2024,  Dubai  ,GROCERIES,28.98,2,10.0,57.96,52.16,  Wallet  ,Returning,1.0,3.8
112000,19-07-2024,  Sharjah  ,beauty & personal care,271.29,1,10.0,271.29,244.16,card,Returning,2.0,5.0
118154,2024-10-20,Dubai,MOBILE ACCESSORIES,106.56,1,,106.56,106.56,CARD,New,3.0,
115568,08-09-2024,  Sharjah  ,electronics,2789.62,2,10.0,5579.24,5021.32,  Cash on Delivery  ,Returning,2.0,4.4
106484,18/04/2024,Dubai,electronics,3074.32,1,0.0,3074.32,3074.32,cash on delivery,Returning,1.0,4.6
125305,2025-01-28,  Dubai  ,MOBILE ACCESSORIES,70.95,1,20.0,70.95,56.76,,Returning,2.0,4.7
126357,14-02-2025,ras al khaimah,MOBILE ACCESSORIES,133.2,1,0.0,133.2,133.2,  Card  ,Returning,2.0,3.0
129104,01-04-2025,Abu Dhabi,Fashion,407.08,1,5.0,407.08,386.73,card,Returning,3.0,5.0
113872,18/08/2024,Ras Al Khaimah,Fashion,586.59,2,0.0,1173.18,1173.18,card,Returning,3.0,
145906,22-11-2025,  Dubai  ,,1004.79,1,50.0,1004.79,502.4,  Cash on Delivery  ,Returning,3.0,3.0
110216,20/06/2024,abu dhabi,Mobile Accessories,87.45,1,15.0,87.45,74.33,WALLET,Returning,2.0,4.7
108741,05/25/2024,Ras Al Khaimah,FASHION,339.19,1,0.0,339.19,339.19,Cash on Delivery,New,,4.3
136426,2025-07-17,,ELECTRONICS,1529.69,3,30.0,4589.07,3212.35,CASH ON DELIVERY,Returning,2.0,4.3
143519,2025-10-23,SHARJAH,fashion,424.48,1,10.0,424.48,382.03,card,Returning,2.0,
142278,2025-10-04,Sharjah,HOME & KITCHEN,388.97,3,10.0,1166.91,1050.22,  Card  ,Returning,2.0,4.0
146996,28/11/2025,abu dhabi,  Mobile Accessories  ,241.3,1,10.0,241.3,217.17,Card,New,2.0,3.8
100449,2024-01-09,  Ras Al Khaimah  ,  Home & Kitchen  ,754.35,1,0.0,754.35,754.35,  Card  ,Returning,3.0,2.4
146689,11/26/2025,dubai,  Home & Kitchen  ,100.52,2,50.0,201.04,100.52,card,Returning,3.0,5.0
114410,24-08-2024,  Abu Dhabi  ,Home & Kitchen,139.24,2,10.0,278.48,250.63,Card,Returning,4.0,4.7
142409,2025-10-06,Dubai ,HOME & KITCHEN,493.47,2,15.0,986.94,838.9,cash on delivery,New,3.0,4.0
130466,04/19/2025,  Dubai  ,Home & Kitchen,346.8,1,15.0,346.8,294.78,Wallet,New,2.0,3.0
105046,30/03/2024,dubai,groceries,102.91,1,0.0,102.91,102.91,card,Returning,3.0,3.6
109541,2024-06-08,dubai,Mobile Accessories,49.66,1,5.0,49.66,47.18,  Card  ,Returning,3.0,4.0
143786,2025-10-26,SHARJAH,Electronics,2707.79,1,5.0,2707.79,2572.4,  Wallet  ,New,2.0,4.2
106026,12-04-2024,dubai,fashion,47.56,1,15.0,47.56,40.43,Cash on Delivery,Returning,1.0,4.2
144187,10/31/2025,dubai,Fashion,510.28,2,0.0,1020.56,1020.56,card,New,2.0,3.7
136997,2025-07-25,Dubai,Fashion,589.57,1,20.0,589.57,471.66,CASH ON DELIVERY,Returning,5.0,3.9
127735,10-03-2025,,  Electronics  ,3104.32,1,0.0,3104.32,3104.32,CASH ON DELIVERY,Returning,1.0,4.5
123136,2024-12-26,Dubai,ELECTRONICS,3193.41,1,10.0,3193.41,2874.07,CARD,Returning,1.0,3.9
130683,04/21/2025,abu dhabi,Electronics,1667.52,2,5.0,3335.04,3168.29,Cash on Delivery,Returning,2.0,
103224,2024-02-24,  Dubai  ,  Groceries  ,238.18,1,10.0,238.18,214.36,wallet,New,4.0,5.0
108135,16-05-2024,  Dubai  ,ELECTRONICS,2284.82,1,15.0,2284.82,1942.1,CARD,Returning,4.0,3.7
143210,18-10-2025,AJMAN,Home & Kitchen,807.94,1,10.0,807.94,727.15,Cash on Delivery,Returning,2.0,3.9
129721,2025-04-06,dubai,Groceries,290.99,1,0.0,290.99,290.99,Card,New,3.0,3.3
127883,2025-03-13,abu dhabi,  Mobile Accessories  ,30.7,2,15.0,61.4,52.19,Cash on Delivery,Returning,3.0,4.2
131215,2025-04-29,  Ras Al Khaimah  ,Fashion,225.18,1,0.0,225.18,225.18,Card,Returning,1.0,3.6
109265,04/06/2024,ABU DHABI,  Groceries  ,142.05,1,5.0,142.05,134.95,  Card  ,Returning,1.0,5.0
107914,05/12/2024,DUBAI,ELECTRONICS,478.64,1,0.0,478.64,478.64,CASH ON DELIVERY,Returning,3.0,3.9
104781,2024-03-24,Sharjah,Home & Kitchen,370.75,1,15.0,370.75,315.14,CARD,Returning,4.0,3.8
102105,2024-02-06,,beauty & personal care,196.11,2,30.0,392.22,274.55,Card,New,1.0,4.0
116688,27/09/2024,Abu Dhabi,  Groceries  ,187.69,1,20.0,187.69,150.15,  Card  ,Returning,1.0,3.7
143011,15-10-2025,  Sharjah  ,Mobile Accessories,152.44,2,0.0,304.88,304.88,CARD,Returning,3.0,
115166,03-09-2024,SHARJAH,FASHION,164.84,1,10.0,164.84,148.36,WALLET,Returning,2.0,4.7
125083,01/25/2025,Abu Dhabi,Groceries,121.49,2,5.0,242.98,230.83,card,Returning,3.0,3.8
106671,2024-04-22,  Dubai  ,groceries,64.56,1,10.0,64.56,58.1,Wallet,New,2.0,3.3
143560,2025-10-23,Sharjah,  Fashion  ,131.7,1,5.0,131.7,125.11,Cash on Delivery,New,3.0,4.0
128672,27-03-2025,dubai,electronics,3415.5,2,15.0,6831.0,5806.35,  Card  ,Returning,1.0,3.4
111848,2024-07-17,SHARJAH,Mobile Accessories,198.71,1,0.0,198.71,198.71,Card,New,3.0,4.5
105017,29-03-2024,abu dhabi,,2016.09,1,0.0,2016.09,2016.09,  Wallet  ,New,4.0,3.5
138306,14-08-2025,ABU DHABI,Mobile Accessories,157.65,1,15.0,157.65,134.0,card,Returning,3.0,3.8
100371,07-01-2024,ABU DHABI,electronics,2158.24,1,0.0,2158.24,2158.24,CARD,Returning,2.0,3.6
146441,25-11-2025,  Abu Dhabi  ,beauty & personal care,196.09,1,40.0,196.09,117.65,card,Returning,1.0,3.9
126994,02/25/2025,DUBAI,  Groceries  ,203.52,1,10.0,203.52,183.17,  Card  ,New,5.0,5.0
118533,2024-10-26,dubai,GROCERIES,163.0,1,0.0,163.0,163.0,CARD,Returning,3.0,3.1
136378,16/07/2025,  Dubai  ,  Groceries  ,269.57,1,10.0,269.57,242.61,Card,Returning,2.0,4.3
144021,29-10-2025,sharjah,  Home & Kitchen  ,83.48,1,0.0,83.48,83.48,Cash on Delivery,Returning,,3.4
137095,2025-07-27,ABU DHABI,,68.72,1,5.0,68.72,65.28,card,New,5.0,4.5
137529,02-08-2025,DUBAI,  Fashion  ,113.39,1,10.0,113.39,102.05,  Cash on Delivery  ,Returning,2.0,5.0
135461,02-07-2025,DUBAI,Home & Kitchen,897.05,1,0.0,897.05,897.05,  Cash on Delivery  ,Returning,4.0,5.0
118198,2024-10-21,ABU DHABI,ELECTRONICS,2150.51,1,5.0,2150.51,2042.98,card,Returning,5.0,5.0
113388,11-08-2024,Ajman,  Mobile Accessories  ,113.28,1,0.0,113.28,113.28,card,Returning,3.0,4.3
141403,23-09-2025,dubai,beauty & personal care,84.85,1,20.0,84.85,67.88,CARD,New,5.0,3.8
102725,2024-02-16,Sharjah,BEAUTY & PERSONAL CARE,334.98,2,5.0,669.96,636.46,card,New,2.0,3.5
104497,2024-03-19,Ajman ,Electronics,917.93,1,20.0,917.93,734.34,  Cash on Delivery  ,New,3.0,4.0
137878,07/08/2025,ras al khaimah,ELECTRONICS,2350.68,1,10.0,2350.68,2115.61,  Card  ,New,2.0,3.7
138322,14/08/2025,Dubai,FASHION,272.63,1,0.0,272.63,272.63,  Wallet  ,Returning,2.0,4.4
107042,2024-04-27,,HOME & KITCHEN,701.24,1,10.0,701.24,631.12,cash on delivery,New,2.0,4.8
118281,2024-10-22,dubai,Home & Kitchen,76.89,1,10.0,76.89,69.2,Wallet,New,2.0,3.4
142038,10/01/2025,abu dhabi,FASHION,237.8,1,20.0,237.8,190.24,Card,New,2.0,4.4
142311,05-10-2025,Ajman ,FASHION,399.68,1,15.0,399.68,339.73,card,Returning,1.0,4.5
131828,09/05/2025,Dubai,HOME & KITCHEN,86.78,1,0.0,86.78,86.78,CARD,Returning,3.0,3.9
147983,11-12-2025,dubai,GROCERIES,105.53,2,0.0,211.06,211.06,CARD,Returning,1.0,4.1
118222,21-10-2024,SHARJAH,Home & Kitchen,100.11,1,0.0,100.11,100.11,  Card  ,New,,4.1
120573,2024-11-24,dubai,Mobile Accessories,199.53,1,30.0,199.53,139.67,card,Returning,5.0,4.4
114856,08/30/2024,dubai,FASHION,408.48,1,5.0,408.48,388.06,CASH ON DELIVERY,Returning,4.0,3.5
149455,31-12-2025,Abu Dhabi,Mobile Accessories,190.7,1,,190.7,152.56,CARD,Returning,3.0,5.0
116378,09/22/2024,SHARJAH,Beauty & Personal Care,101.48,1,0.0,101.48,101.48,  Cash on Delivery  ,New,2.0,4.9
120932,26/11/2024,  Dubai  ,Fashion,163.19,2,50.0,326.38,163.19,card,Returning,4.0,4.4
128131,18-03-2025,abu dhabi,  Beauty & Personal Care  ,375.18,1,5.0,375.18,356.42,card,Returning,4.0,4.5
126401,15/02/2025,abu dhabi,home & kitchen,549.98,1,15.0,549.98,467.48,  Card  ,New,4.0,4.7
145584,2025-11-20,AJMAN,Fashion,64.06,1,15.0,64.06,54.45,CASH ON DELIVERY,Returning,1.0,2.9
135808,2025-07-07,DUBAI,Groceries,266.09,1,10.0,266.09,239.48,card,Returning,2.0,4.0
127975,2025-03-15,Dubai,Electronics,330.24,1,10.0,330.24,297.22,  Card  ,New,4.0,3.2
120264,22-11-2024,DUBAI,  Fashion  ,482.4,1,50.0,482.4,241.2,Card,Returning,3.0,5.0
103625,02-03-2024,  Abu Dhabi  ,  Home & Kitchen  ,107.51,1,5.0,107.51,102.13,CASH ON DELIVERY,Returning,4.0,3.9
124277,11-01-2025,Ras Al Khaimah,electronics,1034.74,2,30.0,2069.48,1448.64,  Card  ,Returning,1.0,4.6
122458,12/14/2024,dubai,  Fashion  ,146.53,1,0.0,146.53,146.53,  Card  ,Returning,3.0,3.7
119927,18/11/2024,  Dubai  ,  Electronics  ,613.68,1,15.0,613.68,521.63,WALLET,Returning,,4.2
137008,25/07/2025,Dubai,  Mobile Accessories  ,27.57,1,0.0,27.57,27.57,WALLET,Returning,4.0,
100794,15-01-2024,Dubai,,818.43,1,10.0,818.43,736.59,  Cash on Delivery  ,New,2.0,3.5
115611,2024-09-09,Sharjah,  Electronics  ,556.76,1,10.0,556.76,501.08,  Card  ,New,1.0,
102820,2024-02-17,Sharjah,MOBILE ACCESSORIES,96.82,1,30.0,96.82,67.77,Card,Returning,4.0,4.4
103004,02/20/2024,ajman,Fashion,241.61,1,10.0,241.61,217.45,Card,Returning,3.0,4.4
144196,2025-10-31,  Dubai  ,fashion,539.97,2,0.0,1079.94,1079.94,  Card  ,New,2.0,3.9
135474,03/07/2025,Dubai,electronics,2198.55,2,0.0,4397.1,4397.1,card,New,3.0,3.8
125291,28-01-2025,SHARJAH,electronics,2539.52,3,5.0,7618.56,7237.63,  Card  ,New,3.0,4.3
140004,2025-09-02,RAS AL KHAIMAH,groceries,249.51,1,15.0,249.51,212.08,card,Returning,2.0,3.7
109009,2024-05-31,  Dubai  ,Mobile Accessories,101.98,1,10.0,101.98,91.78,,New,1.0,3.9
134716,21-06-2025,DUBAI,HOME & KITCHEN,363.0,1,5.0,363.0,344.85,  Card  ,Returning,3.0,
136131,12/07/2025,  Ras Al Khaimah  ,fashion,437.17,3,0.0,1311.51,1311.51,cash on delivery,New,1.0,3.6
146268,2025-11-24,  Sharjah  ,ELECTRONICS,2243.39,1,,2243.39,1346.03,CASH ON DELIVERY,Returning,2.0,3.7
114894,08/30/2024,dubai,GROCERIES,54.59,1,10.0,54.59,49.13,cash on delivery,Returning,2.0,4.7
119263,08/11/2024,Dubai,FASHION,509.29,2,5.0,1018.58,967.65,  Card  ,New,2.0,4.8
145372,17-11-2025,Ajman,  Fashion  ,346.32,1,20.0,346.32,277.06,  Wallet  ,Returning,2.0,5.0
138436,16-08-2025,DUBAI,  Groceries  ,35.57,1,0.0,35.57,35.57,CARD,Returning,3.0,4.4
101856,2024-02-02,DUBAI,MOBILE ACCESSORIES,197.65,3,20.0,592.95,474.36,Card,Returning,1.0,
149075,26/12/2025,dubai,beauty & personal care,102.48,1,15.0,102.48,87.11,card,New,2.0,4.4
103014,21-02-2024,  Sharjah  ,  Fashion  ,401.37,3,15.0,1204.11,1023.49,Card,Returning,,4.0
144933,10-11-2025,  Abu Dhabi  ,home & kitchen,53.93,1,20.0,53.93,43.14,CASH ON DELIVERY,New,3.0,4.2
123942,2025-01-07,AJMAN,Mobile Accessories,63.9,1,0.0,63.9,63.9,card,New,1.0,3.6
117649,12-10-2024,RAS AL KHAIMAH,FASHION,144.66,1,0.0,144.66,144.66,  Wallet  ,New,3.0,4.3
102275,09/02/2024,Abu Dhabi,electronics,1150.22,2,20.0,2300.44,1840.35,card,Returning,2.0,5.0
143230,10/18/2025,dubai,HOME & KITCHEN,141.42,1,10.0,141.42,127.28,card,Returning,3.0,
113917,08/18/2024,Dubai ,Fashion,262.4,1,0.0,262.4,262.4,cash on delivery,Returning,2.0,3.7
143084,17/10/2025,  Dubai  ,Electronics,1279.13,1,15.0,1279.13,1087.26,Cash on Delivery,New,1.0,4.0
148063,12/12/2025,ras al khaimah,Fashion,433.24,1,,433.24,411.58,  Wallet  ,Returning,1.0,
115936,2024-09-14,  Abu Dhabi  ,Beauty & Personal Care,111.3,1,0.0,111.3,111.3,Cash on Delivery,Returning,1.0,
143440,21-10-2025,Abu Dhabi,  Mobile Accessories  ,35.0,1,0.0,35.0,35.0,card,Returning,3.0,3.9
137235,2025-07-29,DUBAI,Beauty & Personal Care,332.69,1,15.0,332.69,282.79,CARD,Returning,3.0,4.7
143625,24-10-2025,dubai,BEAUTY & PERSONAL CARE,58.43,1,15.0,58.43,49.67,Cash on Delivery,New,1.0,5.0
107388,03-05-2024,sharjah,  Groceries  ,225.3,1,30.0,225.3,157.71,  Cash on Delivery  ,New,1.0,3.4
103441,02/28/2024,DUBAI,home & kitchen,546.81,1,0.0,546.81,546.81,  Card  ,Returning,1.0,4.0
109269,2024-06-04,  Abu Dhabi  ,Electronics,319.72,1,20.0,319.72,255.78,CARD,Returning,,4.3
147884,2025-12-09,SHARJAH,  Mobile Accessories  ,128.2,3,5.0,384.6,365.37,WALLET,Returning,2.0,4.8
101343,01/24/2024,Dubai,Fashion,103.81,1,0.0,103.81,103.81,WALLET,Returning,3.0,5.0
108143,05/16/2024,Sharjah,groceries,57.25,1,10.0,57.25,51.52,CARD,New,3.0,3.5
102701,15-02-2024,DUBAI,Home & Kitchen,567.96,1,10.0,567.96,511.16,  Card  ,Returning,1.0,3.4
120132,22-11-2024,  Dubai  ,  Electronics  ,1641.56,1,30.0,1641.56,1149.09,CARD,Returning,2.0,4.3
141317,21/09/2025,Ras Al Khaimah,fashion,254.74,1,15.0,254.74,216.53,Card,Returning,3.0,5.0
145700,11/21/2025,Abu Dhabi,Fashion,303.82,1,10.0,303.82,273.44,WALLET,Returning,5.0,4.3
135598,2025-07-04,SHARJAH,Home & Kitchen,232.79,3,0.0,698.37,698.37,Cash on Delivery,New,3.0,4.1
149476,31-12-2025,Dubai,GROCERIES,89.48,1,0.0,89.48,89.48,card,New,3.0,
131542,05-05-2025,ABU DHABI,Beauty & Personal Care,377.15,1,5.0,377.15,358.29,card,New,1.0,4.7
108128,16/05/2024,Sharja,ELECTRONICS,2171.98,1,0.0,2171.98,2171.98,card,Returning,,4.1
107414,03/05/2024,DUBAI,mobile accessories,183.91,3,0.0,551.73,551.73,Card,New,1.0,4.5
129232,2025-04-02,abu dhabi,electronics,3107.26,1,0.0,3107.26,3107.26,CASH ON DELIVERY,New,2.0,4.5
141232,20-09-2025,  Dubai  ,FASHION,138.76,1,0.0,138.76,138.76,WALLET,Returning,3.0,3.6
125649,2025-02-02,ajman,electronics,1115.74,2,15.0,2231.48,1896.76,wallet,Returning,2.0,5.0
132343,05/17/2025,  Abu Dhabi  ,mobile accessories,226.16,1,15.0,226.16,192.24,Card,Returning,1.0,4.5
145484,11/18/2025,DUBAI,  Groceries  ,101.78,1,0.0,101.78,101.78,,New,4.0,4.2
122181,2024-12-10,DUBAI,electronics,1722.95,2,5.0,3445.9,3273.6,wallet,New,4.0,3.2
133766,07/06/2025,dubai,beauty & personal care,264.22,1,5.0,264.22,251.01,Wallet,Returning,2.0,3.7
105291,2024-04-04,Abu Dhabi,Beauty & Personal Care,187.4,2,0.0,374.8,374.8,Card,Returning,2.0,4.6
100672,13/01/2024,Dubai,BEAUTY & PERSONAL CARE,235.8,1,0.0,235.8,235.8,card,New,,3.9
132632,2025-05-21,sharjah,ELECTRONICS,806.17,1,15.0,806.17,685.24,card,Returning,2.0,
132325,05/16/2025,DUBAI,,47.37,1,0.0,47.37,47.37,CARD,New,4.0,4.3
143237,19/10/2025,  Ras Al Khaimah  ,  Electronics  ,1396.44,1,5.0,1396.44,1326.62,  Card  ,Returning,1.0,3.9
134337,15/06/2025,Ras Al Khaimah,  Electronics  ,835.92,2,10.0,1671.84,1504.66,Wallet,Returning,4.0,4.0
139391,2025-08-27,abu dhabi,Fashion,546.37,1,0.0,546.37,546.37,  Cash on Delivery  ,Returning,3.0,4.3
144641,06-11-2025,DUBAI,,378.97,1,10.0,378.97,341.07,cash on delivery,Returning,3.0,3.8
108345,05/19/2024,Dubai,HOME & KITCHEN,716.64,2,0.0,1433.28,1433.28,CASH ON DELIVERY,Returning,5.0,3.7
133594,04/06/2025,Abu Dhabi,ELECTRONICS,1633.22,1,0.0,1633.22,1633.22,wallet,New,1.0,3.6
100238,05/01/2024,abu dhabi,mobile accessories,137.84,1,5.0,137.84,130.95,  Cash on Delivery  ,Returning,4.0,4.6
108744,2024-05-25,  Dubai  ,Groceries,72.79,1,5.0,72.79,69.15,card,Returning,3.0,4.8
111061,2024-07-04,ABU DHABI,Beauty & Personal Care,333.9,1,10.0,333.9,300.51,WALLET,Returning,3.0,4.5
140588,10-09-2025,Sharjah,FASHION,64.1,1,10.0,64.1,57.69,  Wallet  ,Returning,3.0,4.3
136416,2025-07-17,Abu Dhabi,mobile accessories,106.73,1,0.0,106.73,106.73,card,Returning,2.0,4.4
115236,04/09/2024,  Sharjah  ,  Beauty & Personal Care  ,399.83,1,0.0,399.83,399.83,CASH ON DELIVERY,New,1.0,4.0
107125,29-04-2024,DUBAI,mobile accessories,190.74,1,10.0,190.74,171.67,Cash on Delivery,New,2.0,3.1
114841,30-08-2024,DUBAI,mobile accessories,43.46,2,5.0,86.92,82.57,wallet,Returning,2.0,4.0
129883,10-04-2025,DUBAI,fashion,52.76,2,0.0,105.52,105.52,card,Returning,3.0,4.0
140212,2025-09-05,,beauty & personal care,129.34,1,10.0,129.34,116.41,WALLET,New,2.0,3.8
124925,01/22/2025,dubai,BEAUTY & PERSONAL CARE,250.75,1,5.0,250.75,238.21,WALLET,New,2.0,3.7
125980,2025-02-08,Abu Dhabi,Mobile Accessories,128.34,1,10.0,128.34,115.51,cash on delivery,New,2.0,4.4
131749,2025-05-08,  Sharjah  ,electronics,3240.54,1,10.0,3240.54,2916.49,card,New,2.0,4.3
142196,03-10-2025,Abu Dhabi,MOBILE ACCESSORIES,74.85,1,0.0,74.85,74.85,wallet,Returning,1.0,5.0
145384,11/17/2025,dubai,electronics,2785.62,1,20.0,2785.62,2228.5,CARD,Returning,2.0,4.1
131660,07-05-2025,DUBAI,home & kitchen,161.79,1,20.0,161.79,129.43,Card,Returning,2.0,3.4
107604,2024-05-07,dubai,beauty & personal care,242.84,1,5.0,242.84,230.7,  Cash on Delivery  ,Returning,3.0,4.6
144723,07-11-2025,  Dubai  ,  Fashion  ,274.08,1,5.0,274.08,260.38,Card,Returning,3.0,3.2
128786,03/29/2025,abu dhabi,  Fashion  ,578.06,2,10.0,1156.12,1040.51,WALLET,Returning,4.0,4.7
141179,09/19/2025,Dubai,MOBILE ACCESSORIES,224.32,1,5.0,224.32,213.1,card,Returning,2.0,4.8
126199,12-02-2025,,HOME & KITCHEN,336.52,1,0.0,336.52,336.52,CASH ON DELIVERY,Returning,2.0,4.6
106133,13-04-2024,dubai,groceries,284.09,1,0.0,284.09,284.09,CARD,Returning,3.0,4.2
108969,2024-05-30,Ajman,  Electronics  ,382.69,2,20.0,765.38,612.3,Wallet,Returning,2.0,4.5
134855,23-06-2025,  Abu Dhabi  ,beauty & personal care,69.37,1,5.0,69.37,65.9,CARD,Returning,1.0,5.0
139506,28/08/2025,,  Mobile Accessories  ,105.24,1,10.0,105.24,94.72,CARD,New,3.0,3.9
119943,18-11-2024,dubai,fashion,128.23,1,15.0,128.23,109.0,  Card  ,New,3.0,4.4
119530,12-11-2024,DUBAI,Fashion,137.95,1,15.0,137.95,117.26,  Cash on Delivery  ,Returning,3.0,3.7
133772,2025-06-07,ABU DHABI,Mobile Accessories,66.05,1,0.0,66.05,66.05,  Wallet  ,Returning,1.0,
122654,18-12-2024,sharjah,GROCERIES,78.16,1,20.0,78.16,62.53,cash on delivery,Returning,,4.1
140821,14/09/2025,  Abu Dhabi  ,Beauty & Personal Care,390.52,1,15.0,390.52,331.94,  Wallet  ,Returning,3.0,4.1
114919,08/31/2024,DUBAI,BEAUTY & PERSONAL CARE,218.32,1,20.0,218.32,174.66,card,Returning,2.0,5.0
140095,09/03/2025,  Sharjah  ,  Home & Kitchen  ,551.97,1,0.0,551.97,551.97,Cash on Delivery,New,1.0,4.3
106499,04/19/2024,abu dhabi,  Home & Kitchen  ,373.0,1,0.0,373.0,373.0,CARD,New,,3.8
117375,08-10-2024,SHARJAH,fashion,159.24,1,5.0,159.24,151.28,Card,Returning,4.0,3.9
106935,26/04/2024,Dubai,Groceries,167.67,1,5.0,167.67,159.29,  Card  ,New,4.0,3.2
144194,10/31/2025,SHARJAH,FASHION,503.51,1,10.0,503.51,453.16,CARD,Returning,2.0,1.6
108767,2024-05-26,dubai,FASHION,406.99,2,0.0,813.98,813.98,  Card  ,Returning,3.0,5.0
106699,04/22/2024,Abu Dhabi,  Electronics  ,923.26,1,0.0,923.26,923.26,WALLET,Returning,3.0,3.9
141157,19/09/2025,ABU DHABI,beauty & personal care,220.47,1,30.0,220.47,154.33,  Cash on Delivery  ,Returning,,4.5
106266,04/15/2024,Sharja,FASHION,172.61,1,0.0,172.61,172.61,  Cash on Delivery  ,New,3.0,4.5
142079,2025-10-02,ABU DHABI,  Beauty & Personal Care  ,291.95,1,30.0,291.95,204.36,WALLET,New,2.0,4.0
149252,12/28/2025,dubai,  Groceries  ,262.69,1,0.0,262.69,262.69,cash on delivery,Returning,4.0,4.1
100459,01/09/2024,Dubai ,  Fashion  ,594.12,1,20.0,594.12,475.3,card,Returning,4.0,5.0
134253,14-06-2025,DUBAI,Home & Kitchen,835.23,1,0.0,835.23,835.23,Card,New,5.0,3.6
129485,2025-04-04,dubai,electronics,1728.15,1,20.0,1728.15,1382.52,Cash on Delivery,Returning,3.0,2.9
145155,14/11/2025,DUBAI,HOME & KITCHEN,708.38,1,30.0,708.38,495.87,  Card  ,New,4.0,3.3
139322,2025-08-26,ABU DHABI,Mobile Accessories,72.01,1,10.0,72.01,64.81,CASH ON DELIVERY,New,5.0,4.2
133288,31-05-2025,dubai,Mobile Accessories,155.85,1,10.0,155.85,140.26,Card,New,3.0,4.0
128476,24-03-2025,Dubai ,Beauty & Personal Care,135.77,2,20.0,271.54,217.23,  Cash on Delivery  ,New,,3.4
144889,10-11-2025,abu dhabi,Fashion,453.96,1,20.0,453.96,363.17,card,Returning,1.0,3.9
101305,2024-01-23,Dubai,home & kitchen,612.5,1,0.0,612.5,612.5,CARD,Returning,2.0,4.0
117655,12/10/2024,dubai,GROCERIES,152.06,1,0.0,152.06,152.06,CARD,New,,3.4
100157,04/01/2024,sharjah,Fashion,380.43,1,15.0,380.43,323.37,wallet,New,3.0,4.4
130794,2025-04-23,Dubai,mobile accessories,201.12,3,0.0,603.36,603.36,Wallet,Returning,4.0,4.4
126618,19-02-2025,ABU DHABI,HOME & KITCHEN,108.89,1,5.0,108.89,103.45,  Cash on Delivery  ,Returning,5.0,5.0
116625,26-09-2024,ras al khaimah,ELECTRONICS,1051.47,3,30.0,3154.41,2208.09,Wallet,Returning,3.0,2.9
143217,2025-10-18,ABU DHABI,Home & Kitchen,797.75,1,20.0,797.75,638.2,CARD,Returning,2.0,5.0
116242,2024-09-19,dubai,  Fashion  ,515.11,1,20.0,515.11,412.09,Cash on Delivery,Returning,3.0,5.0
112728,2024-07-31,DUBAI,Fashion,159.33,1,15.0,159.33,135.43,WALLET,New,3.0,5.0
132706,22-05-2025,  Ras Al Khaimah  ,Fashion,344.14,1,0.0,344.14,344.14,  Cash on Delivery  ,New,4.0,4.9
107669,08/05/2024,ras al khaimah,Electronics,1123.2,1,0.0,1123.2,1123.2,card,New,4.0,3.2
122829,12/21/2024,Dubai,Electronics,2486.51,2,10.0,4973.02,4475.72,CASH ON DELIVERY,New,2.0,4.4
103828,06/03/2024,dubai,  Mobile Accessories  ,48.09,1,15.0,48.09,40.88,CARD,New,4.0,4.0
135203,06/28/2025,  Dubai  ,Fashion,257.61,3,5.0,772.83,734.19,CARD,New,3.0,4.1
137987,09-08-2025,dubai,Electronics,2194.2,1,20.0,2194.2,1755.36,  Cash on Delivery  ,New,999.0,3.8
123018,2024-12-24,Dubai,Mobile Accessories,63.42,1,0.0,63.42,63.42,Card,New,1.0,3.3
132922,25-05-2025,,BEAUTY & PERSONAL CARE,274.04,2,5.0,548.08,520.68,Cash on Delivery,Returning,2.0,3.2
102996,20-02-2024,DUBAI,Fashion,311.34,1,5.0,311.34,295.77,cash on delivery,Returning,2.0,3.4
118187,2024-10-21,AJMAN,FASHION,477.35,1,5.0,477.35,453.48,CASH ON DELIVERY,New,1.0,3.7
135602,2025-07-04,dubai,FASHION,75.68,1,10.0,75.68,68.11,  Cash on Delivery  ,New,5.0,4.7
141802,28/09/2025,  Abu Dhabi  ,HOME & KITCHEN,506.79,1,0.0,506.79,506.79,CASH ON DELIVERY,Returning,1.0,5.0
133137,29-05-2025,SHARJAH,mobile accessories,119.13,1,15.0,119.13,101.26,CARD,New,4.0,4.6
145261,11/15/2025,  Sharjah  ,,177.65,1,0.0,177.65,177.65,CASH ON DELIVERY,Returning,1.0,2.8
140052,03/09/2025,abu dhabi,BEAUTY & PERSONAL CARE,116.1,1,,116.1,92.88,cash on delivery,Returning,2.0,3.9
109354,05-06-2024,SHARJAH,Beauty & Personal Care,45.9,1,20.0,45.9,36.72,Cash on Delivery,Returning,3.0,3.6
115931,09/14/2024,ABU DHABI,electronics,2114.45,1,15.0,2114.45,1797.28,Cash on Delivery,New,2.0,4.3
109546,06/08/2024,ajman,  Fashion  ,53.79,1,5.0,53.79,51.1,CARD,Returning,3.0,4.4
122476,2024-12-14,SHARJAH,  Home & Kitchen  ,447.6,2,10.0,895.2,805.68,Card,Returning,3.0,3.9
126011,02/08/2025,,home & kitchen,882.85,1,0.0,882.85,882.85,,Returning,3.0,4.2
122354,13-12-2024,sharjah,FASHION,179.23,1,30.0,179.23,125.46,Card,Returning,1.0,5.0
138184,12-08-2025,SHARJAH,BEAUTY & PERSONAL CARE,137.24,1,0.0,137.24,137.24,Card,Returning,3.0,3.3
135682,07/06/2025,  Sharjah  ,Mobile Accessories,113.71,1,5.0,113.71,108.02,CARD,Returning,2.0,3.9
127889,13/03/2025,DUBAI,groceries,165.67,1,20.0,165.67,132.54,cash on delivery,Returning,3.0,3.5
112064,07/20/2024,Dubai,  Fashion  ,161.01,1,0.0,161.01,161.01,CARD,New,3.0,4.1
113632,2024-08-15,Dubai ,mobile accessories,136.69,1,0.0,136.69,136.69,Cash on Delivery,Returning,1.0,4.3
133548,04/06/2025,Sharja,  Electronics  ,2788.35,1,0.0,2788.35,2788.35,  Card  ,Returning,3.0,5.0
113101,06/08/2024,Dubai,  Mobile Accessories  ,180.76,1,15.0,180.76,153.65,Cash on Delivery,New,2.0,4.5
147424,03/12/2025,AJMAN,MOBILE ACCESSORIES,184.28,1,5.0,184.28,175.07,Card,Returning,3.0,4.4
145061,11/12/2025,ajman,Groceries,175.64,1,10.0,175.64,158.08,Card,New,3.0,4.2
133715,06/06/2025,Dubai ,fashion,191.73,2,10.0,383.46,345.11,WALLET,Returning,2.0,5.0
111279,07-07-2024,DUBAI,  Home & Kitchen  ,733.98,1,20.0,733.98,587.18,,Returning,3.0,3.7
145634,11/21/2025,Dubai,fashion,179.28,1,30.0,179.28,125.5,CARD,Returning,3.0,4.4
142220,04-10-2025,  Dubai  ,groceries,282.13,3,15.0,846.39,719.43,  Card  ,New,4.0,3.7
148964,12/25/2025,abu dhabi,fashion,324.58,3,15.0,973.74,827.68,card,Returning,2.0,4.2
102839,17-02-2024,dubai,ELECTRONICS,1699.09,1,5.0,1699.09,1614.14,cash on delivery,Returning,4.0,4.6
125167,01/26/2025,SHARJAH,HOME & KITCHEN,315.65,2,,631.3,568.17,CASH ON DELIVERY,Returning,1.0,3.7
115227,04-09-2024,  Ras Al Khaimah  ,home & kitchen,806.48,1,15.0,806.48,685.51,Cash on Delivery,Returning,3.0,2.5
107339,2024-05-02,,beauty & personal care,158.95,1,10.0,158.95,143.06,CASH ON DELIVERY,New,2.0,3.7
107031,2024-04-27,  Sharjah  ,  Fashion  ,405.05,2,20.0,810.1,648.08,wallet,Returning,3.0,3.2
121849,12/05/2024,  Abu Dhabi  ,Fashion,572.25,1,5.0,572.25,543.64,Card,New,2.0,4.0
143605,24-10-2025,  Dubai  ,Groceries,276.49,1,0.0,276.49,276.49,card,Returning,2.0,4.6
138282,13/08/2025,Sharja,  Electronics  ,2049.26,1,10.0,2049.26,1844.33,Card,Returning,3.0,4.8
126518,17/02/2025,AJMAN,FASHION,329.79,1,0.0,329.79,329.79,cash on delivery,New,,4.3
119109,2024-11-05,Sharjah,  Home & Kitchen  ,237.01,1,5.0,237.01,225.16,Cash on Delivery,Returning,3.0,3.5
144066,30/10/2025,dubai,  Beauty & Personal Care  ,246.82,1,0.0,246.82,246.82,Card,New,2.0,3.7
111010,03-07-2024,Dubai ,Fashion,155.29,1,0.0,155.29,155.29,  Card  ,Returning,1.0,4.7
148747,22-12-2025,Dubay,Fashion,564.82,1,10.0,564.82,508.34,cash on delivery,New,2.0,2.9
115506,2024-09-07,Sharjah,beauty & personal care,63.64,1,15.0,63.64,54.09,WALLET,Returning,4.0,4.6
148620,20-12-2025,Dubai ,BEAUTY & PERSONAL CARE,189.87,1,15.0,189.87,161.39,cash on delivery,New,2.0,3.2
100145,2024-01-03,SHARJAH,electronics,843.23,1,0.0,843.23,843.23,Card,New,4.0,4.8
111101,05/07/2024,Dubai,  Groceries  ,278.71,1,10.0,278.71,250.84,card,Returning,3.0,3.7
122758,2024-12-20,DUBAI,  Beauty & Personal Care  ,87.7,1,0.0,87.7,87.7,Cash on Delivery,Returning,,3.9
127872,2025-03-13,Dubai,Electronics,1672.04,1,10.0,1672.04,1504.84,card,New,2.0,
136478,18-07-2025,  Dubai  ,Electronics,2575.36,3,5.0,7726.08,7339.78,card,Returning,5.0,4.8
144242,01/11/2025,  Abu Dhabi  ,Mobile Accessories,185.95,1,5.0,185.95,176.65,Card,Returning,3.0,5.0
119272,11/08/2024,abu dhabi,fashion,557.95,2,10.0,1115.9,1004.31,  Card  ,Returning,1.0,4.1
134265,06/14/2025,dubai,FASHION,433.7,1,10.0,433.7,390.33,WALLET,New,4.0,
104502,19/03/2024,DUBAI,fashion,121.84,1,,121.84,115.75,  Card  ,Returning,3.0,4.5
122668,12/18/2024,,Fashion,300.6,1,5.0,300.6,285.57,cash on delivery,New,3.0,4.4
141740,27-09-2025,,MOBILE ACCESSORIES,31.1,1,5.0,31.1,29.54,  Wallet  ,New,2.0,3.9
102506,12-02-2024,Dubai,MOBILE ACCESSORIES,241.39,1,20.0,241.39,193.11,  Card  ,New,4.0,4.9
118522,10/26/2024,SHARJAH,  Fashion  ,212.83,1,0.0,212.83,212.83,Card,Returning,3.0,3.8
139207,24/08/2025,Ajman,Groceries,288.55,1,10.0,288.55,259.7,CASH ON DELIVERY,Returning,1.0,3.9
133469,03-06-2025,Sharjah,BEAUTY & PERSONAL CARE,326.7,1,5.0,326.7,310.36,cash on delivery,Returning,3.0,4.2
141259,09/20/2025,dubai,groceries,196.51,1,0.0,196.51,196.51,Card,Returning,2.0,4.6
116823,2024-09-29,Sharjah,  Groceries  ,113.18,2,5.0,226.36,215.04,WALLET,Returning,1.0,3.9
100581,01/11/2024,abu dhabi,groceries,293.05,1,15.0,293.05,249.09,CASH ON DELIVERY,New,2.0,4.8
120860,26/11/2024,abu dhabi,  Electronics  ,1743.53,1,30.0,1743.53,1220.47,CARD,Returning,1.0,4.6
123401,29/12/2024,  Abu Dhabi  ,MOBILE ACCESSORIES,143.7,1,0.0,143.7,143.7,CARD,Returning,1.0,4.2
136160,13-07-2025,Abu Dhabi,  Fashion  ,99.74,1,0.0,99.74,99.74,  Cash on Delivery  ,New,4.0,
147428,03/12/2025,Ajman,groceries,207.08,1,5.0,207.08,196.73,WALLET,Returning,1.0,4.8
133394,01-06-2025,Sharjah,Beauty & Personal Care,384.87,2,10.0,769.74,692.77,  Cash on Delivery  ,Returning,3.0,4.1
114811,30/08/2024,  Abu Dhabi  ,  Electronics  ,3427.34,1,15.0,3427.34,2913.24,Card,Returning,1.0,3.8
102745,2024-02-16,dubai,GROCERIES,21.62,1,0.0,21.62,21.62,Card,Returning,4.0,3.3
100780,14/01/2024,Ajman,Home & Kitchen,334.02,2,0.0,668.04,668.04,  Card  ,Returning,5.0,4.2
129771,2025-04-08,dubai,fashion,542.1,2,30.0,1084.2,758.94,CARD,New,2.0,4.5
142863,2025-10-13,Ras Al Khaimah,Groceries,215.9,1,10.0,215.9,194.31,Card,Returning,3.0,4.9
117804,2024-10-15,abu dhabi,mobile accessories,212.2,2,10.0,424.4,381.96,card,New,2.0,4.3
105096,31-03-2024,  Abu Dhabi  ,MOBILE ACCESSORIES,98.31,2,0.0,196.62,196.62,Card,New,2.0,3.9
120641,24-11-2024,Dubai,mobile accessories,240.18,1,10.0,240.18,216.16,cash on delivery,New,4.0,4.3
105320,04/04/2024,  Dubai  ,groceries,119.95,1,10.0,119.95,107.96,  Card  ,Returning,3.0,4.3
106682,04/22/2024,  Dubai  ,groceries,123.37,1,0.0,123.37,123.37,Wallet,Returning,4.0,4.7
148174,2025-12-13,DUBAI,Beauty & Personal Care,75.8,2,0.0,151.6,151.6,CASH ON DELIVERY,Returning,4.0,4.2
120919,2024-11-26,,Beauty & Personal Care,276.9,1,50.0,276.9,138.45,card,New,3.0,5.0
136178,2025-07-13,ajman,  Home & Kitchen  ,734.99,1,20.0,734.99,587.99,CASH ON DELIVERY,New,2.0,4.1
127947,03/14/2025,dubai,fashion,585.57,1,5.0,585.57,556.29,Cash on Delivery,Returning,3.0,
127816,12/03/2025,  Abu Dhabi  ,  Groceries  ,24.41,1,,24.41,23.19,wallet,Returning,3.0,3.7
144250,01/11/2025,dubai,MOBILE ACCESSORIES,211.32,2,0.0,422.64,422.64,Card,New,3.0,4.6
132236,05/15/2025,AJMAN,  Electronics  ,1113.08,1,5.0,1113.08,1057.43,cash on delivery,New,3.0,4.0
146190,2025-11-23,Abu Dhabi,Fashion,165.2,1,30.0,165.2,115.64,Card,New,1.0,2.7
132497,05/19/2025,DUBAI,Fashion,79.51,1,0.0,79.51,79.51,,Returning,1.0,4.2
116869,30-09-2024,  Dubai  ,electronics,645.59,1,0.0,645.59,645.59,card,New,6.0,3.3
112371,07/25/2024,abu dhabi,fashion,303.58,1,15.0,303.58,258.04,  Wallet  ,Returning,5.0,3.3
137798,06-08-2025,  Sharjah  ,FASHION,41.28,1,5.0,41.28,39.22,card,Returning,2.0,4.2
101742,31/01/2024,Dubai,GROCERIES,279.21,1,0.0,279.21,279.21,  Card  ,New,4.0,3.2
117834,15/10/2024,  Ras Al Khaimah  ,  Home & Kitchen  ,865.92,3,,2597.76,2337.98,  Wallet  ,New,1.0,5.0
146039,11/22/2025,DUBAI,  Home & Kitchen  ,225.58,1,30.0,225.58,157.91,  Card  ,Returning,3.0,3.8
105670,2024-04-09,ras al khaimah,  Fashion  ,294.66,2,20.0,589.32,471.46,card,Returning,3.0,5.0
141288,2025-09-21,RAS AL KHAIMAH,groceries,262.57,1,15.0,262.57,223.18,card,Returning,5.0,4.0
124704,2025-01-18,sharjah,groceries,132.48,3,5.0,397.44,377.57,CARD,Returning,2.0,4.6
135963,10/07/2025,SHARJAH,Electronics,2513.49,3,10.0,7540.47,6786.42,card,New,3.0,4.6
102432,11-02-2024,Ras Al Khaimah,HOME & KITCHEN,509.51,1,0.0,509.51,509.51,CARD,Returning,1.0,4.3
124948,2025-01-23,ABU DHABI,BEAUTY & PERSONAL CARE,26.08,2,0.0,52.16,52.16,Card,Returning,4.0,4.7
148527,18/12/2025,Abu Dhabi,fashion,460.13,1,5.0,460.13,437.12,WALLET,Returning,2.0,4.5
147117,11/29/2025,  Abu Dhabi  ,  Fashion  ,370.9,1,0.0,370.9,370.9,WALLET,New,5.0,
145860,2025-11-22,DUBAI,HOME & KITCHEN,671.94,1,40.0,671.94,403.16,Card,Returning,2.0,4.6
109787,06/13/2024,ABU DHABI,mobile accessories,68.59,1,0.0,68.59,68.59,  Card  ,New,2.0,4.4
107532,2024-05-05,ABU DHABI,FASHION,269.14,3,5.0,807.42,767.05,Cash on Delivery,New,2.0,3.9
140392,07/09/2025,DUBAI,beauty & personal care,157.96,1,0.0,157.96,157.96,card,Returning,2.0,3.2
134637,06/20/2025,  Ajman  ,FASHION,341.92,1,5.0,341.92,324.82,,New,4.0,3.3
137496,2025-08-02,  Dubai  ,Groceries,96.7,1,20.0,96.7,77.36,  Card  ,Returning,3.0,4.4
137959,08/08/2025,  Dubai  ,Mobile Accessories,229.39,2,10.0,458.78,412.9,card,New,1.0,4.2
102525,12-02-2024,ABU DHABI,  Electronics  ,1508.99,3,0.0,4526.97,4526.97,cash on delivery,Returning,5.0,4.6
136666,2025-07-20,sharjah,  Electronics  ,2316.57,1,15.0,2316.57,1969.08,Card,New,2.0,4.5
122537,15/12/2024,dubai,Beauty & Personal Care,177.89,2,0.0,355.78,355.78,CASH ON DELIVERY,New,4.0,4.2
118922,02/11/2024,,Fashion,217.19,1,30.0,217.19,152.03,,Returning,2.0,3.3
126579,18-02-2025,abu dhabi,  Home & Kitchen  ,471.48,2,10.0,942.96,848.66,cash on delivery,New,1.0,4.4
127311,01-03-2025,sharjah,MOBILE ACCESSORIES,115.29,2,5.0,230.58,219.05,  Cash on Delivery  ,New,1.0,5.0
148653,2025-12-20,  Dubai  ,  Home & Kitchen  ,345.91,1,15.0,345.91,294.02,Card,Returning,4.0,3.6
119388,2024-11-09,Dubai,  Fashion  ,391.45,3,0.0,1174.35,1174.35,Card,New,3.0,3.9
139837,31/08/2025,SHARJAH,HOME & KITCHEN,85.14,2,0.0,170.28,170.28,card,New,4.0,3.6
144163,31/10/2025,dubai,  Home & Kitchen  ,804.74,2,20.0,1609.48,1287.58,CARD,Returning,4.0,4.0
149095,26-12-2025,DUBAI,fashion,565.64,1,,565.64,480.79,Card,Returning,2.0,5.0
144592,06-11-2025,Ras Al Khaimah,  Electronics  ,2675.74,2,0.0,5351.48,5351.48,CARD,Returning,1.0,2.9
129086,01-04-2025,  Abu Dhabi  ,Electronics,2821.86,1,0.0,2821.86,2821.86,card,Returning,1.0,3.7
131762,2025-05-08,  Abu Dhabi  ,BEAUTY & PERSONAL CARE,104.28,1,0.0,104.28,104.28,Cash on Delivery,Returning,1.0,3.5
110651,06/27/2024,Ras Al Khaimah,electronics,2348.29,1,5.0,2348.29,2230.88,cash on delivery,Returning,,4.7
137347,2025-07-31,DUBAI,  Fashion  ,444.12,1,0.0,444.12,444.12,Card,New,3.0,5.0
145228,2025-11-15,RAS AL KHAIMAH,ELECTRONICS,1165.64,1,0.0,1165.64,1165.64,Wallet,Returning,3.0,5.0
111888,07/18/2024,Abu Dhabi,,342.43,1,10.0,342.43,308.19,cash on delivery,Returning,5.0,4.1
114293,23/08/2024,Dubay,HOME & KITCHEN,886.7,1,10.0,886.7,798.03,wallet,Returning,2.0,5.0
135133,06/27/2025,Ajman,  Beauty & Personal Care  ,73.25,1,5.0,73.25,69.59,CARD,Returning,2.0,4.0
123419,30-12-2024,ABU DHABI,GROCERIES,249.18,2,0.0,498.36,498.36,CASH ON DELIVERY,Returning,2.0,4.3
108681,25/05/2024,dubai,GROCERIES,65.56,1,10.0,65.56,59.0,cash on delivery,Returning,3.0,4.3
132657,2025-05-21,ABU DHABI,Groceries,275.36,1,0.0,275.36,275.36,CASH ON DELIVERY,Returning,1.0,3.3
112486,07/27/2024,RAS AL KHAIMAH,home & kitchen,409.93,1,0.0,409.93,409.93,wallet,New,3.0,3.6
136486,18-07-2025,ABU DHABI,  Beauty & Personal Care  ,367.12,1,15.0,367.12,312.05,CARD,Returning,2.0,3.9
139220,24-08-2025,  Abu Dhabi  ,Beauty & Personal Care,111.05,1,10.0,111.05,99.94,Card,Returning,2.0,3.9
125525,01-02-2025,abu dhabi,fashion,191.66,1,5.0,191.66,182.08,  Card  ,Returning,3.0,3.1
145028,12/11/2025,dubai,mobile accessories,54.34,1,15.0,54.34,46.19,Card,Returning,,4.0
141428,23-09-2025,  Sharjah  ,mobile accessories,208.82,1,0.0,208.82,208.82,CARD,Returning,5.0,3.8
110485,2024-06-24,Dubai ,mobile accessories,217.79,1,0.0,217.79,217.79,  Cash on Delivery  ,Returning,4.0,2.7
132530,2025-05-19,SHARJAH,ELECTRONICS,990.64,1,5.0,990.64,941.11,Card,Returning,2.0,3.5
133199,30/05/2025,dubai,groceries,57.95,1,0.0,57.95,57.95,Card,Returning,2.0,5.0
113498,08/13/2024,AJMAN,  Fashion  ,289.88,1,30.0,289.88,202.92,wallet,Returning,4.0,4.1
148351,16/12/2025,SHARJAH,Groceries,165.18,2,5.0,330.36,313.84,Cash on Delivery,New,3.0,3.9
112464,07/27/2024,ABU DHABI,home & kitchen,460.75,1,0.0,460.75,460.75,Wallet,Returning,3.0,4.4
130677,21-04-2025,sharjah,Home & Kitchen,195.66,1,0.0,195.66,195.66,  Wallet  ,Returning,2.0,4.5
119374,09/11/2024,  Dubai  ,home & kitchen,661.78,1,5.0,661.78,628.69,card,New,999.0,4.5
142870,13-10-2025,SHARJAH,  Mobile Accessories  ,223.33,1,0.0,223.33,223.33,card,Returning,2.0,
141754,27-09-2025,Ras Al Khaimah,  Mobile Accessories  ,218.13,1,0.0,218.13,218.13,  Cash on Delivery  ,New,3.0,4.2
143106,2025-10-17,abu dhabi,groceries,72.93,1,10.0,72.93,65.64,  Card  ,Returning,4.0,2.8
104740,23/03/2024,,fashion,336.93,1,10.0,336.93,303.24,Card,New,2.0,4.0
100885,16-01-2024,dubai,Fashion,169.69,1,15.0,169.69,144.24,  Card  ,Returning,3.0,4.3
144322,2025-11-02,ras al khaimah,  Electronics  ,1831.7,1,10.0,1831.7,1648.53,  Card  ,Returning,3.0,2.7
146960,28-11-2025,DUBAI,electronics,3219.95,1,10.0,3219.95,2897.96,Cash on Delivery,New,2.0,3.7
142911,2025-10-14,Abu Dhabi,MOBILE ACCESSORIES,234.5,1,0.0,234.5,234.5,  Card  ,New,3.0,4.0
118660,2024-10-28,DUBAI,electronics,2547.76,1,5.0,2547.76,2420.37,card,Returning,3.0,4.7
130145,2025-04-14,Dubai,beauty & personal care,274.24,1,20.0,274.24,219.39,card,Returning,4.0,3.6
130417,2025-04-18,Abu Dhabi,  Electronics  ,1889.02,1,0.0,1889.02,1889.02,Wallet,Returning,4.0,4.8
106300,15/04/2024,DUBAI,  Electronics  ,432.51,1,0.0,432.51,432.51,  Card  ,Returning,4.0,5.0
107228,30-04-2024,abu dhabi,Electronics,1629.23,1,15.0,1629.23,1384.85,  Wallet  ,Returning,3.0,3.8
103418,02/28/2024,  Ajman  ,ELECTRONICS,3181.81,2,10.0,6363.62,5727.26,Cash on Delivery,Returning,2.0,4.6
125463,2025-01-31,  Abu Dhabi  ,home & kitchen,89.84,1,10.0,89.84,80.86,  Wallet  ,Returning,3.0,4.3
106951,26-04-2024,  Dubai  ,  Electronics  ,3205.71,1,,3205.71,3045.42,card,Returning,3.0,4.5
105499,2024-04-07,dubai,  Beauty & Personal Care  ,253.77,1,0.0,253.77,253.77,  Cash on Delivery  ,Returning,4.0,5.0
114935,31/08/2024,abu dhabi,BEAUTY & PERSONAL CARE,221.59,1,0.0,221.59,221.59,card,Returning,1.0,
116045,09/16/2024,  Dubai  ,BEAUTY & PERSONAL CARE,152.91,2,20.0,305.82,244.66,CARD,Returning,3.0,4.0
108220,17-05-2024,ABU DHABI,  Fashion  ,173.22,1,0.0,173.22,173.22,card,Returning,1.0,3.3
148786,12/22/2025,  Dubai  ,MOBILE ACCESSORIES,28.12,2,0.0,56.24,56.24,Cash on Delivery,New,3.0,2.9
142703,11-10-2025,dubai,FASHION,418.81,1,0.0,418.81,418.81,Cash on Delivery,Returning,2.0,4.2
146817,11/27/2025,Abu Dhabi,home & kitchen,593.95,2,40.0,1187.9,712.74,  Cash on Delivery  ,New,,4.2
121053,2024-11-27,  Dubai  ,fashion,150.33,1,30.0,150.33,105.23,  Wallet  ,Returning,2.0,4.6
148538,12/19/2025,  Dubai  ,  Groceries  ,247.17,1,0.0,247.17,247.17,cash on delivery,Returning,1.0,4.6
143723,2025-10-25,Abu Dhabi,Mobile Accessories,57.84,1,0.0,57.84,57.84,Card,Returning,1.0,4.8
120113,21/11/2024,abu dhabi,fashion,406.78,1,5.0,406.78,386.44,,Returning,2.0,3.0
128313,21-03-2025,Dubay,  Groceries  ,146.09,1,5.0,146.09,138.79,CASH ON DELIVERY,New,1.0,5.0
148900,12/24/2025,,  Home & Kitchen  ,580.85,2,5.0,1161.7,1103.62,Cash on Delivery,Returning,2.0,5.0
131750,08-05-2025,AJMAN,home & kitchen,424.83,1,30.0,424.83,297.38,card,Returning,2.0,4.7
103339,2024-02-26,dubai,MOBILE ACCESSORIES,216.39,1,30.0,216.39,151.47,card,New,3.0,4.1
117208,10/05/2024,dubai,electronics,607.39,1,5.0,607.39,577.02,CASH ON DELIVERY,New,2.0,
100506,2024-01-10,abu dhabi,electronics,3301.81,2,20.0,6603.62,5282.9,cash on delivery,New,1.0,3.4
147080,11/29/2025,abu dhabi,Groceries,81.79,1,10.0,81.79,73.61,  Card  ,Returning,1.0,3.4
135866,08/07/2025,Dubai ,GROCERIES,118.17,1,10.0,118.17,106.35,wallet,Returning,2.0,3.7
135805,07/07/2025,abu dhabi,  Mobile Accessories  ,195.1,1,10.0,195.1,175.59,CARD,Returning,2.0,3.0
145076,13-11-2025,sharjah,beauty & personal care,91.37,2,5.0,182.74,173.6,  Card  ,New,2.0,5.0
110160,06/18/2024,  Dubai  ,beauty & personal care,312.87,1,,312.87,281.58,Card,New,4.0,4.1
142410,10/06/2025,  Abu Dhabi  ,electronics,2553.34,1,0.0,2553.34,2553.34,Card,Returning,2.0,4.3
102926,19/02/2024,  Dubai  ,ELECTRONICS,2631.13,1,5.0,2631.13,2499.57,  Cash on Delivery  ,Returning,4.0,3.0
128219,19/03/2025,Ras Al Khaimah,GROCERIES,89.0,1,10.0,89.0,80.1,,Returning,4.0,4.3
116520,24-09-2024,DUBAI,Groceries,286.3,1,15.0,286.3,243.36,cash on delivery,New,2.0,4.6
106882,25-04-2024,  Dubai  ,BEAUTY & PERSONAL CARE,131.66,1,10.0,131.66,118.49,WALLET,Returning,2.0,3.8
130373,17/04/2025,dubai,Fashion,332.56,1,0.0,332.56,332.56,Card,Returning,2.0,4.2
110703,06/28/2024,DUBAI,HOME & KITCHEN,243.29,1,5.0,243.29,231.13,  Card  ,New,2.0,3.8
105033,03/30/2024,Dubai ,mobile accessories,101.98,1,,101.98,91.78,WALLET,Returning,4.0,3.3
131971,2025-05-11,Sharjah,HOME & KITCHEN,205.02,1,5.0,205.02,194.77,  Wallet  ,Returning,3.0,4.3
133876,06/08/2025,Dubai,  Home & Kitchen  ,325.76,2,,651.52,618.94,  Card  ,New,5.0,4.7
109552,06/08/2024,  Ajman  ,electronics,2068.93,1,5.0,2068.93,1965.48,cash on delivery,Returning,3.0,5.0
101482,26-01-2024,  Dubai  ,  Fashion  ,106.7,1,0.0,106.7,106.7,card,Returning,2.0,
130338,04/17/2025,ajman,mobile accessories,202.51,1,10.0,202.51,182.26,  Cash on Delivery  ,Returning,3.0,4.7
115357,05/09/2024,ABU DHABI,  Beauty & Personal Care  ,153.79,1,15.0,153.79,130.72,  Card  ,Returning,4.0,5.0
134169,13/06/2025,Dubai,  Mobile Accessories  ,22.93,1,0.0,22.93,22.93,  Cash on Delivery  ,Returning,2.0,4.5
124617,01/17/2025,Dubai,Home & Kitchen,729.15,1,0.0,729.15,729.15,Card,New,1.0,4.2
116548,2024-09-25,  Dubai  ,Electronics,1244.28,1,15.0,1244.28,1057.64,card,Returning,3.0,5.0
135861,08/07/2025,dubai,Groceries,188.27,1,0.0,188.27,188.27,  Cash on Delivery  ,New,2.0,2.9
129972,04/11/2025,AJMAN,groceries,242.64,1,5.0,242.64,230.51,Wallet,Returning,2.0,4.1
110305,06/21/2024,Dubay,  Mobile Accessories  ,113.69,1,0.0,113.69,113.69,card,New,1.0,4.0
105073,31-03-2024,Dubai,FASHION,402.66,1,0.0,402.66,402.66,  Card  ,New,3.0,4.5
100741,13-01-2024,DUBAI,  Electronics  ,590.99,2,10.0,1181.98,1063.78,CARD,Returning,3.0,4.0
124148,10-01-2025,ABU DHABI,  Fashion  ,282.62,1,0.0,282.62,282.62,WALLET,Returning,2.0,4.6
109712,06/11/2024,  Dubai  ,electronics,2229.94,2,0.0,4459.88,4459.88,card,New,3.0,4.6
116063,16-09-2024,Dubai ,fashion,203.57,1,20.0,203.57,162.86,Cash on Delivery,New,2.0,4.5
118951,02/11/2024,SHARJAH,home & kitchen,519.96,1,5.0,519.96,493.96,CARD,New,1.0,3.4
142370,10/06/2025,Abu Dhabi,  Fashion  ,457.15,1,0.0,457.15,457.15,  Cash on Delivery  ,Returning,3.0,4.9
122129,2024-12-09,Ajman ,ELECTRONICS,1613.12,2,0.0,3226.24,3226.24,CARD,Returning,2.0,3.2
108830,05/27/2024,abu dhabi,MOBILE ACCESSORIES,222.59,-1,10.0,222.59,200.33,Card,New,1.0,5.0
107856,2024-05-11,Dubai,Home & Kitchen,608.88,2,15.0,1217.76,1035.1,CASH ON DELIVERY,Returning,3.0,4.4
120096,21/11/2024,ras al khaimah,BEAUTY & PERSONAL CARE,94.24,1,10.0,94.24,84.82,  Card  ,New,1.0,4.3
120332,11/23/2024,AJMAN,HOME & KITCHEN,377.15,2,20.0,754.3,603.44,CARD,Returning,3.0,5.0
112515,27/07/2024,DUBAI,,1469.83,1,20.0,1469.83,1175.86,Card,New,4.0,3.4
110508,24/06/2024,  Dubai  ,electronics,3445.57,1,5.0,3445.57,3273.29,Card,New,2.0,4.3
121792,2024-12-05,Ajman,electronics,2939.71,1,5.0,2939.71,2792.72,CARD,Returning,1.0,3.9
143133,17/10/2025,  Abu Dhabi  ,GROCERIES,50.9,1,20.0,50.9,40.72,cash on delivery,Returning,5.0,3.0
100349,07/01/2024,dubai,ELECTRONICS,1816.55,1,0.0,1816.55,1816.55,card,New,2.0,3.2
125378,01/30/2025,sharjah,electronics,2429.2,1,0.0,2429.2,2429.2,card,Returning,1.0,3.1
105955,2024-04-12,abu dhabi,  Fashion  ,98.28,1,5.0,98.28,93.37,  Card  ,Returning,2.0,
119610,11/13/2024,sharjah,Beauty & Personal Care,265.68,1,0.0,265.68,265.68,cash on delivery,New,2.0,3.2
142997,2025-10-15,  Abu Dhabi  ,fashion,571.04,2,20.0,1142.08,913.66,CASH ON DELIVERY,New,3.0,
119495,11/11/2024,  Abu Dhabi  ,electronics,2294.94,1,15.0,2294.94,1950.7,Cash on Delivery,Returning,3.0,3.3
105194,04/02/2024,  Dubai  ,ELECTRONICS,2310.96,1,5.0,2310.96,2195.41,CARD,New,4.0,3.4
100358,01/07/2024,dubai,beauty & personal care,190.86,1,5.0,190.86,181.32,CASH ON DELIVERY,Returning,2.0,4.6
103762,03/05/2024,Dubai,home & kitchen,182.3,1,10.0,182.3,164.07,  Card  ,New,2.0,2.7
131981,2025-05-11,Sharja,GROCERIES,85.8,1,0.0,85.8,85.8,CARD,Returning,3.0,4.9
105445,2024-04-06,  Abu Dhabi  ,  Fashion  ,214.12,1,10.0,214.12,192.71,,New,4.0,4.4
141777,28/09/2025,  Dubai  ,FASHION,313.67,2,5.0,627.34,595.97,Card,Returning,1.0,4.3
145207,2025-11-15,DUBAI,  Fashion  ,275.88,2,5.0,551.76,524.17,Card,Returning,3.0,
120209,22/11/2024,  Dubai  ,  Electronics  ,2374.33,1,10.0,2374.33,2136.9,Card,Returning,3.0,5.0
119147,11/06/2024,Dubay,  Mobile Accessories  ,200.93,1,0.0,200.93,200.93,Card,New,2.0,4.6
130295,2025-04-16,dubai,Home & Kitchen,472.25,2,20.0,944.5,755.6,,Returning,5.0,4.6
136996,25-07-2025,  Ras Al Khaimah  ,electronics,913.29,1,5.0,913.29,867.63,wallet,Returning,4.0,3.0
101320,23-01-2024,sharjah,fashion,461.79,1,15.0,461.79,392.52,card,Returning,2.0,5.0
121606,12/02/2024,Dubai,mobile accessories,156.39,1,15.0,156.39,132.93,cash on delivery,Returning,2.0,4.4
124697,18/01/2025,ABU DHABI,Beauty & Personal Care,115.15,1,10.0,115.15,103.64,Card,Returning,1.0,4.8
116762,2024-09-28,Dubai,Beauty & Personal Care,195.17,1,10.0,195.17,175.65,card,New,,3.9
101922,03/02/2024,dubai,FASHION,114.53,2,15.0,229.06,194.7,CASH ON DELIVERY,Returning,1.0,5.0
130079,13/04/2025,Dubai,ELECTRONICS,2561.01,1,5.0,2561.01,2432.96,  Cash on Delivery  ,Returning,2.0,4.7
137995,2025-08-09,abu dhabi,mobile accessories,79.99,1,15.0,79.99,67.99,card,Returning,3.0,5.0
125739,04/02/2025,RAS AL KHAIMAH,  Fashion  ,441.75,1,10.0,441.75,397.58,card,Returning,3.0,3.8
126820,22/02/2025,DUBAI,ELECTRONICS,3365.22,2,15.0,6730.44,5720.87,  Wallet  ,Returning,3.0,4.2
107825,11/05/2024,sharjah,Groceries,35.56,1,15.0,35.56,30.23,CARD,New,2.0,
114521,08/26/2024,Sharjah,fashion,576.95,2,0.0,1153.9,1153.9,card,Returning,3.0,4.2
105340,2024-04-05,ajman,Mobile Accessories,58.74,1,10.0,58.74,52.87,card,New,2.0,4.1
112261,23/07/2024,Dubai,Beauty & Personal Care,150.91,2,5.0,301.82,286.73,Card,Returning,4.0,5.0
142287,04-10-2025,  Dubai  ,FASHION,111.68,1,0.0,111.68,111.68,Cash on Delivery,New,4.0,4.5
133979,06/10/2025,ABU DHABI,  Beauty & Personal Care  ,130.95,1,0.0,130.95,130.95,CASH ON DELIVERY,Returning,3.0,3.9
134263,2025-06-14,ajman,FASHION,408.38,2,15.0,816.76,694.25,Cash on Delivery,New,2.0,3.5
139094,2025-08-23,dubai,Fashion,516.02,1,10.0,516.02,464.42,,Returning,3.0,4.2
143517,23/10/2025,Abu Dhabi,  Beauty & Personal Care  ,71.18,2,0.0,142.36,142.36,  Card  ,New,2.0,3.0
116833,09/29/2024,dubai,  Groceries  ,277.04,1,20.0,277.04,221.63,Cash on Delivery,New,1.0,3.0
124605,01/17/2025,  Ajman  ,  Fashion  ,433.59,1,20.0,433.59,346.87,  Card  ,Returning,4.0,
124937,22/01/2025,sharjah,Fashion,312.57,1,,312.57,281.31,card,New,,4.4
138710,08/19/2025,DUBAI,  Mobile Accessories  ,157.12,1,10.0,157.12,141.41,  Cash on Delivery  ,Returning,2.0,4.8
114772,2024-08-29,AJMAN,Electronics,1246.02,1,15.0,1246.02,1059.12,  Card  ,Returning,3.0,4.4
102926,19-02-2024,  Dubai  ,ELECTRONICS,2631.13,1,5.0,2631.13,2499.57,  Cash on Delivery  ,Returning,4.0,3.0
142446,10/07/2025,  Ajman  ,groceries,44.33,2,15.0,88.66,75.36,card,Returning,2.0,3.4
146746,2025-11-27,abu dhabi,  Beauty & Personal Care  ,199.53,1,20.0,199.53,159.62,CARD,Returning,1.0,4.7
141003,17-09-2025,Abu Dhabi,Mobile Accessories,107.97,1,10.0,107.97,97.17,card,New,2.0,4.7
109216,03-06-2024,dubai,ELECTRONICS,2010.76,1,5.0,2010.76,1910.22,cash on delivery,New,,4.2
122165,2024-12-10,Dubai ,Fashion,468.55,1,0.0,468.55,468.55,card,New,3.0,3.9
109179,2024-06-02,Abu Dhabi,Fashion,489.83,1,0.0,489.83,489.83,,Returning,2.0,4.9
117000,10/02/2024,SHARJAH,fashion,537.42,1,15.0,537.42,456.81,  Card  ,Returning,1.0,4.5
117719,13/10/2024,dubai,  Home & Kitchen  ,390.51,1,0.0,390.51,390.51,,New,,3.3
104964,29-03-2024,sharjah,GROCERIES,267.66,1,15.0,267.66,227.51,Card,Returning,1.0,3.6
117143,2024-10-04,  Abu Dhabi  ,ELECTRONICS,333.12,1,0.0,333.12,333.12,,Returning,3.0,3.5
136133,12-07-2025,Abu Dhabi,BEAUTY & PERSONAL CARE,103.88,1,15.0,103.88,88.3,CASH ON DELIVERY,Returning,3.0,3.2
142908,14-10-2025,Ras Al Khaimah,MOBILE ACCESSORIES,79.76,1,0.0,79.76,79.76,CARD,New,1.0,4.5
106200,2024-04-14,abu dhabi,electronics,845.62,2,0.0,1691.24,1691.24,Wallet,Returning,2.0,
122323,2024-12-12,DUBAI,beauty & personal care,366.03,3,0.0,1098.09,1098.09,Cash on Delivery,New,4.0,4.6
147370,02/12/2025,  Dubai  ,BEAUTY & PERSONAL CARE,31.93,1,10.0,31.93,28.74,Card,Returning,3.0,3.5
134642,2025-06-20,DUBAI,  Mobile Accessories  ,77.31,1,0.0,77.31,77.31,  Card  ,Returning,1.0,3.4
100300,06-01-2024,ABU DHABI,  Groceries  ,180.76,1,10.0,180.76,162.68,  Cash on Delivery  ,New,3.0,4.0
136182,13-07-2025,Dubai,  Groceries  ,235.11,1,15.0,235.11,199.84,  Card  ,Returning,3.0,4.2
113492,13/08/2024,DUBAI,,232.69,1,20.0,232.69,186.15,Cash on Delivery,Returning,6.0,4.4
132080,05/13/2025,  Sharjah  ,GROCERIES,205.64,1,0.0,205.64,205.64,Card,Returning,3.0,4.5
138677,18/08/2025,  Abu Dhabi  ,  Beauty & Personal Care  ,276.06,1,10.0,276.06,248.45,card,New,2.0,4.3
134521,18/06/2025,Dubai,HOME & KITCHEN,682.87,1,5.0,682.87,648.73,WALLET,Returning,1.0,4.6
112988,04/08/2024,Dubai,  Groceries  ,232.09,1,10.0,232.09,208.88,CARD,Returning,3.0,4.2
138003,09-08-2025,Dubai,Home & Kitchen,204.14,2,5.0,408.28,387.87,Card,Returning,2.0,4.5
123334,28-12-2024,  Dubai  ,Fashion,174.01,3,0.0,522.03,522.03,  Card  ,New,3.0,4.3
139553,29-08-2025,abu dhabi,home & kitchen,318.54,3,30.0,955.62,668.93,CARD,New,5.0,3.1
130215,04/15/2025,DUBAI,  Home & Kitchen  ,459.52,1,0.0,459.52,459.52,CARD,Returning,1.0,3.9
136412,07/17/2025,  Dubai  ,fashion,348.08,3,20.0,1044.24,835.39,  Card  ,Returning,3.0,4.2
110102,18-06-2024,Abu Dhabi,electronics,1067.33,1,0.0,1067.33,1067.33,cash on delivery,Returning,2.0,5.0
103926,08-03-2024,,ELECTRONICS,1517.01,1,10.0,1517.01,1365.31,  Cash on Delivery  ,Returning,2.0,
133593,2025-06-04,,GROCERIES,117.26,1,30.0,117.26,82.08,  Card  ,Returning,1.0,5.0
118310,10/23/2024,AJMAN,groceries,230.38,1,0.0,230.38,230.38,Cash on Delivery,Returning,4.0,3.9
146569,2025-11-26,AJMAN,HOME & KITCHEN,513.32,1,40.0,513.32,307.99,Cash on Delivery,Returning,4.0,4.7
113450,12/08/2024,  Dubai  ,BEAUTY & PERSONAL CARE,284.11,1,5.0,284.11,269.9,card,Returning,3.0,4.1
114817,2024-08-30,ras al khaimah,  Fashion  ,43.5,2,30.0,87.0,60.9,card,New,3.0,4.2
133207,30-05-2025,RAS AL KHAIMAH,Groceries,219.1,1,0.0,219.1,219.1,WALLET,Returning,3.0,4.4
145635,21-11-2025,RAS AL KHAIMAH,  Fashion  ,187.34,2,40.0,374.68,224.81,CASH ON DELIVERY,Returning,2.0,4.7
143137,17/10/2025,  Sharjah  ,MOBILE ACCESSORIES,221.36,1,0.0,221.36,221.36,Card,Returning,,5.0
138144,08/11/2025,dubai,,112.8,3,15.0,338.4,287.64,  Card  ,Returning,4.0,5.0
144067,30-10-2025,Dubai,Beauty & Personal Care,101.89,1,0.0,101.89,101.89,Card,Returning,4.0,3.2
146019,22-11-2025,Dubai,beauty & personal care,369.06,1,10.0,369.06,332.15,Card,Returning,1.0,3.3
113368,11/08/2024,ABU DHABI,HOME & KITCHEN,326.57,1,30.0,326.57,228.6,cash on delivery,Returning,1.0,4.0
115589,08-09-2024,dubai,Electronics,2352.05,1,20.0,2352.05,1881.64,Card,Returning,4.0,
140271,2025-09-05,abu dhabi,mobile accessories,220.68,1,20.0,220.68,176.54,,Returning,2.0,
141250,09/20/2025,ajman,  Groceries  ,189.0,1,10.0,189.0,170.1,CASH ON DELIVERY,Returning,4.0,
132056,12/05/2025,Abu Dhabi,Home & Kitchen,802.21,1,,802.21,802.21,  Card  ,New,2.0,4.8
112583,2024-07-29,Abu Dhabi,HOME & KITCHEN,622.27,1,15.0,622.27,528.93,  Card  ,Returning,3.0,4.5
146866,27/11/2025,DUBAI,HOME & KITCHEN,213.8,1,10.0,213.8,192.42,card,New,3.0,4.1
121007,27/11/2024,Sharjah,groceries,285.23,1,10.0,285.23,256.71,Cash on Delivery,New,3.0,3.8
123616,02/01/2025,  Ras Al Khaimah  ,FASHION,113.55,2,0.0,227.1,227.1,  Cash on Delivery  ,Returning,1.0,3.4
106375,16-04-2024,Dubai,Electronics,1353.86,1,10.0,1353.86,1218.47,  Wallet  ,Returning,,4.4
112857,2024-08-02,  Abu Dhabi  ,GROCERIES,201.62,1,0.0,201.62,201.62,card,New,3.0,3.7
103221,2024-02-24,Ras Al Khaimah,  Mobile Accessories  ,227.67,1,5.0,227.67,216.29,Card,New,3.0,3.6
108855,05/28/2024,  Dubai  ,Beauty & Personal Care,93.28,1,0.0,93.28,93.28,Card,Returning,1.0,3.3
113811,17-08-2024,  Dubai  ,home & kitchen,646.84,2,0.0,1293.68,1293.68,wallet,New,3.0,
141099,18/09/2025,ABU DHABI,FASHION,518.68,1,5.0,518.68,492.75,card,Returning,4.0,3.7
123143,12/26/2024,ABU DHABI,  Home & Kitchen  ,873.82,2,0.0,1747.64,1747.64,Card,Returning,1.0,3.6
130303,16/04/2025,dubai,Home & Kitchen,51.38,2,20.0,102.76,82.21,card,Returning,3.0,3.6
105130,01-04-2024,  Abu Dhabi  ,fashion,483.86,1,10.0,483.86,435.47,Wallet,Returning,4.0,4.2
149151,2025-12-27,abu dhabi,,495.23,1,5.0,495.23,470.47,CARD,New,2.0,3.8
128103,03/17/2025,  Ras Al Khaimah  ,  Groceries  ,99.23,1,10.0,99.23,89.31,WALLET,Returning,3.0,4.1
119325,11/08/2024,sharjah,  Electronics  ,2289.53,2,15.0,4579.06,3892.2,Card,New,3.0,4.3
126458,16-02-2025,DUBAI,  Mobile Accessories  ,54.54,1,,54.54,46.36,  Card  ,Returning,,4.6
109656,10-06-2024,  Abu Dhabi  ,Beauty & Personal Care,220.75,2,10.0,441.5,397.35,CASH ON DELIVERY,Returning,1.0,
128379,22-03-2025,  Abu Dhabi  ,Mobile Accessories,240.38,1,15.0,240.38,204.32,  Wallet  ,Returning,2.0,3.8
126650,2025-02-19,Dubay,fashion,457.22,2,10.0,914.44,823.0,CARD,New,,4.3
123641,02-01-2025,  Abu Dhabi  ,GROCERIES,108.06,1,30.0,108.06,75.64,Card,New,4.0,3.9
106747,23/04/2024,  Sharjah  ,Groceries,101.81,2,10.0,203.62,183.26,cash on delivery,Returning,3.0,4.3
132943,25/05/2025,  Ras Al Khaimah  ,  Fashion  ,484.83,3,0.0,1454.49,1454.49,cash on delivery,Returning,5.0,3.3
125281,2025-01-28,Dubai,Beauty & Personal Care,223.55,1,0.0,223.55,223.55,card,New,4.0,4.5
136991,07/25/2025,  Abu Dhabi  ,FASHION,555.25,1,5.0,555.25,527.49,  Card  ,New,2.0,3.9
116424,09/22/2024,Abu Dhabi,beauty & personal care,60.19,1,0.0,60.19,60.19,wallet,New,3.0,4.3
128220,03/19/2025,DUBAI,FASHION,406.06,1,10.0,406.06,365.45,cash on delivery,Returning,3.0,3.8
144977,11-11-2025,dubai,  Fashion  ,459.47,1,20.0,459.47,367.58,card,Returning,4.0,3.8
142069,02-10-2025,Abu Dhabi,fashion,353.09,1,10.0,353.09,317.78,cash on delivery,Returning,2.0,2.7
134789,22/06/2025,  Dubai  ,mobile accessories,132.53,2,5.0,265.06,251.81,Cash on Delivery,Returning,5.0,3.8
141233,09/20/2025,Abu Dhabi,Home & Kitchen,827.02,1,0.0,827.02,827.02,Card,Returning,3.0,
101712,30-01-2024,Dubai ,Mobile Accessories,157.71,1,10.0,157.71,141.94,CASH ON DELIVERY,Returning,1.0,
142624,10-10-2025,SHARJAH,  Electronics  ,2268.83,1,5.0,2268.83,2155.39,wallet,Returning,2.0,4.9
129898,10-04-2025,DUBAI,fashion,135.39,1,10.0,135.39,121.85,Cash on Delivery,Returning,3.0,4.2
109489,07-06-2024,Sharja,,271.99,1,20.0,271.99,217.59,Card,New,,4.4
119731,15-11-2024,  Dubai  ,mobile accessories,123.67,1,30.0,123.67,86.57,CARD,Returning,1.0,
122835,21/12/2024,sharjah,Fashion,182.75,1,0.0,182.75,182.75,cash on delivery,Returning,4.0,3.8
135843,07/08/2025,  Dubai  ,fashion,106.07,1,0.0,106.07,106.07,CARD,New,1.0,4.6
148985,25-12-2025,  Dubai  ,Beauty & Personal Care,159.02,1,10.0,159.02,143.12,cash on delivery,Returning,3.0,4.4
110570,25/06/2024,sharjah,  Fashion  ,211.23,1,5.0,211.23,200.67,  Cash on Delivery  ,Returning,2.0,3.5
106350,04/16/2024,  Ras Al Khaimah  ,beauty & personal care,372.24,1,10.0,372.24,335.02,CARD,Returning,3.0,
127020,02/25/2025,Dubai,mobile accessories,129.7,1,10.0,129.7,116.73,  Card  ,Returning,4.0,3.4
120454,11/23/2024,Sharjah,electronics,2926.96,1,10.0,2926.96,2634.26,  Cash on Delivery  ,Returning,2.0,4.6
143974,29/10/2025,  Dubai  ,FASHION,587.34,1,5.0,587.34,557.97,Wallet,Returning,4.0,3.0
144098,10/30/2025,abu dhabi,  Mobile Accessories  ,75.23,3,10.0,225.69,203.12,wallet,Returning,2.0,4.1
143676,2025-10-25,,electronics,787.89,2,15.0,1575.78,1339.41,  Card  ,Returning,,4.3
111348,2024-07-09,sharjah,groceries,164.72,1,5.0,164.72,156.48,card,New,1.0,4.3
134495,18-06-2025,DUBAI,FASHION,371.53,1,10.0,371.53,334.38,card,New,2.0,3.7
124516,15-01-2025,  Dubai  ,  Fashion  ,390.74,3,0.0,1172.22,1172.22,  Wallet  ,Returning,,4.4
133435,02-06-2025,dubai,HOME & KITCHEN,677.07,1,0.0,677.07,677.07,card,New,3.0,4.4
140973,09/16/2025,  Abu Dhabi  ,  Groceries  ,63.96,2,5.0,127.92,121.52,Card,Returning,3.0,3.7
103759,05/03/2024,  Dubai  ,electronics,801.04,1,0.0,801.04,801.04,  Card  ,Returning,3.0,4.8
122641,17-12-2024,Dubai,GROCERIES,263.13,1,20.0,263.13,210.5,  Cash on Delivery  ,Returning,2.0,3.7
145203,2025-11-14,Dubai,beauty & personal care,250.25,1,0.0,250.25,250.25,card,New,3.0,
106863,25-04-2024,dubai,beauty & personal care,383.52,1,5.0,383.52,364.34,CARD,New,3.0,3.3
138097,10-08-2025,  Sharjah  ,  Mobile Accessories  ,105.23,1,0.0,105.23,105.23,,Returning,2.0,3.9
120718,11/25/2024,dubai,Beauty & Personal Care,354.33,1,50.0,354.33,177.16,WALLET,New,2.0,
146554,11/26/2025,Abu Dhabi,beauty & personal care,158.54,1,30.0,158.54,110.98,card,New,1.0,4.1
132479,18/05/2025,  Dubai  ,  Electronics  ,410.33,1,10.0,410.33,369.3,  Card  ,Returning,2.0,5.0
134216,14-06-2025,Dubai,beauty & personal care,44.03,1,15.0,44.03,37.43,WALLET,Returning,1.0,4.7
147238,12/01/2025,sharjah,FASHION,152.96,1,5.0,152.96,145.31,CARD,Returning,1.0,3.7
118209,10/21/2024,dubai,Fashion,157.94,1,20.0,157.94,126.35,  Card  ,Returning,1.0,
141376,22/09/2025,  Abu Dhabi  ,Mobile Accessories,129.17,1,20.0,129.17,103.34,Card,Returning,2.0,4.0
133611,2025-06-05,ras al khaimah,fashion,84.1,1,0.0,84.1,84.1,Card,Returning,1.0,
124608,17-01-2025,Dubay,  Fashion  ,411.93,1,15.0,411.93,350.14,  Cash on Delivery  ,Returning,4.0,
122108,09/12/2024,RAS AL KHAIMAH,fashion,40.14,1,5.0,40.14,38.13,Cash on Delivery,Returning,2.0,5.0
147911,09-12-2025,DUBAI,FASHION,453.97,1,5.0,453.97,431.27,card,New,1.0,4.3
106409,04/17/2024,  Abu Dhabi  ,FASHION,469.56,2,15.0,939.12,798.25,Card,Returning,1.0,3.5
129853,2025-04-09,  Abu Dhabi  ,electronics,3402.43,1,0.0,3402.43,3402.43,CARD,Returning,2.0,4.1
115775,2024-09-12,abu dhabi,BEAUTY & PERSONAL CARE,210.14,1,10.0,210.14,189.13,  Card  ,New,3.0,4.6
133283,31/05/2025,dubai,Beauty & Personal Care,57.81,1,5.0,57.81,54.92,  Wallet  ,Returning,2.0,
104745,24/03/2024,Abu Dhabi,electronics,2702.9,1,0.0,2702.9,2702.9,CASH ON DELIVERY,Returning,2.0,4.4
115188,03/09/2024,DUBAI,Mobile Accessories,128.78,1,30.0,128.78,90.15,card,Returning,4.0,4.1
142683,10/10/2025,abu dhabi,FASHION,91.84,1,0.0,91.84,91.84,CASH ON DELIVERY,New,3.0,5.0
144248,11/01/2025,Dubai,Beauty & Personal Care,324.1,1,10.0,324.1,291.69,card,New,1.0,4.3
139274,25/08/2025,DUBAI,FASHION,182.38,2,5.0,364.76,346.52,card,Returning,3.0,3.7
129074,01/04/2025,Abu Dhabi,,2079.51,1,5.0,2079.51,1975.53,Card,Returning,3.0,4.1
113427,08/12/2024,DUBAI,  Mobile Accessories  ,97.8,1,30.0,97.8,68.46,wallet,Returning,5.0,3.1
109013,05/31/2024,,Fashion,214.08,2,0.0,428.16,428.16,CASH ON DELIVERY,New,3.0,3.1
102546,2024-02-13,ABU DHABI,,337.16,1,15.0,337.16,286.59,  Wallet  ,Returning,4.0,5.0
119884,17-11-2024,ABU DHABI,electronics,2194.64,1,0.0,2194.64,2194.64,Card,Returning,2.0,4.7
118494,26/10/2024,Sharja,  Home & Kitchen  ,805.06,2,10.0,1610.12,1449.11,CASH ON DELIVERY,Returning,3.0,2.7
146348,24-11-2025,,Beauty & Personal Care,332.78,1,30.0,332.78,232.95,CARD,Returning,5.0,
101550,27-01-2024,sharjah,mobile accessories,115.58,1,10.0,115.58,104.02,  Cash on Delivery  ,New,3.0,4.5
116028,09/15/2024,dubai,fashion,417.52,1,5.0,417.52,396.64,card,Returning,4.0,
119875,2024-11-17,  Dubai  ,Electronics,705.85,1,30.0,705.85,494.1,CASH ON DELIVERY,Returning,3.0,3.1
128223,03/19/2025,Sharjah,Home & Kitchen,716.7,2,30.0,1433.4,1003.38,card,Returning,3.0,5.0
138930,08/21/2025,DUBAI,  Mobile Accessories  ,204.21,1,20.0,204.21,163.37,Wallet,New,1.0,3.2
138357,08/15/2025,abu dhabi,  Beauty & Personal Care  ,277.21,1,0.0,277.21,277.21,CARD,Returning,2.0,4.5
127201,02/28/2025,  Dubai  ,FASHION,596.26,1,15.0,596.26,506.82,WALLET,Returning,1.0,3.8
100657,12/01/2024,  Dubai  ,mobile accessories,219.66,2,5.0,439.32,417.35,CASH ON DELIVERY,New,2.0,5.0
123572,01/01/2025,  Ajman  ,Beauty & Personal Care,81.19,2,15.0,162.38,138.02,Card,Returning,3.0,4.1
120926,26/11/2024,  Dubai  ,  Electronics  ,2807.77,1,10.0,2807.77,2526.99,Card,New,2.0,4.0
145121,13-11-2025,abu dhabi,  Electronics  ,770.12,3,0.0,2310.36,2310.36,  Card  ,New,4.0,4.8
109298,04-06-2024,  Dubai  ,Electronics,1604.41,1,0.0,1604.41,1604.41,Card,Returning,2.0,2.9
123491,2024-12-31,sharjah,fashion,545.74,1,0.0,545.74,545.74,  Wallet  ,Returning,2.0,3.9
117581,11/10/2024,Dubay,HOME & KITCHEN,663.57,1,15.0,663.57,564.03,card,New,4.0,3.7
140576,10/09/2025,Sharja,  Fashion  ,324.17,1,20.0,324.17,259.34,Card,Returning,,4.7
121188,11/28/2024,Abu Dhabi,MOBILE ACCESSORIES,132.27,1,40.0,132.27,79.36,CARD,New,3.0,4.3
136156,12-07-2025,  Dubai  ,Fashion,45.45,1,20.0,45.45,36.36,WALLET,New,2.0,3.5
107185,30/04/2024,Dubai,mobile accessories,120.93,1,0.0,120.93,120.93,wallet,Returning,1.0,
117037,03-10-2024,  Sharjah  ,  Mobile Accessories  ,155.69,1,10.0,155.69,140.12,card,Returning,2.0,3.4
137888,2025-08-07,  Dubai  ,Fashion,364.65,1,10.0,364.65,328.18,cash on delivery,Returning,3.0,4.9
129231,02/04/2025,  Abu Dhabi  ,HOME & KITCHEN,504.8,1,30.0,504.8,353.36,  Card  ,New,3.0,3.2
129797,2025-04-08,abu dhabi,,348.2,1,10.0,348.2,313.38,,Returning,3.0,4.3
133687,06/06/2025,sharjah,Electronics,3404.7,1,0.0,3404.7,3404.7,  Wallet  ,New,3.0,4.5
127609,2025-03-08,Dubai,electronics,2504.92,1,5.0,2504.92,2379.67,wallet,Returning,1.0,3.3
130037,04/12/2025,  Sharjah  ,FASHION,55.61,1,10.0,55.61,50.05,  Wallet  ,New,2.0,3.9
119277,08/11/2024,  Abu Dhabi  ,HOME & KITCHEN,844.79,1,0.0,844.79,844.79,card,Returning,3.0,3.2
117445,2024-10-09,  Dubai  ,MOBILE ACCESSORIES,239.92,2,0.0,479.84,479.84,Cash on Delivery,Returning,1.0,5.0
109988,06/15/2024,dubai,Groceries,50.85,2,0.0,101.7,101.7,card,Returning,3.0,5.0
110542,25/06/2024,ABU DHABI,  Electronics  ,472.96,1,5.0,472.96,449.31,CASH ON DELIVERY,New,4.0,3.4
120802,2024-11-26,dubai,home & kitchen,235.24,1,40.0,235.24,141.14,CARD,Returning,3.0,4.8
144812,08-11-2025,dubai,electronics,746.73,1,0.0,746.73,746.73,  Card  ,New,5.0,5.0
114511,26-08-2024,Dubai,Electronics,1668.32,1,0.0,1668.32,1668.32,cash on delivery,Returning,2.0,4.7
147354,02-12-2025,SHARJAH,Electronics,581.87,1,0.0,581.87,581.87,  Card  ,New,2.0,
109137,02-06-2024,Dubai,BEAUTY & PERSONAL CARE,51.12,2,20.0,102.24,81.79,card,New,2.0,4.7
110759,2024-06-28,  Ajman  ,electronics,3090.09,1,15.0,3090.09,2626.58,cash on delivery,New,1.0,3.6
148363,16/12/2025,sharjah,Fashion,167.18,1,0.0,167.18,167.18,Cash on Delivery,Returning,3.0,4.2
137277,29-07-2025,Dubai,ELECTRONICS,3379.63,1,15.0,3379.63,2872.69,,Returning,3.0,3.5
123871,2025-01-06,ras al khaimah,fashion,57.72,2,10.0,115.44,103.9,Wallet,Returning,2.0,4.5
130523,19/04/2025,ABU DHABI,  Fashion  ,151.13,1,10.0,151.13,136.02,CASH ON DELIVERY,New,3.0,4.4
122766,20-12-2024,dubai,Electronics,1346.39,2,5.0,2692.78,2558.14,card,Returning,2.0,3.0
141037,17-09-2025,abu dhabi,Fashion,574.33,1,5.0,574.33,545.61,Card,New,1.0,4.0
102617,02/14/2024,SHARJAH,  Groceries  ,216.55,1,10.0,216.55,194.9,Wallet,Returning,3.0,5.0
119292,11/08/2024,  Dubai  ,Fashion,426.07,3,0.0,1278.21,1278.21,  Cash on Delivery  ,New,2.0,3.2
122004,07/12/2024,dubai,Beauty & Personal Care,25.12,1,0.0,25.12,25.12,  Card  ,New,2.0,4.6
136049,11-07-2025,sharjah,  Fashion  ,526.31,1,0.0,526.31,526.31,Cash on Delivery,Returning,2.0,3.8
110197,06/19/2024,Dubai,Electronics,1721.34,1,5.0,1721.34,1635.27,  Cash on Delivery  ,Returning,1.0,4.6
116160,2024-09-18,ABU DHABI,  Groceries  ,133.2,2,15.0,266.4,226.44,WALLET,Returning,4.0,5.0
135053,26/06/2025,  Abu Dhabi  ,Fashion,143.03,1,10.0,143.03,128.73,  Wallet  ,New,4.0,4.2
129886,04/10/2025,Ajman,  Home & Kitchen  ,98.75,2,10.0,197.5,177.75,cash on delivery,Returning,2.0,4.5
132848,05/24/2025,  Dubai  ,fashion,348.39,1,10.0,348.39,313.55,CARD,New,3.0,3.2
114975,31/08/2024,  Abu Dhabi  ,mobile accessories,133.3,1,10.0,133.3,119.97,Cash on Delivery,Returning,3.0,3.2
105417,06/04/2024,dubai,HOME & KITCHEN,326.02,1,5.0,326.02,309.72,cash on delivery,New,5.0,4.1
117417,10/09/2024,ABU DHABI,  Fashion  ,131.51,2,0.0,263.02,263.02,Card,New,2.0,5.0
124797,2025-01-20,Abu Dhabi,  Fashion  ,359.69,1,0.0,359.69,359.69,Cash on Delivery,New,4.0,2.3
132214,15/05/2025,Abu Dhabi,beauty & personal care,290.18,1,5.0,290.18,275.67,card,Returning,3.0,4.3
139576,29-08-2025,ABU DHABI,beauty & personal care,267.79,2,10.0,535.58,482.02,Card,Returning,3.0,5.0
142997,15-10-2025,  Abu Dhabi  ,fashion,571.04,2,20.0,1142.08,913.66,CASH ON DELIVERY,New,3.0,
133161,29-05-2025,Sharjah,HOME & KITCHEN,83.54,1,10.0,83.54,75.19,Cash on Delivery,New,2.0,3.7
105654,09-04-2024,dubai,beauty & personal care,40.13,2,0.0,80.26,80.26,cash on delivery,Returning,3.0,
145571,2025-11-20,DUBAI,Fashion,436.42,1,10.0,436.42,392.78,wallet,Returning,3.0,5.0
135664,07/05/2025,ras al khaimah,MOBILE ACCESSORIES,137.52,-2,0.0,275.04,275.04,card,Returning,4.0,2.1
146498,25-11-2025,Dubai,beauty & personal care,159.71,1,40.0,159.71,95.83,Card,New,3.0,4.7
135546,04-07-2025,DUBAI,electronics,1582.5,1,0.0,1582.5,1582.5,  Wallet  ,Returning,1.0,
114062,20-08-2024,dubai,beauty & personal care,275.92,2,15.0,551.84,469.06,CARD,New,1.0,3.3
104410,17/03/2024,  Abu Dhabi  ,  Beauty & Personal Care  ,58.53,2,10.0,117.06,105.35,Wallet,Returning,3.0,
104372,16/03/2024,AJMAN,  Electronics  ,1914.77,1,0.0,1914.77,1914.77,Card,New,1.0,4.8
145856,11/22/2025,abu dhabi,HOME & KITCHEN,72.42,1,40.0,72.42,43.45,cash on delivery,New,2.0,4.0
118661,10/28/2024,Sharja,MOBILE ACCESSORIES,223.35,1,0.0,223.35,223.35,CARD,Returning,3.0,5.0
111499,07/12/2024,sharjah,Home & Kitchen,347.0,1,0.0,347.0,347.0,CARD,Returning,2.0,4.6
137368,07/31/2025,Ajman ,  Fashion  ,446.97,1,5.0,446.97,424.62,wallet,New,2.0,5.0
121534,12/01/2024,ABU DHABI,  Electronics  ,1302.57,1,0.0,1302.57,1302.57,Card,Returning,4.0,4.0
144672,07/11/2025,  Ras Al Khaimah  ,  Mobile Accessories  ,194.72,1,0.0,194.72,194.72,WALLET,Returning,2.0,3.9
138680,08/18/2025,Dubai ,GROCERIES,217.69,1,0.0,217.69,217.69,  Card  ,Returning,3.0,
145628,11/21/2025,Ajman ,Electronics,2323.92,1,40.0,2323.92,1394.35,Wallet,New,2.0,4.2
140928,09/15/2025,Sharja,Electronics,2664.51,2,5.0,5329.02,5062.57,CARD,Returning,5.0,3.5
111339,09/07/2024,DUBAI,  Mobile Accessories  ,227.88,2,5.0,455.76,432.97,CARD,Returning,1.0,4.7
114745,29/08/2024,DUBAI,  Fashion  ,257.42,1,0.0,257.42,257.42,wallet,New,1.0,4.7
141865,29-09-2025,Dubai,MOBILE ACCESSORIES,180.32,1,0.0,180.32,180.32,CASH ON DELIVERY,New,,
104664,2024-03-22,abu dhabi,  Beauty & Personal Care  ,158.79,1,5.0,158.79,150.85,CARD,Returning,3.0,3.6
125361,2025-01-29,SHARJAH,fashion,567.91,3,10.0,1703.73,1533.36,card,Returning,5.0,3.6
146284,2025-11-24,DUBAI,groceries,60.64,2,50.0,121.28,60.64,card,New,1.0,2.7
127522,03/06/2025,Sharjah,  Mobile Accessories  ,166.81,1,0.0,166.81,166.81,CARD,Returning,3.0,3.6
141927,2025-09-30,Dubay,HOME & KITCHEN,444.25,1,0.0,444.25,444.25,cash on delivery,Returning,3.0,4.4
105734,04/10/2024,DUBAI,  Fashion  ,574.51,1,5.0,574.51,545.78,Card,Returning,3.0,4.9
134769,22-06-2025,Sharja,  Fashion  ,265.62,1,20.0,265.62,212.5,  Card  ,Returning,4.0,4.1
128649,2025-03-27,AJMAN,electronics,1213.74,2,15.0,2427.48,2063.36,CARD,New,2.0,3.9
131624,2025-05-06,,BEAUTY & PERSONAL CARE,281.6,1,0.0,281.6,281.6,card,New,3.0,4.7
111285,2024-07-07,Abu Dhabi,fashion,232.3,1,5.0,232.3,220.68,Wallet,Returning,2.0,4.2
146028,11/22/2025,abu dhabi,Fashion,561.07,1,10.0,561.07,504.96,CASH ON DELIVERY,Returning,3.0,3.4
128573,26/03/2025,,Mobile Accessories,94.68,1,5.0,94.68,89.95,CARD,Returning,2.0,4.8
133649,06/05/2025,dubai,beauty & personal care,180.82,1,30.0,180.82,126.57,CASH ON DELIVERY,Returning,3.0,4.7
121851,12/05/2024,DUBAI,  Electronics  ,1697.13,1,30.0,1697.13,1187.99,Cash on Delivery,New,3.0,5.0
119451,11/10/2024,abu dhabi,  Groceries  ,169.2,1,20.0,169.2,135.36,CARD,Returning,5.0,4.2
145249,11/15/2025,dubai,MOBILE ACCESSORIES,224.19,1,0.0,224.19,224.19,  Wallet  ,New,1.0,4.1
140604,11/09/2025,abu dhabi,  Electronics  ,2385.37,1,30.0,2385.37,1669.76,CARD,Returning,3.0,4.0
114452,25-08-2024,  Dubai  ,MOBILE ACCESSORIES,219.89,1,5.0,219.89,208.9,Cash on Delivery,Returning,2.0,2.8
102792,17-02-2024,  Dubai  ,  Fashion  ,590.66,1,0.0,590.66,590.66,  Card  ,New,3.0,3.4
115026,09/01/2024,ABU DHABI,electronics,1615.31,1,0.0,1615.31,1615.31,CARD,New,2.0,4.4
133849,08-06-2025,Sharjah,BEAUTY & PERSONAL CARE,120.42,2,10.0,240.84,216.76,,Returning,2.0,3.7
131755,05/08/2025,DUBAI,MOBILE ACCESSORIES,148.99,1,20.0,148.99,119.19,  Card  ,Returning,4.0,4.2
105834,11/04/2024,  Dubai  ,BEAUTY & PERSONAL CARE,249.06,1,0.0,249.06,249.06,Cash on Delivery,Returning,4.0,4.4
146321,24-11-2025,Dubay,mobile accessories,233.58,1,50.0,233.58,116.79,Cash on Delivery,Returning,3.0,3.4
115631,09-09-2024,Abu Dhabi,  Home & Kitchen  ,449.67,2,5.0,899.34,854.37,  Card  ,New,3.0,
134486,2025-06-18,  Sharjah  ,Groceries,126.83,2,30.0,253.66,177.56,  Cash on Delivery  ,Returning,1.0,4.6
108533,05/22/2024,RAS AL KHAIMAH,FASHION,58.14,2,15.0,116.28,98.84,Card,Returning,2.0,3.5
114526,26/08/2024,  Ras Al Khaimah  ,GROCERIES,286.77,1,10.0,286.77,258.09,cash on delivery,Returning,,4.0
116969,2024-10-02,ajman,  Groceries  ,51.4,2,20.0,102.8,82.24,Card,Returning,2.0,5.0
113051,2024-08-05,,groceries,137.58,1,0.0,137.58,137.58,card,New,3.0,4.6
129482,2025-04-04,  Dubai  ,Beauty & Personal Care,133.26,1,0.0,133.26,133.26,cash on delivery,New,3.0,3.3
129916,10/04/2025,ABU DHABI,MOBILE ACCESSORIES,69.97,2,30.0,139.94,97.96,  Wallet  ,Returning,3.0,5.0
128572,03/26/2025,dubai,mobile accessories,140.72,1,10.0,140.72,126.65,  Card  ,New,4.0,
100867,16/01/2024,,  Mobile Accessories  ,219.4,1,15.0,219.4,186.49,Card,Returning,2.0,3.2
100980,18-01-2024,SHARJAH,  Mobile Accessories  ,136.93,1,10.0,136.93,123.24,Card,Returning,3.0,3.7
118679,29/10/2024,SHARJAH,  Fashion  ,235.39,2,5.0,470.78,447.24,Cash on Delivery,Returning,1.0,4.2
109081,01/06/2024,Dubai,groceries,142.41,1,0.0,142.41,142.41,CARD,New,5.0,3.9
121172,11/28/2024,  Dubai  ,  Fashion  ,69.83,1,30.0,69.83,48.88,CASH ON DELIVERY,New,3.0,2.7
131193,29-04-2025,SHARJAH,FASHION,478.53,1,0.0,478.53,478.53,  Cash on Delivery  ,Returning,1.0,4.9
119793,16-11-2024,Dubai,mobile accessories,115.19,2,10.0,230.38,207.34,WALLET,Returning,3.0,4.4
117004,10/02/2024,Dubay,  Beauty & Personal Care  ,254.55,1,5.0,254.55,241.82,cash on delivery,Returning,4.0,3.9
116201,09/19/2024,ras al khaimah,Groceries,17.33,1,0.0,17.33,17.33,Cash on Delivery,Returning,2.0,4.3
119240,2024-11-07,  Abu Dhabi  ,Fashion,594.23,1,10.0,594.23,534.81,Cash on Delivery,Returning,3.0,4.8
118542,26/10/2024,SHARJAH,ELECTRONICS,1799.12,1,0.0,1799.12,1799.12,  Card  ,Returning,1.0,4.9
110128,2024-06-18,abu dhabi,GROCERIES,99.77,1,0.0,99.77,99.77,  Card  ,New,2.0,4.8
116684,27/09/2024,  Ajman  ,Fashion,379.1,2,30.0,758.2,530.74,CARD,Returning,3.0,3.8
129354,04/03/2025,  Dubai  ,groceries,201.12,2,0.0,402.24,402.24,CARD,Returning,1.0,4.6
134173,2025-06-13,Dubai,,151.69,2,0.0,303.38,303.38,Card,Returning,1.0,4.5
124357,01/13/2025,DUBAI,ELECTRONICS,2907.38,3,10.0,8722.14,7849.93,card,New,4.0,4.0
143612,24-10-2025,Dubai,MOBILE ACCESSORIES,32.86,1,5.0,32.86,31.22,Cash on Delivery,Returning,3.0,5.0
128735,03/28/2025,  Sharjah  ,Mobile Accessories,59.59,1,10.0,59.59,53.63,,Returning,1.0,4.4
111866,07/17/2024,ajman,mobile accessories,201.01,1,0.0,201.01,201.01,  Card  ,Returning,3.0,5.0
133545,06/04/2025,DUBAI,  Fashion  ,317.31,2,0.0,634.62,634.62,wallet,Returning,2.0,4.6
126207,2025-02-12,  Dubai  ,,83.02,2,30.0,166.04,116.23,  Card  ,New,3.0,
117601,2024-10-12,  Abu Dhabi  ,,241.96,1,0.0,241.96,241.96,  Card  ,Returning,1.0,5.0
140944,09/16/2025,sharjah,  Mobile Accessories  ,98.33,1,5.0,98.33,93.41,wallet,Returning,3.0,4.8
142983,15-10-2025,dubai,  Home & Kitchen  ,412.41,1,0.0,412.41,412.41,  Card  ,New,,4.3
112325,24/07/2024,  Ras Al Khaimah  ,ELECTRONICS,1386.32,1,0.0,1386.32,1386.32,wallet,New,1.0,4.2
116339,2024-09-21,DUBAI,,771.67,1,20.0,771.67,617.34,Cash on Delivery,New,3.0,4.8
139918,09/01/2025,ajman,  Home & Kitchen  ,565.98,2,5.0,1131.96,1075.36,  Wallet  ,New,3.0,3.1
143188,18-10-2025,RAS AL KHAIMAH,fashion,98.29,1,0.0,98.29,98.29,CASH ON DELIVERY,Returning,4.0,3.1
119599,13/11/2024,Abu Dhabi,Home & Kitchen,598.47,1,0.0,598.47,598.47,  Card  ,Returning,4.0,4.7
124605,2025-01-17,  Ajman  ,  Fashion  ,433.59,1,20.0,433.59,346.87,  Card  ,Returning,4.0,
145298,16-11-2025,dubai,MOBILE ACCESSORIES,170.57,1,5.0,170.57,162.04,  Card  ,New,5.0,5.0
125534,01-02-2025,SHARJAH,groceries,298.57,1,0.0,298.57,298.57,  Card  ,Returning,1.0,5.0
117223,10/06/2024,Dubai ,Mobile Accessories,185.93,1,5.0,185.93,176.63,  Card  ,Returning,3.0,3.5
145836,22/11/2025,  Dubai  ,  Home & Kitchen  ,781.83,1,50.0,781.83,390.92,  Wallet  ,Returning,1.0,4.1
120635,2024-11-24,Abu Dhabi,ELECTRONICS,3353.45,1,10.0,3353.45,3018.1,CARD,Returning,1.0,4.4
101946,02/03/2024,Sharjah,FASHION,185.97,2,15.0,371.94,316.15,,Returning,3.0,5.0
102352,2024-02-10,DUBAI,  Mobile Accessories  ,197.63,1,0.0,197.63,197.63,,Returning,3.0,3.8
140789,09/13/2025,  Abu Dhabi  ,  Electronics  ,2364.96,1,0.0,2364.96,2364.96,cash on delivery,New,2.0,3.9
139943,2025-09-01,Dubai,  Beauty & Personal Care  ,48.99,1,0.0,48.99,48.99,Card,New,1.0,5.0
104020,2024-03-10,,  Electronics  ,1262.8,1,0.0,1262.8,1262.8,Wallet,Returning,,3.8
145315,11/16/2025,sharjah,mobile accessories,35.57,1,10.0,35.57,32.01,CASH ON DELIVERY,Returning,1.0,4.1
126969,2025-02-24,DUBAI,Mobile Accessories,79.65,1,15.0,79.65,67.7,Cash on Delivery,New,3.0,4.1
107989,2024-05-13,dubai,FASHION,573.09,1,20.0,573.09,458.47,Card,New,4.0,4.7
139333,08/26/2025,Dubai,  Fashion  ,460.73,1,0.0,460.73,460.73,Card,New,2.0,5.0
131415,03-05-2025,DUBAI,Electronics,2586.03,1,5.0,2586.03,2456.73,  Cash on Delivery  ,New,2.0,4.2
147592,05-12-2025,AJMAN,Mobile Accessories,186.92,1,0.0,186.92,186.92,CARD,Returning,3.0,3.4
134586,19/06/2025,  Ajman  ,FASHION,484.27,1,,484.27,484.27,Cash on Delivery,Returning,3.0,3.8
115682,09/10/2024,DUBAI,Electronics,640.74,1,5.0,640.74,608.7,  Card  ,Returning,4.0,3.9
132279,16/05/2025,Dubay,Electronics,923.76,1,10.0,923.76,831.38,  Card  ,New,,
135900,09/07/2025,  Dubai  ,MOBILE ACCESSORIES,95.71,1,,95.71,76.57,CARD,Returning,2.0,3.3
140750,13-09-2025,Sharja,electronics,2313.68,1,0.0,2313.68,2313.68,CASH ON DELIVERY,Returning,3.0,4.6
103153,02/23/2024,DUBAI,Mobile Accessories,215.49,1,15.0,215.49,183.17,  Cash on Delivery  ,Returning,3.0,5.0
121388,29/11/2024,RAS AL KHAIMAH,beauty & personal care,243.55,1,20.0,243.55,194.84,cash on delivery,Returning,2.0,5.0
133562,2025-06-04,  Abu Dhabi  ,Groceries,269.06,1,15.0,269.06,228.7,card,Returning,2.0,4.7
122544,2024-12-16,Dubai,BEAUTY & PERSONAL CARE,252.79,1,0.0,252.79,252.79,WALLET,Returning,3.0,4.1
106061,2024-04-13,sharjah,MOBILE ACCESSORIES,220.83,2,5.0,441.66,419.58,Wallet,Returning,5.0,4.2
129622,04/05/2025,abu dhabi,  Fashion  ,223.66,1,0.0,223.66,223.66,Cash on Delivery,Returning,4.0,4.4
111107,05/07/2024,Ajman ,beauty & personal care,251.46,1,0.0,251.46,251.46,  Card  ,Returning,4.0,4.4
138408,08/15/2025,dubai,beauty & personal care,57.68,1,15.0,57.68,49.03,Card,New,2.0,4.6
130560,2025-04-20,sharjah,beauty & personal care,273.92,1,0.0,273.92,273.92,  Card  ,Returning,5.0,
137781,06/08/2025,  Abu Dhabi  ,ELECTRONICS,381.72,1,15.0,381.72,324.46,Card,Returning,3.0,5.0
125951,07/02/2025,sharjah,electronics,1127.62,1,5.0,1127.62,1071.24,Card,New,5.0,3.8
111333,2024-07-08,dubai,home & kitchen,869.12,1,0.0,869.12,869.12,CARD,New,5.0,3.4
108406,20/05/2024,ras al khaimah,BEAUTY & PERSONAL CARE,327.47,1,5.0,327.47,311.1,Cash on Delivery,Returning,2.0,4.3
105064,30-03-2024,DUBAI,Mobile Accessories,234.61,1,0.0,234.61,234.61,CARD,New,1.0,4.2
123933,07-01-2025,  Dubai  ,  Mobile Accessories  ,187.48,1,0.0,187.48,187.48,Card,Returning,,4.3
144581,06/11/2025,Dubai,  Home & Kitchen  ,408.05,1,20.0,408.05,326.44,Card,New,2.0,
136903,24-07-2025,  Dubai  ,Home & Kitchen,823.55,1,20.0,823.55,658.84,CASH ON DELIVERY,Returning,2.0,3.8
142292,10/04/2025,dubai,beauty & personal care,318.53,1,0.0,318.53,318.53,CASH ON DELIVERY,Returning,2.0,4.9
102823,02/17/2024,dubai,electronics,1569.27,1,10.0,1569.27,1412.34,  Card  ,Returning,1.0,3.5
106221,04/14/2024,SHARJAH,GROCERIES,98.94,2,0.0,197.88,197.88,Card,New,2.0,5.0
135664,05/07/2025,ras al khaimah,MOBILE ACCESSORIES,137.52,2,0.0,275.04,275.04,card,Returning,4.0,2.1
100140,03/01/2024,  Dubai  ,GROCERIES,222.24,1,5.0,222.24,211.13,card,Returning,1.0,
100933,2024-01-17,abu dhabi,  Fashion  ,292.3,1,10.0,292.3,263.07,cash on delivery,Returning,2.0,4.3
108970,30/05/2024,ras al khaimah,  Beauty & Personal Care  ,206.85,2,15.0,413.7,351.64,Card,Returning,4.0,3.8
101825,02/02/2024,AJMAN,home & kitchen,479.71,1,0.0,479.71,479.71,CARD,Returning,3.0,3.6
144830,11/09/2025,Ras Al Khaimah,BEAUTY & PERSONAL CARE,294.0,2,5.0,588.0,558.6,CARD,Returning,4.0,3.1
123664,03/01/2025,Abu Dhabi,ELECTRONICS,2661.54,1,0.0,2661.54,2661.54,  Card  ,New,1.0,3.6
123898,06-01-2025,Dubai,HOME & KITCHEN,608.77,1,10.0,608.77,547.89,Cash on Delivery,Returning,3.0,4.7
130180,04/14/2025,ABU DHABI,Electronics,1876.64,2,0.0,3753.28,3753.28,WALLET,New,2.0,4.0
118146,10/20/2024,sharjah,BEAUTY & PERSONAL CARE,160.5,1,10.0,160.5,144.45,  Cash on Delivery  ,Returning,2.0,5.0
125462,31/01/2025,sharjah,Fashion,75.83,1,5.0,75.83,72.04,CASH ON DELIVERY,Returning,3.0,
148324,16/12/2025,  Dubai  ,Electronics,315.26,1,5.0,315.26,299.5,  Card  ,Returning,3.0,3.2
112311,24-07-2024,  Abu Dhabi  ,ELECTRONICS,2174.59,1,5.0,2174.59,2065.86,  Card  ,New,1.0,3.2
100983,18-01-2024,dubai,mobile accessories,20.21,1,0.0,20.21,20.21,Card,Returning,2.0,4.2
122975,23-12-2024,  Dubai  ,fashion,284.08,1,10.0,284.08,255.67,cash on delivery,New,3.0,5.0
145755,21/11/2025,DUBAI,  Groceries  ,272.99,1,30.0,272.99,191.09,WALLET,Returning,1.0,4.8
132712,22/05/2025,  Abu Dhabi  ,fashion,347.95,1,30.0,347.95,243.56,CARD,Returning,1.0,4.1
100206,04-01-2024,ajman,MOBILE ACCESSORIES,236.36,1,,236.36,224.54,Cash on Delivery,New,2.0,5.0
147714,2025-12-07,Dubai,Home & Kitchen,236.79,1,30.0,236.79,165.75,CASH ON DELIVERY,New,5.0,3.4
127308,2025-03-01,DUBAI,,662.26,1,5.0,662.26,629.15,CARD,Returning,4.0,4.0
107644,05/08/2024,dubai,electronics,2656.04,1,15.0,2656.04,2257.63,Card,Returning,1.0,
135662,05/07/2025,dubai,MOBILE ACCESSORIES,166.31,1,0.0,166.31,166.31,card,New,1.0,4.2
100392,2024-01-08,  Dubai  ,mobile accessories,63.84,1,0.0,63.84,63.84,Cash on Delivery,New,3.0,5.0
117992,10/18/2024,abu dhabi,FASHION,330.88,1,0.0,330.88,330.88,  Wallet  ,Returning,1.0,3.8
128943,2025-03-30,Dubai,BEAUTY & PERSONAL CARE,29.24,1,5.0,29.24,27.78,Cash on Delivery,New,4.0,3.2
147012,28/11/2025,Dubai,Home & Kitchen,399.55,1,40.0,399.55,239.73,Card,Returning,1.0,4.6
122520,15/12/2024,,HOME & KITCHEN,208.6,1,5.0,208.6,198.17,Card,Returning,1.0,4.6
129450,2025-04-03,Dubai ,GROCERIES,246.73,1,15.0,246.73,209.72,  Wallet  ,New,2.0,4.9
142071,02-10-2025,Dubai ,  Mobile Accessories  ,44.71,1,20.0,44.71,35.77,CASH ON DELIVERY,New,1.0,
148366,12/16/2025,ras al khaimah,GROCERIES,107.95,1,15.0,107.95,91.76,CARD,Returning,3.0,5.0
118725,29/10/2024,Abu Dhabi,  Home & Kitchen  ,766.19,1,10.0,766.19,689.57,CARD,Returning,3.0,4.9
133904,09/06/2025,abu dhabi,beauty & personal care,27.6,2,30.0,55.2,38.64,  Card  ,Returning,3.0,2.9
117332,2024-10-07,  Dubai  ,  Electronics  ,1815.37,1,15.0,1815.37,1543.06,  Card  ,Returning,1.0,5.0
135513,03/07/2025,abu dhabi,BEAUTY & PERSONAL CARE,96.59,1,5.0,96.59,91.76,CARD,New,5.0,4.7
116615,26/09/2024,abu dhabi,  Groceries  ,63.1,2,0.0,126.2,126.2,cash on delivery,Returning,2.0,5.0
105596,09-04-2024,ajman,,210.32,1,10.0,210.32,189.29,card,Returning,4.0,4.4
145677,2025-11-21,  Dubai  ,electronics,1337.26,1,50.0,1337.26,668.63,  Card  ,Returning,2.0,5.0
145408,17-11-2025,  Abu Dhabi  ,Fashion,446.58,1,10.0,446.58,401.92,  Card  ,New,5.0,3.6
101339,2024-01-24,dubai,Groceries,38.91,1,0.0,38.91,38.91,Wallet,Returning,1.0,3.8
126907,02/23/2025,AJMAN,  Fashion  ,165.66,1,10.0,165.66,149.09,CASH ON DELIVERY,New,2.0,3.1
145345,2025-11-16,Abu Dhabi,  Electronics  ,2536.32,1,,2536.32,2282.69,  Card  ,Returning,3.0,
144633,11/06/2025,ABU DHABI,  Home & Kitchen  ,281.92,2,30.0,563.84,394.69,Cash on Delivery,Returning,3.0,4.0
135859,08-07-2025,Dubai,FASHION,533.64,1,0.0,533.64,533.64,,New,3.0,4.6
130332,04/17/2025,Abu Dhabi,groceries,166.7,2,15.0,333.4,283.39,  Cash on Delivery  ,Returning,3.0,4.5
107302,02/05/2024,ras al khaimah,Electronics,2234.33,-1,10.0,2234.33,2010.9,WALLET,New,2.0,4.7
145783,2025-11-21,  Dubai  ,BEAUTY & PERSONAL CARE,223.98,1,,223.98,179.18,  Wallet  ,Returning,1.0,4.1
145640,2025-11-21,DUBAI,  Fashion  ,163.12,1,20.0,163.12,130.5,cash on delivery,Returning,4.0,2.1
106241,2024-04-14,dubai,Groceries,71.83,1,5.0,71.83,68.24,  Card  ,Returning,2.0,4.3
143763,10/26/2025,ABU DHABI,BEAUTY & PERSONAL CARE,258.82,1,10.0,258.82,232.94,cash on delivery,Returning,1.0,3.7
144166,2025-10-31,sharjah,  Fashion  ,545.07,2,10.0,1090.14,981.13,card,Returning,3.0,2.6
101659,29-01-2024,abu dhabi,ELECTRONICS,2976.19,1,0.0,2976.19,2976.19,cash on delivery,Returning,2.0,3.2
120135,11/22/2024,DUBAI,  Home & Kitchen  ,790.84,1,20.0,790.84,632.67,card,Returning,4.0,3.4
114572,2024-08-26,SHARJAH,fashion,226.77,2,0.0,453.54,453.54,  Card  ,New,1.0,4.3
106492,18/04/2024,  Dubai  ,  Electronics  ,952.09,1,0.0,952.09,952.09,CARD,New,2.0,4.7
121507,01/12/2024,,  Groceries  ,166.61,1,0.0,166.61,166.61,Cash on Delivery,Returning,4.0,3.6
123970,01/07/2025,sharjah,  Fashion  ,207.13,2,0.0,414.26,414.26,WALLET,Returning,2.0,3.6
112151,07/21/2024,DUBAI,BEAUTY & PERSONAL CARE,358.56,2,10.0,717.12,645.41,CARD,Returning,3.0,3.9
123791,2025-01-04,  Abu Dhabi  ,  Electronics  ,1904.21,1,0.0,1904.21,1904.21,WALLET,Returning,3.0,5.0
145339,2025-11-16,ras al khaimah,  Mobile Accessories  ,135.46,1,0.0,135.46,135.46,  Cash on Delivery  ,Returning,1.0,4.5
127450,03/04/2025,Abu Dhabi,FASHION,120.67,1,15.0,120.67,102.57,Card,Returning,2.0,5.0
128297,21-03-2025,Sharja,Fashion,171.35,1,5.0,171.35,162.78,card,Returning,3.0,3.5
101587,28-01-2024,dubai,ELECTRONICS,1984.85,1,15.0,1984.85,1687.12,CARD,Returning,2.0,3.5
104637,03/22/2024,Abu Dhabi,groceries,183.32,1,5.0,183.32,174.15,Card,New,1.0,3.3
118839,11/01/2024,Ajman,MOBILE ACCESSORIES,109.7,1,0.0,109.7,109.7,Card,Returning,4.0,5.0
121479,30-11-2024,ABU DHABI,Electronics,352.77,1,10.0,352.77,317.49,cash on delivery,New,1.0,5.0
127695,09/03/2025,  Abu Dhabi  ,  Fashion  ,210.83,1,15.0,210.83,179.21,CARD,Returning,4.0,3.9
106974,2024-04-26,Abu Dhabi,BEAUTY & PERSONAL CARE,291.75,1,5.0,291.75,277.16,  Card  ,Returning,5.0,2.1
101267,22/01/2024,sharjah,MOBILE ACCESSORIES,99.08,1,15.0,99.08,84.22,CASH ON DELIVERY,Returning,4.0,4.0
128621,2025-03-26,  Dubai  ,Beauty & Personal Care,61.63,1,0.0,61.63,61.63,CASH ON DELIVERY,Returning,1.0,2.9
127591,03/07/2025,AJMAN,HOME & KITCHEN,221.75,1,10.0,221.75,199.58,WALLET,New,3.0,4.1
135420,07/02/2025,abu dhabi,Groceries,275.11,1,10.0,275.11,247.6,Card,Returning,3.0,3.1
115945,2024-09-14,DUBAI,Mobile Accessories,116.1,1,,116.1,110.29,  Card  ,Returning,2.0,4.5
142327,05/10/2025,  Sharjah  ,ELECTRONICS,2525.56,3,0.0,7576.68,7576.68,card,Returning,4.0,5.0
139609,29-08-2025,Abu Dhabi,ELECTRONICS,3292.67,2,15.0,6585.34,5597.54,CASH ON DELIVERY,Returning,2.0,4.6
124185,10/01/2025,Dubay,ELECTRONICS,469.76,1,0.0,469.76,469.76,CARD,Returning,3.0,5.0
134011,06/11/2025,Abu Dhabi,FASHION,171.15,1,10.0,171.15,154.04,card,Returning,2.0,5.0
145191,2025-11-14,  Dubai  ,  Electronics  ,2502.64,1,10.0,2502.64,2252.38,Card,New,2.0,3.1
110490,24-06-2024,SHARJAH,  Groceries  ,177.87,1,10.0,177.87,160.08,Card,Returning,3.0,3.8
108011,2024-05-14,Abu Dhabi,Groceries,56.16,1,0.0,56.16,56.16,card,New,3.0,
119277,08/11/2024,  Abu Dhabi  ,HOME & KITCHEN,844.79,1,0.0,844.79,844.79,card,Returning,3.0,3.2
122854,12/21/2024,  Dubai  ,Electronics,480.82,3,30.0,1442.46,1009.72,wallet,Returning,4.0,4.0
143750,10/26/2025,  Ras Al Khaimah  ,Fashion,45.8,1,0.0,45.8,45.8,CASH ON DELIVERY,New,2.0,4.7
133111,28-05-2025,sharjah,beauty & personal care,325.42,1,0.0,325.42,325.42,CARD,New,3.0,4.2
102798,17/02/2024,dubai,GROCERIES,287.9,1,5.0,287.9,273.5,Cash on Delivery,Returning,3.0,3.8
123449,2024-12-30,Dubai,  Electronics  ,1662.08,1,0.0,1662.08,1662.08,CASH ON DELIVERY,Returning,2.0,5.0
111363,09/07/2024,Sharjah,FASHION,254.95,1,0.0,254.95,254.95,Cash on Delivery,Returning,3.0,4.2
144009,2025-10-29,sharjah,Home & Kitchen,598.72,3,0.0,1796.16,1796.16,Cash on Delivery,New,4.0,4.1
127224,28-02-2025,dubai,Mobile Accessories,204.83,2,15.0,409.66,348.21,Card,Returning,2.0,4.3
117610,12-10-2024,abu dhabi,  Mobile Accessories  ,81.73,1,0.0,81.73,81.73,  Cash on Delivery  ,Returning,3.0,4.2
129335,03/04/2025,DUBAI,Fashion,403.24,2,30.0,806.48,564.54,Wallet,Returning,2.0,3.9
148580,19-12-2025,ABU DHABI,FASHION,437.68,2,0.0,875.36,875.36,Cash on Delivery,Returning,2.0,
109070,2024-05-31,Abu Dhabi,Electronics,503.56,1,15.0,503.56,428.03,Wallet,Returning,2.0,4.1
129178,01/04/2025,  Abu Dhabi  ,Groceries,44.1,2,10.0,88.2,79.38,  Card  ,Returning,2.0,4.2
130901,2025-04-25,ajman,Electronics,488.14,1,10.0,488.14,439.33,CASH ON DELIVERY,Returning,1.0,
135869,07/08/2025,Dubai,  Fashion  ,446.44,1,0.0,446.44,446.44,card,New,4.0,5.0
139417,08/27/2025,Dubai,fashion,565.94,1,30.0,565.94,396.16,card,Returning,3.0,4.0
127577,03/07/2025,  Ajman  ,home & kitchen,122.4,1,20.0,122.4,97.92,  Card  ,Returning,5.0,
122086,2024-12-09,ras al khaimah,ELECTRONICS,924.24,2,5.0,1848.48,1756.06,cash on delivery,New,1.0,4.5
140077,2025-09-03,dubai,groceries,96.11,1,0.0,96.11,96.11,Cash on Delivery,Returning,4.0,4.5
137349,2025-07-31,dubai,Groceries,149.46,1,0.0,149.46,149.46,card,Returning,2.0,3.7
115869,2024-09-13,Ajman ,MOBILE ACCESSORIES,233.86,2,30.0,467.72,327.4,wallet,Returning,,
116017,09/15/2024,  Sharjah  ,fashion,74.98,2,0.0,149.96,149.96,Cash on Delivery,Returning,2.0,
128345,22-03-2025,DUBAI,MOBILE ACCESSORIES,46.02,1,15.0,46.02,39.12,CARD,New,1.0,4.0
108811,27-05-2024,dubai,FASHION,97.19,1,0.0,97.19,97.19,CASH ON DELIVERY,New,3.0,5.0
122225,11-12-2024,SHARJAH,FASHION,224.03,1,10.0,224.03,201.63,CARD,Returning,3.0,4.7
133854,06/08/2025,dubai,GROCERIES,30.31,-2,10.0,60.62,54.56,  Card  ,Returning,1.0,
101973,04/02/2024,  Dubai  ,  Groceries  ,145.28,1,10.0,145.28,130.75,card,Returning,2.0,5.0
125516,31-01-2025,  Sharjah  ,Home & Kitchen,882.17,2,5.0,1764.34,1676.12,CARD,New,2.0,4.3
139390,08/27/2025,  Sharjah  ,home & kitchen,593.18,2,0.0,1186.36,1186.36,  Wallet  ,Returning,,4.4
141405,23/09/2025,Abu Dhabi,Mobile Accessories,26.34,1,15.0,26.34,22.39,  Card  ,New,1.0,3.6
135938,07/09/2025,  Dubai  ,MOBILE ACCESSORIES,243.64,2,0.0,487.28,487.28,  Card  ,New,1.0,3.7
124657,17/01/2025,RAS AL KHAIMAH,Beauty & Personal Care,119.86,1,10.0,119.86,107.87,Cash on Delivery,Returning,3.0,3.6
116222,19-09-2024,Dubai,Groceries,102.08,1,10.0,102.08,91.87,WALLET,Returning,3.0,4.4
130745,22-04-2025,SHARJAH,GROCERIES,215.82,1,0.0,215.82,215.82,  Card  ,Returning,2.0,5.0
139370,08/26/2025,Dubay,HOME & KITCHEN,288.77,1,10.0,288.77,259.89,Card,New,4.0,3.9
120987,2024-11-27,SHARJAH,Mobile Accessories,186.68,1,20.0,186.68,149.34,  Card  ,New,1.0,3.2
128104,17-03-2025,ajman,Electronics,2996.42,1,0.0,2996.42,2996.42,Cash on Delivery,New,1.0,3.4
137286,2025-07-29,  Dubai  ,Fashion,553.39,2,15.0,1106.78,940.76,Card,New,3.0,4.9
118337,23-10-2024,AJMAN,ELECTRONICS,1584.62,1,0.0,1584.62,1584.62,  Card  ,Returning,3.0,4.6
113963,08/19/2024,Sharja,fashion,140.68,1,10.0,140.68,126.61,  Cash on Delivery  ,Returning,2.0,4.3
122324,2024-12-12,SHARJAH,fashion,535.39,1,15.0,535.39,455.08,CASH ON DELIVERY,New,2.0,4.2
127612,08-03-2025,Dubay,ELECTRONICS,1950.84,1,0.0,1950.84,1950.84,cash on delivery,New,5.0,4.9
137124,2025-07-27,dubai,Mobile Accessories,74.1,3,5.0,222.3,211.18,  Cash on Delivery  ,New,2.0,4.4
102575,13-02-2024,ABU DHABI,home & kitchen,284.66,1,5.0,284.66,270.43,CASH ON DELIVERY,Returning,2.0,4.7
139320,26/08/2025,  Abu Dhabi  ,mobile accessories,24.54,1,0.0,24.54,24.54,CARD,New,1.0,3.5
129170,01/04/2025,Abu Dhabi,Electronics,2170.17,1,5.0,2170.17,2061.66,card,Returning,3.0,3.4
129128,04/01/2025,  Dubai  ,ELECTRONICS,1745.98,1,20.0,1745.98,1396.78,  Card  ,New,2.0,3.3
131644,06/05/2025,abu dhabi,  Mobile Accessories  ,75.09,1,20.0,75.09,60.07,CARD,Returning,1.0,2.9
139835,08/31/2025,dubai,  Fashion  ,348.61,1,20.0,348.61,278.89,wallet,Returning,3.0,4.4
127584,07/03/2025,Dubai,  Home & Kitchen  ,787.49,2,,1574.98,1574.98,wallet,Returning,4.0,4.8
140579,10-09-2025,SHARJAH,  Electronics  ,796.0,1,0.0,796.0,796.0,CARD,Returning,2.0,5.0
110183,06/19/2024,Dubai,  Electronics  ,2853.06,1,15.0,2853.06,2425.1,Card,New,3.0,3.3
130372,17/04/2025,Sharja,Beauty & Personal Care,109.42,1,0.0,109.42,109.42,,Returning,3.0,4.6
118335,2024-10-23,  Sharjah  ,  Beauty & Personal Care  ,75.49,1,5.0,75.49,71.72,CASH ON DELIVERY,New,1.0,3.9
141265,20-09-2025,DUBAI,Mobile Accessories,95.73,1,0.0,95.73,95.73,  Card  ,Returning,2.0,3.7
147202,30/11/2025,  Dubai  ,groceries,62.61,1,5.0,62.61,59.48,CARD,New,3.0,4.5
102972,20-02-2024,dubai,electronics,628.65,1,10.0,628.65,565.78,  Wallet  ,New,2.0,4.0
123699,01/03/2025,  Dubai  ,FASHION,192.59,1,30.0,192.59,134.81,Card,Returning,3.0,3.5
149264,28-12-2025,Dubai ,  Electronics  ,1125.85,1,5.0,1125.85,1069.56,  Cash on Delivery  ,Returning,3.0,4.5
137180,28/07/2025,Abu Dhabi,  Mobile Accessories  ,164.23,1,0.0,164.23,164.23,Wallet,New,2.0,5.0
131093,28/04/2025,dubai,electronics,2466.06,1,5.0,2466.06,2342.76,cash on delivery,Returning,1.0,4.0
120635,11/24/2024,Abu Dhabi,ELECTRONICS,3353.45,1,10.0,3353.45,3018.1,CARD,Returning,1.0,4.4
113847,17/08/2024,  Abu Dhabi  ,BEAUTY & PERSONAL CARE,312.84,1,5.0,312.84,297.2,Card,Returning,2.0,3.3
141417,23-09-2025,Dubai,Beauty & Personal Care,142.82,2,30.0,285.64,199.95,  Cash on Delivery  ,New,1.0,4.8
120643,24/11/2024,dubai,Fashion,76.4,1,50.0,76.4,38.2,  Card  ,Returning,1.0,
139319,26/08/2025,RAS AL KHAIMAH,  Fashion  ,386.77,1,0.0,386.77,386.77,  Card  ,Returning,3.0,4.7
138862,20/08/2025,  Dubai  ,  Fashion  ,71.06,1,0.0,71.06,71.06,Cash on Delivery,Returning,3.0,5.0
123917,2025-01-06,dubai,  Fashion  ,423.49,1,5.0,423.49,402.32,Cash on Delivery,Returning,1.0,3.0
128096,2025-03-17,Dubai,ELECTRONICS,3075.13,2,30.0,6150.26,4305.18,  Cash on Delivery  ,New,4.0,4.8
103750,05-03-2024,Ras Al Khaimah,Electronics,889.24,1,10.0,889.24,800.32,  Cash on Delivery  ,Returning,3.0,4.2
142463,07-10-2025,  Sharjah  ,fashion,390.63,1,0.0,390.63,390.63,Card,Returning,1.0,4.4
126805,21-02-2025,Dubai,Groceries,288.47,1,30.0,288.47,201.93,  Card  ,Returning,1.0,4.3
120000,19-11-2024,abu dhabi,Home & Kitchen,707.17,1,0.0,707.17,707.17,Card,New,4.0,2.7
148298,2025-12-15,Ras Al Khaimah,electronics,454.36,1,10.0,454.36,408.92,  Cash on Delivery  ,Returning,2.0,4.7
143134,10/17/2025,ABU DHABI,beauty & personal care,390.32,1,5.0,390.32,370.8,Card,Returning,3.0,5.0
120834,2024-11-26,Abu Dhabi,Groceries,205.22,2,20.0,410.44,328.35,Card,Returning,4.0,4.3
107115,2024-04-29,  Abu Dhabi  ,  Mobile Accessories  ,120.76,1,30.0,120.76,84.53,  Wallet  ,Returning,2.0,3.5
147805,2025-12-08,  Abu Dhabi  ,FASHION,63.12,1,15.0,63.12,53.65,  Wallet  ,Returning,3.0,5.0
129151,2025-04-01,Ajman,  Beauty & Personal Care  ,233.04,1,5.0,233.04,221.39,card,New,1.0,4.2
132948,2025-05-25,Dubai,  Mobile Accessories  ,246.75,1,0.0,246.75,246.75,WALLET,Returning,3.0,3.0
100368,07-01-2024,Ras Al Khaimah,electronics,771.28,3,15.0,2313.84,1966.76,  Card  ,New,2.0,4.9
113970,19-08-2024,dubai,,76.46,1,0.0,76.46,76.46,card,Returning,6.0,4.4
106055,13-04-2024,  Ras Al Khaimah  ,FASHION,373.51,3,30.0,1120.53,784.37,,New,5.0,4.9
102267,09-02-2024,  Dubai  ,fashion,291.85,1,5.0,291.85,277.26,card,Returning,3.0,2.4
114514,08/26/2024,SHARJAH,  Fashion  ,546.22,1,15.0,546.22,464.29,CARD,Returning,4.0,4.1
131161,29-04-2025,dubai,  Mobile Accessories  ,231.57,1,10.0,231.57,208.41,CARD,New,1.0,3.7
111684,07/14/2024,sharjah,Fashion,393.88,1,20.0,393.88,315.1,card,Returning,3.0,4.1
108042,2024-05-14,  Dubai  ,ELECTRONICS,1504.38,2,15.0,3008.76,2557.45,Wallet,Returning,,4.2
145057,12/11/2025,  Abu Dhabi  ,mobile accessories,166.6,1,20.0,166.6,133.28,CARD,Returning,3.0,4.6
100189,01/04/2024,  Sharjah  ,electronics,562.95,3,0.0,1688.85,1688.85,Cash on Delivery,Returning,2.0,4.0
135170,28/06/2025,Sharjah,FASHION,49.25,1,10.0,49.25,44.32,CARD,Returning,1.0,4.7
114273,23-08-2024,  Abu Dhabi  ,home & kitchen,529.65,1,0.0,529.65,529.65,WALLET,New,2.0,3.8
120047,11/20/2024,DUBAI,Electronics,1580.85,1,10.0,1580.85,1422.76,CARD,Returning,2.0,4.7
139427,27-08-2025,Ajman ,HOME & KITCHEN,282.73,1,20.0,282.73,226.18,Wallet,Returning,2.0,4.2
111148,05-07-2024,Dubai,,252.37,1,,252.37,252.37,Card,New,3.0,4.0
138921,21-08-2025,Abu Dhabi,Fashion,542.58,1,10.0,542.58,488.32,CARD,Returning,1.0,5.0
138642,18/08/2025,  Sharjah  ,home & kitchen,755.13,1,10.0,755.13,679.62,wallet,Returning,3.0,3.6
112114,07/21/2024,Ras Al Khaimah,  Groceries  ,232.42,2,5.0,464.84,441.6,CASH ON DELIVERY,New,3.0,4.5
100270,06/01/2024,DUBAI,  Groceries  ,187.0,1,,187.0,168.3,wallet,Returning,5.0,3.3
134832,23-06-2025,  Sharjah  ,  Groceries  ,58.09,1,10.0,58.09,52.28,  Cash on Delivery  ,Returning,1.0,3.2
146265,24-11-2025,Abu Dhabi,  Fashion  ,219.34,1,50.0,219.34,109.67,CARD,Returning,4.0,3.9
133074,27/05/2025,  Sharjah  ,  Fashion  ,505.19,2,20.0,1010.38,808.3,cash on delivery,Returning,3.0,3.6
115981,15/09/2024,Dubai,FASHION,395.84,1,30.0,395.84,277.09,card,New,1.0,2.5
120847,26/11/2024,Dubai ,Fashion,90.15,1,40.0,90.15,54.09,  Card  ,Returning,2.0,4.7
130348,04/17/2025,,BEAUTY & PERSONAL CARE,167.12,1,10.0,167.12,150.41,card,New,2.0,5.0
148308,15-12-2025,ABU DHABI,electronics,1202.59,1,15.0,1202.59,1022.2,Cash on Delivery,Returning,5.0,3.8
144596,2025-11-06,dubai,Mobile Accessories,191.62,1,5.0,191.62,182.04,  Wallet  ,Returning,3.0,4.1
131258,2025-04-30,ajman,beauty & personal care,311.57,1,20.0,311.57,249.26,Card,New,4.0,3.9
127887,13-03-2025,Ajman ,  Beauty & Personal Care  ,337.24,1,5.0,337.24,320.38,Wallet,Returning,2.0,4.5
145999,22/11/2025,  Ras Al Khaimah  ,ELECTRONICS,2802.75,1,30.0,2802.75,1961.92,  Cash on Delivery  ,Returning,3.0,5.0
135129,27/06/2025,Dubai,Home & Kitchen,437.23,1,10.0,437.23,393.51,  Card  ,Returning,2.0,5.0
141815,2025-09-28,DUBAI,MOBILE ACCESSORIES,154.9,1,0.0,154.9,154.9,card,Returning,4.0,4.8
106455,18-04-2024,dubai,BEAUTY & PERSONAL CARE,135.51,1,5.0,135.51,128.73,card,Returning,2.0,4.0
106185,14-04-2024,abu dhabi,Groceries,115.89,1,0.0,115.89,115.89,Cash on Delivery,New,4.0,5.0
112406,26-07-2024,Sharjah,MOBILE ACCESSORIES,187.42,1,5.0,187.42,178.05,  Cash on Delivery  ,Returning,3.0,4.6
140520,09/09/2025,sharjah,  Electronics  ,1134.66,2,,2269.32,2269.32,Card,Returning,2.0,4.2
143772,26-10-2025,DUBAI,  Fashion  ,166.19,1,0.0,166.19,166.19,  Cash on Delivery  ,Returning,4.0,3.4
130426,04/18/2025,Abu Dhabi,Home & Kitchen,838.77,1,5.0,838.77,796.83,CARD,Returning,4.0,4.0
103555,03/02/2024,  Dubai  ,mobile accessories,243.89,1,15.0,243.89,207.31,Wallet,Returning,2.0,5.0
127890,13-03-2025,ras al khaimah,  Groceries  ,41.7,1,0.0,41.7,41.7,cash on delivery,Returning,4.0,4.6
129404,2025-04-03,ABU DHABI,Mobile Accessories,174.9,1,10.0,174.9,157.41,card,Returning,4.0,
120865,26-11-2024,DUBAI,Home & Kitchen,810.06,1,40.0,810.06,486.04,card,Returning,3.0,4.5
103699,04-03-2024,dubai,beauty & personal care,245.29,1,0.0,245.29,245.29,  Cash on Delivery  ,Returning,1.0,3.5
111758,07/15/2024,Dubai,  Electronics  ,1724.03,2,15.0,3448.06,2930.85,  Card  ,Returning,4.0,4.7
149470,12/31/2025,DUBAI,home & kitchen,615.42,1,0.0,615.42,615.42,  Card  ,New,2.0,5.0
103183,24-02-2024,dubai,Fashion,344.01,2,0.0,688.02,688.02,Card,Returning,3.0,5.0
131430,05/03/2025,Ras Al Khaimah,Home & Kitchen,684.76,1,30.0,684.76,479.33,  Cash on Delivery  ,New,3.0,4.6
134686,21-06-2025,abu dhabi,Groceries,53.54,1,10.0,53.54,48.19,  Card  ,New,3.0,3.8
130103,2025-04-13,Abu Dhabi,fashion,56.59,1,10.0,56.59,50.93,  Card  ,Returning,3.0,4.7
120420,23/11/2024,  Ajman  ,Electronics,2104.22,2,30.0,4208.44,2945.91,  Cash on Delivery  ,New,3.0,
106832,24/04/2024,ajman,Groceries,298.07,1,5.0,298.07,283.17,WALLET,New,3.0,
116423,22/09/2024,Dubay,beauty & personal care,378.84,1,0.0,378.84,378.84,Card,New,3.0,
130721,22-04-2025,dubai,Home & Kitchen,103.64,1,0.0,103.64,103.64,  Cash on Delivery  ,Returning,3.0,2.7
104656,03/22/2024,Abu Dhabi,groceries,290.69,1,0.0,290.69,290.69,Wallet,New,4.0,4.8
133992,10/06/2025,ajman,mobile accessories,181.53,1,0.0,181.53,181.53,card,Returning,1.0,4.2
102075,05/02/2024,Dubai,  Electronics  ,3328.67,1,10.0,3328.67,2995.8,Cash on Delivery,Returning,4.0,4.4
136788,2025-07-22,ABU DHABI,MOBILE ACCESSORIES,66.14,1,15.0,66.14,56.22,  Card  ,New,3.0,4.6
126610,2025-02-18,ABU DHABI,home & kitchen,221.28,2,0.0,442.56,442.56,CASH ON DELIVERY,New,4.0,4.9
102522,12/02/2024,Abu Dhabi,Electronics,2196.87,1,0.0,2196.87,2196.87,Card,Returning,3.0,3.9
146056,2025-11-23,  Ras Al Khaimah  ,Mobile Accessories,194.22,3,40.0,582.66,349.6,,Returning,2.0,3.1
148407,2025-12-17,  Abu Dhabi  ,Electronics,2874.7,2,0.0,5749.4,5749.4,,Returning,2.0,4.8
114525,08/26/2024,ABU DHABI,electronics,2547.19,2,20.0,5094.38,4075.5,,Returning,3.0,3.6
104213,13/03/2024,ABU DHABI,Beauty & Personal Care,183.5,1,15.0,183.5,155.98,card,Returning,4.0,4.0
110450,06/23/2024,  Dubai  ,  Home & Kitchen  ,803.69,1,15.0,803.69,683.14,CASH ON DELIVERY,New,2.0,3.3
103239,02/24/2024,Dubai,Electronics,1988.17,1,0.0,1988.17,1988.17,  Wallet  ,New,4.0,3.4
116426,22-09-2024,Ajman,GROCERIES,251.21,2,0.0,502.42,502.42,Cash on Delivery,Returning,1.0,2.9
130838,24-04-2025,dubai,Beauty & Personal Care,119.47,1,15.0,119.47,101.55,  Card  ,Returning,3.0,4.1
148636,2025-12-20,dubai,  Electronics  ,3309.17,2,5.0,6618.34,6287.42,CASH ON DELIVERY,Returning,2.0,3.4
130049,12/04/2025,abu dhabi,  Beauty & Personal Care  ,56.95,1,5.0,56.95,54.1,WALLET,New,2.0,5.0
146886,11/28/2025,sharjah,FASHION,354.0,1,30.0,354.0,247.8,  Cash on Delivery  ,New,3.0,5.0
102684,15/02/2024,Dubay,mobile accessories,201.1,1,0.0,201.1,201.1,  Wallet  ,Returning,2.0,3.7
123055,25-12-2024,Dubai,beauty & personal care,323.94,1,10.0,323.94,291.55,Cash on Delivery,Returning,2.0,5.0
132229,2025-05-15,  Dubai  ,Groceries,168.0,1,30.0,168.0,117.6,Card,New,5.0,
115537,09/07/2024,Dubai,Groceries,204.39,2,10.0,408.78,367.9,Wallet,New,4.0,3.6
148487,12/18/2025,abu dhabi,  Home & Kitchen  ,159.36,1,10.0,159.36,143.42,  Card  ,Returning,3.0,4.3
115086,02-09-2024,ABU DHABI,  Electronics  ,313.84,2,30.0,627.68,439.38,  Card  ,New,2.0,4.2
147923,10/12/2025,ras al khaimah,ELECTRONICS,2628.2,2,15.0,5256.4,4467.94,cash on delivery,Returning,4.0,5.0
102141,06/02/2024,ABU DHABI,mobile accessories,119.58,1,0.0,119.58,119.58,,Returning,1.0,4.6
149461,12/31/2025,abu dhabi,home & kitchen,387.58,1,0.0,387.58,387.58,Wallet,Returning,3.0,4.7
105182,04/02/2024,Dubai,  Beauty & Personal Care  ,111.51,1,0.0,111.51,111.51,CARD,Returning,3.0,5.0
127487,2025-03-05,ABU DHABI,  Fashion  ,254.84,1,0.0,254.84,254.84,  Cash on Delivery  ,New,4.0,
138309,14/08/2025,Dubai,  Beauty & Personal Care  ,173.6,1,10.0,173.6,156.24,  Card  ,Returning,1.0,3.9
132456,05/18/2025,Dubai,,563.8,1,20.0,563.8,451.04,  Cash on Delivery  ,Returning,1.0,4.3
112109,21-07-2024,abu dhabi,GROCERIES,169.98,2,10.0,339.96,305.96,Cash on Delivery,Returning,1.0,4.6
138828,08/20/2025,dubai,  Mobile Accessories  ,25.54,1,5.0,25.54,24.26,WALLET,Returning,2.0,4.3
109821,13/06/2024,  Dubai  ,mobile accessories,120.06,1,0.0,120.06,120.06,Card,Returning,1.0,3.5
127530,03/06/2025,Sharja,groceries,92.19,1,0.0,92.19,92.19,card,Returning,4.0,5.0
127613,03/08/2025,Ras Al Khaimah,Mobile Accessories,109.69,1,0.0,109.69,109.69,Cash on Delivery,New,2.0,4.0
103739,2024-03-05,  Dubai  ,ELECTRONICS,2680.55,1,5.0,2680.55,2546.52,cash on delivery,New,6.0,4.2
120804,2024-11-26,dubai,beauty & personal care,171.08,3,20.0,513.24,410.59,  Card  ,New,3.0,4.5
117249,06-10-2024,Abu Dhabi,Fashion,581.13,1,5.0,581.13,552.07,,Returning,3.0,4.6
120462,23-11-2024,Dubay,mobile accessories,181.62,1,40.0,181.62,108.97,CARD,Returning,4.0,4.5
133697,2025-06-06,Dubay,  Beauty & Personal Care  ,67.81,1,5.0,67.81,64.42,  Card  ,New,1.0,4.5
113943,08/19/2024,dubai,  Groceries  ,131.5,1,0.0,131.5,131.5,  Card  ,New,3.0,5.0
103370,2024-02-27,  Ajman  ,fashion,183.31,1,0.0,183.31,183.31,Card,Returning,4.0,5.0
100540,10/01/2024,Ajman,ELECTRONICS,410.18,1,15.0,410.18,348.65,CARD,Returning,2.0,4.7
139684,30/08/2025,abu dhabi,fashion,481.29,2,,962.58,962.58,card,New,1.0,5.0
137915,2025-08-08,Sharjah,FASHION,350.34,1,20.0,350.34,280.27,CARD,Returning,2.0,3.8
103929,03/08/2024,  Dubai  ,  Groceries  ,63.83,1,0.0,63.83,63.83,Wallet,Returning,4.0,4.9
102738,02/16/2024,sharjah,Home & Kitchen,100.07,2,10.0,200.14,180.13,Wallet,Returning,2.0,4.7
112645,2024-07-30,  Dubai  ,electronics,2967.67,1,0.0,2967.67,2967.67,card,New,2.0,3.9
114732,28-08-2024,Dubai,Beauty & Personal Care,271.23,1,5.0,271.23,257.67,card,New,3.0,4.3
119946,18-11-2024,,  Beauty & Personal Care  ,351.0,1,5.0,351.0,333.45,  Card  ,New,1.0,4.1
117007,03-10-2024,dubai,BEAUTY & PERSONAL CARE,338.85,1,30.0,338.85,237.2,WALLET,Returning,2.0,3.4
149246,12/28/2025,DUBAI,Groceries,187.98,1,,187.98,150.38,CARD,New,,3.8
128425,23-03-2025,Dubai,ELECTRONICS,2002.39,1,0.0,2002.39,2002.39,Cash on Delivery,Returning,3.0,3.6
146082,23/11/2025,Sharjah,GROCERIES,277.71,2,10.0,555.42,499.88,CASH ON DELIVERY,New,3.0,4.6
136660,20/07/2025,Ras Al Khaimah,  Electronics  ,1788.97,2,0.0,3577.94,3577.94,  Card  ,Returning,3.0,4.1
105410,04/06/2024,  Dubai  ,BEAUTY & PERSONAL CARE,210.71,2,0.0,421.42,421.42,card,New,1.0,3.9
100239,01/05/2024,dubai,FASHION,395.1,1,0.0,395.1,395.1,Card,New,2.0,3.7
132304,16/05/2025,  Sharjah  ,  Electronics  ,1993.76,1,10.0,1993.76,1794.38,Card,Returning,3.0,3.9
120841,2024-11-26,Ajman ,electronics,2388.22,1,40.0,2388.22,1432.93,  Card  ,Returning,1.0,3.8
114757,2024-08-29,  Abu Dhabi  ,FASHION,86.13,1,5.0,86.13,81.82,Wallet,Returning,4.0,3.4
124365,2025-01-13,  Abu Dhabi  ,Fashion,245.88,1,0.0,245.88,245.88,cash on delivery,Returning,1.0,4.0
125841,06-02-2025,sharjah,FASHION,71.43,1,0.0,71.43,71.43,card,New,5.0,4.0
126501,16-02-2025,dubai,MOBILE ACCESSORIES,97.53,1,5.0,97.53,92.65,  Card  ,New,2.0,3.4
102969,2024-02-20,Dubai ,,286.9,1,5.0,286.9,272.55,Card,Returning,2.0,4.3
133825,06/08/2025,Abu Dhabi,Mobile Accessories,77.48,1,0.0,77.48,77.48,card,Returning,1.0,5.0
121585,02-12-2024,dubai,  Beauty & Personal Care  ,102.36,1,5.0,102.36,97.24,CARD,Returning,4.0,4.1
137929,08/08/2025,Dubai,groceries,60.61,1,15.0,60.61,51.52,  Cash on Delivery  ,New,3.0,3.9
142668,2025-10-10,Dubai ,  Electronics  ,2350.6,1,5.0,2350.6,2233.07,wallet,Returning,2.0,4.3
107057,2024-04-28,dubai,  Mobile Accessories  ,165.08,1,0.0,165.08,165.08,  Cash on Delivery  ,Returning,1.0,3.4
116217,09/19/2024,Dubai,FASHION,500.55,1,0.0,500.55,500.55,  Cash on Delivery  ,Returning,2.0,4.1
105409,06-04-2024,ABU DHABI,beauty & personal care,171.88,1,0.0,171.88,171.88,CARD,Returning,1.0,4.7
117421,09/10/2024,Abu Dhabi,Electronics,546.11,1,0.0,546.11,546.11,  Card  ,Returning,3.0,4.9
101368,2024-01-24,abu dhabi,Home & Kitchen,205.1,1,5.0,205.1,194.84,WALLET,Returning,2.0,3.2
118625,28/10/2024,dubai,Groceries,172.43,2,10.0,344.86,310.37,WALLET,Returning,2.0,3.4
144047,30/10/2025,  Ras Al Khaimah  ,  Electronics  ,856.61,1,0.0,856.61,856.61,Card,Returning,2.0,4.6
138959,2025-08-22,Dubai,ELECTRONICS,880.44,1,0.0,880.44,880.44,  Card  ,New,3.0,3.5
100731,01/13/2024,Ajman,Electronics,3271.22,1,10.0,3271.22,2944.1,Card,Returning,3.0,4.6
116444,23/09/2024,abu dhabi,  Groceries  ,122.64,1,0.0,122.64,122.64,Card,New,1.0,4.7
148959,12/25/2025,  Dubai  ,FASHION,410.72,2,5.0,821.44,780.37,Card,Returning,2.0,5.0
132669,22-05-2025,dubai,electronics,953.83,1,0.0,953.83,953.83,  Wallet  ,New,4.0,4.0
103769,2024-03-05,ABU DHABI,GROCERIES,116.48,1,0.0,116.48,116.48,Cash on Delivery,New,4.0,4.0
141198,19/09/2025,Dubai,groceries,154.95,1,5.0,154.95,147.2,cash on delivery,Returning,3.0,
111275,07/07/2024,Dubai,  Groceries  ,228.89,2,5.0,457.78,434.89,wallet,Returning,3.0,5.0
126654,19-02-2025,SHARJAH,Home & Kitchen,268.87,1,15.0,268.87,228.54,card,Returning,2.0,3.3
127756,11-03-2025,ABU DHABI,  Mobile Accessories  ,127.54,1,10.0,127.54,114.79,card,New,2.0,4.6
147844,08-12-2025,Sharjah,  Beauty & Personal Care  ,298.48,1,5.0,298.48,283.56,Card,Returning,2.0,3.9
111948,07/19/2024,  Dubai  ,Beauty & Personal Care,377.69,1,10.0,377.69,339.92,CARD,Returning,4.0,5.0
126836,02/22/2025,abu dhabi,fashion,387.62,1,5.0,387.62,368.24,  Cash on Delivery  ,Returning,3.0,3.4
120765,2024-11-25,Abu Dhabi,mobile accessories,209.97,1,20.0,209.97,167.98,WALLET,New,2.0,5.0
127289,2025-03-01,sharjah,Mobile Accessories,53.87,2,15.0,107.74,91.58,CASH ON DELIVERY,Returning,1.0,3.9
102256,08-02-2024,  Dubai  ,  Electronics  ,3056.73,1,0.0,3056.73,3056.73,CARD,New,1.0,4.2
114688,28-08-2024,dubai,Home & Kitchen,743.74,2,0.0,1487.48,1487.48,Wallet,New,1.0,2.9
109724,2024-06-11,  Abu Dhabi  ,HOME & KITCHEN,564.84,1,15.0,564.84,480.11,  Wallet  ,New,2.0,4.0
122940,22/12/2024,abu dhabi,  Mobile Accessories  ,245.47,2,0.0,490.94,490.94,Wallet,Returning,4.0,4.2
105007,29-03-2024,abu dhabi,Electronics,2600.52,1,10.0,2600.52,2340.47,  Wallet  ,New,2.0,3.5
116430,09/22/2024,  Dubai  ,beauty & personal care,326.48,1,5.0,326.48,310.16,Wallet,Returning,2.0,3.7
112522,27-07-2024,Abu Dhabi,Electronics,929.77,1,20.0,929.77,743.82,CARD,Returning,1.0,4.3
117199,05-10-2024,ABU DHABI,fashion,256.62,1,15.0,256.62,218.13,CARD,Returning,1.0,5.0
129851,04/09/2025,Dubai,fashion,439.84,2,0.0,879.68,879.68,Wallet,New,2.0,3.5
109642,10-06-2024,Ajman,BEAUTY & PERSONAL CARE,301.54,1,0.0,301.54,301.54,,New,2.0,4.4
113144,07-08-2024,,Mobile Accessories,98.38,2,5.0,196.76,186.92,CARD,New,3.0,4.6
138730,2025-08-19,Dubai,groceries,68.27,1,5.0,68.27,64.86,  Card  ,Returning,3.0,4.8
131469,2025-05-03,Dubai,,175.62,1,0.0,175.62,175.62,CARD,New,1.0,3.1
125097,25-01-2025,dubai,MOBILE ACCESSORIES,127.04,1,0.0,127.04,127.04,CARD,Returning,,5.0
144053,30/10/2025,Ajman,Beauty & Personal Care,98.67,1,5.0,98.67,93.74,Wallet,New,1.0,3.8
134039,2025-06-11,abu dhabi,  Beauty & Personal Care  ,209.82,1,15.0,209.82,178.35,CASH ON DELIVERY,Returning,2.0,4.4
136421,17-07-2025,abu dhabi,groceries,189.12,1,0.0,189.12,189.12,cash on delivery,Returning,1.0,5.0
135474,03/07/2025,Dubai,electronics,2198.55,2,0.0,4397.1,4397.1,card,New,3.0,3.8
129615,05-04-2025,sharjah,  Home & Kitchen  ,220.74,1,0.0,220.74,220.74,CARD,Returning,4.0,3.6
119846,11/16/2024,Abu Dhabi,ELECTRONICS,1601.29,1,0.0,1601.29,1601.29,card,Returning,1.0,2.4
131472,03/05/2025,  Sharjah  ,GROCERIES,167.5,1,10.0,167.5,150.75,  Cash on Delivery  ,Returning,3.0,5.0
134714,06/21/2025,Dubai ,beauty & personal care,227.99,1,0.0,227.99,227.99,card,Returning,3.0,5.0
143224,10/18/2025,Dubai,Groceries,152.74,1,10.0,152.74,137.47,card,Returning,2.0,3.9
134104,2025-06-12,DUBAI,  Groceries  ,67.15,1,20.0,67.15,53.72,  Card  ,New,2.0,3.9
124860,2025-01-21,SHARJAH,groceries,277.07,2,5.0,554.14,526.43,  Cash on Delivery  ,New,3.0,4.7
147645,06/12/2025,ajman,fashion,352.26,1,15.0,352.26,299.42,Wallet,Returning,4.0,
134965,06/25/2025,Abu Dhabi,HOME & KITCHEN,842.38,1,15.0,842.38,716.02,CARD,New,3.0,5.0
126524,17/02/2025,  Dubai  ,ELECTRONICS,1061.98,1,5.0,1061.98,1008.88,Card,New,2.0,5.0
130294,16/04/2025,  Abu Dhabi  ,  Groceries  ,286.03,2,5.0,572.06,543.46,WALLET,New,4.0,4.2
139282,2025-08-25,Ras Al Khaimah,MOBILE ACCESSORIES,159.17,2,0.0,318.34,318.34,Card,Returning,2.0,4.9
134430,06/17/2025,  Ras Al Khaimah  ,Electronics,661.52,1,0.0,661.52,661.52,card,New,4.0,3.4
121978,07-12-2024,DUBAI,Fashion,474.05,2,15.0,948.1,805.88,CARD,Returning,1.0,4.0
139668,30-08-2025,dubai,electronics,2728.87,1,20.0,2728.87,2183.1,card,New,3.0,4.7
136217,14-07-2025,dubai,FASHION,219.65,1,5.0,219.65,208.67,CARD,Returning,2.0,4.4
111861,2024-07-17,ABU DHABI,Beauty & Personal Care,251.95,1,15.0,251.95,214.16,cash on delivery,Returning,2.0,
146561,11/26/2025,SHARJAH,Home & Kitchen,417.3,1,20.0,417.3,333.84,WALLET,Returning,2.0,3.9
108943,29/05/2024,  Dubai  ,fashion,128.31,1,0.0,128.31,128.31,WALLET,New,5.0,4.0
122622,12/17/2024,Sharjah,Electronics,579.47,1,15.0,579.47,492.55,Card,Returning,3.0,4.1
100090,2024-01-02,Ajman ,Fashion,353.4,1,0.0,353.4,353.4,WALLET,Returning,3.0,3.3
140380,07-09-2025,  Dubai  ,  Mobile Accessories  ,209.93,1,,209.93,209.93,card,Returning,1.0,4.0
145365,2025-11-16,  Abu Dhabi  ,home & kitchen,435.03,1,5.0,435.03,413.28,Cash on Delivery,New,,5.0
140860,2025-09-14,DUBAI,Home & Kitchen,685.09,1,20.0,685.09,548.07,Wallet,Returning,2.0,3.6
109972,06/15/2024,ajman,  Home & Kitchen  ,697.96,1,10.0,697.96,628.16,CARD,New,3.0,4.1
127931,2025-03-14,  Dubai  ,  Groceries  ,187.05,3,0.0,561.15,561.15,Wallet,Returning,2.0,4.7
110984,07/02/2024,DUBAI,GROCERIES,287.73,2,30.0,575.46,402.82,CARD,Returning,3.0,4.9
125419,30/01/2025,Sharjah,MOBILE ACCESSORIES,167.87,3,5.0,503.61,478.43,  Cash on Delivery  ,Returning,3.0,4.7
107545,05/06/2024,ABU DHABI,electronics,1260.38,1,30.0,1260.38,882.27,CARD,Returning,1.0,4.2
135491,03-07-2025,  Abu Dhabi  ,Electronics,2121.38,1,10.0,2121.38,1909.24,card,Returning,2.0,4.4
149127,27/12/2025,DUBAI,BEAUTY & PERSONAL CARE,260.33,1,15.0,260.33,221.28,card,Returning,2.0,4.4
130247,15/04/2025,abu dhabi,BEAUTY & PERSONAL CARE,183.77,1,15.0,183.77,156.2,Card,Returning,4.0,4.4
139785,08/31/2025,Ajman ,beauty & personal care,322.27,2,0.0,644.54,644.54,Cash on Delivery,Returning,3.0,4.8
143286,10/19/2025,ABU DHABI,MOBILE ACCESSORIES,138.09,1,0.0,138.09,138.09,CARD,Returning,2.0,4.5
141373,22/09/2025,Ras Al Khaimah,Mobile Accessories,207.53,1,5.0,207.53,197.15,Cash on Delivery,New,,4.7
108922,2024-05-29,Dubay,ELECTRONICS,890.83,1,20.0,890.83,712.66,CASH ON DELIVERY,New,4.0,4.7
135160,28/06/2025,  Ajman  ,  Fashion  ,227.67,1,0.0,227.67,227.67,Card,New,3.0,4.7
124598,2025-01-16,DUBAI,electronics,2240.83,1,15.0,2240.83,1904.71,Cash on Delivery,Returning,2.0,5.0
149434,31-12-2025,Abu Dhabi,  Groceries  ,293.83,1,5.0,293.83,279.14,card,New,2.0,3.8
145596,20-11-2025,sharjah,GROCERIES,72.27,1,20.0,72.27,57.82,CARD,New,3.0,3.0
131105,28/04/2025,abu dhabi,fashion,319.96,1,0.0,319.96,319.96,CARD,Returning,4.0,5.0
148915,2025-12-24,Dubai ,mobile accessories,219.29,1,0.0,219.29,219.29,CARD,New,1.0,4.4
127061,02/25/2025,sharjah,  Home & Kitchen  ,199.82,1,15.0,199.82,169.85,Wallet,New,1.0,5.0
114260,23-08-2024,dubai,Mobile Accessories,22.57,2,0.0,45.14,45.14,WALLET,New,1.0,5.0
143176,2025-10-18,DUBAI,MOBILE ACCESSORIES,187.16,1,0.0,187.16,187.16,CARD,New,2.0,4.7
115189,2024-09-03,  Dubai  ,Mobile Accessories,185.43,1,5.0,185.43,176.16,  Cash on Delivery  ,New,2.0,3.9
120119,11/21/2024,dubai,FASHION,492.75,2,5.0,985.5,936.22,card,Returning,4.0,3.4
110093,06/17/2024,Dubai,  Groceries  ,52.06,1,5.0,52.06,49.46,cash on delivery,New,2.0,4.7
126594,18/02/2025,Abu Dhabi,GROCERIES,179.53,1,10.0,179.53,161.58,  Card  ,Returning,3.0,4.7
141946,2025-09-30,Abu Dhabi,ELECTRONICS,2105.53,1,10.0,2105.53,1894.98,Cash on Delivery,Returning,6.0,3.4
140546,2025-09-10,sharjah,BEAUTY & PERSONAL CARE,204.92,1,10.0,204.92,184.43,  Card  ,New,2.0,4.6
115314,2024-09-05,  Dubai  ,  Fashion  ,551.66,1,0.0,551.66,551.66,CARD,Returning,3.0,4.3
144034,2025-10-30,  Abu Dhabi  ,Beauty & Personal Care,36.28,1,5.0,36.28,34.47,CARD,Returning,1.0,5.0
102838,2024-02-17,ras al khaimah,Fashion,543.14,1,5.0,543.14,515.98,Card,Returning,4.0,3.8
102786,17-02-2024,abu dhabi,Groceries,125.21,1,15.0,125.21,106.43,card,Returning,1.0,3.9
132709,2025-05-22,DUBAI,FASHION,174.13,1,5.0,174.13,165.42,  Card  ,New,3.0,4.3
122217,12/11/2024,dubai,FASHION,388.76,1,0.0,388.76,388.76,  Wallet  ,Returning,1.0,4.5
120949,11/27/2024,Dubai,beauty & personal care,98.39,1,40.0,98.39,59.03,cash on delivery,Returning,4.0,4.4
146070,11/23/2025,dubai,groceries,295.61,1,40.0,295.61,177.37,  Cash on Delivery  ,New,2.0,3.8
145280,15/11/2025,  Ras Al Khaimah  ,  Electronics  ,1846.13,1,0.0,1846.13,1846.13,WALLET,Returning,5.0,4.1
136076,2025-07-11,  Sharjah  ,FASHION,121.36,3,15.0,364.08,309.47,wallet,Returning,1.0,4.6
101539,27/01/2024,dubai,groceries,19.96,1,20.0,19.96,15.97,Card,Returning,4.0,2.1
137304,07/30/2025,dubai,Fashion,470.15,2,15.0,940.3,799.26,card,New,3.0,5.0
145585,2025-11-20,dubai,home & kitchen,302.91,1,0.0,302.91,302.91,  Card  ,New,2.0,4.4
114152,21-08-2024,  Abu Dhabi  ,Groceries,153.89,1,10.0,153.89,138.5,card,Returning,2.0,5.0
143951,2025-10-29,Dubay,GROCERIES,159.35,1,10.0,159.35,143.42,  Cash on Delivery  ,Returning,3.0,5.0
100981,2024-01-18,ABU DHABI,mobile accessories,141.35,1,20.0,141.35,113.08,  Cash on Delivery  ,Returning,3.0,3.9
131315,01-05-2025,Sharja,Electronics,1321.87,1,0.0,1321.87,1321.87,CARD,Returning,3.0,5.0
105159,04/01/2024,dubai,fashion,456.32,1,15.0,456.32,387.87,  Card  ,Returning,1.0,4.8
144719,2025-11-07,Ras Al Khaimah,BEAUTY & PERSONAL CARE,205.48,1,5.0,205.48,195.21,,Returning,1.0,4.2
136397,17/07/2025,DUBAI,Fashion,316.62,1,0.0,316.62,316.62,CARD,Returning,999.0,5.0
123092,25-12-2024,sharjah,,151.48,1,5.0,151.48,143.91,  Wallet  ,Returning,,4.3
141516,24/09/2025,DUBAI,FASHION,172.37,1,5.0,172.37,163.75,  Card  ,Returning,4.0,3.4
109628,2024-06-10,SHARJAH,beauty & personal care,31.35,1,15.0,31.35,26.65,Wallet,New,2.0,5.0
106507,19-04-2024,ras al khaimah,Beauty & Personal Care,391.39,1,0.0,391.39,391.39,  Cash on Delivery  ,New,2.0,4.7
131243,2025-04-30,  Sharjah  ,Electronics,1282.69,3,10.0,3848.07,3463.26,CARD,Returning,3.0,3.5
132210,15-05-2025,  Ajman  ,Fashion,339.32,1,10.0,339.32,305.39,Card,Returning,3.0,4.4
113711,16-08-2024,Dubay,Home & Kitchen,398.51,1,30.0,398.51,278.96,CARD,New,3.0,5.0
120051,20-11-2024,  Dubai  ,beauty & personal care,78.44,1,10.0,78.44,70.6,card,Returning,3.0,4.3
104744,2024-03-24,  Ras Al Khaimah  ,  Home & Kitchen  ,83.23,1,10.0,83.23,74.91,cash on delivery,Returning,1.0,4.9
103974,2024-03-09,  Ras Al Khaimah  ,Beauty & Personal Care,186.23,2,10.0,372.46,335.21,CARD,Returning,4.0,4.6
117935,17/10/2024,sharjah,  Mobile Accessories  ,94.11,1,10.0,94.11,84.7,card,Returning,1.0,4.5
108481,21/05/2024,  Dubai  ,  Fashion  ,119.98,1,20.0,119.98,95.98,Card,Returning,2.0,5.0
134336,06/15/2025,Dubai,beauty & personal care,139.23,1,10.0,139.23,125.31,Cash on Delivery,Returning,5.0,4.3
119753,2024-11-15,  Abu Dhabi  ,fashion,442.3,2,0.0,884.6,884.6,Card,Returning,3.0,4.6
129607,04/05/2025,Abu Dhabi,BEAUTY & PERSONAL CARE,211.1,1,20.0,211.1,168.88,card,Returning,2.0,5.0
146290,11/24/2025,  Sharjah  ,mobile accessories,164.74,1,40.0,164.74,98.84,  Card  ,New,3.0,2.6
113162,07-08-2024,Abu Dhabi,  Mobile Accessories  ,35.26,1,15.0,35.26,29.97,card,Returning,3.0,3.8
134717,21-06-2025,abu dhabi,Groceries,171.51,1,0.0,171.51,171.51,Card,Returning,3.0,4.3
103127,2024-02-23,SHARJAH,Home & Kitchen,239.68,1,15.0,239.68,203.73,  Card  ,Returning,2.0,4.4
100761,01/14/2024,  Abu Dhabi  ,BEAUTY & PERSONAL CARE,295.89,1,0.0,295.89,295.89,CARD,Returning,2.0,3.3
141113,18/09/2025,SHARJAH,mobile accessories,121.38,1,10.0,121.38,109.24,  Cash on Delivery  ,Returning,3.0,3.4
133768,07-06-2025,ras al khaimah,HOME & KITCHEN,387.67,1,0.0,387.67,387.67,CASH ON DELIVERY,New,3.0,5.0
109227,06/03/2024,Abu Dhabi,  Groceries  ,133.37,1,5.0,133.37,126.7,Cash on Delivery,New,2.0,4.4
111831,17-07-2024,Dubai,FASHION,576.17,1,0.0,576.17,576.17,wallet,New,1.0,4.7
114438,08/25/2024,sharjah,home & kitchen,546.97,1,30.0,546.97,382.88,Cash on Delivery,Returning,2.0,
149415,31-12-2025,DUBAI,Home & Kitchen,562.84,1,10.0,562.84,506.56,  Card  ,New,3.0,4.7
126019,02/08/2025,Dubai,Fashion,420.17,1,0.0,420.17,420.17,card,Returning,1.0,3.9
100168,04-01-2024,ABU DHABI,fashion,414.91,3,10.0,1244.73,1120.26,CASH ON DELIVERY,Returning,3.0,3.7
115626,2024-09-09,abu dhabi,Fashion,63.89,1,30.0,63.89,44.72,  Cash on Delivery  ,Returning,,3.6
109921,14-06-2024,Dubai,beauty & personal care,330.82,2,10.0,661.64,595.48,card,Returning,1.0,5.0
125951,07/02/2025,sharjah,electronics,1127.62,1,5.0,1127.62,1071.24,Card,New,5.0,3.8
111924,2024-07-18,Ajman,mobile accessories,33.06,1,10.0,33.06,29.75,  Card  ,Returning,2.0,5.0
143382,2025-10-21,RAS AL KHAIMAH,MOBILE ACCESSORIES,86.74,2,0.0,173.48,173.48,Cash on Delivery,New,1.0,4.7
131425,03-05-2025,AJMAN,Mobile Accessories,90.69,1,15.0,90.69,77.09,CARD,Returning,2.0,5.0
104026,03/10/2024,  Sharjah  ,Fashion,362.52,1,5.0,362.52,344.39,card,Returning,1.0,3.8
128550,03/25/2025,Dubai,ELECTRONICS,3373.04,1,10.0,3373.04,3035.74,CARD,Returning,2.0,3.3
148821,2025-12-23,  Abu Dhabi  ,Fashion,412.0,1,5.0,412.0,391.4,Cash on Delivery,Returning,3.0,3.7
129934,04/11/2025,ajman,Mobile Accessories,162.67,1,0.0,162.67,162.67,Cash on Delivery,Returning,1.0,
136772,2025-07-22,DUBAI,Fashion,99.02,1,10.0,99.02,89.12,CASH ON DELIVERY,Returning,3.0,4.1
148078,12-12-2025,sharjah,FASHION,351.32,2,10.0,702.64,632.38,Card,Returning,1.0,3.6
126515,17-02-2025,Sharja,Beauty & Personal Care,331.23,1,5.0,331.23,314.67,card,Returning,2.0,3.4
147453,12/03/2025,Dubai,  Beauty & Personal Care  ,290.48,2,10.0,580.96,522.86,card,Returning,3.0,5.0
121750,04/12/2024,AJMAN,Home & Kitchen,237.02,1,0.0,237.02,237.02,Wallet,New,3.0,4.6
137423,08/01/2025,AJMAN,beauty & personal care,215.31,2,10.0,430.62,387.56,Card,Returning,1.0,4.7
149398,12/30/2025,Abu Dhabi,ELECTRONICS,1120.72,1,10.0,1120.72,1008.65,Card,New,1.0,5.0
116411,09/22/2024,AJMAN,FASHION,585.52,2,5.0,1171.04,1112.49,  Card  ,Returning,3.0,4.0
131640,06-05-2025,  Abu Dhabi  ,FASHION,586.82,1,30.0,586.82,410.77,card,Returning,3.0,3.9
127753,2025-03-10,  Ras Al Khaimah  ,HOME & KITCHEN,118.11,1,0.0,118.11,118.11,  Wallet  ,Returning,3.0,4.8
132045,2025-05-12,Dubai,HOME & KITCHEN,89.84,2,0.0,179.68,179.68,Cash on Delivery,Returning,4.0,4.7
133546,2025-06-04,,Home & Kitchen,164.87,1,15.0,164.87,140.14,CASH ON DELIVERY,Returning,2.0,3.7
113578,2024-08-14,ABU DHABI,mobile accessories,102.74,1,0.0,102.74,102.74,card,Returning,2.0,3.9
140583,10-09-2025,ABU DHABI,Fashion,76.13,1,0.0,76.13,76.13,CASH ON DELIVERY,New,2.0,5.0
140329,09/06/2025,DUBAI,mobile accessories,160.24,1,5.0,160.24,152.23,  Cash on Delivery  ,Returning,2.0,3.6
119389,09-11-2024,  Ajman  ,FASHION,112.09,2,0.0,224.18,224.18,wallet,Returning,4.0,3.8
141243,09/20/2025,Dubai,BEAUTY & PERSONAL CARE,138.29,1,0.0,138.29,138.29,  Cash on Delivery  ,New,2.0,3.7
137515,02-08-2025,Ajman ,  Mobile Accessories  ,89.34,1,0.0,89.34,89.34,CASH ON DELIVERY,Returning,2.0,3.8
126263,2025-02-13,Sharjah,  Fashion  ,293.94,1,0.0,293.94,293.94,WALLET,Returning,,3.3
120454,23-11-2024,Sharjah,electronics,2926.96,1,10.0,2926.96,2634.26,  Cash on Delivery  ,Returning,2.0,4.6
100789,01/14/2024,abu dhabi,  Fashion  ,393.13,1,0.0,393.13,393.13,card,Returning,4.0,5.0
140746,13/09/2025,RAS AL KHAIMAH,Electronics,2601.89,1,15.0,2601.89,2211.61,  Wallet  ,Returning,1.0,
114399,08/24/2024,ABU DHABI,  Fashion  ,409.47,3,10.0,1228.41,1105.57,  Card  ,Returning,4.0,
132289,16/05/2025,  Sharjah  ,fashion,229.26,1,20.0,229.26,183.41,card,New,1.0,4.4
138239,2025-08-13,Dubai,  Beauty & Personal Care  ,247.13,1,,247.13,247.13,CASH ON DELIVERY,New,4.0,3.9
108582,05/23/2024,ABU DHABI,beauty & personal care,107.04,1,10.0,107.04,96.34,  Card  ,Returning,2.0,5.0
135854,08/07/2025,Abu Dhabi,groceries,69.85,2,0.0,139.7,139.7,wallet,New,2.0,5.0
115789,12/09/2024,sharjah,  Electronics  ,2971.84,1,15.0,2971.84,2526.06,Card,Returning,1.0,3.9
144057,30/10/2025,DUBAI,fashion,293.9,1,5.0,293.9,279.2,CARD,Returning,2.0,4.2
101628,01/29/2024,AJMAN,home & kitchen,675.34,1,5.0,675.34,641.57,Card,Returning,1.0,
143487,22-10-2025,Sharjah,  Electronics  ,3089.67,1,10.0,3089.67,2780.7,Cash on Delivery,Returning,2.0,4.9
118962,02-11-2024,DUBAI,Groceries,211.91,1,0.0,211.91,211.91,Card,Returning,3.0,4.1
116020,15/09/2024,Abu Dhabi,mobile accessories,24.71,1,20.0,24.71,19.77,  Card  ,Returning,4.0,4.2
117670,2024-10-12,ajman,ELECTRONICS,335.09,1,0.0,335.09,335.09,CARD,New,2.0,4.9
103063,02/21/2024,Sharjah,home & kitchen,160.69,2,10.0,321.38,289.24,wallet,Returning,2.0,5.0
121759,04-12-2024,Dubai,GROCERIES,109.65,3,30.0,328.95,230.26,Card,Returning,,3.6
138442,16-08-2025,DUBAI,  Groceries  ,213.66,1,5.0,213.66,202.98,  Card  ,Returning,4.0,4.9
104721,23-03-2024,DUBAI,  Home & Kitchen  ,56.86,1,5.0,56.86,54.02,card,Returning,3.0,4.5
106119,13/04/2024,DUBAI,groceries,163.88,1,5.0,163.88,155.69,  Cash on Delivery  ,Returning,3.0,2.2
110063,06/17/2024,,Fashion,515.93,1,5.0,515.93,490.13,  Card  ,New,,4.6
143096,10/17/2025,dubai,Home & Kitchen,323.91,1,0.0,323.91,323.91,card,Returning,,4.6
121887,2024-12-06,Dubai,MOBILE ACCESSORIES,59.59,1,20.0,59.59,47.67,CARD,Returning,5.0,3.6
133503,03/06/2025,  Sharjah  ,  Home & Kitchen  ,380.18,1,5.0,380.18,361.17,Card,Returning,3.0,4.8
136789,2025-07-22,DUBAI,GROCERIES,26.49,1,10.0,26.49,23.84,Card,Returning,2.0,4.3
104652,22/03/2024,Dubai,  Mobile Accessories  ,47.75,1,10.0,47.75,42.98,CASH ON DELIVERY,Returning,,5.0
108802,05/27/2024,,beauty & personal care,235.92,1,0.0,235.92,235.92,card,Returning,3.0,3.4
128924,30/03/2025,  Abu Dhabi  ,fashion,195.97,1,0.0,195.97,195.97,CASH ON DELIVERY,Returning,4.0,5.0
109142,02-06-2024,abu dhabi,Mobile Accessories,225.12,1,0.0,225.12,225.12,card,New,3.0,
120515,11/24/2024,dubai,HOME & KITCHEN,575.34,1,20.0,575.34,460.27,,Returning,3.0,4.3
108041,05/14/2024,Abu Dhabi,  Mobile Accessories  ,46.03,1,5.0,46.03,43.73,card,Returning,3.0,4.4
117370,2024-10-08,  Dubai  ,MOBILE ACCESSORIES,237.68,1,0.0,237.68,237.68,  Card  ,New,2.0,4.6
106638,21/04/2024,sharjah,HOME & KITCHEN,574.35,1,10.0,574.35,516.92,CARD,Returning,3.0,5.0
105509,04/08/2024,DUBAI,  Home & Kitchen  ,433.76,1,10.0,433.76,390.38,  Card  ,New,1.0,4.6
116292,2024-09-20,DUBAI,groceries,299.3,1,0.0,299.3,299.3,CARD,Returning,3.0,3.8
114971,2024-08-31,Abu Dhabi,  Home & Kitchen  ,463.89,1,5.0,463.89,440.7,CARD,New,1.0,
130336,04/17/2025,dubai,  Mobile Accessories  ,147.12,1,5.0,147.12,139.76,  Card  ,Returning,3.0,3.6
112284,24-07-2024,Dubai,groceries,261.82,1,10.0,261.82,235.64,CASH ON DELIVERY,Returning,3.0,
113643,2024-08-15,DUBAI,  Mobile Accessories  ,100.1,1,15.0,100.1,85.08,CASH ON DELIVERY,Returning,3.0,4.3
119312,08-11-2024,sharjah,mobile accessories,168.1,2,10.0,336.2,302.58,wallet,New,4.0,4.1
123022,12/24/2024,  Abu Dhabi  ,Fashion,313.46,2,0.0,626.92,626.92,Wallet,Returning,3.0,3.9
139095,23-08-2025,Dubai ,Home & Kitchen,870.23,1,5.0,870.23,826.72,CASH ON DELIVERY,New,3.0,3.8
101694,30-01-2024,Ajman,Electronics,2601.72,1,15.0,2601.72,2211.46,cash on delivery,New,5.0,4.7
113884,2024-08-18,ajman,  Fashion  ,268.38,1,,268.38,268.38,card,Returning,1.0,
132232,15/05/2025,DUBAI,electronics,1021.38,1,0.0,1021.38,1021.38,  Cash on Delivery  ,Returning,2.0,4.5
135386,2025-07-01,ras al khaimah,mobile accessories,123.56,1,30.0,123.56,86.49,  Cash on Delivery  ,Returning,4.0,3.8
111185,2024-07-06,,GROCERIES,51.56,1,0.0,51.56,51.56,card,Returning,1.0,3.3
149389,12/30/2025,Dubay,Electronics,864.09,1,0.0,864.09,864.09,card,Returning,1.0,4.5
123073,25/12/2024,  Dubai  ,GROCERIES,280.63,1,0.0,280.63,280.63,Card,Returning,2.0,4.1
132375,2025-05-17,  Sharjah  ,Groceries,172.23,1,10.0,172.23,155.01,  Cash on Delivery  ,Returning,2.0,5.0
105767,10/04/2024,AJMAN,groceries,35.94,2,10.0,71.88,64.69,CARD,Returning,2.0,4.2
149286,12/29/2025,  Dubai  ,BEAUTY & PERSONAL CARE,388.84,1,0.0,388.84,388.84,  Wallet  ,New,1.0,5.0
143638,2025-10-24,Dubai ,BEAUTY & PERSONAL CARE,274.45,2,0.0,548.9,548.9,Card,New,2.0,
139605,29/08/2025,Sharja,groceries,107.49,2,0.0,214.98,214.98,  Cash on Delivery  ,New,3.0,3.5
124346,12-01-2025,  Sharjah  ,Electronics,469.72,1,5.0,469.72,446.23,CASH ON DELIVERY,Returning,3.0,5.0
144792,2025-11-08,abu dhabi,  Groceries  ,276.77,1,20.0,276.77,221.42,Cash on Delivery,Returning,3.0,5.0
112432,07/26/2024,Dubai,beauty & personal care,208.79,1,0.0,208.79,208.79,Cash on Delivery,Returning,3.0,1.8
149004,2025-12-25,Ajman,fashion,259.75,2,0.0,519.5,519.5,card,Returning,3.0,3.9
127385,03-03-2025,Dubai ,Beauty & Personal Care,395.89,1,15.0,395.89,336.51,Card,New,3.0,4.3
112000,19/07/2024,  Sharjah  ,beauty & personal care,271.29,1,10.0,271.29,244.16,card,Returning,2.0,5.0
147822,2025-12-08,Dubai ,Mobile Accessories,121.5,1,0.0,121.5,121.5,CARD,Returning,4.0,3.9
124188,2025-01-10,ABU DHABI,Fashion,80.57,1,30.0,80.57,56.4,cash on delivery,New,3.0,3.0
120303,11/22/2024,Dubay,MOBILE ACCESSORIES,124.02,1,30.0,124.02,86.81,  Card  ,Returning,,3.0
127583,2025-03-07,dubai,  Fashion  ,419.51,3,5.0,1258.53,1195.6,WALLET,Returning,3.0,4.5
109744,12/06/2024,Abu Dhabi,Home & Kitchen,532.92,2,10.0,1065.84,959.26,  Card  ,Returning,,2.9
142561,2025-10-09,dubai,Fashion,364.29,1,0.0,364.29,364.29,cash on delivery,New,4.0,3.3
112087,2024-07-20,Abu Dhabi,groceries,242.59,1,20.0,242.59,194.07,card,Returning,3.0,3.1
139358,2025-08-26,Dubai,Electronics,3086.83,1,,3086.83,2469.46,WALLET,Returning,3.0,4.0
117185,2024-10-05,  Dubai  ,HOME & KITCHEN,299.18,1,10.0,299.18,269.26,CARD,New,3.0,3.0
142001,10/01/2025,  Sharjah  ,electronics,2054.44,1,5.0,2054.44,1951.72,Cash on Delivery,New,5.0,3.3
115193,03/09/2024,dubai,  Home & Kitchen  ,601.9,1,0.0,601.9,601.9,CARD,Returning,3.0,4.3
132065,13/05/2025,  Ras Al Khaimah  ,groceries,153.41,1,0.0,153.41,153.41,cash on delivery,New,4.0,4.9
112600,29/07/2024,Dubay,electronics,2115.09,1,10.0,2115.09,1903.58,  Card  ,Returning,1.0,3.6
118640,2024-10-28,dubai,Mobile Accessories,51.6,1,10.0,51.6,46.44,Cash on Delivery,Returning,2.0,4.6
144800,11/08/2025,  Abu Dhabi  ,  Mobile Accessories  ,121.31,1,0.0,121.31,121.31,Card,Returning,3.0,4.4
119242,07-11-2024,DUBAI,Mobile Accessories,203.26,1,30.0,203.26,142.28,  Wallet  ,Returning,2.0,3.2
136632,20/07/2025,Abu Dhabi,  Mobile Accessories  ,183.63,2,0.0,367.26,367.26,CARD,Returning,3.0,3.2
108369,19/05/2024,ABU DHABI,BEAUTY & PERSONAL CARE,229.85,1,10.0,229.85,206.86,  Cash on Delivery  ,Returning,3.0,4.4
140791,13-09-2025,  Dubai  ,GROCERIES,170.01,1,0.0,170.01,170.01,Card,Returning,4.0,3.0
112468,07/27/2024,sharjah,Mobile Accessories,42.77,2,0.0,85.54,85.54,  Card  ,Returning,4.0,3.4
117760,14/10/2024,dubai,FASHION,196.32,2,15.0,392.64,333.74,card,Returning,,4.1
100330,01/06/2024,  Dubai  ,FASHION,52.27,1,5.0,52.27,49.66,  Card  ,Returning,3.0,3.9
145051,12-11-2025,  Abu Dhabi  ,  Beauty & Personal Care  ,225.22,1,20.0,225.22,180.18,,Returning,1.0,3.7
144879,2025-11-09,abu dhabi,Electronics,1787.62,3,10.0,5362.86,4826.57,CARD,New,4.0,4.7
109564,06/08/2024,Sharjah,  Mobile Accessories  ,141.27,1,5.0,141.27,134.21,  Card  ,New,3.0,4.0
137141,27/07/2025,  Dubai  ,  Mobile Accessories  ,216.24,1,0.0,216.24,216.24,  Card  ,Returning,4.0,4.6
113629,15-08-2024,sharjah,electronics,636.54,1,20.0,636.54,509.23,cash on delivery,New,2.0,3.7
143837,2025-10-27,AJMAN,Beauty & Personal Care,196.18,1,10.0,196.18,176.56,CASH ON DELIVERY,Returning,3.0,4.3
121973,07-12-2024,SHARJAH,  Mobile Accessories  ,151.92,1,30.0,151.92,106.34,WALLET,New,3.0,5.0
130344,17-04-2025,sharjah,  Home & Kitchen  ,382.93,-1,10.0,382.93,344.64,Card,Returning,2.0,4.5
122366,13-12-2024,Dubai,fashion,214.81,1,0.0,214.81,214.81,  Cash on Delivery  ,New,3.0,5.0
122881,12/21/2024,  Abu Dhabi  ,HOME & KITCHEN,734.97,1,10.0,734.97,661.47,Cash on Delivery,Returning,3.0,3.7
102187,07/02/2024,Dubai,GROCERIES,213.25,2,0.0,426.5,426.5,Wallet,New,3.0,4.7
136725,21-07-2025,  Abu Dhabi  ,HOME & KITCHEN,81.61,1,0.0,81.61,81.61,Card,Returning,2.0,4.7
118449,2024-10-25,  Dubai  ,  Groceries  ,23.99,1,5.0,23.99,22.79,CARD,New,3.0,3.5
148190,2025-12-13,,Mobile Accessories,81.8,2,0.0,163.6,163.6,  Card  ,Returning,1.0,4.5
148940,24/12/2025,Sharja,ELECTRONICS,2020.65,1,0.0,2020.65,2020.65,  Card  ,New,1.0,3.7
145031,11/12/2025,Dubai,FASHION,109.27,2,0.0,218.54,218.54,Card,New,3.0,5.0
102288,2024-02-09,dubai,BEAUTY & PERSONAL CARE,372.8,1,5.0,372.8,354.16,CASH ON DELIVERY,Returning,3.0,
132949,25-05-2025,Dubai ,BEAUTY & PERSONAL CARE,231.12,2,0.0,462.24,462.24,Card,Returning,3.0,5.0
126327,14-02-2025,  Dubai  ,FASHION,196.73,1,5.0,196.73,186.89,CARD,New,3.0,4.9
108570,2024-05-23,ras al khaimah,mobile accessories,206.11,1,15.0,206.11,175.19,CARD,Returning,1.0,4.5
120447,23-11-2024,DUBAI,Electronics,2020.97,1,40.0,2020.97,1212.58,card,Returning,1.0,4.7
105238,2024-04-02,  Ajman  ,  Mobile Accessories  ,216.96,1,5.0,216.96,206.11,  Card  ,New,3.0,
144674,11/07/2025,  Ras Al Khaimah  ,home & kitchen,296.0,1,15.0,296.0,251.6,cash on delivery,Returning,4.0,4.8
139828,31/08/2025,RAS AL KHAIMAH,ELECTRONICS,1699.63,1,30.0,1699.63,1189.74,CARD,New,3.0,4.3
149422,12/31/2025,DUBAI,FASHION,414.07,1,5.0,414.07,393.37,cash on delivery,Returning,1.0,4.2
118862,2024-11-01,Dubai,Groceries,265.36,1,0.0,265.36,265.36,CASH ON DELIVERY,Returning,1.0,3.6
110072,17/06/2024,Dubai,  Fashion  ,443.54,2,10.0,887.08,798.37,wallet,New,4.0,
135885,08-07-2025,  Sharjah  ,BEAUTY & PERSONAL CARE,312.28,1,0.0,312.28,312.28,Cash on Delivery,New,3.0,4.1
113081,08/06/2024,ras al khaimah,  Fashion  ,413.71,1,,413.71,413.71,  Card  ,Returning,4.0,4.2
127886,13/03/2025,SHARJAH,,694.93,1,0.0,694.93,694.93,  Wallet  ,New,3.0,5.0
143784,26-10-2025,ABU DHABI,fashion,481.79,1,0.0,481.79,481.79,cash on delivery,Returning,2.0,3.7
113270,2024-08-09,abu dhabi,home & kitchen,299.58,1,10.0,299.58,269.62,Cash on Delivery,Returning,3.0,3.5
113645,08/15/2024,,MOBILE ACCESSORIES,93.48,1,10.0,93.48,84.13,Card,Returning,2.0,3.9
144260,01/11/2025,DUBAI,FASHION,347.57,2,,695.14,695.14,CARD,New,3.0,4.1
141498,09/24/2025,  Dubai  ,beauty & personal care,337.41,1,0.0,337.41,337.41,card,New,1.0,5.0
129345,04/03/2025,  Abu Dhabi  ,Groceries,95.09,1,10.0,95.09,85.58,Card,Returning,2.0,3.9
132590,05/20/2025,Dubay,fashion,467.36,1,0.0,467.36,467.36,CARD,New,5.0,4.6
107506,05/05/2024,Dubai ,  Home & Kitchen  ,158.39,1,5.0,158.39,150.47,WALLET,New,2.0,3.4
124358,13-01-2025,  Abu Dhabi  ,HOME & KITCHEN,223.04,1,0.0,223.04,223.04,Card,Returning,1.0,4.8
110283,21-06-2024,,Mobile Accessories,240.91,1,5.0,240.91,228.86,  Cash on Delivery  ,New,2.0,3.8
125332,01/29/2025,ABU DHABI,BEAUTY & PERSONAL CARE,61.87,1,30.0,61.87,43.31,CASH ON DELIVERY,New,4.0,5.0
132886,2025-05-24,dubai,MOBILE ACCESSORIES,158.15,1,10.0,158.15,142.34,  Card  ,Returning,2.0,5.0
148550,19-12-2025,DUBAI,FASHION,363.82,1,0.0,363.82,363.82,Cash on Delivery,New,2.0,3.9
149318,2025-12-29,DUBAI,Fashion,293.57,1,0.0,293.57,293.57,card,Returning,2.0,3.3
138891,21/08/2025,dubai,  Mobile Accessories  ,43.38,1,15.0,43.38,36.87,Cash on Delivery,Returning,2.0,4.1
104075,10/03/2024,Abu Dhabi,  Home & Kitchen  ,167.17,1,0.0,167.17,167.17,card,Returning,2.0,4.1
147921,2025-12-10,  Abu Dhabi  ,groceries,263.04,1,0.0,263.04,263.04,CARD,Returning,1.0,5.0
122180,10/12/2024,Dubai,  Fashion  ,165.1,1,5.0,165.1,156.84,CASH ON DELIVERY,New,1.0,4.8
102688,02/15/2024,,Fashion,146.66,2,10.0,293.32,263.99,  Card  ,Returning,2.0,4.0
129493,2025-04-04,ABU DHABI,BEAUTY & PERSONAL CARE,77.03,1,20.0,77.03,61.62,card,Returning,1.0,4.4
100843,15/01/2024,DUBAI,  Home & Kitchen  ,364.28,1,0.0,364.28,364.28,  Card  ,New,4.0,5.0
119763,15/11/2024,Abu Dhabi,fashion,346.94,1,5.0,346.94,329.59,Wallet,Returning,3.0,2.9
128006,15/03/2025,Dubai,  Fashion  ,357.24,1,30.0,357.24,250.07,Card,New,2.0,4.3
114550,26/08/2024,abu dhabi,fashion,305.23,2,5.0,610.46,579.94,  Card  ,Returning,3.0,3.6
121296,2024-11-29,  Dubai  ,ELECTRONICS,1869.3,1,40.0,1869.3,1121.58,wallet,New,2.0,4.4
138127,11-08-2025,,fashion,296.29,1,0.0,296.29,296.29,card,New,4.0,3.4
135620,07/05/2025,  Abu Dhabi  ,GROCERIES,187.47,1,15.0,187.47,159.35,wallet,Returning,3.0,4.1
127914,14-03-2025,ajman,Mobile Accessories,87.67,1,0.0,87.67,87.67,  Card  ,Returning,2.0,4.9
102234,08/02/2024,  Dubai  ,FASHION,449.13,1,5.0,449.13,426.67,Wallet,Returning,3.0,4.3
105691,10/04/2024,dubai,FASHION,306.26,1,0.0,306.26,306.26,,Returning,3.0,4.6
132833,24/05/2025,dubai,GROCERIES,284.79,1,0.0,284.79,284.79,Cash on Delivery,Returning,3.0,3.9
140995,17/09/2025,ajman,beauty & personal care,89.1,1,10.0,89.1,80.19,cash on delivery,New,4.0,4.2
130083,04/13/2025,Sharjah,Beauty & Personal Care,324.4,1,5.0,324.4,308.18,CARD,Returning,1.0,5.0
128940,2025-03-30,Sharjah,Mobile Accessories,36.22,1,5.0,36.22,34.41,card,Returning,5.0,4.4
141128,09/19/2025,ajman,  Electronics  ,1260.11,1,0.0,1260.11,1260.11,  Cash on Delivery  ,Returning,2.0,5.0
118868,2024-11-01,dubai,Electronics,1357.77,1,0.0,1357.77,1357.77,CARD,Returning,,
141184,19-09-2025,Dubay,ELECTRONICS,1414.16,1,20.0,1414.16,1131.33,  Cash on Delivery  ,Returning,4.0,4.0
134131,06/13/2025,  Dubai  ,FASHION,157.44,1,0.0,157.44,157.44,Card,Returning,2.0,2.8
116102,17/09/2024,,HOME & KITCHEN,809.21,1,20.0,809.21,647.37,  Card  ,Returning,4.0,4.3
141028,17/09/2025,Abu Dhabi,HOME & KITCHEN,212.78,1,15.0,212.78,180.86,  Cash on Delivery  ,Returning,3.0,4.9
103723,05/03/2024,  Dubai  ,,2210.69,1,5.0,2210.69,2100.16,  Cash on Delivery  ,Returning,2.0,4.2
109845,06/13/2024,Dubay,FASHION,574.06,1,20.0,574.06,459.25,card,Returning,2.0,5.0
134375,2025-06-16,Dubai,  Fashion  ,318.41,2,10.0,636.82,573.14,Card,Returning,3.0,3.9
103334,02/26/2024,  Dubai  ,Groceries,144.55,2,0.0,289.1,289.1,card,Returning,2.0,3.4
104705,23/03/2024,Dubai,  Electronics  ,1313.21,1,5.0,1313.21,1247.55,CARD,Returning,4.0,4.7
131671,2025-05-07,  Dubai  ,  Electronics  ,1049.19,1,0.0,1049.19,1049.19,  Wallet  ,Returning,3.0,3.4
116773,2024-09-28,Abu Dhabi,home & kitchen,337.62,1,15.0,337.62,286.98,CARD,Returning,2.0,4.0
116872,09/30/2024,  Dubai  ,mobile accessories,165.64,1,0.0,165.64,165.64,card,New,5.0,4.7
140747,13/09/2025,ABU DHABI,groceries,180.28,1,10.0,180.28,162.25,Card,Returning,5.0,4.4
123792,04/01/2025,DUBAI,mobile accessories,131.99,1,5.0,131.99,125.39,cash on delivery,New,3.0,4.7
135556,04-07-2025,,Fashion,266.91,1,0.0,266.91,266.91,Card,Returning,1.0,
142364,2025-10-05,sharjah,fashion,122.39,2,10.0,244.78,220.3,cash on delivery,New,3.0,3.7
105235,04/02/2024,  Dubai  ,MOBILE ACCESSORIES,172.05,1,20.0,172.05,137.64,card,Returning,2.0,
135774,07-07-2025,Dubai,Electronics,3438.52,1,0.0,3438.52,3438.52,  Card  ,Returning,1.0,3.5
114202,22-08-2024,  Abu Dhabi  ,Electronics,2930.71,1,30.0,2930.71,2051.5,  Card  ,Returning,2.0,4.8
142347,05/10/2025,dubai,Mobile Accessories,93.61,1,15.0,93.61,79.57,Wallet,Returning,2.0,3.9
112158,07/21/2024,DUBAI,mobile accessories,209.96,1,0.0,209.96,209.96,cash on delivery,Returning,2.0,3.8
140863,14/09/2025,  Dubai  ,  Electronics  ,2678.91,2,5.0,5357.82,5089.93,Card,Returning,4.0,5.0
139728,30-08-2025,  Sharjah  ,Fashion,255.67,2,20.0,511.34,409.07,Wallet,New,3.0,3.6
147920,10-12-2025,  Abu Dhabi  ,  Electronics  ,2378.4,1,10.0,2378.4,2140.56,  Card  ,Returning,1.0,4.9
144707,11/07/2025,RAS AL KHAIMAH,Fashion,88.65,1,0.0,88.65,88.65,  Card  ,New,3.0,5.0
116370,21/09/2024,Abu Dhabi,  Home & Kitchen  ,324.62,1,10.0,324.62,292.16,wallet,New,3.0,5.0
144117,31/10/2025,sharjah,Mobile Accessories,140.75,1,15.0,140.75,119.64,  Cash on Delivery  ,Returning,2.0,4.8
141204,09/20/2025,dubai,  Beauty & Personal Care  ,251.25,1,0.0,251.25,251.25,Card,Returning,2.0,3.9
106352,2024-04-16,RAS AL KHAIMAH,HOME & KITCHEN,213.62,1,5.0,213.62,202.94,Cash on Delivery,Returning,3.0,4.1
147331,2025-12-02,abu dhabi,GROCERIES,43.63,1,0.0,43.63,43.63,  Wallet  ,Returning,3.0,4.4
104515,03/19/2024,  Abu Dhabi  ,Home & Kitchen,384.67,1,10.0,384.67,346.2,  Wallet  ,Returning,1.0,3.4
107501,2024-05-04,SHARJAH,  Fashion  ,377.56,1,0.0,377.56,377.56,  Cash on Delivery  ,Returning,3.0,4.5
140729,2025-09-12,  Abu Dhabi  ,  Home & Kitchen  ,424.53,2,5.0,849.06,806.61,Wallet,Returning,2.0,4.2
104002,2024-03-09,dubai,Home & Kitchen,111.77,2,0.0,223.54,223.54,  Card  ,New,2.0,3.3
136071,2025-07-11,abu dhabi,Groceries,46.6,2,5.0,93.2,88.54,,New,2.0,3.4
111590,13/07/2024,Abu Dhabi,GROCERIES,243.76,1,0.0,243.76,243.76,  Cash on Delivery  ,New,6.0,
107846,11-05-2024,ABU DHABI,Beauty & Personal Care,305.89,1,5.0,305.89,290.6,  Card  ,New,3.0,4.1
127572,07-03-2025,dubai,BEAUTY & PERSONAL CARE,227.99,1,0.0,227.99,227.99,CASH ON DELIVERY,Returning,5.0,4.1
126775,21-02-2025,  Ajman  ,electronics,3256.25,1,5.0,3256.25,3093.44,Wallet,Returning,2.0,4.0
104869,2024-03-26,  Ras Al Khaimah  ,Groceries,268.69,1,5.0,268.69,255.26,,Returning,1.0,3.1
135780,2025-07-07,sharjah,Fashion,176.5,1,15.0,176.5,150.02,  Cash on Delivery  ,New,4.0,5.0
125464,31-01-2025,DUBAI,groceries,84.99,1,0.0,84.99,84.99,CASH ON DELIVERY,Returning,3.0,3.5
105110,31-03-2024,dubai,home & kitchen,772.1,1,0.0,772.1,772.1,Wallet,Returning,3.0,4.1
116924,01/10/2024,Abu Dhabi,fashion,317.69,1,10.0,317.69,285.92,  Card  ,Returning,1.0,5.0
118437,2024-10-25,  Sharjah  ,Mobile Accessories,144.29,1,15.0,144.29,122.65,Card,Returning,1.0,4.3
114642,2024-08-27,  Abu Dhabi  ,groceries,286.66,1,0.0,286.66,286.66,Card,New,2.0,3.8
132147,05/14/2025,Abu Dhabi,Beauty & Personal Care,307.78,1,,307.78,307.78,  Card  ,New,3.0,2.7
144447,03-11-2025,DUBAI,Mobile Accessories,143.66,1,20.0,143.66,114.93,cash on delivery,Returning,3.0,3.6
133413,02-06-2025,DUBAI,ELECTRONICS,1932.29,1,0.0,1932.29,1932.29,CARD,Returning,3.0,5.0
121792,05/12/2024,Ajman,electronics,2939.71,1,5.0,2939.71,2792.72,CARD,Returning,1.0,3.9
115913,09/14/2024,,BEAUTY & PERSONAL CARE,293.29,1,15.0,293.29,249.3,,Returning,3.0,4.1
102596,14-02-2024,  Abu Dhabi  ,ELECTRONICS,1488.95,3,0.0,4466.85,4466.85,  Card  ,Returning,2.0,4.0
106590,2024-04-20,Dubai,electronics,2456.03,1,15.0,2456.03,2087.63,card,New,5.0,5.0
131074,2025-04-27,Ajman,home & kitchen,372.32,1,15.0,372.32,316.47,Wallet,New,4.0,4.2
144914,10/11/2025,  Sharjah  ,Fashion,294.56,2,0.0,589.12,589.12,Cash on Delivery,Returning,5.0,5.0
105788,11-04-2024,Dubai ,  Groceries  ,17.52,1,15.0,17.52,14.89,card,Returning,3.0,
119597,2024-11-13,  Abu Dhabi  ,FASHION,463.37,1,0.0,463.37,463.37,card,New,3.0,5.0
134185,06/13/2025,Dubai,  Fashion  ,467.07,1,,467.07,443.72,  Card  ,Returning,2.0,4.7
121036,27/11/2024,DUBAI,electronics,3060.96,1,50.0,3060.96,1530.48,card,New,2.0,4.2
139453,2025-08-27,DUBAI,fashion,296.3,2,0.0,592.6,592.6,,Returning,2.0,4.1
143154,17-10-2025,Sharjah,Home & Kitchen,663.09,1,10.0,663.09,596.78,card,Returning,2.0,3.3
106486,04/18/2024,  Sharjah  ,Fashion,416.62,1,10.0,416.62,374.96,CARD,New,2.0,3.8
145973,11/22/2025,Dubay,GROCERIES,253.03,1,10.0,253.03,227.73,card,Returning,2.0,5.0
111497,07/12/2024,dubai,fashion,307.32,1,5.0,307.32,291.95,card,Returning,3.0,4.2
113390,08/11/2024,Dubai,Mobile Accessories,232.78,1,15.0,232.78,197.86,CARD,Returning,4.0,5.0
119967,19/11/2024,Ajman,beauty & personal care,112.26,1,0.0,112.26,112.26,wallet,Returning,2.0,4.6
108101,15/05/2024,Dubai,beauty & personal care,85.01,1,0.0,85.01,85.01,card,Returning,2.0,
145939,22/11/2025,  Ajman  ,Home & Kitchen,496.05,1,50.0,496.05,248.02,Card,Returning,2.0,4.4
101412,25-01-2024,Dubai,Mobile Accessories,194.57,1,5.0,194.57,184.84,Card,Returning,1.0,5.0
111613,2024-07-13,  Sharjah  ,ELECTRONICS,2208.7,1,0.0,2208.7,2208.7,cash on delivery,Returning,2.0,4.6
148476,18-12-2025,  Ajman  ,FASHION,514.81,1,10.0,514.81,463.33,  Card  ,New,3.0,4.2
127710,2025-03-09,  Abu Dhabi  ,  Fashion  ,306.69,1,10.0,306.69,276.02,  Cash on Delivery  ,New,1.0,3.7
126921,23/02/2025,sharjah,beauty & personal care,329.9,1,10.0,329.9,296.91,card,Returning,,5.0
117225,10/06/2024,Dubai ,  Beauty & Personal Care  ,174.73,3,0.0,524.19,524.19,Cash on Delivery,New,1.0,4.5
142136,03/10/2025,Dubai,beauty & personal care,333.75,1,5.0,333.75,317.06,CARD,Returning,1.0,
140776,09/13/2025,DUBAI,MOBILE ACCESSORIES,58.73,2,0.0,117.46,117.46,card,New,,4.5
131147,04/28/2025,  Dubai  ,fashion,313.66,2,10.0,627.32,564.59,CASH ON DELIVERY,New,4.0,4.1
123201,12/27/2024,dubai,groceries,187.49,1,5.0,187.49,178.12,card,Returning,,3.6
113658,08/15/2024,AJMAN,mobile accessories,136.82,2,10.0,273.64,246.28,Card,New,4.0,3.6
104373,2024-03-16,DUBAI,beauty & personal care,337.1,1,0.0,337.1,337.1,  Card  ,New,3.0,4.5
135005,25/06/2025,Sharjah,MOBILE ACCESSORIES,214.5,1,30.0,214.5,150.15,cash on delivery,New,3.0,4.7
138409,15-08-2025,dubai,  Electronics  ,2715.76,2,0.0,5431.52,5431.52,Cash on Delivery,Returning,4.0,4.0
127651,2025-03-08,Sharjah,FASHION,245.45,1,20.0,245.45,196.36,  Cash on Delivery  ,Returning,3.0,3.9
120950,2024-11-27,dubai,Mobile Accessories,89.46,1,20.0,89.46,71.57,  Card  ,Returning,2.0,4.6
103178,2024-02-24,DUBAI,Fashion,554.18,1,0.0,554.18,554.18,CARD,Returning,1.0,4.2
139774,08/31/2025,sharjah,electronics,2888.0,1,10.0,2888.0,2599.2,CARD,New,1.0,3.7
132324,16/05/2025,  Dubai  ,MOBILE ACCESSORIES,232.88,1,15.0,232.88,197.95,WALLET,Returning,2.0,4.4
102529,12-02-2024,abu dhabi,groceries,154.33,1,10.0,154.33,138.9,card,New,2.0,3.3
141597,09/25/2025,ABU DHABI,  Fashion  ,116.55,2,5.0,233.1,221.44,CASH ON DELIVERY,New,6.0,3.3
139269,25-08-2025,AJMAN,electronics,556.02,1,0.0,556.02,556.02,Card,Returning,2.0,4.3
137127,27/07/2025,dubai,Mobile Accessories,173.15,1,15.0,173.15,147.18,Card,Returning,1.0,4.1
111790,2024-07-16,  Ras Al Khaimah  ,Fashion,579.45,2,5.0,1158.9,1100.96,CARD,New,1.0,3.8
104935,28-03-2024,ras al khaimah,beauty & personal care,178.95,1,20.0,178.95,143.16,Card,New,2.0,5.0
111492,07/12/2024,  Dubai  ,  Fashion  ,278.0,1,10.0,278.0,250.2,  Wallet  ,Returning,4.0,3.2
136992,25/07/2025,Abu Dhabi,ELECTRONICS,3040.31,1,5.0,3040.31,2888.29,  Cash on Delivery  ,Returning,3.0,4.0
147104,29-11-2025,sharjah,electronics,1367.2,2,0.0,2734.4,2734.4,cash on delivery,New,3.0,3.6
121762,04/12/2024,dubai,  Beauty & Personal Care  ,37.56,1,5.0,37.56,35.68,WALLET,Returning,2.0,4.7
113956,2024-08-19,  Ajman  ,groceries,295.25,3,30.0,885.75,620.02,  Card  ,Returning,2.0,4.5
128481,03/24/2025,ABU DHABI,electronics,3373.13,1,15.0,3373.13,2867.16,card,New,3.0,4.9
135285,06/30/2025,SHARJAH,  Beauty & Personal Care  ,175.16,1,10.0,175.16,157.64,CARD,New,4.0,4.6
131093,2025-04-28,dubai,electronics,2466.06,1,5.0,2466.06,2342.76,cash on delivery,Returning,1.0,4.0
139808,2025-08-31,  Abu Dhabi  ,  Home & Kitchen  ,444.5,1,5.0,444.5,422.28,card,New,1.0,4.3
124097,01/09/2025,Dubai,  Fashion  ,145.85,1,10.0,145.85,131.26,Card,Returning,5.0,4.4
102149,07-02-2024,ajman,Mobile Accessories,97.31,1,5.0,97.31,92.44,CARD,Returning,999.0,5.0
142351,10/05/2025,Dubai,home & kitchen,538.58,1,0.0,538.58,538.58,cash on delivery,New,1.0,3.7
146597,11/26/2025,Ajman,HOME & KITCHEN,58.37,1,30.0,58.37,40.86,  Card  ,Returning,1.0,5.0
113203,08-08-2024,  Abu Dhabi  ,FASHION,302.13,1,20.0,302.13,241.7,cash on delivery,Returning,4.0,5.0
135913,2025-07-09,Abu Dhabi,  Fashion  ,339.1,1,5.0,339.1,322.14,Card,Returning,,4.3
127948,2025-03-14,SHARJAH,mobile accessories,239.06,1,10.0,239.06,215.15,Cash on Delivery,New,2.0,2.3
144894,10-11-2025,abu dhabi,beauty & personal care,168.63,1,,168.63,168.63,,Returning,1.0,4.2
129039,2025-03-31,Ajman,beauty & personal care,198.83,1,0.0,198.83,198.83,Card,Returning,2.0,3.4
133374,01/06/2025,Dubai,  Groceries  ,58.37,3,0.0,175.11,175.11,  Wallet  ,Returning,1.0,3.8
134378,16/06/2025,dubai,beauty & personal care,297.93,2,15.0,595.86,506.48,Card,New,1.0,3.3
100347,01/07/2024,Abu Dhabi,  Beauty & Personal Care  ,326.13,1,0.0,326.13,326.13,Cash on Delivery,Returning,2.0,3.9
106488,2024-04-18,,  Fashion  ,97.99,2,5.0,195.98,186.18,Cash on Delivery,Returning,1.0,4.7
144181,31-10-2025,ABU DHABI,  Groceries  ,71.31,1,10.0,71.31,64.18,  Card  ,New,1.0,3.8
143805,2025-10-26,dubai,ELECTRONICS,2724.08,1,20.0,2724.08,2179.26,card,Returning,5.0,
113225,2024-08-09,SHARJAH,groceries,239.66,1,15.0,239.66,203.71,  Card  ,New,4.0,4.5
111949,19-07-2024,sharjah,ELECTRONICS,566.6,1,0.0,566.6,566.6,  Cash on Delivery  ,Returning,3.0,5.0
133037,2025-05-27,Sharjah,Beauty & Personal Care,64.49,1,15.0,64.49,54.82,Cash on Delivery,Returning,1.0,4.5
128853,2025-03-30,SHARJAH,groceries,288.06,1,15.0,288.06,244.85,Card,Returning,4.0,4.3
121505,12/01/2024,SHARJAH,Home & Kitchen,342.9,1,5.0,342.9,325.75,card,Returning,1.0,3.2
112401,26-07-2024,  Dubai  ,  Groceries  ,62.49,1,15.0,62.49,53.12,  Cash on Delivery  ,New,3.0,4.2
136365,16/07/2025,  Dubai  ,  Home & Kitchen  ,548.08,1,5.0,548.08,520.68,  Wallet  ,New,5.0,4.2
101420,2024-01-25,  Sharjah  ,ELECTRONICS,2415.29,1,15.0,2415.29,2053.0,card,Returning,3.0,5.0
128067,03/17/2025,SHARJAH,Groceries,59.49,2,5.0,118.98,113.03,CARD,Returning,3.0,3.5
131901,10-05-2025,dubai,fashion,476.07,1,,476.07,452.27,CARD,Returning,2.0,4.3
111262,07/07/2024,abu dhabi,FASHION,174.01,1,5.0,174.01,165.31,CASH ON DELIVERY,Returning,3.0,3.7
136853,23-07-2025,Sharja,FASHION,592.2,1,0.0,592.2,592.2,  Cash on Delivery  ,Returning,2.0,3.5
102467,02/11/2024,,HOME & KITCHEN,508.31,1,5.0,508.31,482.89,WALLET,Returning,3.0,4.5
100404,08/01/2024,dubai,fashion,141.8,1,15.0,141.8,120.53,Card,New,3.0,4.9
148691,12/20/2025,  Sharjah  ,  Fashion  ,384.57,2,0.0,769.14,769.14,CARD,Returning,5.0,1.9
136701,21-07-2025,Dubay,Groceries,168.03,1,10.0,168.03,151.23,CARD,New,4.0,4.4
104593,21/03/2024,Ras Al Khaimah,GROCERIES,72.51,1,10.0,72.51,65.26,cash on delivery,Returning,2.0,3.7
114221,22/08/2024,  Dubai  ,FASHION,268.74,1,20.0,268.74,214.99,Card,Returning,5.0,
123880,06-01-2025,  Dubai  ,Electronics,2711.01,1,20.0,2711.01,2168.81,  Card  ,Returning,5.0,
106372,16/04/2024,abu dhabi,home & kitchen,263.78,1,5.0,263.78,250.59,WALLET,Returning,1.0,4.2
126161,11-02-2025,sharjah,beauty & personal care,318.48,1,10.0,318.48,286.63,Cash on Delivery,Returning,,3.7
115260,09/04/2024,Dubai,home & kitchen,207.67,2,0.0,415.34,415.34,  Card  ,Returning,3.0,3.9
139722,2025-08-30,,  Electronics  ,2333.53,1,0.0,2333.53,2333.53,cash on delivery,Returning,5.0,4.5
131488,04/05/2025,Dubai,GROCERIES,125.52,3,0.0,376.56,376.56,Card,New,2.0,2.7
110793,06/29/2024,sharjah,Groceries,134.01,1,0.0,134.01,134.01,  Cash on Delivery  ,New,5.0,4.6
110753,28/06/2024,  Abu Dhabi  ,home & kitchen,841.26,1,0.0,841.26,841.26,CASH ON DELIVERY,Returning,3.0,3.2
114483,25-08-2024,dubai,MOBILE ACCESSORIES,204.36,2,15.0,408.72,347.41,Card,Returning,2.0,3.8
144865,2025-11-09,  Abu Dhabi  ,FASHION,242.99,1,10.0,242.99,218.69,CARD,Returning,3.0,
136668,20/07/2025,sharjah,Electronics,2497.77,1,5.0,2497.77,2372.88,cash on delivery,New,2.0,5.0
110914,01-07-2024,ABU DHABI,electronics,448.65,1,15.0,448.65,381.35,Cash on Delivery,Returning,3.0,3.8
140486,09/09/2025,ABU DHABI,  Home & Kitchen  ,399.65,1,10.0,399.65,359.68,card,Returning,4.0,5.0
141539,2025-09-24,dubai,Home & Kitchen,342.3,1,0.0,342.3,342.3,wallet,Returning,3.0,4.1
122678,18-12-2024,RAS AL KHAIMAH,Home & Kitchen,859.95,1,20.0,859.95,687.96,CARD,New,1.0,4.7
105617,2024-04-09,  Ajman  ,,210.03,1,0.0,210.03,210.03,Card,Returning,2.0,4.3
100058,01/02/2024,  Dubai  ,beauty & personal care,104.86,1,0.0,104.86,104.86,CASH ON DELIVERY,Returning,4.0,4.1
146820,27/11/2025,  Dubai  ,MOBILE ACCESSORIES,170.42,1,30.0,170.42,119.29,  Card  ,Returning,2.0,4.6
147591,2025-12-05,AJMAN,fashion,535.83,1,0.0,535.83,535.83,Card,Returning,2.0,4.3
117602,12-10-2024,DUBAI,  Fashion  ,439.44,1,10.0,439.44,395.5,  Card  ,Returning,2.0,
130891,25-04-2025,dubai,  Beauty & Personal Care  ,138.4,1,0.0,138.4,138.4,,New,3.0,4.7
104678,22-03-2024,RAS AL KHAIMAH,Groceries,28.73,2,5.0,57.46,54.59,Card,New,1.0,5.0
107693,09/05/2024,DUBAI,FASHION,227.91,1,,227.91,227.91,  Cash on Delivery  ,New,2.0,5.0
113947,08/19/2024,abu dhabi,BEAUTY & PERSONAL CARE,42.2,1,5.0,42.2,40.09,card,Returning,4.0,4.6
139481,08/28/2025,Ajman,Mobile Accessories,101.53,1,0.0,101.53,101.53,,Returning,3.0,2.5
149271,2025-12-29,dubai,fashion,390.83,1,0.0,390.83,390.83,cash on delivery,Returning,1.0,4.7
139696,08/30/2025,Ajman,  Beauty & Personal Care  ,35.26,1,5.0,35.26,33.5,CARD,Returning,1.0,3.1
140438,09/08/2025,sharjah,GROCERIES,16.0,1,10.0,16.0,14.4,card,Returning,1.0,3.6
128007,03/15/2025,DUBAI,FASHION,359.63,1,20.0,359.63,287.7,  Cash on Delivery  ,Returning,1.0,4.2
136157,07/12/2025,  Abu Dhabi  ,Home & Kitchen,290.45,1,15.0,290.45,246.88,card,New,2.0,4.2
128386,2025-03-22,DUBAI,mobile accessories,233.75,1,10.0,233.75,210.38,WALLET,Returning,4.0,5.0
113079,06/08/2024,dubai,Groceries,241.81,1,0.0,241.81,241.81,Card,New,3.0,4.7
122414,14-12-2024,SHARJAH,groceries,158.7,1,15.0,158.7,134.89,CARD,Returning,2.0,4.2
133371,01/06/2025,ABU DHABI,groceries,151.38,1,15.0,151.38,128.67,  Wallet  ,Returning,1.0,4.6
126926,02/23/2025,DUBAI,mobile accessories,139.72,1,0.0,139.72,139.72,card,Returning,2.0,4.0
103843,07/03/2024,dubai,HOME & KITCHEN,822.55,1,15.0,822.55,699.17,card,Returning,2.0,4.1
114953,2024-08-31,ras al khaimah,Fashion,87.86,1,0.0,87.86,87.86,CARD,Returning,2.0,3.9
116295,20/09/2024,RAS AL KHAIMAH,  Fashion  ,594.38,1,10.0,594.38,534.94,card,Returning,,3.5
113415,2024-08-12,ras al khaimah,Groceries,115.81,1,0.0,115.81,115.81,  Card  ,Returning,2.0,4.7
127607,08/03/2025,Dubai,Home & Kitchen,161.81,1,5.0,161.81,153.72,Card,New,4.0,4.7
144545,05-11-2025,dubai,electronics,1258.28,1,,1258.28,1132.45,wallet,New,4.0,4.9
117372,08/10/2024,dubai,home & kitchen,862.49,1,10.0,862.49,776.24,cash on delivery,Returning,3.0,4.2
148869,23/12/2025,ras al khaimah,HOME & KITCHEN,444.85,1,5.0,444.85,422.61,CASH ON DELIVERY,Returning,2.0,
113351,11-08-2024,SHARJAH,beauty & personal care,261.88,1,0.0,261.88,261.88,  Cash on Delivery  ,New,2.0,3.7
104352,16-03-2024,dubai,mobile accessories,212.32,1,5.0,212.32,201.7,WALLET,Returning,1.0,5.0
103976,09/03/2024,dubai,beauty & personal care,305.31,1,,305.31,305.31,CARD,New,4.0,4.6
143275,2025-10-19,  Ajman  ,fashion,169.71,1,0.0,169.71,169.71,cash on delivery,Returning,4.0,4.8
113985,08/19/2024,sharjah,  Beauty & Personal Care  ,190.69,1,10.0,190.69,171.62,  Card  ,Returning,2.0,
114466,25/08/2024,DUBAI,mobile accessories,196.54,2,10.0,393.08,353.77,cash on delivery,Returning,1.0,4.6
103737,03/05/2024,  Abu Dhabi  ,Groceries,149.29,1,0.0,149.29,149.29,  Card  ,Returning,,3.3
100165,04/01/2024,dubai,  Fashion  ,593.16,1,10.0,593.16,533.84,Card,Returning,3.0,5.0
115179,2024-09-03,Dubai,  Fashion  ,234.19,1,0.0,234.19,234.19,  Card  ,Returning,2.0,3.6
122720,2024-12-19,  Dubai  ,  Groceries  ,200.06,2,5.0,400.12,380.11,WALLET,New,3.0,3.9
105078,03/31/2024,  Abu Dhabi  ,,493.37,2,0.0,986.74,986.74,Card,Returning,1.0,4.8
117045,2024-10-03,abu dhabi,GROCERIES,274.76,1,5.0,274.76,261.02,card,Returning,1.0,4.8
139054,23-08-2025,  Abu Dhabi  ,  Mobile Accessories  ,114.27,1,20.0,114.27,91.42,wallet,Returning,3.0,4.4
139941,2025-09-01,  Dubai  ,ELECTRONICS,335.79,1,15.0,335.79,285.42,CARD,New,1.0,3.8
123315,12/28/2024,  Sharjah  ,Mobile Accessories,54.07,1,5.0,54.07,51.37,  Cash on Delivery  ,Returning,2.0,2.5
108250,05/17/2024,abu dhabi,home & kitchen,893.46,1,20.0,893.46,714.77,card,Returning,3.0,3.8
113839,08/17/2024,abu dhabi,electronics,2067.94,2,15.0,4135.88,3515.5,  Cash on Delivery  ,Returning,4.0,4.3
116673,09/27/2024,  Dubai  ,ELECTRONICS,3316.49,1,0.0,3316.49,3316.49,Cash on Delivery,Returning,2.0,3.9
119765,15-11-2024,ABU DHABI,groceries,18.53,1,10.0,18.53,16.68,CARD,Returning,1.0,2.7
100611,01/12/2024,  Abu Dhabi  ,BEAUTY & PERSONAL CARE,78.95,1,0.0,78.95,78.95,  Card  ,Returning,2.0,4.1
103343,26/02/2024,  Dubai  ,Electronics,481.42,1,15.0,481.42,409.21,CARD,Returning,2.0,3.8
105643,04/09/2024,ABU DHABI,,67.4,1,5.0,67.4,64.03,CARD,Returning,1.0,4.7
137185,28/07/2025,DUBAI,  Mobile Accessories  ,78.48,1,5.0,78.48,74.56,CARD,Returning,2.0,3.5
148530,19-12-2025,abu dhabi,  Home & Kitchen  ,520.2,1,15.0,520.2,442.17,Card,Returning,2.0,5.0
110048,06/16/2024,ABU DHABI,HOME & KITCHEN,147.74,2,10.0,295.48,265.93,CARD,Returning,3.0,3.8
142197,10/03/2025,  Abu Dhabi  ,electronics,852.1,1,0.0,852.1,852.1,CARD,Returning,3.0,4.7
121976,2024-12-07,dubai,Electronics,1399.06,1,0.0,1399.06,1399.06,cash on delivery,Returning,1.0,3.9
111625,2024-07-13,  Abu Dhabi  ,beauty & personal care,250.8,1,10.0,250.8,225.72,CARD,Returning,3.0,4.6
114324,23/08/2024,Dubai,beauty & personal care,277.18,1,5.0,277.18,263.32,CARD,New,3.0,4.0
135897,2025-07-09,dubai,GROCERIES,140.3,1,0.0,140.3,140.3,cash on delivery,Returning,2.0,2.5
103335,26/02/2024,,  Electronics  ,2226.72,2,10.0,4453.44,4008.1,WALLET,Returning,3.0,4.9
107079,28/04/2024,AJMAN,Electronics,2199.39,1,5.0,2199.39,2089.42,Card,Returning,3.0,
128957,30-03-2025,SHARJAH,FASHION,357.88,1,10.0,357.88,322.09,  Wallet  ,New,1.0,3.5
109609,2024-06-09,Abu Dhabi,FASHION,419.25,2,5.0,838.5,796.58,cash on delivery,Returning,2.0,3.6
135114,27/06/2025,  Sharjah  ,Electronics,1095.78,1,0.0,1095.78,1095.78,card,New,4.0,4.5
107997,14-05-2024,Sharjah,beauty & personal care,214.34,1,15.0,214.34,182.19,CARD,Returning,3.0,2.8
123743,04-01-2025,DUBAI,  Home & Kitchen  ,461.38,2,10.0,922.76,830.48,  Card  ,Returning,3.0,3.2
122698,19/12/2024,  Dubai  ,Mobile Accessories,105.31,2,5.0,210.62,200.09,CASH ON DELIVERY,New,4.0,5.0
116459,2024-09-23,dubai,home & kitchen,525.17,1,15.0,525.17,446.39,CARD,Returning,4.0,4.2
140560,10/09/2025,sharjah,BEAUTY & PERSONAL CARE,244.2,1,0.0,244.2,244.2,Card,Returning,1.0,5.0
112519,27/07/2024,dubai,,161.81,1,15.0,161.81,137.54,CARD,Returning,4.0,5.0
140554,10/09/2025,Sharjah,home & kitchen,314.27,1,0.0,314.27,314.27,cash on delivery,Returning,2.0,4.5
123604,02-01-2025,  Ras Al Khaimah  ,Beauty & Personal Care,151.56,1,15.0,151.56,128.83,CARD,New,1.0,
127506,06-03-2025,ABU DHABI,Mobile Accessories,162.22,1,0.0,162.22,162.22,Cash on Delivery,Returning,4.0,4.0
101730,31/01/2024,Abu Dhabi,Home & Kitchen,868.88,1,10.0,868.88,781.99,Wallet,New,1.0,4.4
116626,09/26/2024,Sharja,FASHION,594.68,1,0.0,594.68,594.68,card,Returning,4.0,4.5
110114,18/06/2024,SHARJAH,home & kitchen,452.09,2,0.0,904.18,904.18,CASH ON DELIVERY,New,3.0,
122126,12/09/2024,,fashion,326.47,1,5.0,326.47,310.15,  Card  ,New,4.0,4.6
119369,2024-11-09,dubai,MOBILE ACCESSORIES,207.87,3,0.0,623.61,623.61,CASH ON DELIVERY,New,1.0,4.8
125553,01-02-2025,  Abu Dhabi  ,electronics,2042.21,1,5.0,2042.21,1940.1,cash on delivery,Returning,3.0,3.9
126265,02/13/2025,abu dhabi,fashion,273.07,3,15.0,819.21,696.33,card,Returning,2.0,3.5
145441,18-11-2025,Dubai,fashion,84.48,1,10.0,84.48,76.03,cash on delivery,Returning,3.0,3.8
100937,17/01/2024,  Abu Dhabi  ,GROCERIES,45.76,2,20.0,91.52,73.22,CASH ON DELIVERY,Returning,,5.0
116257,20-09-2024,abu dhabi,HOME & KITCHEN,894.22,1,15.0,894.22,760.09,cash on delivery,Returning,2.0,3.6
107269,01/05/2024,Dubai,HOME & KITCHEN,337.79,1,30.0,337.79,236.45,Cash on Delivery,Returning,2.0,4.7
133072,05/27/2025,ABU DHABI,fashion,469.77,2,20.0,939.54,751.63,Wallet,Returning,4.0,3.6
127921,2025-03-14,ajman,HOME & KITCHEN,99.78,1,0.0,99.78,99.78,card,Returning,3.0,4.1
133802,06/07/2025,dubai,GROCERIES,185.2,2,0.0,370.4,370.4,Cash on Delivery,New,3.0,3.1
119853,17/11/2024,ABU DHABI,Fashion,542.63,1,5.0,542.63,515.5,cash on delivery,Returning,2.0,3.7
106228,14-04-2024,Dubai,  Mobile Accessories  ,55.55,1,5.0,55.55,52.77,CASH ON DELIVERY,New,1.0,4.2
112145,2024-07-21,  Dubai  ,Electronics,1121.09,1,0.0,1121.09,1121.09,CARD,Returning,1.0,4.0
130296,16/04/2025,Abu Dhabi,fashion,458.85,1,5.0,458.85,435.91,  Wallet  ,Returning,2.0,4.4
143201,18/10/2025,dubai,groceries,73.07,1,10.0,73.07,65.76,card,New,1.0,3.3
143021,16-10-2025,AJMAN,mobile accessories,143.43,1,30.0,143.43,100.4,CARD,Returning,4.0,4.8
134765,06/22/2025,Dubai,Beauty & Personal Care,68.12,1,0.0,68.12,68.12,  Wallet  ,Returning,4.0,4.8
115565,2024-09-08,Dubai ,HOME & KITCHEN,669.21,2,5.0,1338.42,1271.5,Card,Returning,3.0,4.4
133496,03/06/2025,  Dubai  ,electronics,2399.35,1,15.0,2399.35,2039.45,CARD,Returning,,4.0
149063,12/26/2025,,  Home & Kitchen  ,535.66,2,10.0,1071.32,964.19,card,New,2.0,4.0
135372,2025-07-01,  Dubai  ,electronics,544.67,1,0.0,544.67,544.67,WALLET,Returning,3.0,4.7
148343,2025-12-16,  Sharjah  ,  Electronics  ,2451.87,2,0.0,4903.74,4903.74,Card,New,1.0,3.9
137209,2025-07-28,Sharjah,FASHION,475.7,3,0.0,1427.1,1427.1,Card,Returning,2.0,3.2
130147,14-04-2025,SHARJAH,home & kitchen,200.36,1,0.0,200.36,200.36,Card,Returning,2.0,3.9
108442,21-05-2024,  Dubai  ,Beauty & Personal Care,343.3,1,0.0,343.3,343.3,cash on delivery,New,2.0,4.6
142586,2025-10-09,  Dubai  ,Mobile Accessories,123.3,1,0.0,123.3,123.3,Cash on Delivery,Returning,999.0,3.9
121873,06-12-2024,Abu Dhabi,Beauty & Personal Care,390.8,1,10.0,390.8,351.72,CARD,Returning,2.0,3.3
120303,2024-11-22,Dubay,MOBILE ACCESSORIES,124.02,1,30.0,124.02,86.81,  Card  ,Returning,,3.0
112351,25/07/2024,DUBAI,mobile accessories,72.73,1,10.0,72.73,65.46,CARD,Returning,2.0,4.3
132278,2025-05-16,  Ajman  ,GROCERIES,28.81,1,0.0,28.81,28.81,  Cash on Delivery  ,New,3.0,3.6
125190,01/26/2025,abu dhabi,Home & Kitchen,744.88,1,0.0,744.88,744.88,  Wallet  ,Returning,2.0,
100518,2024-01-10,abu dhabi,groceries,218.81,2,5.0,437.62,415.74,WALLET,Returning,1.0,4.8
109278,04-06-2024,DUBAI,ELECTRONICS,3257.75,1,10.0,3257.75,2931.98,card,Returning,3.0,4.5
118545,2024-10-26,,Electronics,790.45,1,30.0,790.45,553.31,Card,New,2.0,5.0
104461,18-03-2024,abu dhabi,Home & Kitchen,211.43,3,20.0,634.29,507.43,Card,New,4.0,5.0
144208,11/01/2025,DUBAI,ELECTRONICS,479.87,1,0.0,479.87,479.87,card,New,4.0,5.0
110807,06/29/2024,ABU DHABI,  Groceries  ,210.18,-2,30.0,420.36,294.25,cash on delivery,New,1.0,3.6
102278,09/02/2024,  Dubai  ,Groceries,284.17,1,15.0,284.17,241.54,card,New,3.0,2.8
137930,08/08/2025,Ajman ,FASHION,212.07,1,10.0,212.07,190.86,Card,Returning,4.0,4.2
117574,11-10-2024,  Abu Dhabi  ,  Mobile Accessories  ,128.37,1,10.0,128.37,115.53,cash on delivery,Returning,2.0,4.7
134272,06/15/2025,Abu Dhabi,ELECTRONICS,415.04,1,20.0,415.04,332.03,card,New,2.0,4.5
104907,27-03-2024,Abu Dhabi,  Home & Kitchen  ,722.04,1,10.0,722.04,649.84,Card,Returning,1.0,4.2
118758,30/10/2024,  Dubai  ,MOBILE ACCESSORIES,199.8,1,5.0,199.8,189.81,Card,Returning,2.0,5.0
123326,28/12/2024,DUBAI,Fashion,158.75,1,20.0,158.75,127.0,card,New,3.0,4.0
100423,01/08/2024,  Dubai  ,  Home & Kitchen  ,712.59,1,15.0,712.59,605.7,wallet,Returning,1.0,
118061,19-10-2024,DUBAI,electronics,415.54,1,10.0,415.54,373.99,CARD,Returning,3.0,3.8
124121,09/01/2025,DUBAI,groceries,114.37,1,10.0,114.37,102.93,CARD,Returning,3.0,3.9
141608,26-09-2025,dubai,  Electronics  ,3243.18,1,0.0,3243.18,3243.18,cash on delivery,Returning,4.0,4.0
124969,23/01/2025,sharjah,HOME & KITCHEN,53.7,1,0.0,53.7,53.7,  Cash on Delivery  ,New,3.0,3.7
101937,03/02/2024,DUBAI,  Beauty & Personal Care  ,269.6,1,0.0,269.6,269.6,  Card  ,Returning,3.0,3.6
144397,2025-11-03,Ras Al Khaimah,Fashion,236.63,1,30.0,236.63,165.64,Card,Returning,2.0,3.8
129021,31-03-2025,  Abu Dhabi  ,,423.21,1,10.0,423.21,380.89,card,Returning,1.0,4.7
148750,22-12-2025,AJMAN,ELECTRONICS,2351.3,1,20.0,2351.3,1881.04,  Wallet  ,Returning,3.0,4.7
106932,26-04-2024,Dubay,  Electronics  ,2203.3,1,15.0,2203.3,1872.8,card,Returning,2.0,4.7
129222,02/04/2025,ras al khaimah,ELECTRONICS,632.59,2,5.0,1265.18,1201.92,Wallet,Returning,3.0,3.4
135273,2025-06-30,dubai,fashion,538.76,1,20.0,538.76,431.01,CARD,Returning,3.0,5.0
135824,08-07-2025,Dubai,FASHION,525.07,1,0.0,525.07,525.07,Cash on Delivery,Returning,,4.9
107993,05/14/2024,ABU DHABI,BEAUTY & PERSONAL CARE,218.45,1,0.0,218.45,218.45,CARD,New,4.0,3.9
119784,16/11/2024,DUBAI,groceries,250.68,1,10.0,250.68,225.61,card,Returning,3.0,4.1
124068,01/09/2025,abu dhabi,fashion,69.02,1,0.0,69.02,69.02,  Cash on Delivery  ,Returning,4.0,
131241,04/30/2025,DUBAI,groceries,140.34,2,10.0,280.68,252.61,  Cash on Delivery  ,New,3.0,
133528,03/06/2025,dubai,Mobile Accessories,156.72,1,0.0,156.72,156.72,  Card  ,Returning,3.0,4.4
122158,10-12-2024,Dubai,  Electronics  ,2821.96,1,0.0,2821.96,2821.96,  Wallet  ,New,,5.0
102616,02/14/2024,Ras Al Khaimah,  Groceries  ,72.77,2,5.0,145.54,138.26,,Returning,3.0,4.3
111252,07/07/2024,Dubay,Fashion,58.98,1,5.0,58.98,56.03,CARD,New,2.0,2.6
119942,2024-11-18,ABU DHABI,MOBILE ACCESSORIES,192.82,2,10.0,385.64,347.08,CASH ON DELIVERY,Returning,2.0,3.4
103386,2024-02-27,SHARJAH,Mobile Accessories,85.71,1,0.0,85.71,85.71,CARD,Returning,1.0,4.0
113404,08/11/2024,dubai,Electronics,3418.96,1,10.0,3418.96,3077.06,wallet,Returning,2.0,4.5
129016,2025-03-31,abu dhabi,BEAUTY & PERSONAL CARE,332.09,1,0.0,332.09,332.09,  Card  ,Returning,2.0,5.0
120545,24/11/2024,SHARJAH,  Electronics  ,746.17,2,40.0,1492.34,895.4,Cash on Delivery,Returning,3.0,
116849,29-09-2024,ajman,groceries,92.17,1,5.0,92.17,87.56,  Card  ,Returning,3.0,5.0
107855,11/05/2024,  Abu Dhabi  ,  Home & Kitchen  ,396.49,1,10.0,396.49,356.84,Card,New,3.0,3.7
119333,09-11-2024,abu dhabi,mobile accessories,185.68,1,5.0,185.68,176.4,  Card  ,Returning,4.0,4.8
132869,05/24/2025,  Dubai  ,,132.68,1,0.0,132.68,132.68,  Card  ,Returning,2.0,5.0
142298,2025-10-05,abu dhabi,home & kitchen,384.87,2,0.0,769.74,769.74,Card,New,4.0,4.7
120266,11/22/2024,Abu Dhabi,beauty & personal care,199.46,2,30.0,398.92,279.24,card,New,2.0,
135526,2025-07-04,  Abu Dhabi  ,ELECTRONICS,2138.39,1,5.0,2138.39,2031.47,WALLET,Returning,2.0,
113592,14-08-2024,dubai,electronics,2456.71,1,0.0,2456.71,2456.71,card,New,3.0,2.6
120642,11/24/2024,DUBAI,ELECTRONICS,1409.68,1,40.0,1409.68,845.81,  Cash on Delivery  ,New,3.0,4.0
104420,17/03/2024,  Dubai  ,HOME & KITCHEN,387.03,2,20.0,774.06,619.25,Card,Returning,3.0,4.1
132396,2025-05-17,AJMAN,  Electronics  ,314.84,1,0.0,314.84,314.84,cash on delivery,New,1.0,4.4
110304,06/21/2024,  Dubai  ,  Groceries  ,244.27,1,30.0,244.27,170.99,Cash on Delivery,New,5.0,4.4
125424,01/30/2025,  Sharjah  ,Electronics,2285.93,1,5.0,2285.93,2171.63,Cash on Delivery,Returning,4.0,4.5
107505,05/05/2024,ABU DHABI,,113.96,1,10.0,113.96,102.56,Card,New,3.0,5.0
128368,03/22/2025,  Dubai  ,home & kitchen,347.6,1,15.0,347.6,295.46,card,Returning,3.0,4.0
137065,26-07-2025,  Sharjah  ,FASHION,219.56,2,10.0,439.12,395.21,card,New,4.0,4.4
131887,10-05-2025,  Dubai  ,Mobile Accessories,56.71,2,0.0,113.42,113.42,CASH ON DELIVERY,Returning,3.0,4.8
104405,03/17/2024,ABU DHABI,BEAUTY & PERSONAL CARE,221.42,1,0.0,221.42,221.42,WALLET,Returning,2.0,3.3
104802,25/03/2024,dubai,HOME & KITCHEN,560.71,1,10.0,560.71,504.64,Card,New,4.0,3.1
120439,11/23/2024,ras al khaimah,GROCERIES,231.48,1,20.0,231.48,185.18,  Card  ,Returning,1.0,3.7
124800,01/20/2025,Abu Dhabi,HOME & KITCHEN,201.22,3,15.0,603.66,513.11,Cash on Delivery,New,4.0,5.0
121254,11/29/2024,dubai,electronics,434.15,1,20.0,434.15,347.32,  Cash on Delivery  ,New,3.0,3.3
103411,28/02/2024,DUBAI,fashion,559.56,1,0.0,559.56,559.56,CASH ON DELIVERY,Returning,3.0,
139757,2025-08-30,  Dubai  ,  Mobile Accessories  ,192.05,2,0.0,384.1,384.1,card,New,2.0,4.9
103899,08-03-2024,Dubai,GROCERIES,83.6,2,0.0,167.2,167.2,  Card  ,Returning,5.0,3.6
115200,03-09-2024,Dubai,groceries,234.59,1,10.0,234.59,211.13,Card,New,1.0,4.3
118982,03-11-2024,Sharjah,Electronics,2955.78,2,5.0,5911.56,5615.98,cash on delivery,New,1.0,4.7
144527,11/05/2025,DUBAI,HOME & KITCHEN,468.87,1,10.0,468.87,421.98,Card,New,5.0,3.9
101083,19-01-2024,dubai,MOBILE ACCESSORIES,235.74,2,10.0,471.48,424.33,CARD,Returning,2.0,3.3
140280,05-09-2025,  Abu Dhabi  ,home & kitchen,755.79,1,5.0,755.79,718.0,card,New,4.0,5.0
139409,27/08/2025,Sharjah,Electronics,2437.57,1,0.0,2437.57,2437.57,CARD,New,5.0,3.2
101870,02/02/2024,ABU DHABI,Home & Kitchen,160.41,2,15.0,320.82,272.7,  Card  ,Returning,3.0,4.8
105166,01/04/2024,Dubai ,MOBILE ACCESSORIES,148.17,1,0.0,148.17,148.17,card,New,3.0,3.1
142191,2025-10-03,Ajman,BEAUTY & PERSONAL CARE,201.54,1,10.0,201.54,181.39,Card,Returning,1.0,4.3
101725,2024-01-31,abu dhabi,GROCERIES,284.84,1,,284.84,256.36,  Cash on Delivery  ,Returning,3.0,
121788,04/12/2024,Abu Dhabi,fashion,396.7,1,10.0,396.7,357.03,cash on delivery,Returning,2.0,4.1
114485,08/25/2024,dubai,  Electronics  ,2217.36,1,5.0,2217.36,2106.49,CASH ON DELIVERY,Returning,2.0,3.5
106208,14/04/2024,  Dubai  ,home & kitchen,115.38,1,15.0,115.38,98.07,card,Returning,2.0,3.9
117991,18/10/2024,Abu Dhabi,home & kitchen,663.99,1,10.0,663.99,597.59,Card,Returning,2.0,3.4
113932,08/18/2024,dubai,  Beauty & Personal Care  ,290.48,1,0.0,290.48,290.48,WALLET,Returning,2.0,4.1
122928,2024-12-22,DUBAI,  Home & Kitchen  ,360.57,3,10.0,1081.71,973.54,Card,Returning,3.0,4.9
121680,03/12/2024,Sharja,  Electronics  ,401.91,2,30.0,803.82,562.67,  Card  ,Returning,2.0,
109174,06/02/2024,sharjah,Beauty & Personal Care,109.29,1,0.0,109.29,109.29,  Cash on Delivery  ,Returning,,3.8
138177,12-08-2025,DUBAI,HOME & KITCHEN,329.84,2,15.0,659.68,560.73,  Card  ,Returning,3.0,3.2
127134,2025-02-27,abu dhabi,  Mobile Accessories  ,140.35,1,0.0,140.35,140.35,cash on delivery,Returning,4.0,4.6
102520,12/02/2024,dubai,  Fashion  ,580.71,1,10.0,580.71,522.64,card,Returning,4.0,4.5
130970,2025-04-26,  Dubai  ,Fashion,377.8,1,15.0,377.8,321.13,CASH ON DELIVERY,Returning,4.0,4.4
113116,08/07/2024,sharjah,,210.37,1,0.0,210.37,210.37,Wallet,Returning,3.0,4.1
113021,05/08/2024,SHARJAH,Beauty & Personal Care,255.33,1,0.0,255.33,255.33,Card,New,1.0,4.7
112008,07/19/2024,ABU DHABI,mobile accessories,82.98,2,0.0,165.96,165.96,  Card  ,Returning,1.0,4.6
120095,21/11/2024,Abu Dhabi,  Electronics  ,2465.28,1,0.0,2465.28,2465.28,card,Returning,4.0,5.0
126914,02/23/2025,Ajman,  Fashion  ,342.7,1,0.0,342.7,342.7,  Cash on Delivery  ,New,1.0,
139448,08/27/2025,ABU DHABI,FASHION,47.86,1,0.0,47.86,47.86,cash on delivery,Returning,5.0,4.9
146756,27/11/2025,sharjah,  Beauty & Personal Care  ,280.5,1,50.0,280.5,140.25,  Card  ,Returning,4.0,5.0
147364,02-12-2025,DUBAI,Fashion,312.89,1,0.0,312.89,312.89,card,Returning,2.0,4.6
132639,21-05-2025,  Abu Dhabi  ,Fashion,468.73,1,30.0,468.73,328.11,  Card  ,Returning,3.0,4.4
119980,19/11/2024,abu dhabi,Mobile Accessories,87.18,2,0.0,174.36,174.36,Card,Returning,4.0,4.4
144054,30-10-2025,dubai,mobile accessories,39.03,1,0.0,39.03,39.03,CASH ON DELIVERY,Returning,2.0,3.2
122941,22/12/2024,  Dubai  ,BEAUTY & PERSONAL CARE,295.79,1,10.0,295.79,266.21,CARD,New,1.0,4.5
123049,24-12-2024,sharjah,electronics,492.56,2,0.0,985.12,985.12,  Card  ,Returning,2.0,4.3
130189,2025-04-14,Ras Al Khaimah,mobile accessories,248.67,1,10.0,248.67,223.8,  Card  ,Returning,2.0,4.9
125252,27-01-2025,ABU DHABI,MOBILE ACCESSORIES,22.93,1,10.0,22.93,20.64,  Cash on Delivery  ,Returning,3.0,5.0
117595,12-10-2024,Sharja,Fashion,342.52,1,10.0,342.52,308.27,CASH ON DELIVERY,New,2.0,4.3
132951,25-05-2025,DUBAI,ELECTRONICS,2979.44,1,10.0,2979.44,2681.5,  Card  ,Returning,3.0,
114397,24-08-2024,Dubai,BEAUTY & PERSONAL CARE,315.03,1,0.0,315.03,315.03,,Returning,3.0,4.2
144154,2025-10-31,  Dubai  ,,521.79,3,10.0,1565.37,1408.83,  Card  ,New,5.0,3.2
130342,2025-04-17,sharjah,FASHION,531.78,1,5.0,531.78,505.19,  Card  ,Returning,1.0,5.0
112987,2024-08-04,sharjah,ELECTRONICS,2442.26,1,5.0,2442.26,2320.15,Cash on Delivery,Returning,2.0,3.9
128359,2025-03-22,Abu Dhabi,  Fashion  ,399.71,1,0.0,399.71,399.71,CARD,Returning,4.0,5.0
112316,24/07/2024,  Ajman  ,mobile accessories,57.87,1,0.0,57.87,57.87,card,New,2.0,4.6
148796,12/22/2025,  Ras Al Khaimah  ,MOBILE ACCESSORIES,118.67,1,10.0,118.67,106.8,wallet,Returning,2.0,
148259,15/12/2025,ABU DHABI,Mobile Accessories,221.0,1,5.0,221.0,209.95,Card,Returning,1.0,4.8
140803,13/09/2025,DUBAI,  Fashion  ,459.1,1,10.0,459.1,413.19,  Card  ,Returning,2.0,3.9
125643,02-02-2025,Sharjah,Home & Kitchen,159.86,1,0.0,159.86,159.86,Cash on Delivery,Returning,4.0,3.7
113094,06-08-2024,DUBAI,  Fashion  ,88.51,1,,88.51,88.51,  Card  ,Returning,,4.4
106679,22/04/2024,  Dubai  ,Mobile Accessories,143.95,1,,143.95,143.95,cash on delivery,New,,3.7
141914,30-09-2025,Dubai ,  Electronics  ,1424.88,1,0.0,1424.88,1424.88,CARD,Returning,1.0,3.9
111832,17/07/2024,  Dubai  ,Beauty & Personal Care,261.69,2,0.0,523.38,523.38,CASH ON DELIVERY,New,4.0,4.7
142216,03-10-2025,Ajman,MOBILE ACCESSORIES,206.04,1,0.0,206.04,206.04,card,New,3.0,4.3
128895,2025-03-30,DUBAI,electronics,3480.74,2,15.0,6961.48,5917.26,cash on delivery,Returning,2.0,5.0
135022,06/26/2025,ABU DHABI,  Beauty & Personal Care  ,163.98,1,20.0,163.98,131.18,Card,New,1.0,4.4
118392,24/10/2024,  Ajman  ,ELECTRONICS,2593.69,1,10.0,2593.69,2334.32,card,New,1.0,4.0
144685,11/07/2025,dubai,Home & Kitchen,596.45,1,0.0,596.45,596.45,card,Returning,1.0,4.1
138775,19/08/2025,  Dubai  ,fashion,511.35,1,10.0,511.35,460.22,CASH ON DELIVERY,Returning,1.0,4.9
102034,02/05/2024,DUBAI,fashion,175.69,2,20.0,351.38,281.1,  Cash on Delivery  ,New,5.0,3.5
103518,01/03/2024,,HOME & KITCHEN,563.04,1,0.0,563.04,563.04,WALLET,New,3.0,4.3
113037,05-08-2024,,ELECTRONICS,1925.36,1,20.0,1925.36,1540.29,Wallet,Returning,2.0,3.0
120842,11/26/2024,Dubai ,Fashion,44.7,2,50.0,89.4,44.7,CARD,Returning,2.0,4.2
107495,04-05-2024,ras al khaimah,  Beauty & Personal Care  ,285.1,1,10.0,285.1,256.59,Card,New,1.0,4.6
130887,2025-04-25,dubai,Fashion,332.26,1,0.0,332.26,332.26,Cash on Delivery,Returning,1.0,4.8
139426,2025-08-27,DUBAI,electronics,2528.61,2,5.0,5057.22,4804.36,WALLET,Returning,4.0,3.5
113554,14-08-2024,DUBAI,Beauty & Personal Care,228.08,1,5.0,228.08,216.68,CARD,New,1.0,5.0
129673,2025-04-06,DUBAI,  Fashion  ,572.17,1,5.0,572.17,543.56,  Cash on Delivery  ,Returning,3.0,3.6
108827,05/27/2024,ABU DHABI,  Beauty & Personal Care  ,179.23,1,5.0,179.23,170.27,Wallet,New,3.0,4.1
122372,13-12-2024,dubai,fashion,162.45,2,5.0,324.9,308.65,card,Returning,4.0,3.3
126616,19/02/2025,Dubai,  Fashion  ,351.73,1,15.0,351.73,298.97,Wallet,New,1.0,4.9
115500,07-09-2024,  Abu Dhabi  ,  Fashion  ,313.1,1,20.0,313.1,250.48,wallet,Returning,1.0,4.2
122111,12/09/2024,Dubai,  Home & Kitchen  ,676.25,1,20.0,676.25,541.0,Card,Returning,3.0,4.3
141436,09/23/2025,  Dubai  ,electronics,1788.38,1,10.0,1788.38,1609.54,CASH ON DELIVERY,New,2.0,4.8
130022,04/12/2025,AJMAN,Electronics,312.74,1,0.0,312.74,312.74,wallet,Returning,3.0,4.0
111986,19-07-2024,DUBAI,  Electronics  ,3150.74,1,20.0,3150.74,2520.59,Card,Returning,3.0,5.0
148637,12/20/2025,Abu Dhabi,Electronics,1125.66,1,,1125.66,787.96,CARD,New,3.0,
102417,10-02-2024,Dubay,BEAUTY & PERSONAL CARE,173.2,2,0.0,346.4,346.4,  Card  ,Returning,3.0,4.9
106407,17-04-2024,Ras Al Khaimah,  Fashion  ,279.08,1,5.0,279.08,265.13,wallet,New,3.0,3.2
118995,11/03/2024,DUBAI,mobile accessories,126.3,1,10.0,126.3,113.67,  Wallet  ,Returning,5.0,4.6
140054,03-09-2025,  Dubai  ,Mobile Accessories,53.21,1,20.0,53.21,42.57,  Card  ,Returning,1.0,4.3
147745,07-12-2025,Abu Dhabi,  Fashion  ,378.78,2,5.0,757.56,719.68,  Card  ,New,3.0,4.2
128561,25-03-2025,dubai,Home & Kitchen,602.42,1,15.0,602.42,512.06,  Card  ,Returning,2.0,5.0
121491,30/11/2024,,  Electronics  ,3114.25,1,20.0,3114.25,2491.4,CARD,Returning,1.0,4.3
106640,21/04/2024,Dubay,fashion,494.61,1,0.0,494.61,494.61,Card,New,1.0,3.6
103991,09/03/2024,SHARJAH,ELECTRONICS,1047.96,1,10.0,1047.96,943.16,CASH ON DELIVERY,Returning,2.0,4.9
100232,05/01/2024,  Sharjah  ,Electronics,3380.99,1,0.0,3380.99,3380.99,  Card  ,Returning,3.0,3.7
129698,06-04-2025,Ajman ,Mobile Accessories,46.38,2,,92.76,78.85,  Card  ,Returning,2.0,4.1
108645,2024-05-24,Sharjah,Beauty & Personal Care,382.31,2,0.0,764.62,764.62,card,New,5.0,4.1
132925,05/25/2025,,FASHION,111.79,2,0.0,223.58,223.58,  Wallet  ,New,4.0,1.5
129760,2025-04-07,dubai,BEAUTY & PERSONAL CARE,181.71,1,0.0,181.71,181.71,  Card  ,Returning,2.0,5.0
145111,13/11/2025,  Ajman  ,home & kitchen,286.95,1,30.0,286.95,200.86,Card,Returning,1.0,5.0
149009,25/12/2025,Ras Al Khaimah,ELECTRONICS,2044.03,1,5.0,2044.03,1941.83,Cash on Delivery,Returning,3.0,4.4
141400,2025-09-23,dubai,  Home & Kitchen  ,546.88,1,10.0,546.88,492.19,CASH ON DELIVERY,Returning,4.0,
149131,2025-12-27,  Abu Dhabi  ,Fashion,474.84,2,15.0,949.68,807.23,Card,New,3.0,4.5
135502,2025-07-03,RAS AL KHAIMAH,  Beauty & Personal Care  ,274.35,1,10.0,274.35,246.92,CASH ON DELIVERY,New,4.0,
129557,04-04-2025,  Dubai  ,FASHION,60.22,1,5.0,60.22,57.21,  Wallet  ,New,3.0,4.3
101666,30-01-2024,sharjah,fashion,225.58,3,0.0,676.74,676.74,CARD,Returning,3.0,4.1
109368,05-06-2024,  Dubai  ,electronics,1292.37,2,15.0,2584.74,2197.03,CASH ON DELIVERY,New,3.0,4.4
102466,11/02/2024,dubai,  Beauty & Personal Care  ,309.73,1,0.0,309.73,309.73,Cash on Delivery,Returning,2.0,4.6
125722,04-02-2025,Dubai,groceries,218.73,1,20.0,218.73,174.98,WALLET,Returning,3.0,3.8
130646,2025-04-21,  Dubai  ,FASHION,237.28,2,0.0,474.56,474.56,cash on delivery,New,4.0,3.3
107264,01/05/2024,SHARJAH,Groceries,173.95,1,0.0,173.95,173.95,  Cash on Delivery  ,Returning,2.0,3.6
115410,06-09-2024,Ras Al Khaimah,  Fashion  ,401.3,1,20.0,401.3,321.04,card,Returning,,3.8
121570,12/01/2024,Dubai,fashion,44.26,1,15.0,44.26,37.62,  Cash on Delivery  ,Returning,1.0,5.0
148023,11-12-2025,sharjah,,218.45,1,0.0,218.45,218.45,  Card  ,New,4.0,4.3
135978,2025-07-10,sharjah,Electronics,2570.4,3,15.0,7711.2,6554.52,WALLET,Returning,1.0,4.5
110821,29/06/2024,dubai,Electronics,3435.4,2,5.0,6870.8,6527.26,Wallet,New,3.0,4.5
148757,22/12/2025,  Dubai  ,Fashion,440.41,1,10.0,440.41,396.37,card,New,2.0,4.3
136059,2025-07-11,Ras Al Khaimah,Fashion,379.95,1,0.0,379.95,379.95,cash on delivery,New,2.0,2.8
123894,01/06/2025,ABU DHABI,BEAUTY & PERSONAL CARE,34.5,2,0.0,69.0,69.0,CASH ON DELIVERY,Returning,3.0,4.1
148906,2025-12-24,abu dhabi,ELECTRONICS,1406.44,1,0.0,1406.44,1406.44,CASH ON DELIVERY,New,3.0,5.0
148577,19/12/2025,ABU DHABI,Mobile Accessories,180.87,3,15.0,542.61,461.22,WALLET,New,3.0,2.9
125970,08-02-2025,Sharjah,BEAUTY & PERSONAL CARE,158.0,3,5.0,474.0,450.3,Card,Returning,3.0,5.0
113169,07/08/2024,  Dubai  ,  Fashion  ,478.62,1,0.0,478.62,478.62,  Card  ,Returning,3.0,4.1
146608,26/11/2025,ABU DHABI,MOBILE ACCESSORIES,203.69,1,20.0,203.69,162.95,card,Returning,2.0,2.9
132300,2025-05-16,dubai,HOME & KITCHEN,526.7,1,0.0,526.7,526.7,CARD,Returning,2.0,4.3
140692,12/09/2025,  Dubai  ,ELECTRONICS,2354.04,1,0.0,2354.04,2354.04,Card,New,3.0,5.0
107515,05/05/2024,Abu Dhabi,groceries,173.76,1,5.0,173.76,165.07,Wallet,Returning,2.0,4.6
141989,09/30/2025,,FASHION,296.38,1,0.0,296.38,296.38,Card,New,1.0,4.1
140875,15/09/2025,abu dhabi,  Groceries  ,290.15,3,10.0,870.45,783.41,Cash on Delivery,Returning,3.0,
112797,2024-08-02,SHARJAH,Fashion,322.64,1,10.0,322.64,290.38,CARD,New,3.0,3.7
103630,2024-03-02,  Dubai  ,  Groceries  ,51.08,1,10.0,51.08,45.97,Cash on Delivery,Returning,4.0,4.2
100514,10/01/2024,ABU DHABI,  Fashion  ,231.59,3,5.0,694.77,660.03,  Card  ,Returning,4.0,
123002,2024-12-24,DUBAI,FASHION,104.67,1,10.0,104.67,94.2,  Card  ,Returning,2.0,4.4
117345,2024-10-08,Ajman,  Fashion  ,407.37,1,5.0,407.37,387.0,Card,New,1.0,5.0
147302,2025-12-01,  Ras Al Khaimah  ,fashion,416.74,1,10.0,416.74,375.07,cash on delivery,New,2.0,2.9
109725,11/06/2024,dubai,GROCERIES,248.09,1,10.0,248.09,223.28,  Card  ,Returning,4.0,3.6
125740,2025-02-04,  Ras Al Khaimah  ,FASHION,56.36,1,0.0,56.36,56.36,CARD,New,2.0,4.0
107464,04/05/2024,  Ras Al Khaimah  ,,106.86,1,0.0,106.86,106.86,CASH ON DELIVERY,New,4.0,3.8
117993,18/10/2024,SHARJAH,  Home & Kitchen  ,558.89,1,0.0,558.89,558.89,Cash on Delivery,New,5.0,4.5
125997,08-02-2025,DUBAI,HOME & KITCHEN,773.88,1,20.0,773.88,619.1,  Wallet  ,Returning,3.0,3.5
139184,24-08-2025,Abu Dhabi,Electronics,1217.89,1,0.0,1217.89,1217.89,Card,Returning,2.0,5.0
107083,28/04/2024,AJMAN,Fashion,558.09,1,10.0,558.09,502.28,  Cash on Delivery  ,Returning,3.0,
110198,06/19/2024,abu dhabi,  Fashion  ,553.05,1,,553.05,553.05,  Card  ,New,4.0,4.0
102521,02/12/2024,DUBAI,Home & Kitchen,554.57,2,5.0,1109.14,1053.68,  Card  ,Returning,1.0,4.5
108930,29/05/2024,sharjah,  Beauty & Personal Care  ,228.32,1,10.0,228.32,205.49,  Wallet  ,New,5.0,4.8
114025,20/08/2024,  Dubai  ,electronics,639.86,2,15.0,1279.72,1087.76,  Wallet  ,Returning,5.0,4.5
101290,23-01-2024,  Abu Dhabi  ,Groceries,89.33,1,20.0,89.33,71.46,Wallet,Returning,4.0,3.0
113396,11/08/2024,abu dhabi,mobile accessories,213.58,1,0.0,213.58,213.58,wallet,Returning,2.0,4.8
141487,2025-09-24,RAS AL KHAIMAH,Home & Kitchen,255.21,1,30.0,255.21,178.65,CARD,New,2.0,4.1
122022,08-12-2024,Abu Dhabi,  Mobile Accessories  ,189.09,1,5.0,189.09,179.64,  Card  ,New,3.0,4.1
130919,04/25/2025,abu dhabi,  Electronics  ,3147.83,1,5.0,3147.83,2990.44,WALLET,New,4.0,4.0
112139,07/21/2024,AJMAN,MOBILE ACCESSORIES,139.81,1,0.0,139.81,139.81,  Card  ,New,2.0,5.0
104453,2024-03-18,,  Fashion  ,150.83,1,10.0,150.83,135.75,Cash on Delivery,New,2.0,
138361,08/15/2025,Dubay,beauty & personal care,224.17,2,5.0,448.34,425.92,CARD,Returning,3.0,4.1
111305,2024-07-08,Dubay,Home & Kitchen,643.06,1,15.0,643.06,546.6,CASH ON DELIVERY,New,1.0,4.5
118297,2024-10-22,dubai,Fashion,188.43,1,30.0,188.43,131.9,  Wallet  ,New,4.0,4.7
113060,06/08/2024,ABU DHABI,Mobile Accessories,167.4,1,,167.4,167.4,WALLET,Returning,5.0,4.8
100942,17/01/2024,ABU DHABI,BEAUTY & PERSONAL CARE,230.17,1,0.0,230.17,230.17,WALLET,Returning,2.0,3.7
139660,08/29/2025,Dubai,beauty & personal care,288.92,1,5.0,288.92,274.47,Wallet,Returning,5.0,4.1
112863,02-08-2024,ABU DHABI,  Mobile Accessories  ,108.15,1,10.0,108.15,97.34,CARD,Returning,5.0,5.0
141762,27/09/2025,DUBAI,fashion,379.44,1,20.0,379.44,303.55,  Cash on Delivery  ,Returning,3.0,4.1
133920,09/06/2025,Dubai ,Electronics,566.69,1,0.0,566.69,566.69,WALLET,New,1.0,3.9
139474,08/28/2025,Ajman ,  Home & Kitchen  ,680.15,1,10.0,680.15,612.14,card,Returning,5.0,
148571,19/12/2025,  Ras Al Khaimah  ,groceries,91.4,1,10.0,91.4,82.26,  Card  ,Returning,2.0,4.9
101153,20/01/2024,Dubai,Home & Kitchen,859.88,1,0.0,859.88,859.88,  Card  ,New,4.0,4.6
111610,2024-07-13,  Abu Dhabi  ,fashion,571.96,1,20.0,571.96,457.57,CARD,Returning,2.0,4.6
120347,23-11-2024,  Ajman  ,  Mobile Accessories  ,136.32,1,30.0,136.32,95.42,card,Returning,3.0,
139171,08/24/2025,  Dubai  ,Home & Kitchen,668.05,1,20.0,668.05,534.44,CARD,New,3.0,3.6
121580,01/12/2024,Dubai ,ELECTRONICS,591.75,1,30.0,591.75,414.22,Card,Returning,3.0,4.8
111744,07/15/2024,DUBAI,ELECTRONICS,2163.02,2,10.0,4326.04,3893.44,cash on delivery,Returning,1.0,5.0
132677,05/22/2025,DUBAI,BEAUTY & PERSONAL CARE,90.49,1,0.0,90.49,90.49,cash on delivery,Returning,3.0,3.7
136887,24/07/2025,AJMAN,Home & Kitchen,260.7,1,5.0,260.7,247.66,card,New,3.0,4.5
125500,31/01/2025,  Dubai  ,beauty & personal care,225.11,1,10.0,225.11,202.6,Card,Returning,3.0,4.1
113684,08/15/2024,Abu Dhabi,  Home & Kitchen  ,354.84,-1,0.0,354.84,354.84,  Card  ,Returning,3.0,3.4
101820,02/02/2024,  Abu Dhabi  ,ELECTRONICS,1542.12,1,0.0,1542.12,1542.12,CARD,Returning,1.0,5.0
135539,2025-07-04,dubai,Electronics,1625.99,1,0.0,1625.99,1625.99,CARD,Returning,3.0,4.2
113848,08/17/2024,Dubai,Groceries,70.59,1,5.0,70.59,67.06,card,Returning,2.0,5.0
136784,2025-07-22,dubai,  Electronics  ,1582.44,1,0.0,1582.44,1582.44,cash on delivery,Returning,4.0,4.4
122539,2024-12-16,  Dubai  ,BEAUTY & PERSONAL CARE,347.91,1,5.0,347.91,330.51,CARD,Returning,3.0,4.2
145965,2025-11-22,  Dubai  ,  Groceries  ,281.93,2,,563.86,451.09,Card,Returning,2.0,4.6
127654,08/03/2025,Abu Dhabi,beauty & personal care,43.35,1,5.0,43.35,41.18,Cash on Delivery,Returning,2.0,4.7
149446,31/12/2025,  Sharjah  ,beauty & personal care,49.81,1,20.0,49.81,39.85,card,New,3.0,3.8
122834,2024-12-21,sharjah,home & kitchen,858.22,1,5.0,858.22,815.31,Card,New,2.0,3.5
103070,02/22/2024,Dubai,Groceries,282.46,1,0.0,282.46,282.46,CASH ON DELIVERY,New,4.0,3.4
139192,24/08/2025,  Dubai  ,beauty & personal care,58.78,1,30.0,58.78,41.15,Cash on Delivery,New,2.0,4.5
113281,2024-08-09,sharjah,Fashion,520.01,1,5.0,520.01,494.01,CARD,New,4.0,3.7
135624,2025-07-05,  Dubai  ,Beauty & Personal Care,373.44,2,15.0,746.88,634.85,Cash on Delivery,Returning,2.0,5.0
139101,2025-08-23,ABU DHABI,FASHION,354.44,3,0.0,1063.32,1063.32,card,Returning,2.0,4.5
128948,2025-03-30,dubai,GROCERIES,276.58,1,20.0,276.58,221.26,  Card  ,Returning,1.0,4.3
145149,14-11-2025,abu dhabi,ELECTRONICS,2695.25,1,5.0,2695.25,2560.49,card,Returning,1.0,3.6
113545,14-08-2024,DUBAI,HOME & KITCHEN,211.68,2,0.0,423.36,423.36,card,Returning,3.0,2.9
146903,28/11/2025,  Dubai  ,FASHION,222.81,1,30.0,222.81,155.97,CARD,New,1.0,3.4
126312,2025-02-14,  Dubai  ,  Fashion  ,328.29,1,0.0,328.29,328.29,  Wallet  ,Returning,4.0,5.0
125539,01-02-2025,  Dubai  ,  Groceries  ,93.06,3,15.0,279.18,237.3,  Cash on Delivery  ,New,2.0,5.0
148911,12/24/2025,ABU DHABI,Beauty & Personal Care,263.92,1,10.0,263.92,237.53,WALLET,Returning,1.0,4.7
137442,01-08-2025,Dubai,home & kitchen,469.02,1,20.0,469.02,375.22,  Wallet  ,Returning,3.0,3.7
141780,2025-09-28,ABU DHABI,mobile accessories,125.8,2,5.0,251.6,239.02,Card,Returning,2.0,4.0
108544,05/22/2024,Sharjah,groceries,193.46,1,20.0,193.46,154.77,  Card  ,New,,3.5
116528,24/09/2024,Abu Dhabi,GROCERIES,22.44,2,5.0,44.88,42.64,Card,New,2.0,3.4
139286,2025-08-25,Dubai,electronics,1660.49,2,15.0,3320.98,2822.83,WALLET,New,4.0,4.0
124160,10-01-2025,dubai,Home & Kitchen,689.85,2,10.0,1379.7,1241.73,  Cash on Delivery  ,Returning,2.0,
139655,29-08-2025,,Fashion,408.37,1,0.0,408.37,408.37,  Wallet  ,New,4.0,3.9
133906,09-06-2025,,Fashion,247.29,1,0.0,247.29,247.29,CASH ON DELIVERY,Returning,3.0,3.5
115992,2024-09-15,,FASHION,169.93,1,15.0,169.93,144.44,  Wallet  ,Returning,4.0,5.0
132555,2025-05-20,Sharja,GROCERIES,259.78,2,10.0,519.56,467.6,card,New,2.0,
120445,11/23/2024,DUBAI,MOBILE ACCESSORIES,35.96,2,20.0,71.92,57.54,CARD,New,1.0,5.0
111138,05-07-2024,DUBAI,mobile accessories,108.54,2,5.0,217.08,206.23,Card,Returning,4.0,4.8
105934,04/12/2024,AJMAN,fashion,546.96,1,5.0,546.96,519.61,WALLET,Returning,2.0,4.9
107972,05/13/2024,dubai,  Fashion  ,184.58,1,5.0,184.58,175.35,wallet,Returning,1.0,5.0
128884,03/30/2025,SHARJAH,electronics,3123.22,1,0.0,3123.22,3123.22,  Card  ,Returning,,3.9
107603,05/07/2024,  Dubai  ,ELECTRONICS,1275.31,2,0.0,2550.62,2550.62,card,New,4.0,3.8
143296,2025-10-19,Sharjah,electronics,1459.47,1,15.0,1459.47,1240.55,Card,Returning,3.0,4.6
138714,19/08/2025,  Dubai  ,electronics,2359.71,1,,2359.71,2359.71,CARD,New,2.0,4.4
108344,05/19/2024,ras al khaimah,FASHION,234.62,1,0.0,234.62,234.62,  Cash on Delivery  ,Returning,2.0,3.0
112664,30/07/2024,DUBAI,Mobile Accessories,215.74,3,15.0,647.22,550.14,Cash on Delivery,New,2.0,5.0
123890,01/06/2025,ras al khaimah,groceries,191.93,1,30.0,191.93,134.35,card,Returning,3.0,3.7
132630,2025-05-21,  Dubai  ,,212.49,1,0.0,212.49,212.49,CARD,Returning,2.0,4.6
133922,06/09/2025,dubai,  Beauty & Personal Care  ,207.81,1,15.0,207.81,176.64,wallet,New,2.0,
119206,07/11/2024,Sharjah,  Fashion  ,109.26,1,0.0,109.26,109.26,Cash on Delivery,Returning,2.0,4.0
143075,2025-10-16,dubai,  Mobile Accessories  ,175.23,1,5.0,175.23,166.47,CASH ON DELIVERY,New,4.0,3.7
104887,27/03/2024,  Dubai  ,  Beauty & Personal Care  ,274.53,1,15.0,274.53,233.35,cash on delivery,Returning,3.0,4.0
149126,27/12/2025,Ras Al Khaimah,fashion,587.95,3,10.0,1763.85,1587.46,  Cash on Delivery  ,Returning,3.0,4.9
143761,26/10/2025,Ras Al Khaimah,  Fashion  ,451.4,1,5.0,451.4,428.83,  Card  ,Returning,2.0,4.0
101805,2024-02-01,sharjah,Home & Kitchen,710.58,1,5.0,710.58,675.05,  Card  ,Returning,2.0,4.8
130727,2025-04-22,DUBAI,BEAUTY & PERSONAL CARE,233.56,2,15.0,467.12,397.05,CARD,New,1.0,4.3
124642,2025-01-17,Abu Dhabi,Mobile Accessories,245.02,1,5.0,245.02,232.77,,New,4.0,4.2
135568,2025-07-04,  Abu Dhabi  ,BEAUTY & PERSONAL CARE,59.38,1,5.0,59.38,56.41,  Card  ,New,4.0,4.2
109229,2024-06-03,Sharjah,electronics,2605.64,1,,2605.64,2475.36,  Cash on Delivery  ,Returning,3.0,4.0
129153,01-04-2025,sharjah,GROCERIES,23.54,1,0.0,23.54,23.54,  Cash on Delivery  ,New,2.0,5.0
127720,10-03-2025,ABU DHABI,  Electronics  ,686.83,1,0.0,686.83,686.83,card,New,2.0,3.1
143333,10/20/2025,dubai,FASHION,263.32,1,0.0,263.32,263.32,  Wallet  ,Returning,2.0,4.5
101233,2024-01-22,Sharjah,HOME & KITCHEN,884.73,1,20.0,884.73,707.78,  Card  ,Returning,3.0,4.0
102340,10-02-2024,  Ras Al Khaimah  ,BEAUTY & PERSONAL CARE,55.45,2,10.0,110.9,99.81,CARD,Returning,4.0,5.0
115002,09/01/2024,SHARJAH,mobile accessories,195.05,2,0.0,390.1,390.1,cash on delivery,Returning,2.0,4.2
102714,16-02-2024,DUBAI,FASHION,477.61,1,10.0,477.61,429.85,card,Returning,2.0,4.3
140339,06/09/2025,Abu Dhabi,electronics,2760.61,2,0.0,5521.22,5521.22,CASH ON DELIVERY,New,2.0,3.8
129949,2025-04-11,dubai,HOME & KITCHEN,81.98,1,0.0,81.98,81.98,wallet,Returning,2.0,4.6
133524,03-06-2025,DUBAI,Groceries,118.11,1,10.0,118.11,106.3,Card,Returning,2.0,2.8
120764,25/11/2024,SHARJAH,Mobile Accessories,202.53,1,50.0,202.53,101.26,  Card  ,Returning,3.0,4.5
134067,11/06/2025,  Dubai  ,  Home & Kitchen  ,339.02,1,0.0,339.02,339.02,Cash on Delivery,Returning,1.0,3.9
142777,11/10/2025,,Mobile Accessories,172.06,1,,172.06,154.85,CARD,Returning,4.0,3.8
114372,24/08/2024,  Abu Dhabi  ,electronics,2637.93,1,,2637.93,2637.93,Card,Returning,3.0,3.8
136762,07/21/2025,Dubai,beauty & personal care,212.11,1,10.0,212.11,190.9,card,New,3.0,5.0
135542,04/07/2025,Abu Dhabi,Fashion,95.24,2,10.0,190.48,171.43,  Card  ,Returning,1.0,3.8
116147,2024-09-18,Dubai ,  Fashion  ,146.4,1,15.0,146.4,124.44,CARD,Returning,1.0,4.7
111545,2024-07-12,AJMAN,,1638.87,1,0.0,1638.87,1638.87,cash on delivery,Returning,2.0,5.0
138018,08/09/2025,dubai,fashion,505.89,1,5.0,505.89,480.6,CARD,Returning,1.0,4.6
129202,2025-04-02,Abu Dhabi,HOME & KITCHEN,255.43,1,10.0,255.43,229.89,,New,1.0,5.0
146405,2025-11-25,DUBAI,  Groceries  ,219.93,2,30.0,439.86,307.9,CASH ON DELIVERY,Returning,3.0,3.8
100503,01/10/2024,Dubai,  Fashion  ,486.01,1,10.0,486.01,437.41,  Card  ,New,1.0,2.9
133868,08/06/2025,  Abu Dhabi  ,groceries,291.43,3,5.0,874.29,830.58,card,New,4.0,4.8
141780,09/28/2025,ABU DHABI,mobile accessories,125.8,2,5.0,251.6,239.02,Card,Returning,2.0,4.0
122538,12/16/2024,Abu Dhabi,Fashion,352.27,1,15.0,352.27,299.43,  Cash on Delivery  ,Returning,1.0,4.0
104117,12/03/2024,dubai,home & kitchen,201.51,1,0.0,201.51,201.51,CARD,Returning,1.0,4.3
109866,2024-06-14,ras al khaimah,BEAUTY & PERSONAL CARE,107.85,1,15.0,107.85,91.67,cash on delivery,Returning,2.0,4.7
138757,2025-08-19,Dubai,HOME & KITCHEN,676.26,1,0.0,676.26,676.26,Card,Returning,2.0,4.2
133387,01/06/2025,sharjah,  Fashion  ,238.11,1,5.0,238.11,226.2,card,New,1.0,4.4
128279,03/20/2025,Dubay,HOME & KITCHEN,206.93,1,15.0,206.93,175.89,  Card  ,New,3.0,3.3
103402,2024-02-28,abu dhabi,mobile accessories,125.76,1,0.0,125.76,125.76,card,New,3.0,5.0
103673,03/03/2024,DUBAI,GROCERIES,80.66,1,0.0,80.66,80.66,cash on delivery,Returning,2.0,5.0
147435,03/12/2025,DUBAI,  Fashion  ,304.35,1,5.0,304.35,289.13,  Card  ,Returning,4.0,4.2
141190,19-09-2025,Abu Dhabi,  Mobile Accessories  ,93.7,1,15.0,93.7,79.64,CARD,New,1.0,5.0
149364,30-12-2025,AJMAN,HOME & KITCHEN,770.42,1,0.0,770.42,770.42,card,Returning,2.0,4.6
114886,30-08-2024,Ras Al Khaimah,,276.79,2,10.0,553.58,498.22,Wallet,New,4.0,3.7
143116,17/10/2025,SHARJAH,FASHION,555.24,1,10.0,555.24,499.72,CARD,Returning,1.0,3.6
148731,12/21/2025,  Dubai  ,Beauty & Personal Care,222.74,1,0.0,222.74,222.74,CASH ON DELIVERY,Returning,2.0,5.0
124689,2025-01-18,  Abu Dhabi  ,Mobile Accessories,102.83,1,0.0,102.83,102.83,Wallet,Returning,2.0,3.8
108185,17-05-2024,  Ajman  ,  Beauty & Personal Care  ,93.96,1,0.0,93.96,93.96,cash on delivery,Returning,,4.0
115165,2024-09-03,Abu Dhabi,electronics,1620.6,1,10.0,1620.6,1458.54,  Card  ,Returning,4.0,4.1
117189,2024-10-05,RAS AL KHAIMAH,FASHION,248.51,1,0.0,248.51,248.51,CASH ON DELIVERY,New,2.0,4.3
101187,01/21/2024,DUBAI,FASHION,106.99,1,0.0,106.99,106.99,  Card  ,New,2.0,4.7
102155,2024-02-07,sharjah,FASHION,68.9,1,0.0,68.9,68.9,  Card  ,New,4.0,5.0
146369,2025-11-25,Dubay,FASHION,293.25,1,20.0,293.25,234.6,Cash on Delivery,New,4.0,3.8
139600,29/08/2025,Dubai ,BEAUTY & PERSONAL CARE,35.25,2,0.0,70.5,70.5,CARD,Returning,1.0,4.0
145134,13/11/2025,Abu Dhabi,GROCERIES,239.15,1,10.0,239.15,215.24,card,Returning,2.0,3.5
130788,23/04/2025,Dubai,,162.99,1,10.0,162.99,146.69,Cash on Delivery,New,1.0,4.5
149008,25/12/2025,,  Electronics  ,1743.86,1,0.0,1743.86,1743.86,CASH ON DELIVERY,Returning,2.0,4.1
132282,05/16/2025,  Abu Dhabi  ,HOME & KITCHEN,100.27,1,15.0,100.27,85.23,  Card  ,Returning,5.0,4.6
139188,2025-08-24,  Abu Dhabi  ,Fashion,363.5,1,0.0,363.5,363.5,Cash on Delivery,Returning,2.0,3.8
144279,2025-11-01,  Dubai  ,BEAUTY & PERSONAL CARE,121.83,2,5.0,243.66,231.48,CARD,Returning,1.0,3.7
136146,12-07-2025,dubai,Beauty & Personal Care,109.23,2,10.0,218.46,196.61,Cash on Delivery,Returning,1.0,3.1
104594,21/03/2024,  Sharjah  ,  Electronics  ,1296.1,1,5.0,1296.1,1231.29,CARD,New,1.0,3.5
148990,25-12-2025,ras al khaimah,Mobile Accessories,25.76,1,10.0,25.76,23.18,wallet,New,2.0,3.9
106889,2024-04-25,Abu Dhabi,FASHION,103.67,1,30.0,103.67,72.57,Card,Returning,2.0,4.1
139991,09/02/2025,Dubai,Electronics,2094.35,1,0.0,2094.35,2094.35,card,Returning,2.0,
140467,08/09/2025,abu dhabi,electronics,2691.7,1,5.0,2691.7,2557.11,Card,Returning,3.0,3.9
149225,12/28/2025,Dubai,  Groceries  ,35.95,1,10.0,35.95,32.36,CASH ON DELIVERY,Returning,2.0,4.5
144972,2025-11-11,RAS AL KHAIMAH,  Mobile Accessories  ,79.92,2,5.0,159.84,151.85,CARD,New,4.0,4.1
111218,06/07/2024,AJMAN,electronics,1873.54,1,10.0,1873.54,1686.19,Card,New,2.0,
148016,12/11/2025,ABU DHABI,mobile accessories,223.85,1,5.0,223.85,212.66,CARD,Returning,4.0,5.0
139488,2025-08-28,dubai,electronics,2868.05,1,,2868.05,2868.05,Cash on Delivery,Returning,2.0,3.1
143798,26/10/2025,sharjah,Electronics,1589.37,1,30.0,1589.37,1112.56,Wallet,New,,4.3
139814,08/31/2025,Dubay,Beauty & Personal Care,25.37,1,10.0,25.37,22.83,  Card  ,New,2.0,4.2
114394,08/24/2024,Sharjah,  Electronics  ,1690.46,1,5.0,1690.46,1605.94,WALLET,New,3.0,3.4
137078,26/07/2025,DUBAI,Mobile Accessories,119.94,1,0.0,119.94,119.94,Wallet,New,4.0,4.8
104572,21/03/2024,  Sharjah  ,home & kitchen,372.22,1,0.0,372.22,372.22,  Wallet  ,New,,4.7
132441,2025-05-18,sharjah,Fashion,505.46,1,30.0,505.46,353.82,Wallet,Returning,1.0,3.2
117692,2024-10-13,Ras Al Khaimah,Beauty & Personal Care,64.18,1,0.0,64.18,64.18,Card,New,4.0,
119237,07/11/2024,ras al khaimah,mobile accessories,208.12,1,15.0,208.12,176.9,CARD,Returning,3.0,3.5
117675,10/12/2024,DUBAI,mobile accessories,173.41,1,0.0,173.41,173.41,wallet,Returning,2.0,5.0
117985,18/10/2024,dubai,  Fashion  ,51.77,1,15.0,51.77,44.0,cash on delivery,New,3.0,3.5
100227,01/05/2024,  Dubai  ,ELECTRONICS,2463.77,1,10.0,2463.77,2217.39,Card,Returning,3.0,
104214,03/13/2024,dubai,  Fashion  ,156.48,1,0.0,156.48,156.48,Card,New,3.0,4.6
106387,17-04-2024,Dubay,Fashion,82.87,1,0.0,82.87,82.87,CARD,New,4.0,5.0
136172,07/13/2025,abu dhabi,home & kitchen,882.84,1,10.0,882.84,794.56,cash on delivery,New,1.0,5.0
116181,18/09/2024,  Abu Dhabi  ,Beauty & Personal Care,271.87,1,5.0,271.87,258.28,Wallet,Returning,3.0,4.0
102138,06/02/2024,  Abu Dhabi  ,mobile accessories,31.97,1,15.0,31.97,27.17,  Cash on Delivery  ,New,4.0,3.9
139119,08/23/2025,  Dubai  ,Groceries,106.09,1,0.0,106.09,106.09,CASH ON DELIVERY,New,2.0,4.8
118088,2024-10-19,,  Beauty & Personal Care  ,126.78,1,0.0,126.78,126.78,  Card  ,Returning,2.0,4.2
143444,10/21/2025,  Dubai  ,  Groceries  ,218.44,2,5.0,436.88,415.04,Cash on Delivery,New,3.0,3.6
118617,10/28/2024,DUBAI,  Beauty & Personal Care  ,86.76,3,20.0,260.28,208.22,Card,Returning,3.0,3.7
114636,08/27/2024,  Dubai  ,Groceries,100.75,1,5.0,100.75,95.71,CARD,Returning,4.0,4.7
142552,2025-10-08,DUBAI,groceries,54.7,1,10.0,54.7,49.23,  Cash on Delivery  ,Returning,2.0,4.4
119480,11/11/2024,Dubai ,beauty & personal care,83.96,1,10.0,83.96,75.56,  Cash on Delivery  ,Returning,3.0,4.4
113127,2024-08-07,,  Home & Kitchen  ,702.96,1,0.0,702.96,702.96,card,Returning,,3.7
105460,07/04/2024,DUBAI,HOME & KITCHEN,102.47,1,0.0,102.47,102.47,,Returning,1.0,5.0
140181,09/04/2025,abu dhabi,Fashion,473.85,1,0.0,473.85,473.85,wallet,Returning,2.0,5.0
106567,20/04/2024,SHARJAH,Fashion,504.98,3,0.0,1514.94,1514.94,card,New,2.0,5.0
114299,23/08/2024,Dubai,MOBILE ACCESSORIES,85.59,1,10.0,85.59,77.03,CASH ON DELIVERY,New,2.0,4.9
122010,07/12/2024,SHARJAH,FASHION,113.72,1,15.0,113.72,96.66,  Wallet  ,Returning,2.0,4.2
119156,2024-11-06,Ajman,Mobile Accessories,54.87,1,5.0,54.87,52.13,card,Returning,3.0,4.6
145633,21-11-2025,Dubai,Home & Kitchen,277.64,1,30.0,277.64,194.35,cash on delivery,Returning,3.0,
110527,25-06-2024,ABU DHABI,Beauty & Personal Care,235.01,1,15.0,235.01,199.76,WALLET,New,2.0,3.7
124422,14/01/2025,Sharjah,  Home & Kitchen  ,600.46,1,0.0,600.46,600.46,card,Returning,1.0,4.0
106792,24-04-2024,abu dhabi,MOBILE ACCESSORIES,58.25,1,,58.25,52.42,CARD,Returning,4.0,4.5
138326,2025-08-14,Abu Dhabi,electronics,746.36,1,5.0,746.36,709.04,CARD,Returning,1.0,3.6
121316,29/11/2024,  Dubai  ,BEAUTY & PERSONAL CARE,64.15,1,30.0,64.15,44.9,  Card  ,New,3.0,5.0
116785,2024-09-28,SHARJAH,beauty & personal care,301.94,1,0.0,301.94,301.94,CARD,New,3.0,4.0
125422,30/01/2025,Dubai,  Groceries  ,44.69,1,5.0,44.69,42.46,CARD,New,3.0,4.8
122133,12/09/2024,Dubai,mobile accessories,110.7,1,0.0,110.7,110.7,CARD,Returning,2.0,3.7
132251,05/15/2025,  Dubai  ,Home & Kitchen,310.14,1,0.0,310.14,310.14,  Card  ,Returning,,3.0
110363,22-06-2024,DUBAI,FASHION,397.2,1,15.0,397.2,337.62,CASH ON DELIVERY,Returning,3.0,3.8
103906,08/03/2024,,  Electronics  ,930.67,1,10.0,930.67,837.6,CARD,Returning,3.0,2.9
126759,02/21/2025,Dubai,Groceries,173.98,1,5.0,173.98,165.28,cash on delivery,Returning,3.0,3.7
145956,22/11/2025,DUBAI,Groceries,294.66,1,50.0,294.66,147.33,Cash on Delivery,New,1.0,
126123,02/10/2025,DUBAI,FASHION,365.47,1,0.0,365.47,365.47,Card,Returning,2.0,4.0
126899,23-02-2025,  Dubai  ,fashion,401.83,1,0.0,401.83,401.83,Wallet,New,2.0,3.7
133471,03/06/2025,Dubai,groceries,107.66,2,0.0,215.32,215.32,CARD,Returning,3.0,4.5
121031,27-11-2024,Ajman ,BEAUTY & PERSONAL CARE,75.81,1,30.0,75.81,53.07,  Card  ,New,2.0,4.4
101717,01/31/2024,DUBAI,fashion,248.56,1,0.0,248.56,248.56,card,Returning,3.0,4.6
143244,10/19/2025,  Ras Al Khaimah  ,Home & Kitchen,753.39,1,0.0,753.39,753.39,Cash on Delivery,New,2.0,
105809,04/11/2024,Dubay,Groceries,192.27,1,5.0,192.27,182.66,Card,New,2.0,3.5
118348,23/10/2024,DUBAI,  Electronics  ,1262.13,1,5.0,1262.13,1199.02,wallet,Returning,1.0,5.0
124064,09-01-2025,DUBAI,fashion,208.56,1,5.0,208.56,198.13,wallet,Returning,3.0,3.7
145951,2025-11-22,SHARJAH,ELECTRONICS,2776.93,1,30.0,2776.93,1943.85,Cash on Delivery,Returning,3.0,4.8
125742,04/02/2025,dubai,ELECTRONICS,2414.83,2,10.0,4829.66,4346.69,Card,Returning,5.0,4.2
149405,31-12-2025,Dubai,Groceries,226.23,1,5.0,226.23,214.92,CARD,New,3.0,4.4
124066,2025-01-09,ras al khaimah,mobile accessories,159.91,1,0.0,159.91,159.91,card,Returning,1.0,4.8
147608,2025-12-05,  Dubai  ,fashion,405.16,1,5.0,405.16,384.9,  Card  ,Returning,6.0,4.0
129396,04/03/2025,  Abu Dhabi  ,Mobile Accessories,30.65,1,10.0,30.65,27.58,  Cash on Delivery  ,Returning,1.0,4.0
104140,12/03/2024,DUBAI,ELECTRONICS,2323.1,1,15.0,2323.1,1974.63,WALLET,New,3.0,4.0
103123,02/22/2024,Dubai,  Home & Kitchen  ,770.2,2,,1540.4,1232.32,card,New,2.0,4.7
135433,2025-07-02,dubai,  Home & Kitchen  ,835.26,1,0.0,835.26,835.26,  Card  ,Returning,2.0,3.9
117824,2024-10-15,DUBAI,electronics,1073.06,3,10.0,3219.18,2897.26,  Card  ,Returning,2.0,3.7
100454,2024-01-09,SHARJAH,HOME & KITCHEN,207.11,1,10.0,207.11,186.4,card,New,2.0,4.4
114038,20/08/2024,  Dubai  ,FASHION,566.13,1,20.0,566.13,452.9,card,New,3.0,4.6
114285,08/23/2024,RAS AL KHAIMAH,FASHION,58.48,1,5.0,58.48,55.56,CARD,New,5.0,3.2
143147,10/17/2025,Sharjah,BEAUTY & PERSONAL CARE,194.87,2,,389.74,350.77,WALLET,Returning,3.0,4.5
104574,21/03/2024,ABU DHABI,electronics,1434.53,2,10.0,2869.06,2582.15,  Cash on Delivery  ,Returning,4.0,4.5
134204,14-06-2025,DUBAI,  Mobile Accessories  ,35.52,1,0.0,35.52,35.52,Cash on Delivery,New,,4.2
133008,05/26/2025,Dubai,Home & Kitchen,113.54,1,5.0,113.54,107.86,card,Returning,4.0,3.8
142181,10/03/2025,dubai,groceries,280.54,1,5.0,280.54,266.51,  Card  ,New,1.0,4.0
110177,19/06/2024,Dubai ,Groceries,194.09,1,10.0,194.09,174.68,  Card  ,New,4.0,4.4
118826,31-10-2024,abu dhabi,HOME & KITCHEN,641.23,1,5.0,641.23,609.17,  Card  ,Returning,5.0,4.8
100789,14-01-2024,abu dhabi,  Fashion  ,393.13,1,0.0,393.13,393.13,card,Returning,4.0,5.0
141514,2025-09-24,DUBAI,Home & Kitchen,636.46,1,5.0,636.46,604.64,CARD,Returning,3.0,4.1
138802,20-08-2025,Abu Dhabi,mobile accessories,151.21,1,10.0,151.21,136.09,Card,New,4.0,4.3
117222,2024-10-06,,Fashion,515.91,1,15.0,515.91,438.52,  Card  ,Returning,,4.4
112300,07/24/2024,DUBAI,  Fashion  ,598.43,1,0.0,598.43,598.43,CASH ON DELIVERY,Returning,1.0,3.4
120018,20-11-2024,  Dubai  ,ELECTRONICS,3134.12,1,15.0,3134.12,2664.0,  Card  ,Returning,3.0,4.3
111752,15/07/2024,dubai,Electronics,2103.7,1,0.0,2103.7,2103.7,  Wallet  ,Returning,4.0,5.0
104175,03/13/2024,DUBAI,HOME & KITCHEN,719.36,2,0.0,1438.72,1438.72,Card,Returning,3.0,5.0
131263,30-04-2025,ABU DHABI,  Home & Kitchen  ,131.64,2,0.0,263.28,263.28,card,Returning,3.0,3.9
114067,08/20/2024,sharjah,electronics,921.41,1,0.0,921.41,921.41,  Card  ,New,1.0,4.2
104063,03/10/2024,  Sharjah  ,Beauty & Personal Care,209.43,1,0.0,209.43,209.43,cash on delivery,Returning,2.0,4.3
116258,20/09/2024,  Dubai  ,  Groceries  ,235.82,1,0.0,235.82,235.82,card,Returning,2.0,4.3
113047,08/05/2024,abu dhabi,electronics,1521.2,1,10.0,1521.2,1369.08,  Card  ,Returning,1.0,4.8
114507,26/08/2024,ABU DHABI,  Electronics  ,2950.65,1,0.0,2950.65,2950.65,Cash on Delivery,Returning,1.0,2.2
131479,05/03/2025,Dubai,Electronics,2945.29,1,15.0,2945.29,2503.5,Wallet,Returning,2.0,4.5
102715,2024-02-16,ajman,HOME & KITCHEN,626.73,1,5.0,626.73,595.39,card,New,4.0,5.0
138997,2025-08-22,  Dubai  ,electronics,1212.74,1,20.0,1212.74,970.19,Card,New,2.0,5.0
130019,12-04-2025,RAS AL KHAIMAH,fashion,572.83,1,0.0,572.83,572.83,  Card  ,New,2.0,3.9
144968,11/11/2025,abu dhabi,Electronics,3211.86,1,0.0,3211.86,3211.86,CASH ON DELIVERY,Returning,1.0,4.3
135905,09-07-2025,ajman,home & kitchen,167.31,1,15.0,167.31,142.21,Card,Returning,1.0,3.5
142459,07-10-2025,Dubai,groceries,219.94,2,10.0,439.88,395.89,  Card  ,Returning,2.0,
122505,15/12/2024,ABU DHABI,  Beauty & Personal Care  ,72.91,1,0.0,72.91,72.91,  Card  ,Returning,1.0,4.6
111245,07-07-2024,Dubai,Fashion,584.18,1,10.0,584.18,525.76,Card,Returning,2.0,3.7
115436,06/09/2024,  Dubai  ,  Mobile Accessories  ,205.29,1,0.0,205.29,205.29,Cash on Delivery,New,4.0,9.899999999999999
116742,28/09/2024,  Sharjah  ,FASHION,213.32,1,5.0,213.32,202.65,Card,Returning,1.0,4.2
103758,2024-03-05,ABU DHABI,  Electronics  ,3285.86,1,10.0,3285.86,2957.27,Card,New,1.0,
101884,02/03/2024,  Dubai  ,  Beauty & Personal Care  ,376.92,2,,753.84,640.76,  Cash on Delivery  ,Returning,,4.1
112897,2024-08-03,Dubai ,GROCERIES,170.05,1,5.0,170.05,161.55,  Card  ,Returning,2.0,4.1
146469,11/25/2025,AJMAN,mobile accessories,182.79,1,30.0,182.79,127.95,card,Returning,4.0,4.0
114987,2024-08-31,SHARJAH,  Electronics  ,3123.19,2,5.0,6246.38,5934.06,Cash on Delivery,New,3.0,3.8
111266,2024-07-07,Dubai,Groceries,249.76,2,15.0,499.52,424.59,card,New,1.0,3.6
137182,28-07-2025,RAS AL KHAIMAH,Groceries,229.41,1,20.0,229.41,183.53,Wallet,New,3.0,3.4
126294,13/02/2025,Dubai,  Home & Kitchen  ,156.97,1,0.0,156.97,156.97,CARD,New,1.0,4.1
142055,02/10/2025,Sharjah,  Fashion  ,244.94,1,0.0,244.94,244.94,Card,Returning,1.0,4.2
148684,20-12-2025,  Ras Al Khaimah  ,ELECTRONICS,394.38,1,5.0,394.38,374.66,Card,New,3.0,3.9
144854,2025-11-09,  Sharjah  ,Groceries,196.3,1,10.0,196.3,176.67,WALLET,Returning,2.0,3.8
141163,19-09-2025,Dubai,Electronics,767.41,1,10.0,767.41,690.67,CARD,New,4.0,3.4
135531,04/07/2025,Dubai,  Groceries  ,122.86,1,10.0,122.86,110.57,WALLET,New,1.0,
143817,26/10/2025,  Abu Dhabi  ,HOME & KITCHEN,714.72,1,15.0,714.72,607.51,Card,Returning,3.0,3.9
134024,11/06/2025,,fashion,335.22,1,0.0,335.22,335.22,  Wallet  ,New,3.0,4.1
136101,2025-07-12,sharjah,  Home & Kitchen  ,419.79,1,5.0,419.79,398.8,Cash on Delivery,Returning,2.0,4.5
114928,31/08/2024,ajman,  Beauty & Personal Care  ,34.49,2,10.0,68.98,62.08,CARD,New,4.0,4.2
147052,2025-11-28,dubai,fashion,96.84,1,20.0,96.84,77.47,  Card  ,Returning,1.0,2.8
138794,08/20/2025,Dubai,Beauty & Personal Care,120.7,1,0.0,120.7,120.7,Cash on Delivery,New,,5.0
140421,08-09-2025,abu dhabi,home & kitchen,199.82,1,0.0,199.82,199.82,Card,Returning,3.0,4.6
102952,2024-02-19,sharjah,HOME & KITCHEN,756.22,1,0.0,756.22,756.22,  Wallet  ,Returning,4.0,5.0
124677,18/01/2025,Sharja,GROCERIES,31.0,1,10.0,31.0,27.9,Card,New,3.0,4.6
125992,02/08/2025,abu dhabi,beauty & personal care,47.09,2,15.0,94.18,80.05,CARD,Returning,3.0,
149232,28/12/2025,Sharjah,  Beauty & Personal Care  ,328.94,1,10.0,328.94,296.05,CASH ON DELIVERY,New,999.0,3.9
132858,24/05/2025,  Dubai  ,  Electronics  ,2260.34,1,15.0,2260.34,1921.29,cash on delivery,New,5.0,4.0
106749,04/23/2024,abu dhabi,MOBILE ACCESSORIES,85.73,1,5.0,85.73,81.44,Card,Returning,3.0,5.0
127567,03/07/2025,Abu Dhabi,  Fashion  ,367.6,1,10.0,367.6,330.84,Card,Returning,3.0,
101642,2024-01-29,abu dhabi,home & kitchen,101.52,1,0.0,101.52,101.52,cash on delivery,New,3.0,
132952,25-05-2025,Sharja,BEAUTY & PERSONAL CARE,242.78,2,0.0,485.56,485.56,cash on delivery,New,3.0,3.9
120029,20/11/2024,abu dhabi,  Electronics  ,1221.5,1,5.0,1221.5,1160.42,cash on delivery,New,4.0,4.7
101453,26/01/2024,  Dubai  ,  Groceries  ,57.96,1,0.0,57.96,57.96,CARD,Returning,2.0,3.7
136568,19-07-2025,  Dubai  ,MOBILE ACCESSORIES,190.25,1,5.0,190.25,180.74,Card,Returning,1.0,4.8
113756,16/08/2024,abu dhabi,HOME & KITCHEN,451.2,1,0.0,451.2,451.2,Card,Returning,4.0,4.2
143645,24-10-2025,Sharjah,Electronics,3242.31,2,0.0,6484.62,6484.62,CARD,Returning,3.0,4.5
142967,14-10-2025,  Sharjah  ,  Fashion  ,464.96,1,0.0,464.96,464.96,  Card  ,Returning,5.0,4.2
102940,2024-02-19,Sharjah,GROCERIES,51.41,1,5.0,51.41,48.84,cash on delivery,Returning,1.0,4.3
119173,06-11-2024,ajman,electronics,2701.99,1,5.0,2701.99,2566.89,CARD,Returning,3.0,3.9
117407,09/10/2024,SHARJAH,FASHION,231.21,2,10.0,462.42,416.18,cash on delivery,Returning,5.0,3.9
146578,26/11/2025,AJMAN,  Groceries  ,64.09,1,50.0,64.09,32.04,  Cash on Delivery  ,New,1.0,4.7
111228,2024-07-07,abu dhabi,Fashion,112.47,2,10.0,224.94,202.45,CARD,New,3.0,5.0
133185,29-05-2025,  Sharjah  ,Electronics,664.95,1,0.0,664.95,664.95,Card,Returning,1.0,4.9
104277,15/03/2024,  Sharjah  ,electronics,3256.83,1,0.0,3256.83,3256.83,cash on delivery,Returning,5.0,4.5
139272,25/08/2025,,beauty & personal care,49.64,1,10.0,49.64,44.68,  Card  ,Returning,3.0,3.9
148559,12/19/2025,  Abu Dhabi  ,ELECTRONICS,2997.78,1,30.0,2997.78,2098.45,  Cash on Delivery  ,Returning,1.0,4.0
134626,20/06/2025,Dubai,Groceries,143.33,2,5.0,286.66,272.33,WALLET,Returning,3.0,
140133,04/09/2025,DUBAI,Home & Kitchen,281.51,1,0.0,281.51,281.51,  Card  ,New,1.0,3.6
135589,04-07-2025,  Dubai  ,  Fashion  ,164.8,1,5.0,164.8,156.56,CASH ON DELIVERY,Returning,1.0,3.6
123527,12/31/2024,abu dhabi,FASHION,344.4,1,15.0,344.4,292.74,Card,New,,3.5
132377,17/05/2025,dubai,ELECTRONICS,2730.17,1,10.0,2730.17,2457.15,cash on delivery,New,3.0,4.2
123458,30-12-2024,sharjah,MOBILE ACCESSORIES,205.56,1,5.0,205.56,195.28,CARD,Returning,2.0,4.4
111587,07/13/2024,Dubay,Electronics,2964.28,2,0.0,5928.56,5928.56,wallet,Returning,4.0,5.0
148289,15/12/2025,AJMAN,electronics,2023.6,1,0.0,2023.6,2023.6,card,Returning,2.0,5.0
133325,2025-05-31,AJMAN,mobile accessories,57.41,1,20.0,57.41,45.93,  Cash on Delivery  ,New,2.0,4.2
129033,2025-03-31,  Dubai  ,GROCERIES,28.49,1,20.0,28.49,22.79,CARD,Returning,3.0,4.1
146553,26-11-2025,Dubai,  Fashion  ,503.82,1,40.0,503.82,302.29,cash on delivery,New,1.0,4.8
121782,04-12-2024,RAS AL KHAIMAH,  Electronics  ,2243.14,1,0.0,2243.14,2243.14,CARD,Returning,2.0,4.3
122358,13-12-2024,  Dubai  ,  Electronics  ,3327.38,1,0.0,3327.38,3327.38,card,New,1.0,4.9
122296,12-12-2024,Sharjah,beauty & personal care,27.94,1,0.0,27.94,27.94,Cash on Delivery,Returning,3.0,3.5
129504,04/04/2025,dubai,HOME & KITCHEN,330.59,1,0.0,330.59,330.59,Card,Returning,3.0,3.7
116671,27/09/2024,Ajman,  Fashion  ,510.86,1,10.0,510.86,459.77,Card,Returning,,4.0
123386,2024-12-29,RAS AL KHAIMAH,fashion,108.73,1,0.0,108.73,108.73,  Cash on Delivery  ,New,2.0,5.0
106533,19-04-2024,dubai,GROCERIES,217.84,1,15.0,217.84,185.16,Wallet,New,2.0,4.4
101760,01/02/2024,dubai,Fashion,279.29,3,10.0,837.87,754.08,card,Returning,2.0,4.2
105780,11/04/2024,ABU DHABI,Groceries,187.31,1,10.0,187.31,168.58,CARD,Returning,3.0,4.2
137257,29/07/2025,ras al khaimah,Electronics,1931.49,1,15.0,1931.49,1641.77,CARD,Returning,5.0,
104177,13/03/2024,  Abu Dhabi  ,  Fashion  ,504.67,2,5.0,1009.34,958.87,card,Returning,1.0,4.7
148522,18-12-2025,dubai,HOME & KITCHEN,845.7,2,0.0,1691.4,1691.4,cash on delivery,Returning,5.0,5.0
115779,12/09/2024,  Abu Dhabi  ,Home & Kitchen,895.58,2,0.0,1791.16,1791.16,card,New,5.0,3.6
118878,2024-11-01,  Dubai  ,HOME & KITCHEN,782.97,1,0.0,782.97,782.97,,Returning,2.0,3.5
124077,09-01-2025,  Ajman  ,Groceries,62.31,1,10.0,62.31,56.08,  Card  ,New,3.0,3.5
107562,2024-05-06,  Abu Dhabi  ,Beauty & Personal Care,340.49,1,0.0,340.49,340.49,card,New,4.0,4.1
141715,27-09-2025,AJMAN,beauty & personal care,25.1,1,20.0,25.1,20.08,card,New,2.0,3.8
106256,15/04/2024,ABU DHABI,home & kitchen,825.48,1,0.0,825.48,825.48,  Card  ,Returning,1.0,4.9
126140,11-02-2025,Dubai,home & kitchen,848.84,1,15.0,848.84,721.51,cash on delivery,New,4.0,4.2
101625,2024-01-29,Dubai,Home & Kitchen,144.13,1,,144.13,144.13,CARD,New,4.0,5.0
137682,04-08-2025,Ras Al Khaimah,  Home & Kitchen  ,376.9,1,0.0,376.9,376.9,wallet,New,2.0,3.8
144169,31-10-2025,DUBAI,Groceries,87.52,1,0.0,87.52,87.52,cash on delivery,Returning,4.0,3.1
112216,07/23/2024,Dubai,FASHION,73.39,1,5.0,73.39,69.72,CARD,Returning,4.0,4.4
120122,22/11/2024,  Dubai  ,HOME & KITCHEN,786.8,1,40.0,786.8,472.08,  Wallet  ,Returning,2.0,3.1
115016,09/01/2024,Sharjah,fashion,302.53,1,20.0,302.53,242.02,Cash on Delivery,Returning,2.0,5.0
103784,06-03-2024,abu dhabi,  Electronics  ,463.25,1,10.0,463.25,416.92,  Card  ,Returning,2.0,4.5
147810,12/08/2025,abu dhabi,HOME & KITCHEN,157.83,1,5.0,157.83,149.94,WALLET,New,3.0,3.3
127069,2025-02-26,DUBAI,home & kitchen,334.36,1,30.0,334.36,234.05,CASH ON DELIVERY,New,1.0,
113306,2024-08-10,Sharja,Groceries,48.46,1,15.0,48.46,41.19,card,Returning,1.0,4.1
145793,21/11/2025,DUBAI,Groceries,49.05,1,30.0,49.05,34.33,Wallet,Returning,1.0,3.4
115285,04-09-2024,Dubai,mobile accessories,152.53,1,0.0,152.53,152.53,  Card  ,Returning,2.0,4.2
139587,29-08-2025,DUBAI,  Fashion  ,429.19,1,0.0,429.19,429.19,CARD,Returning,4.0,3.9
102485,2024-02-12,Dubay,FASHION,472.51,1,0.0,472.51,472.51,Card,Returning,4.0,3.6
131311,01/05/2025,  Dubai  ,Electronics,517.59,1,5.0,517.59,491.71,WALLET,Returning,4.0,
118592,27-10-2024,  Sharjah  ,Home & Kitchen,122.37,1,15.0,122.37,104.01,cash on delivery,Returning,5.0,
104810,25-03-2024,  Dubai  ,ELECTRONICS,3218.91,1,10.0,3218.91,2897.02,Card,Returning,2.0,4.5
133679,06/06/2025,sharjah,  Electronics  ,937.58,3,5.0,2812.74,2672.1,  Cash on Delivery  ,Returning,3.0,3.8
107579,2024-05-06,,fashion,339.34,1,5.0,339.34,322.37,WALLET,New,2.0,3.7
102057,02/05/2024,Sharjah,ELECTRONICS,1585.71,1,0.0,1585.71,1585.71,wallet,New,1.0,4.4
102819,17/02/2024,ABU DHABI,  Home & Kitchen  ,206.99,1,5.0,206.99,196.64,WALLET,Returning,4.0,3.8
130224,15/04/2025,  Abu Dhabi  ,groceries,296.28,1,5.0,296.28,281.47,  Cash on Delivery  ,Returning,3.0,3.5
119435,10-11-2024,,  Home & Kitchen  ,332.93,1,30.0,332.93,233.05,CASH ON DELIVERY,New,1.0,4.4
129481,2025-04-04,sharjah,  Mobile Accessories  ,236.19,1,5.0,236.19,224.38,Wallet,Returning,2.0,3.5
106840,25-04-2024,Dubai ,Beauty & Personal Care,237.46,1,0.0,237.46,237.46,Card,New,5.0,4.9
130662,04/21/2025,Abu Dhabi,Groceries,270.27,2,0.0,540.54,540.54,,New,2.0,5.0
120334,11/23/2024,abu dhabi,ELECTRONICS,2997.86,1,40.0,2997.86,1798.72,CASH ON DELIVERY,Returning,,5.0
123756,01/04/2025,,Electronics,1836.94,1,5.0,1836.94,1745.09,Card,New,2.0,4.5
124002,08-01-2025,DUBAI,FASHION,374.23,1,0.0,374.23,374.23,CARD,Returning,3.0,4.3
145106,13-11-2025,abu dhabi,FASHION,545.89,1,0.0,545.89,545.89,cash on delivery,Returning,1.0,
105603,2024-04-09,dubai,HOME & KITCHEN,483.03,1,0.0,483.03,483.03,CARD,New,3.0,4.6
133399,06/01/2025,Ajman,  Electronics  ,1988.68,1,0.0,1988.68,1988.68,card,New,,4.3
147684,2025-12-06,Dubai,GROCERIES,166.14,1,15.0,166.14,141.22,  Card  ,Returning,2.0,4.2
133624,05-06-2025,Sharjah,  Groceries  ,271.68,3,20.0,815.04,652.03,CASH ON DELIVERY,Returning,1.0,3.4
141613,26/09/2025,Dubai,  Electronics  ,2408.15,1,5.0,2408.15,2287.74,  Card  ,New,2.0,3.8
117255,06/10/2024,  Abu Dhabi  ,GROCERIES,118.51,1,0.0,118.51,118.51,Card,New,2.0,4.8
108052,2024-05-14,  Dubai  ,,126.37,1,10.0,126.37,113.73,Card,New,1.0,4.8
110336,21-06-2024,Abu Dhabi,Electronics,3090.31,1,0.0,3090.31,3090.31,wallet,Returning,4.0,2.4
138458,08/16/2025,Ajman,,108.5,1,5.0,108.5,103.07,card,New,2.0,3.8
146150,23/11/2025,  Dubai  ,BEAUTY & PERSONAL CARE,168.87,1,40.0,168.87,101.32,cash on delivery,New,2.0,5.0
121747,12/04/2024,abu dhabi,Beauty & Personal Care,211.67,1,,211.67,179.92,Cash on Delivery,Returning,3.0,4.9
125895,07-02-2025,sharjah,Electronics,2270.78,1,15.0,2270.78,1930.16,CASH ON DELIVERY,Returning,,5.0
124954,2025-01-23,Abu Dhabi,Fashion,196.55,1,0.0,196.55,196.55,CASH ON DELIVERY,Returning,,4.2
112697,31/07/2024,  Abu Dhabi  ,Fashion,434.02,1,0.0,434.02,434.02,  Card  ,New,1.0,4.5
133870,08/06/2025,Abu Dhabi,Beauty & Personal Care,90.83,1,0.0,90.83,90.83,CARD,Returning,,3.6
128685,2025-03-27,Ras Al Khaimah,Home & Kitchen,869.83,1,10.0,869.83,782.85,  Cash on Delivery  ,New,3.0,3.1
148890,12/24/2025,sharjah,fashion,128.23,1,5.0,128.23,121.82,card,Returning,2.0,4.1
106287,04/15/2024,Ras Al Khaimah,ELECTRONICS,2965.77,1,10.0,2965.77,2669.19,CARD,New,2.0,4.9
143849,10/27/2025,  Sharjah  ,  Beauty & Personal Care  ,190.29,1,5.0,190.29,180.78,card,Returning,3.0,4.0
133286,31-05-2025,  Dubai  ,electronics,2629.13,1,0.0,2629.13,2629.13,  Cash on Delivery  ,Returning,4.0,5.0
144113,31/10/2025,  Abu Dhabi  ,,2419.12,2,15.0,4838.24,4112.5,cash on delivery,New,2.0,3.9
130901,2025-04-25,ajman,Electronics,488.14,1,10.0,488.14,439.33,CASH ON DELIVERY,Returning,1.0,
143703,2025-10-25,SHARJAH,Electronics,3335.92,1,10.0,3335.92,3002.33,card,Returning,5.0,4.3
129682,2025-04-06,Abu Dhabi,Beauty & Personal Care,101.08,2,0.0,202.16,202.16,Card,Returning,1.0,4.2
123582,01/01/2025,  Dubai  ,fashion,451.66,1,10.0,451.66,406.49,card,New,1.0,3.9
135767,2025-07-07,  Ajman  ,Home & Kitchen,529.51,1,15.0,529.51,450.08,Card,Returning,3.0,4.8
117629,2024-10-12,AJMAN,  Fashion  ,343.88,1,0.0,343.88,343.88,  Card  ,Returning,1.0,5.0
112176,22/07/2024,DUBAI,  Mobile Accessories  ,238.99,1,0.0,238.99,238.99,wallet,New,1.0,4.3
138972,22-08-2025,  Dubai  ,  Fashion  ,495.61,1,20.0,495.61,396.49,Wallet,Returning,3.0,4.0
111220,2024-07-07,DUBAI,  Beauty & Personal Care  ,319.51,1,10.0,319.51,287.56,Card,New,1.0,4.7
124516,2025-01-15,  Dubai  ,  Fashion  ,390.74,3,0.0,1172.22,1172.22,  Wallet  ,Returning,,4.4
121563,12/01/2024,SHARJAH,Groceries,48.72,1,15.0,48.72,41.41,  Card  ,New,3.0,4.8
136785,22-07-2025,DUBAI,Electronics,2745.46,1,20.0,2745.46,2196.37,cash on delivery,Returning,3.0,4.5
147276,01/12/2025,AJMAN,FASHION,456.53,1,10.0,456.53,410.88,cash on delivery,Returning,2.0,4.2
116808,29-09-2024,ras al khaimah,GROCERIES,279.49,1,20.0,279.49,223.59,CARD,New,2.0,4.2
126564,02/18/2025,Sharjah,MOBILE ACCESSORIES,59.91,1,20.0,59.91,47.93,  Card  ,Returning,2.0,3.0
138515,16-08-2025,  Ras Al Khaimah  ,beauty & personal care,61.76,1,20.0,61.76,49.41,Card,New,1.0,4.5
113855,17/08/2024,Dubai,Mobile Accessories,158.8,1,5.0,158.8,150.86,Card,New,3.0,4.7
129447,03-04-2025,  Sharjah  ,MOBILE ACCESSORIES,57.72,1,0.0,57.72,57.72,  Card  ,Returning,3.0,4.8
137847,08/07/2025,Sharjah,beauty & personal care,287.93,1,10.0,287.93,259.14,CARD,New,3.0,4.4
122911,2024-12-22,  Sharjah  ,Fashion,340.44,1,5.0,340.44,323.42,Card,New,3.0,4.2
125025,2025-01-24,dubai,MOBILE ACCESSORIES,162.5,1,5.0,162.5,154.38,Card,New,3.0,2.7
131846,09/05/2025,Abu Dhabi,BEAUTY & PERSONAL CARE,300.02,1,20.0,300.02,240.02,CARD,Returning,1.0,4.8
135434,2025-07-02,  Dubai  ,beauty & personal care,102.42,1,10.0,102.42,92.18,cash on delivery,Returning,4.0,4.0
113659,15/08/2024,sharjah,Mobile Accessories,83.61,1,0.0,83.61,83.61,  Card  ,New,1.0,4.5
119297,08/11/2024,Abu Dhabi,Mobile Accessories,148.6,1,5.0,148.6,141.17,WALLET,Returning,1.0,4.4
117136,2024-10-04,DUBAI,Fashion,377.81,1,0.0,377.81,377.81,card,New,3.0,5.0
124586,16/01/2025,  Abu Dhabi  ,  Fashion  ,313.36,1,10.0,313.36,282.02,card,Returning,3.0,4.1
104879,27/03/2024,Abu Dhabi,mobile accessories,176.33,1,0.0,176.33,176.33,  Card  ,New,4.0,5.0
126727,20/02/2025,abu dhabi,beauty & personal care,310.2,1,20.0,310.2,248.16,Card,New,2.0,5.0
140505,2025-09-09,  Dubai  ,  Electronics  ,1510.99,2,0.0,3021.98,3021.98,cash on delivery,New,2.0,4.0
110099,17-06-2024,ajman,Electronics,2457.03,1,15.0,2457.03,2088.48,CARD,New,3.0,5.0
127040,25/02/2025,  Sharjah  ,Mobile Accessories,134.89,2,10.0,269.78,242.8,  Card  ,Returning,1.0,4.5
131849,2025-05-09,Abu Dhabi,ELECTRONICS,3062.23,1,5.0,3062.23,2909.12,  Cash on Delivery  ,Returning,3.0,4.4
112966,2024-08-04,Dubai,Electronics,1705.34,1,15.0,1705.34,1449.54,card,New,3.0,3.5
149233,12/28/2025,  Dubai  ,fashion,74.92,3,5.0,224.76,213.52,  Card  ,Returning,3.0,
141746,09/27/2025,sharjah,electronics,1633.86,1,0.0,1633.86,1633.86,Card,Returning,2.0,5.0
129817,2025-04-08,SHARJAH,,464.08,1,20.0,464.08,371.26,WALLET,Returning,4.0,5.0
126277,02/13/2025,RAS AL KHAIMAH,ELECTRONICS,1346.48,1,10.0,1346.48,1211.83,cash on delivery,Returning,2.0,4.1
141115,09/18/2025,Dubai,fashion,579.39,2,0.0,1158.78,1158.78,  Cash on Delivery  ,Returning,2.0,4.1
123853,2025-01-05,SHARJAH,  Groceries  ,153.05,1,0.0,153.05,153.05,cash on delivery,Returning,4.0,4.7
112427,2024-07-26,Dubai ,Beauty & Personal Care,45.98,1,30.0,45.98,32.19,  Card  ,Returning,3.0,3.3
148993,25/12/2025,DUBAI,Electronics,3032.87,1,0.0,3032.87,3032.87,  Wallet  ,Returning,4.0,3.9
147275,01/12/2025,  Ajman  ,Mobile Accessories,124.11,1,0.0,124.11,124.11,CARD,Returning,4.0,2.5
114808,30/08/2024,  Dubai  ,  Mobile Accessories  ,203.06,2,10.0,406.12,365.51,  Card  ,New,2.0,4.2
115824,13-09-2024,abu dhabi,  Fashion  ,505.43,1,0.0,505.43,505.43,card,New,1.0,4.1
131370,02/05/2025,Dubai,Mobile Accessories,186.42,2,5.0,372.84,354.2,CASH ON DELIVERY,Returning,1.0,
149386,30/12/2025,Dubai,Mobile Accessories,62.98,1,30.0,62.98,44.09,  Card  ,New,2.0,4.7
105821,04/11/2024,abu dhabi,HOME & KITCHEN,122.62,1,0.0,122.62,122.62,cash on delivery,New,2.0,4.5
124451,14/01/2025,Sharjah,Home & Kitchen,622.56,1,10.0,622.56,560.3,Cash on Delivery,Returning,1.0,
145065,12-11-2025,dubai,  Groceries  ,75.3,2,0.0,150.6,150.6,CARD,Returning,1.0,4.6
130966,04/26/2025,dubai,groceries,181.42,1,0.0,181.42,181.42,  Card  ,Returning,1.0,4.0
115603,08-09-2024,  Ras Al Khaimah  ,  Beauty & Personal Care  ,178.85,1,5.0,178.85,169.91,  Wallet  ,New,1.0,4.1
109155,02/06/2024,Abu Dhabi,GROCERIES,243.02,1,5.0,243.02,230.87,card,Returning,1.0,4.9
102776,2024-02-17,ABU DHABI,Beauty & Personal Care,298.32,1,0.0,298.32,298.32,card,Returning,3.0,
110976,02/07/2024,DUBAI,Fashion,170.3,1,30.0,170.3,119.21,Card,Returning,3.0,3.5
101159,2024-01-20,ABU DHABI,fashion,522.95,2,0.0,1045.9,1045.9,card,Returning,2.0,4.8
121638,02-12-2024,  Dubai  ,  Mobile Accessories  ,135.39,2,0.0,270.78,270.78,CARD,Returning,1.0,5.0
149435,12/31/2025,SHARJAH,  Groceries  ,159.09,1,20.0,159.09,127.27,  Cash on Delivery  ,Returning,4.0,3.5
135287,30-06-2025,Abu Dhabi,Home & Kitchen,850.83,2,0.0,1701.66,1701.66,wallet,Returning,3.0,4.3
132609,05/21/2025,ABU DHABI,GROCERIES,224.69,1,0.0,224.69,224.69,WALLET,Returning,4.0,4.8
116269,2024-09-20,Ajman,Beauty & Personal Care,42.99,2,5.0,85.98,81.68,Card,New,2.0,4.3
126610,18/02/2025,ABU DHABI,home & kitchen,221.28,2,0.0,442.56,442.56,CASH ON DELIVERY,New,4.0,4.9
117624,12/10/2024,  Abu Dhabi  ,mobile accessories,227.02,1,30.0,227.02,158.91,  Wallet  ,Returning,2.0,2.9
119216,2024-11-07,dubai,Mobile Accessories,210.11,1,0.0,210.11,210.11,Card,Returning,4.0,3.7
146341,24-11-2025,  Ajman  ,FASHION,160.75,2,20.0,321.5,257.2,Card,Returning,4.0,4.7
104133,2024-03-12,sharjah,Beauty & Personal Care,196.47,1,10.0,196.47,176.82,Card,Returning,1.0,4.6
132283,16/05/2025,Sharjah,FASHION,487.99,1,5.0,487.99,463.59,Cash on Delivery,New,,4.1
111443,11/07/2024,Dubai,,143.48,2,10.0,286.96,258.26,  Wallet  ,Returning,2.0,4.9
141497,24-09-2025,  Dubai  ,fashion,153.5,1,20.0,153.5,122.8,Wallet,New,3.0,4.5
137596,2025-08-03,RAS AL KHAIMAH,MOBILE ACCESSORIES,115.76,1,30.0,115.76,81.03,Cash on Delivery,Returning,2.0,
109470,2024-06-07,Dubai,ELECTRONICS,2395.23,1,15.0,2395.23,2035.95,Cash on Delivery,New,2.0,5.0
121084,27-11-2024,  Ras Al Khaimah  ,home & kitchen,589.89,1,10.0,589.89,530.9,  Card  ,Returning,2.0,5.0
126492,16-02-2025,ras al khaimah,HOME & KITCHEN,752.5,1,10.0,752.5,677.25,Cash on Delivery,Returning,2.0,5.0
136833,2025-07-23,  Sharjah  ,Beauty & Personal Care,300.54,2,0.0,601.08,601.08,Card,New,2.0,5.0
136541,07/18/2025,Dubai,Electronics,2756.31,1,5.0,2756.31,2618.49,  Card  ,Returning,2.0,4.7
110271,2024-06-21,Dubai,mobile accessories,235.92,1,10.0,235.92,212.33,cash on delivery,New,5.0,4.2
133448,02/06/2025,Dubai ,beauty & personal care,107.43,1,10.0,107.43,96.69,Card,New,1.0,4.4
137382,31/07/2025,  Abu Dhabi  ,fashion,140.59,1,15.0,140.59,119.5,,Returning,3.0,4.4
134190,13-06-2025,  Ajman  ,home & kitchen,307.47,1,5.0,307.47,292.1,CARD,Returning,2.0,4.0
111639,13/07/2024,Ajman,beauty & personal care,77.33,1,0.0,77.33,77.33,cash on delivery,New,2.0,4.9
126757,21-02-2025,abu dhabi,FASHION,380.18,2,0.0,760.36,760.36,card,Returning,2.0,3.1
138318,14-08-2025,Sharja,FASHION,50.4,1,0.0,50.4,50.4,  Cash on Delivery  ,Returning,2.0,3.9
100177,2024-01-04,Dubai,fashion,214.62,1,5.0,214.62,203.89,cash on delivery,New,4.0,5.0
112222,23/07/2024,  Abu Dhabi  ,  Beauty & Personal Care  ,367.16,1,5.0,367.16,348.8,CARD,Returning,2.0,4.1
106037,2024-04-13,AJMAN,  Fashion  ,329.13,1,0.0,329.13,329.13,  Card  ,Returning,2.0,4.5
126259,13/02/2025,ajman,BEAUTY & PERSONAL CARE,133.22,2,5.0,266.44,253.12,CASH ON DELIVERY,New,3.0,2.6
119133,11/05/2024,sharjah,HOME & KITCHEN,195.4,1,5.0,195.4,185.63,  Card  ,Returning,2.0,4.7
116506,24-09-2024,Ajman,Mobile Accessories,103.92,1,0.0,103.92,103.92,WALLET,Returning,4.0,3.0
117667,12/10/2024,ajman,Groceries,78.07,2,30.0,156.14,109.3,CARD,Returning,3.0,4.6
148768,22-12-2025,abu dhabi,groceries,277.11,2,5.0,554.22,526.51,  Card  ,Returning,2.0,3.9
134640,06/20/2025,sharjah,beauty & personal care,251.36,1,,251.36,251.36,  Card  ,Returning,2.0,4.0
135405,02-07-2025,Abu Dhabi,  Home & Kitchen  ,600.44,1,15.0,600.44,510.37,CARD,Returning,2.0,2.7
115537,07/09/2024,Dubai,Groceries,204.39,2,10.0,408.78,367.9,Wallet,New,4.0,3.6
123385,12/29/2024,  Abu Dhabi  ,home & kitchen,216.06,1,0.0,216.06,216.06,  Card  ,Returning,2.0,4.2
100712,01/13/2024,,BEAUTY & PERSONAL CARE,44.53,1,15.0,44.53,37.85,CARD,New,2.0,5.0
128325,21-03-2025,Dubai,  Mobile Accessories  ,84.44,1,10.0,84.44,76.0,card,Returning,3.0,5.0
125617,02/02/2025,sharjah,FASHION,484.55,1,10.0,484.55,436.1,wallet,Returning,2.0,3.6
128097,03/17/2025,Dubay,  Beauty & Personal Care  ,221.22,1,5.0,221.22,210.16,Wallet,Returning,3.0,3.9
126398,15-02-2025,dubai,Groceries,214.29,3,0.0,642.87,642.87,CARD,Returning,2.0,3.9
116583,2024-09-25,DUBAI,ELECTRONICS,770.76,1,15.0,770.76,655.15,Card,Returning,2.0,4.2
125055,01/24/2025,ABU DHABI,  Home & Kitchen  ,701.42,1,10.0,701.42,631.28,card,Returning,4.0,3.1
106316,2024-04-15,  Ras Al Khaimah  ,fashion,440.53,2,5.0,881.06,837.01,CARD,Returning,3.0,4.8
128612,26/03/2025,  Dubai  ,Beauty & Personal Care,72.16,1,15.0,72.16,61.34,  Cash on Delivery  ,Returning,3.0,
139860,01-09-2025,Ajman,Fashion,287.61,-1,5.0,287.61,273.23,card,Returning,3.0,4.6
112989,08/04/2024,dubai,Mobile Accessories,211.91,1,0.0,211.91,211.91,CARD,New,3.0,4.0
119955,11/18/2024,DUBAI,fashion,175.97,1,30.0,175.97,123.18,Cash on Delivery,New,1.0,3.5
137204,2025-07-28,,Mobile Accessories,199.33,1,0.0,199.33,199.33,  Card  ,Returning,2.0,4.7
146326,24/11/2025,Dubai,mobile accessories,184.86,1,50.0,184.86,92.43,cash on delivery,Returning,1.0,4.6
146427,25/11/2025,SHARJAH,home & kitchen,724.88,1,10.0,724.88,652.39,  Card  ,New,2.0,4.4
106554,04/19/2024,Ajman,Fashion,436.61,3,10.0,1309.83,1178.85,Cash on Delivery,Returning,1.0,4.7
142994,10/15/2025,DUBAI,Mobile Accessories,236.21,1,15.0,236.21,200.78,cash on delivery,Returning,2.0,4.9
118561,27-10-2024,  Abu Dhabi  ,groceries,168.42,1,10.0,168.42,151.58,CARD,Returning,4.0,4.6
134432,17/06/2025,Dubai,  Home & Kitchen  ,106.93,1,5.0,106.93,101.58,Wallet,Returning,3.0,4.4
105026,30/03/2024,SHARJAH,home & kitchen,358.78,1,0.0,358.78,358.78,  Card  ,Returning,1.0,3.5
108231,17-05-2024,Dubai,Fashion,150.54,1,10.0,150.54,135.49,card,New,3.0,3.5
128237,20/03/2025,  Dubai  ,FASHION,582.31,1,15.0,582.31,494.96,card,Returning,2.0,5.0
115849,09/13/2024,Dubai,BEAUTY & PERSONAL CARE,193.43,1,5.0,193.43,183.76,  Card  ,New,2.0,3.6
125050,01/24/2025,  Dubai  ,  Electronics  ,1232.94,1,5.0,1232.94,1171.29,wallet,Returning,3.0,4.8
123831,05/01/2025,DUBAI,GROCERIES,274.46,2,15.0,548.92,466.58,Wallet,New,1.0,
126756,21-02-2025,Dubai,fashion,365.36,1,5.0,365.36,347.09,cash on delivery,Returning,1.0,4.5
109118,2024-06-01,sharjah,FASHION,190.92,2,10.0,381.84,343.66,  Cash on Delivery  ,Returning,1.0,3.8
133073,2025-05-27,ABU DHABI,Mobile Accessories,249.43,1,0.0,249.43,249.43,WALLET,Returning,2.0,3.7
135337,30/06/2025,RAS AL KHAIMAH,Groceries,238.85,1,10.0,238.85,214.96,Card,Returning,5.0,3.9
110765,28-06-2024,dubai,  Groceries  ,125.1,1,0.0,125.1,125.1,  Card  ,Returning,2.0,3.3
131026,27-04-2025,  Abu Dhabi  ,  Groceries  ,238.54,2,0.0,477.08,477.08,Cash on Delivery,Returning,1.0,3.7
105714,04/10/2024,AJMAN,Fashion,487.68,2,5.0,975.36,926.59,Card,Returning,2.0,4.8
133653,06/05/2025,DUBAI,BEAUTY & PERSONAL CARE,137.97,1,10.0,137.97,124.17,CARD,Returning,3.0,5.0
126747,21-02-2025,Dubai,beauty & personal care,93.67,1,0.0,93.67,93.67,,New,2.0,4.0
135143,27/06/2025,AJMAN,Groceries,287.15,1,15.0,287.15,244.08,CARD,Returning,4.0,4.9
117921,17-10-2024,  Dubai  ,Fashion,362.5,1,0.0,362.5,362.5,  Cash on Delivery  ,New,5.0,4.0
121798,05/12/2024,SHARJAH,Home & Kitchen,278.7,2,30.0,557.4,390.18,CARD,Returning,2.0,4.3
139723,08/30/2025,ras al khaimah,groceries,228.1,1,0.0,228.1,228.1,Card,Returning,3.0,4.1
133483,03/06/2025,dubai,Electronics,810.34,1,5.0,810.34,769.82,Card,Returning,1.0,4.4
119522,2024-11-12,DUBAI,  Beauty & Personal Care  ,217.73,1,5.0,217.73,206.84,Card,New,1.0,4.5
134447,17/06/2025,Abu Dhabi,Fashion,258.77,1,0.0,258.77,258.77,Cash on Delivery,Returning,3.0,3.4
119839,16/11/2024,abu dhabi,Electronics,683.5,3,0.0,2050.5,2050.5,CARD,Returning,1.0,
113595,2024-08-14,ras al khaimah,fashion,54.2,1,0.0,54.2,54.2,CASH ON DELIVERY,New,1.0,4.3
117395,2024-10-08,abu dhabi,  Mobile Accessories  ,23.46,1,10.0,23.46,21.11,card,New,4.0,3.9
134468,2025-06-17,  Sharjah  ,  Mobile Accessories  ,226.25,1,15.0,226.25,192.31,  Cash on Delivery  ,Returning,2.0,3.8
139186,24/08/2025,SHARJAH,home & kitchen,796.62,1,5.0,796.62,756.79,card,New,2.0,5.0
128182,2025-03-19,Sharjah,home & kitchen,356.26,2,,712.52,712.52,card,New,2.0,3.2
101138,20-01-2024,,MOBILE ACCESSORIES,38.59,2,15.0,77.18,65.6,Cash on Delivery,Returning,2.0,4.8
123673,03/01/2025,Dubai,  Fashion  ,85.45,2,5.0,170.9,162.35,Card,Returning,1.0,3.4
141932,30/09/2025,abu dhabi,FASHION,286.04,1,0.0,286.04,286.04,  Cash on Delivery  ,New,2.0,4.8
136015,07/11/2025,ras al khaimah,  Home & Kitchen  ,148.31,2,20.0,296.62,237.3,card,Returning,3.0,4.8
104715,23/03/2024,Ajman ,beauty & personal care,355.83,1,15.0,355.83,302.46,wallet,New,3.0,4.1
120201,22/11/2024,Sharja,  Mobile Accessories  ,198.74,3,30.0,596.22,417.35,CARD,New,2.0,3.5
102195,02/08/2024,Abu Dhabi,mobile accessories,195.53,1,10.0,195.53,175.98,Wallet,Returning,3.0,
129594,04/04/2025,Ajman ,FASHION,497.75,1,0.0,497.75,497.75,Card,Returning,2.0,3.1
112917,03-08-2024,Abu Dhabi,Mobile Accessories,90.22,1,0.0,90.22,90.22,CASH ON DELIVERY,Returning,1.0,3.8
106530,04/19/2024,  Dubai  ,home & kitchen,736.03,2,15.0,1472.06,1251.25,cash on delivery,Returning,2.0,
138982,22/08/2025,dubai,Mobile Accessories,93.93,2,0.0,187.86,187.86,cash on delivery,New,1.0,
125244,2025-01-27,Ras Al Khaimah,  Mobile Accessories  ,68.96,1,20.0,68.96,55.17,cash on delivery,Returning,2.0,3.1
140252,05/09/2025,sharjah,beauty & personal care,40.21,1,5.0,40.21,38.2,CASH ON DELIVERY,Returning,2.0,5.0
103922,08/03/2024,Dubai,  Groceries  ,111.13,1,10.0,111.13,100.02,  Wallet  ,Returning,3.0,2.9
149106,2025-12-26,DUBAI,Fashion,548.79,2,0.0,1097.58,1097.58,  Cash on Delivery  ,New,3.0,3.0
104100,11/03/2024,DUBAI,Fashion,467.28,2,5.0,934.56,887.83,  Card  ,New,3.0,5.0
140048,03/09/2025,Dubai,  Fashion  ,508.96,1,5.0,508.96,483.51,,Returning,1.0,3.9
134122,12/06/2025,abu dhabi,electronics,2345.0,1,0.0,2345.0,2345.0,Card,Returning,,4.4
134293,15/06/2025,dubai,Fashion,370.64,1,,370.64,315.04,  Card  ,Returning,3.0,4.4
110361,2024-06-22,Abu Dhabi,electronics,2238.06,2,5.0,4476.12,4252.31,  Card  ,Returning,2.0,4.5
134410,06/17/2025,Dubai,,384.42,1,20.0,384.42,307.54,CARD,Returning,2.0,4.6
123340,12/28/2024,DUBAI,Home & Kitchen,280.32,1,15.0,280.32,238.27,CARD,Returning,1.0,3.7
140612,2025-09-11,dubai,  Beauty & Personal Care  ,63.44,1,0.0,63.44,63.44,CARD,Returning,3.0,3.2
101487,2024-01-26,Dubai,BEAUTY & PERSONAL CARE,298.63,1,20.0,298.63,238.9,  Wallet  ,New,1.0,4.2
144535,2025-11-05,  Sharjah  ,HOME & KITCHEN,420.34,1,30.0,420.34,294.24,  Cash on Delivery  ,Returning,2.0,3.3
134803,22-06-2025,dubai,BEAUTY & PERSONAL CARE,336.01,1,,336.01,285.61,Card,Returning,4.0,4.3
126726,2025-02-20,DUBAI,Fashion,211.01,1,15.0,211.01,179.36,card,New,3.0,4.3
108656,05/24/2024,Dubai,  Beauty & Personal Care  ,303.04,1,10.0,303.04,272.74,wallet,New,2.0,4.5
102986,20/02/2024,  Dubai  ,groceries,78.93,1,5.0,78.93,74.98,card,New,3.0,4.7
107476,04-05-2024,Dubai,Groceries,112.26,1,5.0,112.26,106.65,card,Returning,3.0,3.9
145664,21-11-2025,SHARJAH,home & kitchen,838.56,1,20.0,838.56,670.85,CARD,Returning,4.0,4.4
119111,05-11-2024,dubai,beauty & personal care,233.33,1,0.0,233.33,233.33,Wallet,Returning,3.0,4.7
109418,2024-06-06,DUBAI,ELECTRONICS,3338.97,1,20.0,3338.97,2671.18,CARD,New,5.0,3.1
105302,04/04/2024,SHARJAH,  Home & Kitchen  ,109.19,1,10.0,109.19,98.27,WALLET,Returning,3.0,3.6
134734,21/06/2025,SHARJAH,,482.09,1,5.0,482.09,457.99,Cash on Delivery,Returning,3.0,4.8
119304,11/08/2024,AJMAN,Electronics,2197.17,2,10.0,4394.34,3954.91,card,Returning,1.0,4.3
126447,16-02-2025,  Dubai  ,  Electronics  ,2000.94,2,0.0,4001.88,4001.88,Cash on Delivery,Returning,2.0,4.6
109644,10/06/2024,Dubai,electronics,3406.51,1,15.0,3406.51,2895.53,card,New,2.0,4.5
104616,21-03-2024,Dubay,  Groceries  ,27.78,1,,27.78,27.78,CARD,New,,4.0
102289,09-02-2024,Dubai,MOBILE ACCESSORIES,31.24,2,5.0,62.48,59.36,  Cash on Delivery  ,Returning,2.0,4.7
102224,2024-02-08,RAS AL KHAIMAH,  Electronics  ,2858.97,1,0.0,2858.97,2858.97,CASH ON DELIVERY,Returning,4.0,5.0
138387,15/08/2025,dubai,FASHION,106.69,1,5.0,106.69,101.36,CARD,New,3.0,3.6
130550,19-04-2025,ABU DHABI,  Home & Kitchen  ,353.42,1,0.0,353.42,353.42,  Cash on Delivery  ,Returning,1.0,4.4
119767,15-11-2024,Sharjah,fashion,140.66,1,30.0,140.66,98.46,CASH ON DELIVERY,Returning,3.0,4.0
125441,31/01/2025,DUBAI,Home & Kitchen,435.39,2,10.0,870.78,783.7,Card,Returning,5.0,4.9
120242,22-11-2024,dubai,HOME & KITCHEN,534.95,-1,40.0,534.95,320.97,card,Returning,2.0,4.6
116650,26/09/2024,DUBAI,ELECTRONICS,2214.95,1,0.0,2214.95,2214.95,WALLET,Returning,4.0,4.4
131308,01-05-2025,Dubai,  Groceries  ,293.47,2,0.0,586.94,586.94,CASH ON DELIVERY,Returning,4.0,3.0
143582,24/10/2025,  Abu Dhabi  ,  Beauty & Personal Care  ,259.49,1,0.0,259.49,259.49,  Cash on Delivery  ,Returning,4.0,4.1
103073,02/22/2024,SHARJAH,  Beauty & Personal Care  ,339.46,1,0.0,339.46,339.46,  Card  ,New,5.0,4.6
117095,04-10-2024,  Abu Dhabi  ,,535.52,1,5.0,535.52,508.74,  Card  ,Returning,2.0,
138724,19/08/2025,  Sharjah  ,Mobile Accessories,70.0,1,10.0,70.0,63.0,Wallet,Returning,2.0,3.3
127318,2025-03-01,ABU DHABI,  Fashion  ,475.25,1,20.0,475.25,380.2,Wallet,Returning,2.0,3.5
107466,04-05-2024,  Sharjah  ,Electronics,1442.94,1,10.0,1442.94,1298.65,  Card  ,Returning,3.0,5.0
105696,10/04/2024,SHARJAH,electronics,2433.15,2,10.0,4866.3,4379.67,Card,Returning,1.0,4.9
117556,2024-10-11,  Dubai  ,beauty & personal care,73.58,1,20.0,73.58,58.86,  Cash on Delivery  ,New,,4.3
141392,22/09/2025,abu dhabi,  Mobile Accessories  ,74.91,1,5.0,74.91,71.16,cash on delivery,Returning,,4.5
145610,21/11/2025,dubai,electronics,1669.51,2,30.0,3339.02,2337.31,Wallet,Returning,2.0,4.9
127033,02/25/2025,DUBAI,Home & Kitchen,360.06,1,0.0,360.06,360.06,  Wallet  ,Returning,2.0,5.0
129756,04/07/2025,Dubai,Electronics,336.18,1,15.0,336.18,285.75,cash on delivery,Returning,2.0,3.7
145029,12-11-2025,sharjah,Beauty & Personal Care,73.74,1,0.0,73.74,73.74,cash on delivery,New,2.0,3.5
113233,09-08-2024,ras al khaimah,Home & Kitchen,517.1,2,0.0,1034.2,1034.2,Card,Returning,2.0,4.4
117294,07/10/2024,  Ajman  ,fashion,518.62,1,0.0,518.62,518.62,card,Returning,2.0,4.8
130632,04/21/2025,RAS AL KHAIMAH,HOME & KITCHEN,166.85,2,10.0,333.7,300.33,CARD,Returning,2.0,3.9
143751,10/26/2025,Dubai,fashion,161.79,2,15.0,323.58,275.04,card,Returning,3.0,4.3
123103,25/12/2024,DUBAI,Beauty & Personal Care,302.07,1,20.0,302.07,241.66,Wallet,New,3.0,3.3
111458,2024-07-11,  Dubai  ,HOME & KITCHEN,706.71,1,,706.71,671.37,Card,Returning,1.0,3.6
147085,11/29/2025,Dubay,beauty & personal care,99.55,1,0.0,99.55,99.55,  Card  ,Returning,1.0,4.9
121517,12/01/2024,,  Fashion  ,86.66,3,5.0,259.98,246.98,card,Returning,,3.4
126459,2025-02-16,Abu Dhabi,Beauty & Personal Care,148.81,3,10.0,446.43,401.79,cash on delivery,Returning,6.0,4.9
133963,2025-06-10,dubai,electronics,1603.72,1,15.0,1603.72,1363.16,CARD,New,2.0,4.2
131774,08/05/2025,ras al khaimah,  Electronics  ,1060.24,1,,1060.24,1060.24,cash on delivery,New,1.0,3.8
122177,2024-12-10,dubai,fashion,510.66,1,0.0,510.66,510.66,  Cash on Delivery  ,Returning,1.0,3.8
126148,11/02/2025,RAS AL KHAIMAH,mobile accessories,32.67,2,10.0,65.34,58.81,Wallet,New,5.0,3.5
106183,14/04/2024,Dubai,home & kitchen,400.51,1,,400.51,340.43,Cash on Delivery,Returning,2.0,5.0
119327,11/09/2024,DUBAI,beauty & personal care,249.37,1,0.0,249.37,249.37,CASH ON DELIVERY,New,,
138094,10/08/2025,Dubai,  Beauty & Personal Care  ,314.3,2,5.0,628.6,597.17,cash on delivery,Returning,,4.1
140344,06/09/2025,Dubai,Home & Kitchen,637.08,1,0.0,637.08,637.08,card,New,4.0,
106215,14-04-2024,DUBAI,  Electronics  ,798.39,1,0.0,798.39,798.39,wallet,Returning,2.0,4.6
111378,09-07-2024,dubai,,175.53,1,5.0,175.53,166.75,Card,Returning,1.0,
125313,01/28/2025,dubai,  Mobile Accessories  ,74.25,1,20.0,74.25,59.4,  Cash on Delivery  ,Returning,2.0,4.2
138255,08/13/2025,dubai,Fashion,491.53,2,5.0,983.06,933.91,  Card  ,Returning,2.0,4.8
146387,11/25/2025,Sharjah,Electronics,1396.17,1,10.0,1396.17,1256.55,Card,New,1.0,4.8
123523,31-12-2024,  Dubai  ,fashion,260.99,2,0.0,521.98,521.98,  Wallet  ,New,3.0,4.8
111368,2024-07-09,Dubai,BEAUTY & PERSONAL CARE,385.96,2,10.0,771.92,694.73,,New,3.0,4.1
111374,07/09/2024,  Ajman  ,HOME & KITCHEN,729.21,1,0.0,729.21,729.21,  Card  ,Returning,3.0,3.3
112429,07/26/2024,ABU DHABI,Fashion,255.43,1,0.0,255.43,255.43,CASH ON DELIVERY,New,3.0,4.7
108486,21-05-2024,sharjah,  Groceries  ,118.83,1,20.0,118.83,95.06,cash on delivery,Returning,2.0,4.5
136383,16-07-2025,DUBAI,groceries,99.57,2,30.0,199.14,139.4,  Card  ,Returning,,4.4
118169,20-10-2024,Sharjah,  Beauty & Personal Care  ,329.4,1,15.0,329.4,279.99,Wallet,Returning,2.0,
117695,13-10-2024,  Dubai  ,home & kitchen,387.14,1,,387.14,367.78,Card,New,3.0,4.5
131544,05-05-2025,  Ras Al Khaimah  ,  Groceries  ,89.11,1,10.0,89.11,80.2,  Cash on Delivery  ,Returning,2.0,
121010,27-11-2024,  Dubai  ,MOBILE ACCESSORIES,208.18,1,20.0,208.18,166.54,CARD,Returning,1.0,5.0
132736,23-05-2025,ajman,GROCERIES,299.7,1,30.0,299.7,209.79,card,Returning,1.0,4.6
128855,2025-03-30,Dubai,FASHION,434.48,2,10.0,868.96,782.06,card,New,,3.1
130475,19-04-2025,,MOBILE ACCESSORIES,231.03,1,5.0,231.03,219.48,CARD,Returning,3.0,5.0
111142,05/07/2024,  Dubai  ,  Home & Kitchen  ,447.6,1,0.0,447.6,447.6,,Returning,3.0,4.8
107387,2024-05-03,SHARJAH,Mobile Accessories,103.22,1,0.0,103.22,103.22,cash on delivery,Returning,3.0,3.7
121167,2024-11-28,DUBAI,Fashion,360.81,1,30.0,360.81,252.57,CASH ON DELIVERY,New,2.0,5.0
107465,2024-05-04,DUBAI,Groceries,114.41,2,0.0,228.82,228.82,  Card  ,Returning,5.0,3.7
138603,08/17/2025,,mobile accessories,100.15,1,0.0,100.15,100.15,  Card  ,New,5.0,
139871,09/01/2025,Abu Dhabi,mobile accessories,122.53,1,10.0,122.53,110.28,CARD,Returning,2.0,3.8
128434,23-03-2025,dubai,  Groceries  ,240.41,2,5.0,480.82,456.78,  Cash on Delivery  ,Returning,3.0,4.4
125072,25-01-2025,DUBAI,  Fashion  ,154.83,2,10.0,309.66,278.69,CASH ON DELIVERY,Returning,1.0,4.1
118624,28-10-2024,RAS AL KHAIMAH,  Mobile Accessories  ,62.58,3,0.0,187.74,187.74,CARD,New,4.0,4.2
141792,28/09/2025,DUBAI,electronics,2295.35,1,5.0,2295.35,2180.58,CARD,New,1.0,3.7
146695,2025-11-26,abu dhabi,Electronics,2136.06,1,30.0,2136.06,1495.24,  Card  ,New,2.0,3.8
140654,11/09/2025,Dubai,  Electronics  ,561.08,1,10.0,561.08,504.97,Card,New,3.0,3.1
142142,10/03/2025,RAS AL KHAIMAH,groceries,40.53,2,5.0,81.06,77.01,CARD,New,3.0,4.5
126425,15-02-2025,ajman,Home & Kitchen,842.25,1,5.0,842.25,800.14,CASH ON DELIVERY,New,3.0,4.4
114588,08/27/2024,ajman,Fashion,46.47,1,0.0,46.47,46.47,Card,New,6.0,3.6
112353,25-07-2024,DUBAI,Beauty & Personal Care,372.79,1,10.0,372.79,335.51,Cash on Delivery,New,1.0,4.5
102543,13/02/2024,  Abu Dhabi  ,Groceries,219.42,-1,10.0,219.42,197.48,  Cash on Delivery  ,Returning,2.0,4.6
112641,30-07-2024,abu dhabi,home & kitchen,820.79,1,0.0,820.79,820.79,CARD,New,3.0,3.7
127857,2025-03-13,Sharjah,fashion,236.96,1,0.0,236.96,236.96,CARD,Returning,1.0,4.2
133075,28/05/2025,  Dubai  ,BEAUTY & PERSONAL CARE,216.06,1,0.0,216.06,216.06,  Cash on Delivery  ,Returning,3.0,
110331,21-06-2024,DUBAI,  Home & Kitchen  ,395.08,1,0.0,395.08,395.08,Card,Returning,3.0,5.0
138655,08/18/2025,Sharjah,electronics,1340.98,2,10.0,2681.96,2413.76,CARD,New,3.0,4.5
148572,19/12/2025,abu dhabi,FASHION,140.32,1,5.0,140.32,133.3,  Card  ,Returning,2.0,4.9
130583,2025-04-20,abu dhabi,Electronics,1467.89,1,0.0,1467.89,1467.89,  Card  ,Returning,2.0,4.5
123524,2024-12-31,Dubai,MOBILE ACCESSORIES,64.91,1,5.0,64.91,61.66,  Wallet  ,Returning,1.0,4.9
111076,04/07/2024,ABU DHABI,mobile accessories,38.93,1,10.0,38.93,35.04,card,Returning,2.0,3.5
119633,14-11-2024,Abu Dhabi,  Beauty & Personal Care  ,235.1,1,20.0,235.1,188.08,card,New,2.0,4.6
126966,2025-02-24,Dubai,FASHION,559.75,1,5.0,559.75,531.76,Cash on Delivery,Returning,3.0,3.1
102432,2024-02-11,Ras Al Khaimah,HOME & KITCHEN,509.51,1,0.0,509.51,509.51,CARD,Returning,1.0,4.3
118339,23-10-2024,AJMAN,MOBILE ACCESSORIES,37.6,1,10.0,37.6,33.84,CASH ON DELIVERY,Returning,3.0,5.0
117945,2024-10-17,DUBAI,MOBILE ACCESSORIES,86.14,3,20.0,258.42,206.74,  Cash on Delivery  ,New,4.0,4.3
138508,08/16/2025,dubai,  Fashion  ,456.5,1,0.0,456.5,456.5,card,Returning,4.0,2.6
136715,2025-07-21,  Dubai  ,Fashion,418.26,1,15.0,418.26,355.52,Cash on Delivery,New,4.0,3.8
117485,10/10/2024,Dubai ,  Mobile Accessories  ,145.64,2,15.0,291.28,247.59,Card,Returning,3.0,4.5
120262,11/22/2024,Ajman,  Electronics  ,609.16,2,10.0,1218.32,1096.49,Cash on Delivery,Returning,3.0,3.4
125927,07-02-2025,dubai,  Home & Kitchen  ,589.82,2,30.0,1179.64,825.75,Wallet,Returning,3.0,4.8
119177,06-11-2024,DUBAI,  Home & Kitchen  ,259.13,1,30.0,259.13,181.39,Card,Returning,3.0,5.0
134639,20/06/2025,DUBAI,mobile accessories,79.59,1,0.0,79.59,79.59,Card,Returning,2.0,3.9
102869,2024-02-18,DUBAI,,589.56,2,30.0,1179.12,825.38,  Wallet  ,New,2.0,4.1
116899,2024-09-30,dubai,Home & Kitchen,560.53,1,20.0,560.53,448.42,card,Returning,2.0,4.1
122060,12/08/2024,abu dhabi,Beauty & Personal Care,371.92,1,10.0,371.92,334.73,Card,New,2.0,
139076,23/08/2025,  Abu Dhabi  ,Mobile Accessories,208.48,2,0.0,416.96,416.96,Wallet,Returning,2.0,5.0
114410,2024-08-24,  Abu Dhabi  ,Home & Kitchen,139.24,2,10.0,278.48,250.63,Card,Returning,4.0,4.7
101695,01/30/2024,ABU DHABI,Fashion,253.66,1,20.0,253.66,202.93,Cash on Delivery,New,3.0,3.2
114906,30-08-2024,  Dubai  ,Groceries,203.32,1,5.0,203.32,193.15,Card,Returning,3.0,4.1
106522,19-04-2024,dubai,  Beauty & Personal Care  ,221.1,2,0.0,442.2,442.2,CASH ON DELIVERY,New,5.0,4.5
102017,02/05/2024,Abu Dhabi,HOME & KITCHEN,539.86,1,15.0,539.86,458.88,  Cash on Delivery  ,Returning,3.0,3.4
136914,07/24/2025,SHARJAH,  Fashion  ,263.32,3,15.0,789.96,671.47,  Card  ,Returning,5.0,3.5
124146,10/01/2025,Dubai ,ELECTRONICS,1891.97,1,10.0,1891.97,1702.77,  Cash on Delivery  ,Returning,3.0,3.5
146831,11/27/2025,DUBAI,electronics,1312.66,1,30.0,1312.66,918.86,card,Returning,4.0,3.8
149125,27-12-2025,,fashion,558.82,1,0.0,558.82,558.82,,Returning,2.0,5.0
110541,2024-06-25,DUBAI,Groceries,60.86,1,0.0,60.86,60.86,wallet,Returning,2.0,3.6
132356,2025-05-17,Dubai,Groceries,91.96,3,0.0,275.88,275.88,card,Returning,4.0,4.9
132948,25-05-2025,Dubai,  Mobile Accessories  ,246.75,1,0.0,246.75,246.75,WALLET,Returning,3.0,3.0
119672,2024-11-14,SHARJAH,MOBILE ACCESSORIES,41.55,2,,83.1,83.1,  Wallet  ,Returning,3.0,3.4
132513,05/19/2025,Dubai,  Mobile Accessories  ,27.5,2,5.0,55.0,52.25,  Cash on Delivery  ,New,4.0,3.8
137255,07/29/2025,SHARJAH,Fashion,197.9,1,5.0,197.9,188.0,wallet,Returning,3.0,3.5
120053,20-11-2024,dubai,Mobile Accessories,248.86,2,5.0,497.72,472.83,CASH ON DELIVERY,New,4.0,5.0
117976,18/10/2024,SHARJAH,  Groceries  ,289.15,2,0.0,578.3,578.3,Card,Returning,3.0,4.6
111047,07/03/2024,SHARJAH,Electronics,2036.56,1,10.0,2036.56,1832.9,Card,Returning,2.0,4.7
112603,07/29/2024,Dubay,electronics,2365.38,2,0.0,4730.76,4730.76,card,Returning,4.0,5.0
132264,16/05/2025,DUBAI,beauty & personal care,173.86,1,10.0,173.86,156.47,CARD,New,1.0,5.0
136519,07/18/2025,AJMAN,  Home & Kitchen  ,870.71,2,10.0,1741.42,1567.28,card,New,2.0,
146855,11/27/2025,DUBAI,Beauty & Personal Care,171.14,2,20.0,342.28,273.82,card,Returning,3.0,4.5
147561,2025-12-05,Dubai,Home & Kitchen,867.34,1,30.0,867.34,607.14,  Card  ,Returning,2.0,4.0
136985,07/25/2025,ras al khaimah,  Groceries  ,25.53,1,5.0,25.53,24.25,Card,Returning,,4.7
131164,29-04-2025,SHARJAH,Home & Kitchen,811.32,1,0.0,811.32,811.32,CARD,New,3.0,4.6
126812,21-02-2025,AJMAN,electronics,1981.6,1,10.0,1981.6,1783.44,card,New,,3.3
133573,06/04/2025,dubai,Fashion,490.7,1,5.0,490.7,466.16,wallet,Returning,3.0,2.8
122736,19-12-2024,  Ajman  ,  Groceries  ,99.24,1,10.0,99.24,89.32,cash on delivery,New,4.0,5.0
103202,24-02-2024,,Beauty & Personal Care,127.38,2,0.0,254.76,254.76,CASH ON DELIVERY,Returning,5.0,5.0
123286,28-12-2024,Abu Dhabi,MOBILE ACCESSORIES,185.97,1,0.0,185.97,185.97,Card,Returning,2.0,4.5
100244,2024-01-05,Sharja,HOME & KITCHEN,312.97,2,30.0,625.94,438.16,CARD,Returning,3.0,
148723,2025-12-21,sharjah,Mobile Accessories,195.09,2,10.0,390.18,351.16,CASH ON DELIVERY,New,2.0,
111506,12-07-2024,DUBAI,fashion,118.4,1,20.0,118.4,94.72,Card,Returning,3.0,4.3
132946,05/25/2025,Abu Dhabi,  Electronics  ,2266.98,1,10.0,2266.98,2040.28,  Wallet  ,Returning,4.0,3.9
141536,24/09/2025,Ras Al Khaimah,  Beauty & Personal Care  ,390.08,1,10.0,390.08,351.07,cash on delivery,New,3.0,3.8
110693,27-06-2024,  Dubai  ,Groceries,118.87,1,0.0,118.87,118.87,  Cash on Delivery  ,New,3.0,4.2
132519,19/05/2025,,GROCERIES,96.14,2,15.0,192.28,163.44,CASH ON DELIVERY,Returning,1.0,4.4
136533,18/07/2025,  Dubai  ,FASHION,102.96,1,10.0,102.96,92.66,wallet,Returning,4.0,5.0
100163,01/04/2024,Abu Dhabi,fashion,413.83,-1,10.0,413.83,372.45,,New,3.0,4.5
126417,2025-02-15,abu dhabi,Mobile Accessories,92.06,1,20.0,92.06,73.65,  Card  ,Returning,1.0,3.4
125037,01/24/2025,Dubai,electronics,1483.31,1,0.0,1483.31,1483.31,cash on delivery,Returning,3.0,5.0
136710,21-07-2025,Dubai,BEAUTY & PERSONAL CARE,45.85,1,15.0,45.85,38.97,Cash on Delivery,New,1.0,4.9
128575,26-03-2025,  Sharjah  ,Fashion,222.05,1,20.0,222.05,177.64,  Card  ,Returning,3.0,4.5
107862,05/11/2024,abu dhabi,  Mobile Accessories  ,68.36,1,10.0,68.36,61.52,  Card  ,Returning,2.0,
131649,06-05-2025,DUBAI,beauty & personal care,140.47,1,5.0,140.47,133.45,CARD,New,5.0,3.9
145479,18-11-2025,  Abu Dhabi  ,home & kitchen,798.17,1,10.0,798.17,718.35,cash on delivery,Returning,1.0,3.6
120816,11/26/2024,Dubai,fashion,327.87,1,40.0,327.87,196.72,card,New,2.0,2.3
119405,11/10/2024,RAS AL KHAIMAH,BEAUTY & PERSONAL CARE,221.11,1,0.0,221.11,221.11,card,Returning,1.0,4.3
113697,16/08/2024,Ajman,  Electronics  ,410.18,2,,820.36,697.31,cash on delivery,Returning,1.0,3.9
123654,02-01-2025,Abu Dhabi,mobile accessories,215.58,1,0.0,215.58,215.58,CARD,Returning,5.0,4.4
130454,2025-04-18,ABU DHABI,Beauty & Personal Care,355.0,1,0.0,355.0,355.0,cash on delivery,Returning,1.0,4.0
120030,2024-11-20,Dubai,FASHION,441.01,1,0.0,441.01,441.01,CARD,New,1.0,3.4
121211,28/11/2024,  Sharjah  ,HOME & KITCHEN,634.3,2,40.0,1268.6,761.16,Cash on Delivery,New,4.0,4.8
116743,28/09/2024,dubai,  Home & Kitchen  ,844.0,1,5.0,844.0,801.8,Cash on Delivery,Returning,2.0,4.0
132821,2025-05-24,ajman,Fashion,279.56,1,0.0,279.56,279.56,  Card  ,Returning,4.0,4.7
146881,11/28/2025,  Abu Dhabi  ,FASHION,546.84,1,20.0,546.84,437.47,Card,Returning,1.0,
136090,07/12/2025,  Dubai  ,GROCERIES,270.64,1,10.0,270.64,243.58,card,Returning,1.0,4.0
138039,2025-08-09,  Abu Dhabi  ,  Fashion  ,599.89,1,5.0,599.89,569.9,Card,Returning,,4.9
104854,26-03-2024,Dubai ,electronics,570.79,1,0.0,570.79,570.79,  Card  ,Returning,3.0,4.2
131642,2025-05-06,  Sharjah  ,mobile accessories,175.0,1,10.0,175.0,157.5,card,Returning,1.0,4.3
106677,04/22/2024,DUBAI,Home & Kitchen,831.51,1,10.0,831.51,748.36,Wallet,Returning,3.0,4.9
103060,21/02/2024,dubai,  Home & Kitchen  ,600.46,1,15.0,600.46,510.39,Cash on Delivery,Returning,3.0,3.9
106342,2024-04-16,Ras Al Khaimah,FASHION,417.54,1,0.0,417.54,417.54,Cash on Delivery,Returning,3.0,4.1
129181,04/01/2025,Dubai,fashion,176.97,1,5.0,176.97,168.12,CARD,New,1.0,3.2
114689,28/08/2024,ras al khaimah,  Groceries  ,181.52,1,15.0,181.52,154.29,WALLET,New,1.0,5.0
107525,05-05-2024,sharjah,mobile accessories,192.0,1,5.0,192.0,182.4,Card,New,3.0,4.2
134088,06/12/2025,dubai,  Fashion  ,405.18,1,0.0,405.18,405.18,Wallet,Returning,2.0,4.2
135960,10-07-2025,  Dubai  ,Groceries,212.41,1,10.0,212.41,191.17,  Card  ,Returning,5.0,
125456,01/31/2025,ABU DHABI,ELECTRONICS,3300.28,1,15.0,3300.28,2805.24,Wallet,Returning,3.0,3.4
101994,2024-02-04,DUBAI,Fashion,252.86,1,5.0,252.86,240.22,  Card  ,Returning,2.0,
123447,2024-12-30,  Abu Dhabi  ,groceries,49.13,1,20.0,49.13,39.3,  Cash on Delivery  ,Returning,3.0,4.6
133070,05/27/2025,ras al khaimah,Beauty & Personal Care,70.84,1,15.0,70.84,60.21,card,New,3.0,2.7
135911,07/09/2025,abu dhabi,  Electronics  ,1290.75,1,0.0,1290.75,1290.75,  Cash on Delivery  ,Returning,2.0,5.0
125816,02/05/2025,dubai,  Electronics  ,3039.47,1,20.0,3039.47,2431.58,Wallet,Returning,,4.4
143267,19-10-2025,ABU DHABI,fashion,145.43,1,0.0,145.43,145.43,CARD,Returning,1.0,4.1
100659,12/01/2024,RAS AL KHAIMAH,  Fashion  ,415.61,1,0.0,415.61,415.61,  Cash on Delivery  ,Returning,2.0,
114389,2024-08-24,Abu Dhabi,  Electronics  ,2473.48,1,15.0,2473.48,2102.46,CARD,Returning,2.0,3.3
138199,12/08/2025,abu dhabi,ELECTRONICS,1143.59,2,10.0,2287.18,2058.46,cash on delivery,Returning,3.0,2.9
127921,14/03/2025,ajman,HOME & KITCHEN,99.78,1,0.0,99.78,99.78,card,Returning,3.0,4.1
125314,28/01/2025,  Abu Dhabi  ,Mobile Accessories,134.54,1,0.0,134.54,134.54,CARD,New,1.0,4.4
135784,07/07/2025,dubai,beauty & personal care,256.92,1,5.0,256.92,244.07,CARD,Returning,3.0,4.1
145145,2025-11-14,sharjah,mobile accessories,94.25,1,0.0,94.25,94.25,wallet,Returning,1.0,3.7
146025,22/11/2025,  Dubai  ,  Electronics  ,2580.71,1,40.0,2580.71,1548.43,CARD,Returning,3.0,5.0
148662,12/20/2025,Ras Al Khaimah,MOBILE ACCESSORIES,100.98,1,5.0,100.98,95.93,CARD,Returning,1.0,4.9
132165,2025-05-14,dubai,FASHION,404.97,1,15.0,404.97,344.22,card,Returning,4.0,4.5
128503,24/03/2025,DUBAI,Mobile Accessories,145.35,1,0.0,145.35,145.35,  Card  ,New,1.0,3.8
105862,2024-04-11,  Dubai  ,BEAUTY & PERSONAL CARE,275.32,1,0.0,275.32,275.32,CARD,New,1.0,4.5
118903,2024-11-01,Dubai,  Electronics  ,524.88,1,15.0,524.88,446.15,Cash on Delivery,Returning,1.0,
115539,07/09/2024,ras al khaimah,  Electronics  ,1584.61,1,15.0,1584.61,1346.92,card,New,1.0,4.3
105144,01-04-2024,sharjah,Fashion,59.34,1,0.0,59.34,59.34,card,Returning,2.0,4.7
102909,02/19/2024,Dubai,home & kitchen,846.82,1,0.0,846.82,846.82,Card,New,2.0,3.6
109008,31-05-2024,abu dhabi,  Fashion  ,574.06,1,0.0,574.06,574.06,card,Returning,999.0,4.6
106711,2024-04-22,Ras Al Khaimah,beauty & personal care,274.23,2,0.0,548.46,548.46,CARD,New,2.0,5.0
148399,2025-12-17,  Ras Al Khaimah  ,  Home & Kitchen  ,761.46,1,0.0,761.46,761.46,WALLET,New,3.0,3.4
120428,23-11-2024,ABU DHABI,fashion,426.4,1,10.0,426.4,383.76,card,New,3.0,5.0
108298,18/05/2024,  Dubai  ,home & kitchen,873.49,1,0.0,873.49,873.49,  Card  ,Returning,3.0,2.7
115993,15/09/2024,ABU DHABI,FASHION,542.62,1,10.0,542.62,488.36,wallet,Returning,2.0,3.2
123237,12/27/2024,Dubai,Beauty & Personal Care,151.71,1,0.0,151.71,151.71,  Cash on Delivery  ,New,4.0,4.9
147743,12/07/2025,ABU DHABI,Fashion,419.31,1,5.0,419.31,398.34,card,New,3.0,3.5
130839,24-04-2025,DUBAI,ELECTRONICS,1269.51,1,15.0,1269.51,1079.08,CASH ON DELIVERY,New,3.0,3.8
109307,04/06/2024,SHARJAH,electronics,3127.24,1,0.0,3127.24,3127.24,cash on delivery,New,1.0,4.6
112873,2024-08-02,Dubai,BEAUTY & PERSONAL CARE,201.4,1,15.0,201.4,171.19,  Card  ,Returning,3.0,3.4
139014,08/22/2025,  Dubai  ,Home & Kitchen,264.02,1,0.0,264.02,264.02,Wallet,New,2.0,4.2
131451,05/03/2025,Dubai,Fashion,208.94,1,30.0,208.94,146.26,CASH ON DELIVERY,New,5.0,4.0
123295,12/28/2024,  Abu Dhabi  ,home & kitchen,497.56,2,15.0,995.12,845.85,  Cash on Delivery  ,Returning,3.0,3.4
112013,19-07-2024,SHARJAH,  Beauty & Personal Care  ,141.56,1,5.0,141.56,134.48,  Card  ,Returning,3.0,3.3
111580,2024-07-13,  Dubai  ,Fashion,367.82,1,0.0,367.82,367.82,CASH ON DELIVERY,New,4.0,4.8
114972,2024-08-31,SHARJAH,Mobile Accessories,23.28,2,0.0,46.56,46.56,card,Returning,2.0,
132695,22/05/2025,ras al khaimah,HOME & KITCHEN,341.69,1,0.0,341.69,341.69,  Cash on Delivery  ,Returning,3.0,4.3
121937,2024-12-06,dubai,fashion,72.04,1,0.0,72.04,72.04,Card,Returning,1.0,3.8
113399,08/11/2024,  Sharjah  ,Home & Kitchen,899.51,2,5.0,1799.02,1709.07,Card,Returning,5.0,3.2
146158,23/11/2025,  Dubai  ,  Beauty & Personal Care  ,228.44,2,40.0,456.88,274.13,CARD,New,3.0,4.4
147769,08-12-2025,DUBAI,fashion,310.5,1,30.0,310.5,217.35,CASH ON DELIVERY,Returning,1.0,4.4
112954,08/04/2024,Ajman ,  Home & Kitchen  ,191.13,1,15.0,191.13,162.46,card,Returning,4.0,3.6
100370,07-01-2024,dubai,electronics,1396.46,2,0.0,2792.92,2792.92,CARD,New,4.0,
124229,11/01/2025,DUBAI,  Beauty & Personal Care  ,375.97,2,0.0,751.94,751.94,Wallet,Returning,2.0,4.2
100133,2024-01-03,sharjah,groceries,55.61,1,10.0,55.61,50.05,CASH ON DELIVERY,New,3.0,2.8
117394,08/10/2024,ajman,electronics,2152.47,1,5.0,2152.47,2044.85,  Card  ,New,2.0,3.9
114302,23-08-2024,sharjah,FASHION,281.98,1,5.0,281.98,267.88,  Wallet  ,Returning,,4.1
132741,23/05/2025,SHARJAH,groceries,162.45,1,5.0,162.45,154.33,CASH ON DELIVERY,Returning,4.0,3.6
131653,05/06/2025,  Dubai  ,FASHION,580.45,1,20.0,580.45,464.36,wallet,Returning,4.0,5.0
110422,23/06/2024,ABU DHABI,  Beauty & Personal Care  ,126.13,1,5.0,126.13,119.82,Card,New,,5.0
134559,06/19/2025,Dubai,fashion,504.28,1,0.0,504.28,504.28,card,New,1.0,3.8
113145,08/07/2024,  Abu Dhabi  ,mobile accessories,235.92,1,10.0,235.92,212.33,CARD,Returning,4.0,5.0
120434,11/23/2024,sharjah,fashion,317.74,1,10.0,317.74,285.97,CARD,Returning,3.0,4.8
106019,2024-04-12,Dubai,Groceries,230.03,1,10.0,230.03,207.03,card,New,3.0,3.6
106604,20/04/2024,DUBAI,ELECTRONICS,3247.52,1,20.0,3247.52,2598.02,CARD,New,2.0,4.2
146020,22/11/2025,Ajman ,  Fashion  ,330.4,1,40.0,330.4,198.24,CASH ON DELIVERY,Returning,2.0,5.0
115488,09/07/2024,  Abu Dhabi  ,Fashion,375.45,1,10.0,375.45,337.9,  Card  ,New,3.0,4.0
134675,21-06-2025,,GROCERIES,122.63,1,5.0,122.63,116.5,wallet,Returning,2.0,5.0
106540,2024-04-19,ras al khaimah,  Fashion  ,80.9,1,15.0,80.9,68.76,Card,Returning,3.0,3.8
106762,2024-04-23,Ajman,Fashion,455.18,1,,455.18,455.18,  Cash on Delivery  ,New,4.0,4.8
138176,2025-08-12,SHARJAH,Electronics,972.62,1,0.0,972.62,972.62,card,New,3.0,3.6
146309,24-11-2025,dubai,Beauty & Personal Care,238.39,2,,476.78,381.42,Cash on Delivery,Returning,4.0,3.7
123409,29-12-2024,Abu Dhabi,groceries,74.32,1,5.0,74.32,70.6,Cash on Delivery,New,3.0,3.6
120137,22-11-2024,abu dhabi,Mobile Accessories,76.58,1,50.0,76.58,38.29,card,New,4.0,3.1
101525,01/27/2024,abu dhabi,Electronics,3113.67,1,0.0,3113.67,3113.67,CASH ON DELIVERY,New,2.0,3.1
122173,10-12-2024,Sharjah,FASHION,363.97,1,5.0,363.97,345.77,wallet,New,1.0,4.1
126505,16/02/2025,dubai,home & kitchen,320.28,2,0.0,640.56,640.56,  Card  ,New,2.0,4.6
129958,04/11/2025,  Abu Dhabi  ,  Groceries  ,299.71,1,0.0,299.71,299.71,Card,Returning,3.0,
144434,2025-11-03,Abu Dhabi,BEAUTY & PERSONAL CARE,260.44,1,10.0,260.44,234.4,card,Returning,4.0,4.0
138733,19-08-2025,DUBAI,Home & Kitchen,254.75,1,5.0,254.75,242.01,  Card  ,New,1.0,3.2
127392,03-03-2025,AJMAN,HOME & KITCHEN,252.07,1,20.0,252.07,201.66,card,Returning,4.0,4.6
143158,18-10-2025,RAS AL KHAIMAH,Fashion,186.13,1,10.0,186.13,167.52,  Cash on Delivery  ,New,3.0,4.1
129706,06-04-2025,SHARJAH,  Groceries  ,28.44,1,0.0,28.44,28.44,Card,Returning,2.0,4.8
100632,12/01/2024,  Sharjah  ,BEAUTY & PERSONAL CARE,209.87,1,5.0,209.87,199.38,cash on delivery,Returning,2.0,2.7
147444,12/03/2025,dubai,  Fashion  ,503.92,1,5.0,503.92,478.72,Cash on Delivery,New,1.0,4.6
144055,10/30/2025,Sharja,ELECTRONICS,2222.22,2,10.0,4444.44,4000.0,Card,New,1.0,4.5
104171,2024-03-13,  Dubai  ,  Electronics  ,1348.23,1,5.0,1348.23,1280.82,CARD,Returning,999.0,4.3
128023,16/03/2025,dubai,MOBILE ACCESSORIES,141.31,1,20.0,141.31,113.05,Cash on Delivery,Returning,3.0,3.8
112490,27/07/2024,Sharjah,BEAUTY & PERSONAL CARE,278.73,1,15.0,278.73,236.92,wallet,Returning,4.0,3.8
137097,27-07-2025,ras al khaimah,fashion,293.14,1,15.0,293.14,249.17,Card,New,4.0,4.3
145302,2025-11-16,DUBAI,Home & Kitchen,477.54,1,10.0,477.54,429.79,card,Returning,3.0,5.0
102342,02/10/2024,,  Fashion  ,211.79,1,5.0,211.79,201.2,CARD,New,3.0,4.6
128622,2025-03-26,  Ajman  ,Home & Kitchen,741.53,2,0.0,1483.06,1483.06,  Card  ,New,,5.0
139338,08/26/2025,Sharja,fashion,572.39,1,,572.39,572.39,card,New,4.0,4.8
131788,2025-05-09,Dubay,MOBILE ACCESSORIES,141.04,1,10.0,141.04,126.94,CARD,Returning,4.0,3.0
120224,22-11-2024,dubai,Fashion,336.17,1,30.0,336.17,235.32,WALLET,Returning,2.0,4.1
117161,05/10/2024,dubai,HOME & KITCHEN,140.23,1,5.0,140.23,133.22,Cash on Delivery,New,4.0,4.5
100997,2024-01-18,Dubai,  Fashion  ,442.04,1,0.0,442.04,442.04,CARD,Returning,2.0,3.3
120495,2024-11-23,  Abu Dhabi  ,BEAUTY & PERSONAL CARE,111.07,2,40.0,222.14,133.28,Card,Returning,3.0,4.1
135025,26-06-2025,  Ajman  ,home & kitchen,898.99,1,0.0,898.99,898.99,  Cash on Delivery  ,Returning,2.0,4.5
121489,30-11-2024,Dubai,  Electronics  ,2887.16,1,0.0,2887.16,2887.16,Card,Returning,2.0,4.5
110501,24-06-2024,RAS AL KHAIMAH,Electronics,1153.67,1,0.0,1153.67,1153.67,  Card  ,Returning,2.0,
125783,05/02/2025,,HOME & KITCHEN,848.09,1,15.0,848.09,720.88,Card,New,2.0,3.7
148627,12/20/2025,DUBAI,electronics,2893.51,1,10.0,2893.51,2604.16,  Cash on Delivery  ,Returning,4.0,4.4
122964,2024-12-23,SHARJAH,GROCERIES,111.94,2,10.0,223.88,201.49,cash on delivery,Returning,2.0,4.3
122818,20/12/2024,DUBAI,  Groceries  ,117.1,1,0.0,117.1,117.1,Cash on Delivery,New,2.0,4.6
115972,09/15/2024,DUBAI,FASHION,124.98,1,0.0,124.98,124.98,Cash on Delivery,Returning,1.0,4.6
105588,09-04-2024,Dubai,home & kitchen,722.08,1,0.0,722.08,722.08,  Card  ,New,1.0,3.8
125788,02/05/2025,ajman,Fashion,227.73,1,5.0,227.73,216.34,card,Returning,3.0,4.9
103387,2024-02-27,AJMAN,  Fashion  ,437.32,1,0.0,437.32,437.32,  Card  ,Returning,3.0,5.0
132096,05/13/2025,  Dubai  ,Fashion,47.21,1,0.0,47.21,47.21,CASH ON DELIVERY,Returning,2.0,3.3
127316,03/01/2025,ABU DHABI,  Beauty & Personal Care  ,355.8,2,15.0,711.6,604.86,CARD,Returning,3.0,5.0
145994,22-11-2025,  Abu Dhabi  ,FASHION,88.21,1,20.0,88.21,70.57,WALLET,New,3.0,5.0
134783,2025-06-22,DUBAI,Mobile Accessories,88.93,2,15.0,177.86,151.18,card,Returning,2.0,4.5
137490,08/02/2025,Dubay,  Home & Kitchen  ,130.08,1,15.0,130.08,110.57,Cash on Delivery,New,3.0,3.5
107450,04-05-2024,dubai,Beauty & Personal Care,303.4,1,0.0,303.4,303.4,Cash on Delivery,Returning,3.0,4.4
109594,2024-06-09,Dubai,Fashion,229.48,2,0.0,458.96,458.96,  Card  ,New,2.0,5.0
109152,06/02/2024,Dubai,  Beauty & Personal Care  ,358.12,1,0.0,358.12,358.12,Cash on Delivery,Returning,3.0,5.0
134523,2025-06-18,Sharjah,beauty & personal care,158.76,2,5.0,317.52,301.64,CASH ON DELIVERY,Returning,3.0,3.1
120399,23/11/2024,abu dhabi,  Fashion  ,288.62,1,20.0,288.62,230.9,card,Returning,2.0,5.0
143034,16/10/2025,DUBAI,mobile accessories,216.11,1,10.0,216.11,194.5,  Card  ,Returning,4.0,3.2
107129,04/29/2024,sharjah,home & kitchen,169.88,2,,339.76,339.76,CASH ON DELIVERY,New,3.0,4.2
133729,07-06-2025,Dubai ,Groceries,19.1,2,15.0,38.2,32.47,WALLET,Returning,4.0,4.8
133817,08-06-2025,ABU DHABI,  Groceries  ,182.05,3,0.0,546.15,546.15,  Card  ,Returning,2.0,3.5
106693,04/22/2024,DUBAI,electronics,671.54,1,5.0,671.54,637.96,  Cash on Delivery  ,Returning,2.0,4.3
131684,07-05-2025,sharjah,Groceries,177.16,1,0.0,177.16,177.16,  Card  ,Returning,2.0,4.8
134186,06/13/2025,  Dubai  ,  Fashion  ,340.05,1,30.0,340.05,238.04,card,Returning,2.0,3.6
131364,2025-05-02,  Dubai  ,  Fashion  ,535.17,1,10.0,535.17,481.65,Wallet,Returning,2.0,5.0
101863,2024-02-02,DUBAI,fashion,65.1,2,30.0,130.2,91.14,cash on delivery,Returning,2.0,3.6
118040,18-10-2024,Dubai,  Home & Kitchen  ,222.48,1,0.0,222.48,222.48,Wallet,New,4.0,4.9
149204,12/28/2025,  Dubai  ,ELECTRONICS,1573.9,1,0.0,1573.9,1573.9,card,New,2.0,3.3
126537,17-02-2025,  Ras Al Khaimah  ,  Beauty & Personal Care  ,288.86,1,10.0,288.86,259.97,  Wallet  ,Returning,4.0,4.7
131253,04/30/2025,ras al khaimah,Electronics,1962.46,1,5.0,1962.46,1864.34,  Cash on Delivery  ,Returning,4.0,4.3
147034,11/28/2025,  Sharjah  ,  Fashion  ,185.66,1,10.0,185.66,167.09,card,New,2.0,5.0
135581,2025-07-04,DUBAI,FASHION,386.71,2,5.0,773.42,734.75,Card,Returning,1.0,4.5
101020,2024-01-18,DUBAI,FASHION,561.0,1,0.0,561.0,561.0,Cash on Delivery,Returning,3.0,4.8
145855,2025-11-22,  Abu Dhabi  ,electronics,3473.23,1,30.0,3473.23,2431.26,wallet,Returning,2.0,4.2
119787,16-11-2024,SHARJAH,GROCERIES,193.45,1,30.0,193.45,135.42,cash on delivery,Returning,1.0,5.0
133747,2025-06-07,  Abu Dhabi  ,  Electronics  ,1646.29,2,10.0,3292.58,2963.32,card,Returning,,4.0
128933,03/30/2025,  Ajman  ,Fashion,97.61,1,5.0,97.61,92.73,CASH ON DELIVERY,Returning,1.0,3.8
109897,14-06-2024,  Dubai  ,Beauty & Personal Care,41.3,1,5.0,41.3,39.23,cash on delivery,Returning,4.0,3.5
123964,07-01-2025,sharjah,HOME & KITCHEN,198.75,1,20.0,198.75,159.0,,New,1.0,3.8
109191,06/03/2024,dubai,Mobile Accessories,220.12,1,5.0,220.12,209.11,  Card  ,New,3.0,5.0
126983,02/24/2025,Sharjah,fashion,513.11,1,0.0,513.11,513.11,card,Returning,1.0,2.9
107272,01-05-2024,DUBAI,ELECTRONICS,832.35,1,15.0,832.35,707.5,card,New,3.0,5.0
136343,2025-07-16,ajman,Electronics,2221.16,2,15.0,4442.32,3775.97,  Cash on Delivery  ,Returning,1.0,5.0
138101,2025-08-10,sharjah,MOBILE ACCESSORIES,65.36,1,10.0,65.36,58.82,card,Returning,1.0,2.9
125277,28/01/2025,Dubai ,  Mobile Accessories  ,232.14,2,10.0,464.28,417.85,CASH ON DELIVERY,Returning,2.0,4.3
124787,20-01-2025,AJMAN,FASHION,542.3,1,0.0,542.3,542.3,wallet,Returning,2.0,4.2
124339,12/01/2025,abu dhabi,Home & Kitchen,310.72,1,10.0,310.72,279.65,Wallet,Returning,3.0,4.4
144684,11/07/2025,Abu Dhabi,electronics,1975.42,1,5.0,1975.42,1876.65,cash on delivery,New,2.0,4.4
123606,02/01/2025,abu dhabi,GROCERIES,194.43,1,5.0,194.43,184.71,CARD,Returning,2.0,4.0
134866,2025-06-23,Dubai,  Electronics  ,2686.79,2,5.0,5373.58,5104.9,,Returning,1.0,5.0
109378,06-06-2024,abu dhabi,GROCERIES,256.4,1,30.0,256.4,179.48,  Cash on Delivery  ,New,5.0,
135693,2025-07-06,ras al khaimah,GROCERIES,45.65,1,,45.65,31.96,CARD,New,1.0,4.6
148150,13/12/2025,ABU DHABI,Mobile Accessories,151.95,1,10.0,151.95,136.76,  Wallet  ,Returning,3.0,4.5
122028,12/08/2024,ABU DHABI,mobile accessories,26.99,1,20.0,26.99,21.59,card,Returning,3.0,4.8
146002,22-11-2025,dubai,MOBILE ACCESSORIES,131.98,1,,131.98,92.39,CARD,Returning,2.0,
128366,22-03-2025,Dubay,  Home & Kitchen  ,460.02,1,0.0,460.02,460.02,CARD,Returning,3.0,4.3
129857,09-04-2025,  Ras Al Khaimah  ,BEAUTY & PERSONAL CARE,286.52,1,0.0,286.52,286.52,card,Returning,1.0,3.0
119510,2024-11-12,dubai,electronics,3408.63,1,20.0,3408.63,2726.9,Card,Returning,1.0,3.1
134298,06/15/2025,Dubay,mobile accessories,228.72,1,5.0,228.72,217.28,cash on delivery,New,1.0,4.8
126866,22-02-2025,DUBAI,Fashion,363.36,1,0.0,363.36,363.36,wallet,Returning,2.0,4.8
121129,11/28/2024,  Dubai  ,Fashion,332.09,1,20.0,332.09,265.67,Cash on Delivery,New,3.0,
141225,2025-09-20,dubai,home & kitchen,376.33,1,5.0,376.33,357.51,wallet,New,2.0,3.5
145579,20/11/2025,abu dhabi,electronics,2848.15,1,10.0,2848.15,2563.34,  Cash on Delivery  ,New,3.0,5.0
102080,2024-02-05,,GROCERIES,89.7,2,30.0,179.4,125.58,  Cash on Delivery  ,New,3.0,4.7
118957,02/11/2024,Dubai,  Beauty & Personal Care  ,330.25,1,10.0,330.25,297.23,WALLET,Returning,2.0,
147509,2025-12-04,ajman,Fashion,79.01,3,20.0,237.03,189.62,Wallet,New,2.0,5.0
116044,16-09-2024,dubai,mobile accessories,249.39,1,15.0,249.39,211.98,  Wallet  ,New,4.0,4.5
127036,2025-02-25,abu dhabi,Electronics,2541.8,1,5.0,2541.8,2414.71,CASH ON DELIVERY,New,3.0,5.0
100685,2024-01-13,dubai,ELECTRONICS,2715.78,2,0.0,5431.56,5431.56,Card,Returning,2.0,
138950,08/21/2025,  Dubai  ,  Electronics  ,1235.11,1,5.0,1235.11,1173.35,WALLET,Returning,1.0,5.0
123518,31/12/2024,  Dubai  ,  Fashion  ,340.23,1,5.0,340.23,323.22,card,Returning,3.0,3.8
118573,2024-10-27,  Dubai  ,home & kitchen,403.04,1,20.0,403.04,322.43,  Wallet  ,Returning,2.0,3.8
117005,2024-10-03,Abu Dhabi,  Electronics  ,1202.96,1,0.0,1202.96,1202.96,  Card  ,Returning,2.0,4.9
144953,2025-11-10,Sharjah,BEAUTY & PERSONAL CARE,56.13,1,5.0,56.13,53.32,card,Returning,1.0,3.5
130921,04/25/2025,Ajman ,Beauty & Personal Care,120.08,1,0.0,120.08,120.08,Card,New,,2.7
120962,27/11/2024,Abu Dhabi,ELECTRONICS,968.25,1,20.0,968.25,774.6,Cash on Delivery,Returning,2.0,5.0
130075,04/13/2025,Sharjah,  Fashion  ,263.83,1,5.0,263.83,250.64,WALLET,New,3.0,4.6
105752,10-04-2024,ras al khaimah,FASHION,321.52,1,10.0,321.52,289.37,CASH ON DELIVERY,Returning,1.0,4.0
106659,22-04-2024,Dubay,  Beauty & Personal Care  ,397.42,2,0.0,794.84,794.84,card,Returning,4.0,4.2
108108,05/15/2024,Dubai,  Groceries  ,294.51,1,5.0,294.51,279.78,  Wallet  ,New,3.0,4.0
110951,07/02/2024,Dubai,FASHION,398.13,1,20.0,398.13,318.5,  Card  ,Returning,2.0,
144108,2025-10-31,dubai,FASHION,302.32,1,0.0,302.32,302.32,CASH ON DELIVERY,Returning,4.0,3.8
139716,08/30/2025,Dubai,Mobile Accessories,223.1,1,0.0,223.1,223.1,CASH ON DELIVERY,Returning,3.0,
146749,27/11/2025,Dubai,BEAUTY & PERSONAL CARE,364.38,1,30.0,364.38,255.07,  Wallet  ,Returning,1.0,4.5
142285,2025-10-04,abu dhabi,BEAUTY & PERSONAL CARE,116.96,1,5.0,116.96,111.11,Card,New,3.0,3.7
107475,05/04/2024,abu dhabi,mobile accessories,54.06,2,5.0,108.12,102.71,  Wallet  ,New,5.0,5.0
113963,08/19/2024,Sharja,fashion,140.68,1,10.0,140.68,126.61,  Cash on Delivery  ,Returning,2.0,4.3
135482,2025-07-03,  Abu Dhabi  ,HOME & KITCHEN,60.28,1,20.0,60.28,48.22,  Card  ,New,4.0,3.5
105413,2024-04-06,Ras Al Khaimah,fashion,299.79,2,15.0,599.58,509.64,card,New,2.0,4.8
109507,08/06/2024,Ajman,  Mobile Accessories  ,81.23,1,0.0,81.23,81.23,CASH ON DELIVERY,New,3.0,3.3
128164,18/03/2025,sharjah,  Groceries  ,115.48,1,0.0,115.48,115.48,  Card  ,New,1.0,3.8
122963,23-12-2024,Ras Al Khaimah,  Mobile Accessories  ,242.22,1,10.0,242.22,218.0,card,New,2.0,4.3
123477,31-12-2024,RAS AL KHAIMAH,  Fashion  ,162.19,2,0.0,324.38,324.38,wallet,Returning,2.0,4.9
127126,27/02/2025,  Dubai  ,HOME & KITCHEN,324.42,1,0.0,324.42,324.42,CARD,New,2.0,4.5
135421,07/02/2025,SHARJAH,Beauty & Personal Care,289.35,1,0.0,289.35,289.35,  Card  ,Returning,3.0,4.3
118492,25-10-2024,DUBAI,FASHION,537.81,2,0.0,1075.62,1075.62,Cash on Delivery,Returning,3.0,4.3
121645,2024-12-02,Abu Dhabi,Groceries,137.65,1,5.0,137.65,130.77,  Card  ,New,3.0,5.0
139612,29-08-2025,  Sharjah  ,Beauty & Personal Care,186.4,1,10.0,186.4,167.76,  Card  ,New,4.0,3.7
118403,10/24/2024,abu dhabi,Electronics,346.38,2,30.0,692.76,484.93,  Cash on Delivery  ,New,3.0,4.6
107991,14/05/2024,Abu Dhabi,mobile accessories,178.19,1,10.0,178.19,160.37,  Wallet  ,Returning,3.0,3.9
114986,31/08/2024,Abu Dhabi,  Electronics  ,983.77,1,15.0,983.77,836.2,CASH ON DELIVERY,Returning,2.0,5.0
132312,16-05-2025,  Dubai  ,Fashion,115.44,1,10.0,115.44,103.9,  Cash on Delivery  ,Returning,4.0,3.5
107853,05/11/2024,Abu Dhabi,  Mobile Accessories  ,137.22,1,0.0,137.22,137.22,  Card  ,Returning,2.0,4.1
121994,2024-12-07,SHARJAH,BEAUTY & PERSONAL CARE,394.35,1,0.0,394.35,394.35,  Wallet  ,Returning,2.0,5.0
145316,16/11/2025,Dubai,Electronics,1347.04,2,0.0,2694.08,2694.08,card,New,2.0,3.8
114765,29-08-2024,Dubai,  Electronics  ,2795.42,3,10.0,8386.26,7547.63,Card,New,1.0,5.0
137945,08-08-2025,DUBAI,mobile accessories,201.8,1,0.0,201.8,201.8,WALLET,New,6.0,3.8
125782,02/05/2025,SHARJAH,home & kitchen,898.26,1,0.0,898.26,898.26,  Wallet  ,New,1.0,4.4
108597,2024-05-23,  Dubai  ,,545.48,1,0.0,545.48,545.48,  Card  ,Returning,2.0,4.6
101982,02/04/2024,Sharjah,Fashion,154.61,1,0.0,154.61,154.61,card,Returning,2.0,4.5
123420,30/12/2024,DUBAI,  Electronics  ,1384.05,1,20.0,1384.05,1107.24,  Cash on Delivery  ,Returning,2.0,4.8
102829,17/02/2024,Abu Dhabi,  Home & Kitchen  ,480.65,1,15.0,480.65,408.55,Wallet,Returning,2.0,4.7
133204,2025-05-30,  Abu Dhabi  ,MOBILE ACCESSORIES,30.54,1,5.0,30.54,29.01,CASH ON DELIVERY,Returning,4.0,3.6
116954,10/02/2024,,  Mobile Accessories  ,101.79,1,0.0,101.79,101.79,Card,New,1.0,3.1
119471,11-11-2024,ABU DHABI,Beauty & Personal Care,154.87,1,10.0,154.87,139.38,  Cash on Delivery  ,New,1.0,4.9
110793,29/06/2024,sharjah,Groceries,134.01,1,0.0,134.01,134.01,  Cash on Delivery  ,New,5.0,4.6
143965,29/10/2025,  Sharjah  ,Fashion,95.29,1,0.0,95.29,95.29,Card,New,2.0,3.7
128438,03/23/2025,DUBAI,Home & Kitchen,628.48,2,0.0,1256.96,1256.96,Card,Returning,2.0,4.9
125067,24-01-2025,Dubai,Mobile Accessories,108.42,1,0.0,108.42,108.42,  Wallet  ,Returning,4.0,
105641,2024-04-09,RAS AL KHAIMAH,home & kitchen,574.08,1,10.0,574.08,516.67,card,Returning,4.0,3.9
106929,26/04/2024,Abu Dhabi,  Fashion  ,448.55,2,0.0,897.1,897.1,Wallet,Returning,1.0,
145975,11/22/2025,ras al khaimah,  Electronics  ,3044.43,1,30.0,3044.43,2131.1,card,Returning,2.0,2.2
120863,11/26/2024,Dubai,,74.18,1,50.0,74.18,37.09,  Cash on Delivery  ,New,4.0,4.4
114535,08/26/2024,dubai,home & kitchen,381.07,1,20.0,381.07,304.86,  Wallet  ,New,1.0,4.7
105492,07/04/2024,dubai,electronics,361.14,2,0.0,722.28,722.28,Card,New,4.0,4.5
131829,2025-05-09,  Ajman  ,Electronics,661.35,1,5.0,661.35,628.28,Cash on Delivery,Returning,2.0,5.0
112204,22-07-2024,ABU DHABI,BEAUTY & PERSONAL CARE,392.45,1,15.0,392.45,333.58,CASH ON DELIVERY,Returning,3.0,4.1
107675,05/08/2024,  Abu Dhabi  ,  Electronics  ,2728.84,1,10.0,2728.84,2455.96,wallet,New,3.0,4.8
116524,24/09/2024,Abu Dhabi,HOME & KITCHEN,256.02,1,5.0,256.02,243.22,  Cash on Delivery  ,Returning,5.0,5.0
105474,07/04/2024,DUBAI,  Fashion  ,56.34,1,0.0,56.34,56.34,card,Returning,2.0,3.9
132898,2025-05-25,dubai,groceries,242.34,2,5.0,484.68,460.45,card,Returning,3.0,4.2
134985,06/25/2025,abu dhabi,  Home & Kitchen  ,848.75,1,0.0,848.75,848.75,  Cash on Delivery  ,New,1.0,5.0
118517,2024-10-26,AJMAN,Groceries,213.25,2,0.0,426.5,426.5,Card,Returning,2.0,2.6
110913,2024-07-01,  Dubai  ,Fashion,481.56,-2,5.0,963.12,914.96,Wallet,Returning,5.0,
128110,03/17/2025,Sharja,  Home & Kitchen  ,864.85,2,5.0,1729.7,1643.22,Wallet,New,4.0,4.3
126971,2025-02-24,dubai,  Home & Kitchen  ,889.13,2,30.0,1778.26,1244.78,wallet,New,1.0,3.8
117406,2024-10-09,Abu Dhabi,  Electronics  ,3188.56,2,5.0,6377.12,6058.26,WALLET,Returning,3.0,3.5
136058,2025-07-11,Dubai,Groceries,255.05,1,15.0,255.05,216.79,CARD,Returning,1.0,3.3
133977,2025-06-10,Ras Al Khaimah,  Mobile Accessories  ,103.39,1,0.0,103.39,103.39,CASH ON DELIVERY,New,2.0,4.6
107722,09/05/2024,Dubai ,Fashion,212.26,1,30.0,212.26,148.58,CASH ON DELIVERY,New,1.0,
137260,29/07/2025,ABU DHABI,Electronics,1698.33,1,15.0,1698.33,1443.58,  Wallet  ,Returning,3.0,3.7
142779,2025-10-11,SHARJAH,Mobile Accessories,129.52,2,10.0,259.04,233.14,cash on delivery,Returning,3.0,3.1
104994,29-03-2024,Sharja,groceries,209.67,1,0.0,209.67,209.67,Card,New,1.0,4.9
137848,08/07/2025,  Dubai  ,Mobile Accessories,39.0,1,20.0,39.0,31.2,CARD,Returning,2.0,4.8
107184,30-04-2024,  Abu Dhabi  ,  Electronics  ,2650.89,1,0.0,2650.89,2650.89,Card,Returning,,4.0
116301,20-09-2024,DUBAI,Mobile Accessories,46.44,1,10.0,46.44,41.8,Card,Returning,2.0,3.9
125686,03/02/2025,DUBAI,Fashion,509.46,2,5.0,1018.92,967.97,card,New,1.0,4.6
132862,2025-05-24,  Sharjah  ,ELECTRONICS,2747.32,1,0.0,2747.32,2747.32,Card,Returning,2.0,5.0
124489,2025-01-15,  Abu Dhabi  ,Fashion,558.14,1,0.0,558.14,558.14,cash on delivery,New,3.0,3.3
121399,29/11/2024,ABU DHABI,home & kitchen,718.92,1,30.0,718.92,503.24,cash on delivery,Returning,3.0,3.7
105502,08/04/2024,  Sharjah  ,,79.05,1,5.0,79.05,75.1,  Card  ,Returning,3.0,3.7
149424,2025-12-31,  Dubai  ,MOBILE ACCESSORIES,84.01,1,0.0,84.01,84.01,Card,New,2.0,4.5
104484,19-03-2024,Abu Dhabi,BEAUTY & PERSONAL CARE,78.72,1,10.0,78.72,70.85,  Cash on Delivery  ,New,3.0,3.3
131000,2025-04-26,  Abu Dhabi  ,Mobile Accessories,84.39,1,20.0,84.39,67.51,card,Returning,4.0,4.4
120025,20-11-2024,Sharja,BEAUTY & PERSONAL CARE,56.69,1,0.0,56.69,56.69,cash on delivery,Returning,1.0,3.4
100803,01/15/2024,  Dubai  ,fashion,92.45,1,10.0,92.45,83.2,  Card  ,Returning,3.0,3.1
109502,07/06/2024,Abu Dhabi,Fashion,226.94,1,5.0,226.94,215.59,Card,New,2.0,3.0
143233,10/18/2025,Dubai,  Mobile Accessories  ,86.39,2,20.0,172.78,138.22,Card,Returning,3.0,
100765,14/01/2024,  Ajman  ,beauty & personal care,95.93,1,0.0,95.93,95.93,WALLET,Returning,1.0,3.7
144877,09-11-2025,Dubai,Electronics,1359.92,2,15.0,2719.84,2311.86,CARD,New,5.0,4.1
101813,2024-02-02,ras al khaimah,  Groceries  ,265.41,1,5.0,265.41,252.14,Card,Returning,4.0,4.8
135844,2025-07-08,  Sharjah  ,,314.28,3,0.0,942.84,942.84,Cash on Delivery,New,3.0,3.5
134021,11-06-2025,  Abu Dhabi  ,Fashion,461.91,1,0.0,461.91,461.91,Card,New,,5.0
140209,2025-09-05,  Dubai  ,  Home & Kitchen  ,235.11,1,5.0,235.11,223.35,  Cash on Delivery  ,New,2.0,
144753,08-11-2025,  Dubai  ,fashion,53.67,1,15.0,53.67,45.62,  Cash on Delivery  ,Returning,4.0,4.0
135420,2025-07-02,abu dhabi,Groceries,275.11,1,10.0,275.11,247.6,Card,Returning,3.0,3.1
119322,2024-11-08,  Abu Dhabi  ,FASHION,76.12,2,15.0,152.24,129.4,CARD,Returning,3.0,4.4
145720,21-11-2025,Sharjah,Groceries,123.38,1,20.0,123.38,98.7,  Cash on Delivery  ,New,3.0,3.7
115891,2024-09-14,Dubai,,377.16,1,10.0,377.16,339.44,  Card  ,New,2.0,5.0
141110,2025-09-18,ABU DHABI,  Fashion  ,198.32,1,0.0,198.32,198.32,CASH ON DELIVERY,New,4.0,3.9
136916,07/24/2025,Dubai,,222.92,1,10.0,222.92,200.63,Card,Returning,3.0,4.6
143399,10/21/2025,Sharjah,Fashion,51.11,1,10.0,51.11,46.0,  Cash on Delivery  ,Returning,3.0,3.3
145625,21/11/2025,SHARJAH,Electronics,901.64,1,20.0,901.64,721.31,CARD,Returning,2.0,3.7
119684,2024-11-14,DUBAI,Mobile Accessories,141.58,1,5.0,141.58,134.5,  Card  ,New,1.0,4.7
114651,27/08/2024,dubai,GROCERIES,278.52,1,20.0,278.52,222.82,Card,New,2.0,4.1
143004,15-10-2025,Dubai,ELECTRONICS,3077.55,1,0.0,3077.55,3077.55,CASH ON DELIVERY,Returning,2.0,4.1
134090,2025-06-12,dubai,  Mobile Accessories  ,240.85,1,0.0,240.85,240.85,  Cash on Delivery  ,New,2.0,4.0
135678,06-07-2025,ABU DHABI,  Mobile Accessories  ,112.39,1,5.0,112.39,106.77,card,Returning,3.0,3.7
122919,22-12-2024,SHARJAH,  Fashion  ,338.77,1,20.0,338.77,271.02,  Card  ,Returning,2.0,4.5
144328,11/02/2025,  Dubai  ,  Beauty & Personal Care  ,365.69,1,10.0,365.69,329.12,Card,Returning,2.0,3.5
127152,27-02-2025,Ras Al Khaimah,Groceries,23.17,1,15.0,23.17,19.69,Card,Returning,3.0,4.1
121987,2024-12-07,  Abu Dhabi  ,FASHION,97.41,1,0.0,97.41,97.41,CARD,Returning,1.0,
131296,01-05-2025,Dubai,FASHION,536.28,1,15.0,536.28,455.84,wallet,New,2.0,3.2
102727,02/16/2024,Dubai,BEAUTY & PERSONAL CARE,152.4,1,15.0,152.4,129.54,  Card  ,Returning,4.0,5.0
143675,10/25/2025,Ras Al Khaimah,groceries,227.91,1,0.0,227.91,227.91,Card,Returning,2.0,4.5
137776,2025-08-06,DUBAI,mobile accessories,224.87,1,0.0,224.87,224.87,cash on delivery,New,3.0,3.8
115258,04-09-2024,  Sharjah  ,Mobile Accessories,242.71,1,0.0,242.71,242.71,CARD,Returning,,3.5
147252,12/01/2025,DUBAI,Home & Kitchen,358.8,1,,358.8,304.98,card,New,3.0,4.1
119731,15-11-2024,  Dubai  ,mobile accessories,123.67,1,30.0,123.67,86.57,CARD,Returning,1.0,
140876,15/09/2025,  Dubai  ,beauty & personal care,215.3,1,0.0,215.3,215.3,CARD,New,4.0,3.6
126641,2025-02-19,  Dubai  ,MOBILE ACCESSORIES,79.5,3,5.0,238.5,226.58,  Card  ,Returning,5.0,4.5
139379,26/08/2025,,FASHION,130.8,1,0.0,130.8,130.8,CASH ON DELIVERY,New,3.0,3.7
134453,2025-06-17,Abu Dhabi,Electronics,1097.64,2,10.0,2195.28,1975.75,Card,Returning,3.0,4.0
147471,2025-12-04,dubai,fashion,213.63,1,0.0,213.63,213.63,card,Returning,2.0,5.0
124663,2025-01-17,Dubai,  Groceries  ,205.32,2,0.0,410.64,410.64,  Cash on Delivery  ,Returning,1.0,2.9
108737,2024-05-25,Abu Dhabi,fashion,90.72,1,20.0,90.72,72.58,CASH ON DELIVERY,Returning,1.0,
115802,12-09-2024,  Dubai  ,Beauty & Personal Care,153.25,1,10.0,153.25,137.93,CARD,Returning,4.0,4.9
147299,01/12/2025,Sharjah,  Fashion  ,394.13,1,5.0,394.13,374.42,Cash on Delivery,Returning,1.0,3.9
131857,10-05-2025,Sharja,Mobile Accessories,123.73,2,10.0,247.46,222.71,card,New,2.0,4.4
139392,27/08/2025,AJMAN,FASHION,274.44,1,15.0,274.44,233.27,CARD,New,3.0,4.6
125608,2025-02-02,Dubay,beauty & personal care,266.65,1,0.0,266.65,266.65,  Wallet  ,New,5.0,5.0
125415,30/01/2025,Abu Dhabi,BEAUTY & PERSONAL CARE,133.18,1,20.0,133.18,106.54,cash on delivery,New,2.0,2.9
149179,12/27/2025,Sharjah,MOBILE ACCESSORIES,221.51,1,20.0,221.51,177.21,Card,New,3.0,4.9
105557,08-04-2024,DUBAI,FASHION,494.24,1,15.0,494.24,420.1,,Returning,5.0,
146199,23-11-2025,Ras Al Khaimah,Beauty & Personal Care,355.72,2,,711.44,426.86,  Cash on Delivery  ,Returning,3.0,3.7
120700,25/11/2024,  Dubai  ,Fashion,233.4,1,40.0,233.4,140.04,cash on delivery,New,4.0,3.9
106080,04/13/2024,SHARJAH,  Groceries  ,167.96,1,10.0,167.96,151.16,Cash on Delivery,Returning,4.0,4.3
141020,2025-09-17,abu dhabi,electronics,2816.88,1,10.0,2816.88,2535.19,CASH ON DELIVERY,New,3.0,5.0
149287,29/12/2025,  Abu Dhabi  ,Groceries,190.17,1,0.0,190.17,190.17,Card,Returning,2.0,3.4
140890,09/15/2025,  Dubai  ,  Electronics  ,1157.67,1,30.0,1157.67,810.37,card,New,3.0,3.2
126778,2025-02-21,  Dubai  ,mobile accessories,52.26,3,10.0,156.78,141.1,cash on delivery,New,1.0,4.6
148926,24-12-2025,sharjah,Fashion,443.55,1,10.0,443.55,399.2,cash on delivery,New,2.0,4.2
118863,01-11-2024,,ELECTRONICS,2611.36,1,15.0,2611.36,2219.66,card,Returning,1.0,4.9
121695,12/03/2024,DUBAI,Electronics,2427.56,2,15.0,4855.12,4126.85,Wallet,New,2.0,4.0
142557,2025-10-09,SHARJAH,Groceries,86.44,1,30.0,86.44,60.51,cash on delivery,Returning,1.0,4.4
123597,2025-01-02,DUBAI,FASHION,172.05,1,30.0,172.05,120.44,card,Returning,2.0,4.2
114897,30/08/2024,Sharjah,mobile accessories,177.13,1,10.0,177.13,159.42,card,New,1.0,5.0
100655,12/01/2024,DUBAI,Home & Kitchen,267.32,1,15.0,267.32,227.22,CASH ON DELIVERY,Returning,3.0,4.9
147154,30-11-2025,Dubay,BEAUTY & PERSONAL CARE,35.75,1,15.0,35.75,30.39,Card,New,1.0,5.0
143077,10/17/2025,dubai,GROCERIES,221.08,1,10.0,221.08,198.97,WALLET,Returning,1.0,3.7
112808,08/02/2024,abu dhabi,FASHION,236.49,1,20.0,236.49,189.19,Card,Returning,2.0,3.7
106876,04/25/2024,dubai,,182.04,1,5.0,182.04,172.94,cash on delivery,Returning,2.0,3.3
138614,17/08/2025,DUBAI,  Fashion  ,501.38,1,10.0,501.38,451.24,  Card  ,New,3.0,3.9
122803,2024-12-20,SHARJAH,ELECTRONICS,1350.5,1,10.0,1350.5,1215.45,WALLET,Returning,4.0,
121972,07-12-2024,ras al khaimah,mobile accessories,157.75,1,15.0,157.75,134.09,wallet,New,3.0,4.6
140880,09/15/2025,dubai,  Electronics  ,3201.93,1,15.0,3201.93,2721.64,  Card  ,Returning,4.0,4.4
101545,27/01/2024,sharjah,Electronics,1924.59,1,10.0,1924.59,1732.13,  Card  ,Returning,2.0,5.0
108756,26-05-2024,  Ras Al Khaimah  ,Electronics,1129.96,2,,2259.92,2033.93,Card,Returning,2.0,3.0
113891,2024-08-18,Ras Al Khaimah,MOBILE ACCESSORIES,97.34,2,0.0,194.68,194.68,CARD,Returning,3.0,3.8
116327,21-09-2024,abu dhabi,ELECTRONICS,3255.89,1,0.0,3255.89,3255.89,CARD,New,3.0,3.6
110156,18/06/2024,Dubai ,Fashion,457.18,1,0.0,457.18,457.18,wallet,New,1.0,3.8
110404,06/23/2024,  Dubai  ,Electronics,2663.45,3,30.0,7990.35,5593.24,Wallet,Returning,4.0,3.9
111431,2024-07-10,sharjah,  Electronics  ,466.43,2,15.0,932.86,792.93,  Cash on Delivery  ,New,1.0,5.0
134600,06/20/2025,  Abu Dhabi  ,Groceries,222.94,1,0.0,222.94,222.94,  Card  ,Returning,2.0,3.5
102023,2024-02-05,abu dhabi,  Beauty & Personal Care  ,72.45,1,30.0,72.45,50.72,Cash on Delivery,Returning,1.0,3.2
144792,2025-11-08,abu dhabi,  Groceries  ,276.77,1,20.0,276.77,221.42,Cash on Delivery,Returning,3.0,5.0
123492,12/31/2024,dubai,electronics,3355.74,1,10.0,3355.74,3020.17,cash on delivery,Returning,2.0,
107368,03/05/2024,  Ras Al Khaimah  ,  Beauty & Personal Care  ,399.94,2,0.0,799.88,799.88,  Card  ,Returning,3.0,
134890,06/23/2025,dubai,  Fashion  ,268.09,1,5.0,268.09,254.69,  Card  ,New,4.0,4.5
126037,2025-02-09,Dubai,  Electronics  ,685.4,1,0.0,685.4,685.4,cash on delivery,New,1.0,4.3
131151,2025-04-28,  Ajman  ,  Fashion  ,557.04,2,0.0,1114.08,1114.08,  Card  ,Returning,1.0,4.3
120551,24/11/2024,DUBAI,BEAUTY & PERSONAL CARE,328.34,1,10.0,328.34,295.51,Cash on Delivery,Returning,4.0,3.8
109074,01/06/2024,dubai,home & kitchen,125.58,1,0.0,125.58,125.58,Card,Returning,5.0,4.2
115815,2024-09-12,Sharja,groceries,209.61,1,0.0,209.61,209.61,CASH ON DELIVERY,New,4.0,4.2
137836,07/08/2025,Dubay,Electronics,1701.55,1,0.0,1701.55,1701.55,CASH ON DELIVERY,Returning,2.0,4.5
124362,13/01/2025,dubai,ELECTRONICS,832.56,1,5.0,832.56,790.93,WALLET,Returning,2.0,3.6
105621,09-04-2024,DUBAI,FASHION,309.55,3,0.0,928.65,928.65,WALLET,Returning,2.0,4.3
133245,30/05/2025,dubai,fashion,194.95,1,0.0,194.95,194.95,card,New,4.0,4.6
123391,29-12-2024,  Dubai  ,MOBILE ACCESSORIES,165.99,2,0.0,331.98,331.98,  Card  ,Returning,4.0,4.5
136543,18/07/2025,ABU DHABI,  Home & Kitchen  ,519.01,1,10.0,519.01,467.11,card,Returning,,3.2
122551,2024-12-16,dubai,  Electronics  ,2102.49,1,0.0,2102.49,2102.49,Card,Returning,2.0,4.3
124996,23/01/2025,Abu Dhabi,ELECTRONICS,1977.01,2,10.0,3954.02,3558.62,CARD,New,4.0,4.4
113576,2024-08-14,ajman,FASHION,128.66,1,20.0,128.66,102.93,card,Returning,,4.2
119782,16-11-2024,Dubai,home & kitchen,655.42,1,10.0,655.42,589.88,  Card  ,New,2.0,4.8
135637,05-07-2025,dubai,BEAUTY & PERSONAL CARE,368.9,1,30.0,368.9,258.23,  Card  ,New,3.0,4.5
103458,02/29/2024,  Dubai  ,  Mobile Accessories  ,120.74,1,0.0,120.74,120.74,  Cash on Delivery  ,Returning,1.0,3.4
145636,11/21/2025,DUBAI,fashion,87.05,1,40.0,87.05,52.23,Cash on Delivery,Returning,2.0,4.0
147440,12/03/2025,AJMAN,Home & Kitchen,803.34,1,5.0,803.34,763.17,wallet,New,2.0,4.7
121712,2024-12-03,DUBAI,FASHION,312.05,1,0.0,312.05,312.05,  Cash on Delivery  ,New,1.0,4.5
148137,2025-12-13,Dubai,mobile accessories,149.7,2,0.0,299.4,299.4,  Card  ,New,4.0,3.1
142188,2025-10-03,Dubai,electronics,918.0,1,0.0,918.0,918.0,CARD,Returning,1.0,2.8
124276,11/01/2025,Abu Dhabi,FASHION,595.07,1,15.0,595.07,505.81,card,Returning,3.0,3.9
142336,2025-10-05,Sharja,Home & Kitchen,841.56,1,30.0,841.56,589.09,wallet,Returning,4.0,4.8
115296,2024-09-04,  Ajman  ,home & kitchen,72.31,1,,72.31,68.69,Wallet,Returning,3.0,3.7
128519,2025-03-25,Dubai,fashion,170.91,1,10.0,170.91,153.82,  Wallet  ,Returning,1.0,3.0
114496,25-08-2024,Sharja,electronics,1324.49,1,10.0,1324.49,1192.04,  Card  ,New,3.0,4.2
127230,28/02/2025,Dubai,  Electronics  ,3411.58,1,5.0,3411.58,3241.0,  Card  ,Returning,1.0,4.9
136446,17/07/2025,dubai,Fashion,521.59,1,5.0,521.59,495.51,  Card  ,New,,3.9
101566,27-01-2024,DUBAI,  Mobile Accessories  ,178.33,1,15.0,178.33,151.58,  Cash on Delivery  ,New,2.0,4.7
108998,30-05-2024,  Dubai  ,  Home & Kitchen  ,129.76,1,0.0,129.76,129.76,Card,Returning,1.0,3.4
103264,2024-02-25,Dubai,groceries,228.24,1,0.0,228.24,228.24,CARD,Returning,2.0,4.0
101396,01/25/2024,  Dubai  ,home & kitchen,800.39,1,15.0,800.39,680.33,card,New,2.0,4.1
108926,05/29/2024,SHARJAH,BEAUTY & PERSONAL CARE,173.74,1,0.0,173.74,173.74,Card,New,1.0,4.3
117449,2024-10-09,dubai,  Mobile Accessories  ,41.37,1,5.0,41.37,39.3,Cash on Delivery,Returning,2.0,5.0
138138,11/08/2025,dubai,  Home & Kitchen  ,515.19,1,5.0,515.19,489.43,WALLET,New,4.0,2.6
132770,2025-05-23,abu dhabi,Beauty & Personal Care,309.46,1,5.0,309.46,293.99,Cash on Delivery,New,2.0,3.6
103404,2024-02-28,  Abu Dhabi  ,  Mobile Accessories  ,54.23,1,0.0,54.23,54.23,CARD,Returning,2.0,4.3
139963,02-09-2025,DUBAI,groceries,102.81,1,5.0,102.81,97.67,CARD,Returning,2.0,3.5
145289,11/16/2025,dubai,FASHION,278.36,1,10.0,278.36,250.52,card,New,1.0,4.6
126619,02/19/2025,Ajman,ELECTRONICS,517.95,1,10.0,517.95,466.16,card,New,3.0,
104656,2024-03-22,Abu Dhabi,groceries,290.69,1,0.0,290.69,290.69,Wallet,New,4.0,4.8
103821,06-03-2024,ABU DHABI,  Beauty & Personal Care  ,58.15,1,20.0,58.15,46.52,card,New,2.0,4.9
133890,06/09/2025,Dubai,  Fashion  ,234.54,1,0.0,234.54,234.54,Wallet,New,3.0,3.7
131062,2025-04-27,DUBAI,Electronics,3256.86,1,0.0,3256.86,3256.86,  Card  ,Returning,1.0,3.9
119280,2024-11-08,Abu Dhabi,  Fashion  ,548.81,1,0.0,548.81,548.81,CASH ON DELIVERY,Returning,3.0,2.8
124044,2025-01-08,Dubay,BEAUTY & PERSONAL CARE,215.13,2,10.0,430.26,387.23,  Card  ,New,4.0,4.6
135850,08/07/2025,SHARJAH,ELECTRONICS,2836.55,1,20.0,2836.55,2269.24,cash on delivery,New,3.0,4.4
143400,2025-10-21,Sharja,Home & Kitchen,682.67,1,,682.67,682.67,card,Returning,3.0,4.6
115264,09/04/2024,dubai,groceries,186.48,1,0.0,186.48,186.48,cash on delivery,Returning,3.0,
114235,23-08-2024,ras al khaimah,Beauty & Personal Care,80.66,2,10.0,161.32,145.19,CARD,Returning,2.0,3.3
123757,2025-01-04,  Dubai  ,groceries,297.96,1,20.0,297.96,238.37,CARD,Returning,1.0,5.0
145365,11/16/2025,  Abu Dhabi  ,home & kitchen,435.03,1,5.0,435.03,413.28,Cash on Delivery,New,,5.0
102308,09-02-2024,DUBAI,electronics,2893.9,1,10.0,2893.9,2604.51,Card,New,5.0,4.4
148567,19/12/2025,ras al khaimah,electronics,645.48,1,15.0,645.48,548.66,Cash on Delivery,Returning,1.0,4.0
100755,01/14/2024,Ajman,FASHION,229.59,1,10.0,229.59,206.63,CASH ON DELIVERY,Returning,3.0,3.5
104824,25-03-2024,Dubai,  Groceries  ,292.58,1,10.0,292.58,263.32,  Card  ,Returning,4.0,4.2
143870,10/27/2025,  Ajman  ,FASHION,484.34,2,5.0,968.68,920.25,card,New,4.0,4.4
123499,31/12/2024,ABU DHABI,Fashion,560.81,1,15.0,560.81,476.69,Card,New,3.0,
115639,09-09-2024,sharjah,  Home & Kitchen  ,141.7,1,0.0,141.7,141.7,cash on delivery,Returning,1.0,5.0
138119,08/11/2025,Dubai,  Fashion  ,312.26,1,0.0,312.26,312.26,cash on delivery,Returning,3.0,3.1
120398,23-11-2024,sharjah,MOBILE ACCESSORIES,164.02,1,40.0,164.02,98.41,Cash on Delivery,New,2.0,3.7
141820,28/09/2025,Dubai,Home & Kitchen,602.4,1,30.0,602.4,421.68,card,New,5.0,4.1
122403,12/13/2024,Dubai,Fashion,354.7,1,15.0,354.7,301.5,wallet,New,1.0,4.5
124428,14/01/2025,dubai,BEAUTY & PERSONAL CARE,43.1,2,15.0,86.2,73.27,CARD,Returning,3.0,3.4
133777,07/06/2025,abu dhabi,  Fashion  ,72.27,1,10.0,72.27,65.04,  Card  ,New,4.0,3.4
124856,01/21/2025,,Home & Kitchen,291.3,1,0.0,291.3,291.3,CARD,New,4.0,5.0
117723,10/13/2024,  Dubai  ,Home & Kitchen,217.87,1,10.0,217.87,196.08,Cash on Delivery,Returning,2.0,3.7
121356,11/29/2024,dubai,Groceries,32.67,2,30.0,65.34,45.74,,New,1.0,4.1
133305,31/05/2025,abu dhabi,Fashion,501.21,1,15.0,501.21,426.03,  Card  ,Returning,4.0,5.0
121688,03/12/2024,Dubai,  Groceries  ,87.6,1,30.0,87.6,61.32,cash on delivery,New,4.0,3.7
134278,2025-06-15,abu dhabi,groceries,125.71,3,5.0,377.13,358.27,  Cash on Delivery  ,New,1.0,5.0
121525,2024-12-01,  Dubai  ,  Fashion  ,435.95,1,5.0,435.95,414.15,cash on delivery,Returning,4.0,4.8
118983,03-11-2024,abu dhabi,beauty & personal care,343.42,1,5.0,343.42,326.25,,Returning,3.0,3.8
125832,02/06/2025,DUBAI,electronics,847.15,1,20.0,847.15,677.72,CARD,Returning,1.0,4.7
128501,03/24/2025,  Abu Dhabi  ,  Mobile Accessories  ,125.24,1,0.0,125.24,125.24,  Wallet  ,New,2.0,3.2
140459,08-09-2025,Ras Al Khaimah,beauty & personal care,126.44,1,0.0,126.44,126.44,CARD,New,2.0,4.1
109295,2024-06-04,dubai,FASHION,359.83,1,10.0,359.83,323.85,CASH ON DELIVERY,Returning,1.0,3.2
120380,2024-11-23,SHARJAH,Electronics,1637.62,1,40.0,1637.62,982.57,wallet,Returning,4.0,4.6
147411,2025-12-03,ras al khaimah,  Home & Kitchen  ,510.64,3,5.0,1531.92,1455.32,CARD,New,1.0,3.9
108081,15/05/2024,dubai,  Mobile Accessories  ,89.38,1,0.0,89.38,89.38,Card,New,3.0,4.4
127250,28/02/2025,  Dubai  ,  Electronics  ,851.24,1,30.0,851.24,595.87,  Cash on Delivery  ,New,1.0,3.7
118838,2024-10-31,  Abu Dhabi  ,beauty & personal care,96.09,1,10.0,96.09,86.48,Wallet,Returning,1.0,3.4
127969,15-03-2025,Dubai,Groceries,290.97,3,10.0,872.91,785.62,Card,Returning,2.0,4.7
124115,09-01-2025,ajman,Home & Kitchen,430.5,2,0.0,861.0,861.0,Card,New,1.0,2.5
143111,2025-10-17,Dubai,  Home & Kitchen  ,688.78,1,15.0,688.78,585.46,  Cash on Delivery  ,Returning,,4.1
124548,16/01/2025,Sharjah,mobile accessories,42.89,1,10.0,42.89,38.6,  Cash on Delivery  ,Returning,3.0,3.2
136298,07/15/2025,  Ras Al Khaimah  ,FASHION,110.61,1,0.0,110.61,110.61,  Wallet  ,Returning,2.0,4.4
116556,09/25/2024,ajman,FASHION,135.33,1,0.0,135.33,135.33,CASH ON DELIVERY,New,1.0,3.5
117666,12-10-2024,Dubai,home & kitchen,520.54,1,5.0,520.54,494.51,CARD,New,2.0,3.6
142587,09/10/2025,RAS AL KHAIMAH,Fashion,343.88,1,15.0,343.88,292.3,,New,1.0,4.3
146900,2025-11-28,dubai,Mobile Accessories,153.5,2,50.0,307.0,153.5,Card,New,2.0,3.9
141169,19-09-2025,dubai,  Mobile Accessories  ,196.02,3,10.0,588.06,529.25,cash on delivery,Returning,1.0,4.4
118362,24/10/2024,,groceries,31.36,1,0.0,31.36,31.36,Wallet,Returning,2.0,
103122,2024-02-22,ajman,groceries,203.25,1,5.0,203.25,193.09,  Wallet  ,New,4.0,4.0
107716,05/09/2024,Abu Dhabi,,1091.54,1,5.0,1091.54,1036.96,  Card  ,New,4.0,4.5
120088,21-11-2024,Dubai,Beauty & Personal Care,328.54,1,0.0,328.54,328.54,  Wallet  ,Returning,5.0,4.3
137026,26/07/2025,DUBAI,ELECTRONICS,1437.04,1,5.0,1437.04,1365.19,CARD,New,2.0,4.6
106686,22-04-2024,  Sharjah  ,  Fashion  ,295.96,1,5.0,295.96,281.16,cash on delivery,New,3.0,5.0
143297,19-10-2025,Sharjah,home & kitchen,648.02,1,10.0,648.02,583.22,CASH ON DELIVERY,Returning,5.0,4.6
126237,13/02/2025,sharjah,electronics,1521.75,2,15.0,3043.5,2586.98,Card,Returning,3.0,4.2
115064,02/09/2024,SHARJAH,fashion,145.94,1,10.0,145.94,131.35,Wallet,Returning,3.0,4.5
136193,13-07-2025,Dubai,BEAUTY & PERSONAL CARE,275.27,1,5.0,275.27,261.51,Card,Returning,5.0,
121045,2024-11-27,ABU DHABI,  Home & Kitchen  ,805.1,1,40.0,805.1,483.06,  Cash on Delivery  ,Returning,3.0,2.8
111968,07/19/2024,dubai,beauty & personal care,121.1,1,20.0,121.1,96.88,  Card  ,Returning,3.0,4.4
131482,05/03/2025,DUBAI,Electronics,2169.09,1,0.0,2169.09,2169.09,cash on delivery,New,2.0,4.0
110813,2024-06-29,Dubay,HOME & KITCHEN,240.72,3,10.0,722.16,649.94,CARD,New,3.0,
142458,07/10/2025,ABU DHABI,fashion,497.22,3,,1491.66,1491.66,Card,New,1.0,3.5
127083,2025-02-26,DUBAI,Beauty & Personal Care,69.12,2,10.0,138.24,124.42,Cash on Delivery,Returning,2.0,4.1
135899,09-07-2025,ABU DHABI,GROCERIES,58.08,1,10.0,58.08,52.27,Card,Returning,2.0,3.9
128835,2025-03-30,DUBAI,groceries,230.3,1,15.0,230.3,195.76,  Card  ,New,1.0,3.4
119187,2024-11-06,  Abu Dhabi  ,  Fashion  ,316.68,1,30.0,316.68,221.68,Cash on Delivery,Returning,3.0,4.9
101752,31-01-2024,sharjah,Groceries,290.67,1,30.0,290.67,203.47,Card,Returning,3.0,4.4
136408,17/07/2025,DUBAI,Beauty & Personal Care,316.76,3,,950.28,855.25,wallet,Returning,3.0,4.4
129154,2025-04-01,DUBAI,GROCERIES,111.33,1,0.0,111.33,111.33,Card,Returning,3.0,4.2
108547,22/05/2024,Dubai,  Fashion  ,409.19,2,5.0,818.38,777.46,WALLET,New,3.0,2.7
149481,12/31/2025,  Dubai  ,  Home & Kitchen  ,127.56,1,20.0,127.56,102.05,Wallet,Returning,1.0,4.0
139279,2025-08-25,,BEAUTY & PERSONAL CARE,149.34,1,0.0,149.34,149.34,Card,New,2.0,3.1
108735,2024-05-25,Abu Dhabi,GROCERIES,122.81,1,10.0,122.81,110.53,CARD,Returning,4.0,3.3
104281,15/03/2024,  Ras Al Khaimah  ,beauty & personal care,335.68,1,10.0,335.68,302.11,  Cash on Delivery  ,Returning,4.0,4.7
126696,02/20/2025,dubai,FASHION,93.92,1,10.0,93.92,84.53,  Card  ,Returning,,4.7
137348,07/31/2025,ABU DHABI,Mobile Accessories,172.04,1,0.0,172.04,172.04,Card,New,,5.0
103049,21-02-2024,ABU DHABI,  Mobile Accessories  ,135.19,1,10.0,135.19,121.67,card,Returning,,4.9
107651,08/05/2024,dubai,  Groceries  ,238.25,2,5.0,476.5,452.67,  Cash on Delivery  ,New,3.0,3.4
123756,04/01/2025,,Electronics,1836.94,1,5.0,1836.94,1745.09,Card,New,2.0,4.5
139770,08/30/2025,  Sharjah  ,Mobile Accessories,69.47,1,0.0,69.47,69.47,wallet,Returning,4.0,4.2
139241,08/25/2025,RAS AL KHAIMAH,beauty & personal care,111.06,1,20.0,111.06,88.85,Cash on Delivery,Returning,1.0,3.6
132527,05/19/2025,SHARJAH,mobile accessories,134.0,1,10.0,134.0,120.6,card,New,1.0,
144956,10-11-2025,dubai,  Fashion  ,375.31,1,15.0,375.31,319.01,CARD,Returning,3.0,5.0
102358,10/02/2024,Abu Dhabi,mobile accessories,94.01,1,10.0,94.01,84.61,card,Returning,2.0,4.3
126913,23-02-2025,dubai,fashion,442.58,1,5.0,442.58,420.45,  Cash on Delivery  ,New,3.0,4.8
117183,05/10/2024,Dubai ,Home & Kitchen,588.73,2,0.0,1177.46,1177.46,CARD,Returning,5.0,2.8
101768,02/01/2024,ABU DHABI,  Beauty & Personal Care  ,273.18,2,10.0,546.36,491.72,Card,Returning,,4.0
113231,09-08-2024,  Abu Dhabi  ,electronics,1683.55,1,5.0,1683.55,1599.37,CARD,Returning,5.0,2.9
106604,20-04-2024,DUBAI,ELECTRONICS,3247.52,1,20.0,3247.52,2598.02,CARD,New,2.0,4.2
141083,18/09/2025,Dubai,  Fashion  ,212.97,1,30.0,212.97,149.08,Cash on Delivery,Returning,2.0,3.7
117978,18/10/2024,  Sharjah  ,FASHION,81.4,1,10.0,81.4,73.26,card,New,1.0,3.2
105248,03-04-2024,  Dubai  ,Mobile Accessories,195.96,1,5.0,195.96,186.16,card,Returning,1.0,4.4
134478,18/06/2025,DUBAI,  Mobile Accessories  ,30.63,2,20.0,61.26,49.01,CARD,Returning,1.0,3.8
101038,2024-01-19,Dubai ,Fashion,504.9,2,10.0,1009.8,908.82,  Cash on Delivery  ,New,1.0,4.6
129316,03/04/2025,DUBAI,mobile accessories,204.36,2,10.0,408.72,367.85,CASH ON DELIVERY,New,4.0,4.7
109202,2024-06-03,  Dubai  ,  Beauty & Personal Care  ,235.4,2,10.0,470.8,423.72,  Cash on Delivery  ,Returning,2.0,4.4
124474,2025-01-14,  Abu Dhabi  ,Fashion,154.45,2,20.0,308.9,247.12,cash on delivery,New,2.0,5.0
146083,2025-11-23,ABU DHABI,  Fashion  ,495.75,2,40.0,991.5,594.9,  Card  ,Returning,3.0,4.8
110713,28-06-2024,DUBAI,Beauty & Personal Care,222.66,2,15.0,445.32,378.52,Card,New,3.0,4.5
135063,06/26/2025,  Sharjah  ,Beauty & Personal Care,273.95,1,10.0,273.95,246.56,card,Returning,1.0,3.9
104989,29/03/2024,dubai,ELECTRONICS,926.49,1,15.0,926.49,787.52,CARD,Returning,1.0,3.7
136905,24/07/2025,  Abu Dhabi  ,electronics,1757.88,2,10.0,3515.76,3164.18,Card,Returning,,5.0
143032,16-10-2025,abu dhabi,home & kitchen,665.93,1,10.0,665.93,599.34,CARD,Returning,4.0,3.9
109035,2024-05-31,ras al khaimah,Electronics,2957.21,2,5.0,5914.42,5618.7,  Cash on Delivery  ,Returning,2.0,3.7
120205,22/11/2024,Abu Dhabi,Home & Kitchen,531.98,1,40.0,531.98,319.19,Card,Returning,4.0,
124253,2025-01-11,dubai,Groceries,61.1,1,0.0,61.1,61.1,Card,Returning,2.0,4.2
113914,18/08/2024,ABU DHABI,home & kitchen,449.69,1,10.0,449.69,404.72,wallet,Returning,3.0,4.2
113879,18/08/2024,dubai,groceries,217.2,1,5.0,217.2,206.34,card,New,3.0,5.0
121706,03-12-2024,dubai,Groceries,93.08,1,5.0,93.08,88.43,card,New,3.0,3.3
111312,2024-07-08,dubai,  Fashion  ,138.57,1,5.0,138.57,131.64,  Card  ,Returning,2.0,4.1
103011,20/02/2024,  Abu Dhabi  ,,2611.68,1,5.0,2611.68,2481.1,,Returning,4.0,11.100000000000001
130764,23/04/2025,DUBAI,  Beauty & Personal Care  ,164.48,1,15.0,164.48,139.81,  Cash on Delivery  ,Returning,1.0,4.5
128453,23-03-2025,  Sharjah  ,fashion,583.27,1,15.0,583.27,495.78,CASH ON DELIVERY,New,1.0,3.9
121393,2024-11-29,Sharja,fashion,383.43,2,40.0,766.86,460.12,  Wallet  ,New,3.0,
120046,20-11-2024,Ajman ,HOME & KITCHEN,200.33,1,10.0,200.33,180.3,WALLET,Returning,1.0,
127633,08/03/2025,Dubai,beauty & personal care,398.86,1,15.0,398.86,339.03,cash on delivery,Returning,1.0,3.7
101728,31/01/2024,DUBAI,FASHION,515.25,1,0.0,515.25,515.25,CARD,Returning,3.0,5.0
115634,09/09/2024,SHARJAH,mobile accessories,169.3,1,15.0,169.3,143.9,Card,New,3.0,4.3
136021,11-07-2025,  Abu Dhabi  ,  Home & Kitchen  ,875.88,1,5.0,875.88,832.09,card,Returning,2.0,
110244,20-06-2024,,electronics,1120.61,1,15.0,1120.61,952.52,card,Returning,2.0,3.9
113319,2024-08-10,dubai,,517.56,1,0.0,517.56,517.56,WALLET,New,1.0,4.5
128059,03/16/2025,  Dubai  ,fashion,262.83,1,0.0,262.83,262.83,Card,Returning,1.0,3.6
112575,29/07/2024,RAS AL KHAIMAH,Home & Kitchen,604.58,2,5.0,1209.16,1148.7,CARD,New,5.0,3.8
141601,2025-09-25,  Dubai  ,,522.83,2,5.0,1045.66,993.38,  Cash on Delivery  ,Returning,3.0,3.3
124075,09-01-2025,DUBAI,HOME & KITCHEN,59.68,1,10.0,59.68,53.71,Wallet,Returning,2.0,4.8
102744,02/16/2024,  Abu Dhabi  ,Home & Kitchen,648.29,1,,648.29,583.46,CARD,Returning,1.0,3.3
110873,2024-06-30,  Dubai  ,electronics,1427.67,2,0.0,2855.34,2855.34,card,Returning,1.0,3.6
107763,10/05/2024,DUBAI,  Electronics  ,1031.53,1,15.0,1031.53,876.8,CARD,Returning,,4.5
141057,2025-09-18,ajman,FASHION,62.29,1,10.0,62.29,56.06,Card,Returning,2.0,5.0
126306,02/14/2025,dubai,Beauty & Personal Care,363.85,2,5.0,727.7,691.32,CASH ON DELIVERY,New,2.0,4.1
143079,10/17/2025,,FASHION,570.84,1,,570.84,399.59,Card,Returning,3.0,4.6
137514,02-08-2025,  Dubai  ,  Beauty & Personal Care  ,168.37,2,0.0,336.74,336.74,card,New,1.0,3.6
110411,06/23/2024,ABU DHABI,Electronics,2245.74,1,10.0,2245.74,2021.17,WALLET,Returning,,4.6
111295,07/08/2024,DUBAI,MOBILE ACCESSORIES,38.55,1,0.0,38.55,38.55,CARD,Returning,2.0,
113604,14-08-2024,Abu Dhabi,FASHION,306.29,1,5.0,306.29,290.98,  Card  ,Returning,1.0,3.9
137617,2025-08-03,dubai,FASHION,227.97,3,0.0,683.91,683.91,Card,Returning,2.0,
146673,2025-11-26,abu dhabi,  Fashion  ,257.17,2,40.0,514.34,308.6,Wallet,New,2.0,
142125,10/03/2025,  Ajman  ,fashion,403.5,1,0.0,403.5,403.5,CASH ON DELIVERY,Returning,1.0,3.4
124391,13/01/2025,dubai,,295.59,1,0.0,295.59,295.59,  Card  ,Returning,4.0,5.0
121299,29/11/2024,Dubai,  Home & Kitchen  ,272.47,1,20.0,272.47,217.98,Card,Returning,1.0,3.4
121240,11/28/2024,  Dubai  ,  Home & Kitchen  ,342.94,1,20.0,342.94,274.35,CASH ON DELIVERY,Returning,1.0,3.7
108647,24-05-2024,  Abu Dhabi  ,Home & Kitchen,575.12,1,5.0,575.12,546.36,wallet,Returning,1.0,4.0
122312,12-12-2024,Abu Dhabi,ELECTRONICS,1481.3,1,0.0,1481.3,1481.3,Card,New,2.0,4.9
135439,07/02/2025,  Ajman  ,fashion,233.48,1,30.0,233.48,163.44,  Card  ,New,1.0,3.2
101203,01/21/2024,  Dubai  ,BEAUTY & PERSONAL CARE,70.86,2,5.0,141.72,134.63,Wallet,Returning,2.0,4.8
102861,02/18/2024,Abu Dhabi,  Fashion  ,349.27,1,10.0,349.27,314.34,Cash on Delivery,New,,3.3
125581,01/02/2025,dubai,BEAUTY & PERSONAL CARE,32.59,1,0.0,32.59,32.59,cash on delivery,Returning,,2.9
114925,2024-08-31,,Electronics,2862.27,1,20.0,2862.27,2289.82,CASH ON DELIVERY,Returning,1.0,3.0
128760,28/03/2025,ABU DHABI,FASHION,43.55,1,0.0,43.55,43.55,Wallet,New,3.0,3.6
110169,19/06/2024,DUBAI,Mobile Accessories,61.41,2,5.0,122.82,116.68,card,Returning,1.0,
126824,02/22/2025,Ras Al Khaimah,home & kitchen,506.03,1,10.0,506.03,455.43,card,Returning,2.0,
105853,11-04-2024,dubai,electronics,1159.4,1,0.0,1159.4,1159.4,CASH ON DELIVERY,Returning,2.0,4.7
140034,03-09-2025,  Dubai  ,Electronics,1397.23,1,0.0,1397.23,1397.23,wallet,Returning,2.0,5.0
128120,03/18/2025,sharjah,,114.84,2,0.0,229.68,229.68,wallet,Returning,3.0,4.0
128303,21/03/2025,ajman,FASHION,503.43,1,5.0,503.43,478.26,Cash on Delivery,New,2.0,
132819,23/05/2025,abu dhabi,groceries,184.1,1,0.0,184.1,184.1,cash on delivery,Returning,2.0,
132362,05/17/2025,DUBAI,Groceries,28.0,1,0.0,28.0,28.0,CARD,Returning,4.0,3.3
115793,2024-09-12,Dubai,Mobile Accessories,132.69,1,0.0,132.69,132.69,Cash on Delivery,Returning,1.0,
120612,24-11-2024,dubai,Electronics,692.72,1,40.0,692.72,415.63,CARD,Returning,4.0,4.0
112085,20-07-2024,  Dubai  ,  Home & Kitchen  ,773.51,1,10.0,773.51,696.16,  Card  ,New,2.0,5.0
121418,29/11/2024,dubai,FASHION,428.57,1,30.0,428.57,300.0,Wallet,New,2.0,3.3
142974,2025-10-15,  Ras Al Khaimah  ,Beauty & Personal Care,251.14,1,0.0,251.14,251.14,  Card  ,Returning,,3.7
142282,04/10/2025,Abu Dhabi,fashion,109.84,1,5.0,109.84,104.35,  Cash on Delivery  ,Returning,2.0,4.0
131451,2025-05-03,Dubai,Fashion,208.94,1,30.0,208.94,146.26,CASH ON DELIVERY,New,5.0,4.0
132964,26/05/2025,sharjah,  Electronics  ,2816.38,3,0.0,8449.14,8449.14,  Cash on Delivery  ,Returning,1.0,
112372,2024-07-25,Sharja,Home & Kitchen,519.56,1,10.0,519.56,467.6,WALLET,Returning,3.0,4.6
143962,2025-10-29,  Ajman  ,  Fashion  ,575.81,1,0.0,575.81,575.81,wallet,Returning,2.0,4.2
108594,2024-05-23,  Ajman  ,FASHION,411.45,1,5.0,411.45,390.88,CARD,Returning,2.0,4.2
107256,2024-05-01,  Ras Al Khaimah  ,beauty & personal care,339.21,1,15.0,339.21,288.33,  Card  ,New,3.0,4.5
128482,2025-03-24,abu dhabi,GROCERIES,95.53,1,10.0,95.53,85.98,WALLET,New,6.0,4.0
148156,12/13/2025,Dubai,Beauty & Personal Care,44.66,1,20.0,44.66,35.73,CASH ON DELIVERY,New,3.0,3.8
114532,26/08/2024,  Dubai  ,FASHION,582.79,1,0.0,582.79,582.79,card,Returning,4.0,
140338,06-09-2025,Sharjah,Fashion,143.62,1,0.0,143.62,143.62,  Card  ,Returning,1.0,4.5
117878,16/10/2024,Sharjah,MOBILE ACCESSORIES,205.48,1,0.0,205.48,205.48,  Wallet  ,New,,5.0
123751,2025-01-04,  Dubai  ,  Electronics  ,2233.31,2,0.0,4466.62,4466.62,  Cash on Delivery  ,New,2.0,3.9
148671,2025-12-20,  Abu Dhabi  ,Electronics,1087.39,1,0.0,1087.39,1087.39,cash on delivery,Returning,3.0,3.9
131298,01/05/2025,  Abu Dhabi  ,  Mobile Accessories  ,82.11,1,10.0,82.11,73.9,  Cash on Delivery  ,Returning,1.0,
125274,2025-01-28,ajman,Fashion,274.76,2,0.0,549.52,549.52,WALLET,Returning,1.0,
125774,02/05/2025,ABU DHABI,FASHION,113.66,1,0.0,113.66,113.66,card,New,2.0,5.0
126801,21/02/2025,  Dubai  ,Beauty & Personal Care,317.89,1,10.0,317.89,286.1,,Returning,3.0,4.8
114667,28-08-2024,  Dubai  ,MOBILE ACCESSORIES,186.29,1,10.0,186.29,167.66,WALLET,Returning,4.0,4.9
107823,11-05-2024,dubai,  Fashion  ,182.24,1,10.0,182.24,164.02,Wallet,Returning,2.0,4.8
124513,15/01/2025,abu dhabi,  Home & Kitchen  ,635.08,2,10.0,1270.16,1143.14,CASH ON DELIVERY,Returning,2.0,3.3
142547,10/08/2025,Dubai,electronics,963.5,1,0.0,963.5,963.5,  Card  ,New,1.0,5.0
147590,05/12/2025,abu dhabi,  Groceries  ,80.45,1,10.0,80.45,72.4,CARD,Returning,4.0,4.4
128465,2025-03-23,  Dubai  ,ELECTRONICS,3285.27,1,0.0,3285.27,3285.27,Cash on Delivery,New,4.0,4.5
131622,06/05/2025,Abu Dhabi,  Home & Kitchen  ,259.13,1,0.0,259.13,259.13,  Cash on Delivery  ,New,3.0,4.6
123441,2024-12-30,  Dubai  ,fashion,220.02,1,,220.02,187.02,cash on delivery,New,3.0,4.1
132732,23/05/2025,Abu Dhabi,electronics,2483.09,1,20.0,2483.09,1986.47,CASH ON DELIVERY,Returning,3.0,4.0
114635,08/27/2024,AJMAN,electronics,671.45,1,30.0,671.45,470.02,WALLET,New,3.0,3.8
124223,11-01-2025,Dubai,FASHION,60.87,1,10.0,60.87,54.78,Card,Returning,4.0,3.5
130946,2025-04-25,Abu Dhabi,Groceries,136.48,1,0.0,136.48,136.48,  Wallet  ,Returning,,2.9
105875,04/11/2024,  Dubai  ,HOME & KITCHEN,288.77,1,15.0,288.77,245.45,  Card  ,Returning,1.0,3.8
118508,26-10-2024,  Dubai  ,,210.69,3,0.0,632.07,632.07,  Card  ,Returning,3.0,3.7
136839,2025-07-23,DUBAI,electronics,1368.52,1,10.0,1368.52,1231.67,Card,New,1.0,4.1
145785,11/21/2025,  Abu Dhabi  ,mobile accessories,223.12,1,30.0,223.12,156.18,  Card  ,Returning,4.0,4.5
100230,01/05/2024,abu dhabi,ELECTRONICS,1730.58,1,15.0,1730.58,1470.99,CARD,Returning,2.0,3.5
124632,2025-01-17,dubai,Mobile Accessories,195.07,1,0.0,195.07,195.07,CARD,New,3.0,3.9
129239,04/02/2025,dubai,  Beauty & Personal Care  ,162.85,1,30.0,162.85,113.99,card,New,2.0,4.4
102638,2024-02-14,dubai,home & kitchen,329.74,1,0.0,329.74,329.74,Card,Returning,2.0,4.9
121451,30/11/2024,dubai,Electronics,3141.56,1,0.0,3141.56,3141.56,CARD,Returning,2.0,5.0
129200,04/02/2025,  Sharjah  ,  Mobile Accessories  ,176.45,2,15.0,352.9,299.96,Cash on Delivery,Returning,2.0,2.5
122105,12/09/2024,DUBAI,home & kitchen,540.73,2,30.0,1081.46,757.02,Cash on Delivery,Returning,1.0,3.5
135520,07/04/2025,Dubay,  Groceries  ,80.88,1,15.0,80.88,68.75,card,New,2.0,4.5
111437,11/07/2024,Ajman,FASHION,457.94,1,0.0,457.94,457.94,card,Returning,3.0,5.0
128700,28-03-2025,  Dubai  ,  Electronics  ,3357.71,2,10.0,6715.42,6043.88,Wallet,New,3.0,5.0
103724,03/05/2024,DUBAI,HOME & KITCHEN,797.64,1,30.0,797.64,558.35,Card,Returning,1.0,3.7
100542,11/01/2024,Sharjah,beauty & personal care,373.53,1,15.0,373.53,317.5,CARD,Returning,1.0,3.4
108963,2024-05-30,  Abu Dhabi  ,FASHION,119.0,1,0.0,119.0,119.0,card,Returning,3.0,4.3
134738,21-06-2025,  Abu Dhabi  ,  Beauty & Personal Care  ,71.79,1,0.0,71.79,71.79,  Card  ,New,4.0,4.2
136919,24/07/2025,Dubai,FASHION,405.68,1,15.0,405.68,344.83,card,Returning,1.0,4.3
142260,10/04/2025,DUBAI,  Groceries  ,177.01,2,5.0,354.02,336.32,Card,Returning,2.0,5.0
127403,2025-03-03,ABU DHABI,GROCERIES,194.61,1,15.0,194.61,165.42,CASH ON DELIVERY,New,2.0,4.8
145917,11/22/2025,abu dhabi,groceries,142.5,3,30.0,427.5,299.25,  Wallet  ,Returning,3.0,4.2
102116,2024-02-06,  Abu Dhabi  ,FASHION,223.72,1,15.0,223.72,190.16,Wallet,Returning,1.0,3.6
100927,2024-01-17,  Sharjah  ,home & kitchen,520.67,3,10.0,1562.01,1405.81,  Wallet  ,New,2.0,3.6
147143,30/11/2025,ajman,FASHION,492.11,2,0.0,984.22,984.22,Wallet,New,1.0,5.0
136958,25/07/2025,AJMAN,Electronics,1596.4,1,0.0,1596.4,1596.4,card,Returning,1.0,3.8
138717,19-08-2025,  Sharjah  ,  Electronics  ,569.5,1,20.0,569.5,455.6,  Card  ,Returning,4.0,5.0
146713,27-11-2025,sharjah,FASHION,338.28,1,10.0,338.28,304.45,CARD,New,4.0,4.1
129789,2025-04-08,Sharjah,Groceries,247.33,2,10.0,494.66,445.19,wallet,New,2.0,3.7
116674,2024-09-27,sharjah,  Fashion  ,577.56,1,10.0,577.56,519.8,  Card  ,New,6.0,4.8
123647,02/01/2025,DUBAI,  Electronics  ,1709.52,1,0.0,1709.52,1709.52,WALLET,Returning,3.0,4.0
115961,09/15/2024,Sharja,MOBILE ACCESSORIES,70.71,1,0.0,70.71,70.71,Cash on Delivery,Returning,4.0,3.3
128156,18/03/2025,DUBAI,mobile accessories,122.37,1,5.0,122.37,116.25,CASH ON DELIVERY,Returning,3.0,3.8
116652,26/09/2024,ABU DHABI,beauty & personal care,326.61,1,10.0,326.61,293.95,Card,New,1.0,4.1
141279,21/09/2025,RAS AL KHAIMAH,mobile accessories,201.54,1,0.0,201.54,201.54,card,New,3.0,5.0
122632,12/17/2024,DUBAI,Beauty & Personal Care,387.9,1,5.0,387.9,368.5,  Card  ,Returning,2.0,5.0
107393,2024-05-03,ABU DHABI,GROCERIES,277.99,1,5.0,277.99,264.09,CARD,New,3.0,3.7
144569,05-11-2025,Sharjah,home & kitchen,59.26,1,10.0,59.26,53.33,Cash on Delivery,Returning,4.0,4.6
118859,2024-11-01,DUBAI,  Groceries  ,106.89,1,0.0,106.89,106.89,Wallet,New,1.0,4.2
106722,2024-04-23,Abu Dhabi,  Beauty & Personal Care  ,29.69,2,0.0,59.38,59.38,Card,Returning,3.0,3.6
133163,29-05-2025,DUBAI,MOBILE ACCESSORIES,158.82,1,0.0,158.82,158.82,WALLET,Returning,4.0,5.0
101138,20-01-2024,,MOBILE ACCESSORIES,38.59,2,15.0,77.18,65.6,Cash on Delivery,Returning,2.0,4.8
107340,02-05-2024,Abu Dhabi,electronics,523.14,1,20.0,523.14,418.51,CARD,New,4.0,
116271,20/09/2024,  Dubai  ,fashion,368.67,1,15.0,368.67,313.37,CASH ON DELIVERY,New,3.0,3.7
134074,12-06-2025,Sharja,HOME & KITCHEN,853.56,1,0.0,853.56,853.56,cash on delivery,Returning,2.0,3.2
117841,2024-10-15,Dubai,FASHION,379.2,1,0.0,379.2,379.2,  Cash on Delivery  ,New,3.0,5.0
130323,2025-04-17,DUBAI,electronics,2102.02,1,0.0,2102.02,2102.02,CARD,New,3.0,3.9
144512,11/05/2025,dubai,Mobile Accessories,84.67,1,10.0,84.67,76.2,  Card  ,New,1.0,5.0
126256,13/02/2025,DUBAI,  Fashion  ,444.92,1,15.0,444.92,378.18,Card,Returning,3.0,4.4
111222,2024-07-07,RAS AL KHAIMAH,  Mobile Accessories  ,113.06,1,30.0,113.06,79.14,  Wallet  ,Returning,1.0,3.6
126653,02/19/2025,  Dubai  ,GROCERIES,70.35,1,0.0,70.35,70.35,  Wallet  ,New,1.0,
110007,16/06/2024,DUBAI,MOBILE ACCESSORIES,173.74,1,15.0,173.74,147.68,,Returning,1.0,4.1
121818,12/05/2024,  Abu Dhabi  ,HOME & KITCHEN,710.03,1,5.0,710.03,674.53,  Card  ,New,2.0,3.2
124690,18/01/2025,  Ras Al Khaimah  ,  Fashion  ,469.8,1,10.0,469.8,422.82,wallet,New,4.0,
108908,05/29/2024,dubai,beauty & personal care,206.36,1,15.0,206.36,175.41,CASH ON DELIVERY,Returning,2.0,
131166,04/29/2025,Dubay,ELECTRONICS,2640.35,1,,2640.35,2508.33,CARD,Returning,3.0,4.4
144073,10/30/2025,DUBAI,  Home & Kitchen  ,191.94,3,5.0,575.82,547.03,  Card  ,Returning,6.0,4.7
135688,07/06/2025,ras al khaimah,electronics,1550.82,2,20.0,3101.64,2481.31,Cash on Delivery,Returning,2.0,4.0
129261,2025-04-02,Dubai,Beauty & Personal Care,166.69,1,5.0,166.69,158.36,Wallet,Returning,3.0,4.2
145867,22/11/2025,dubai,GROCERIES,71.95,1,30.0,71.95,50.36,Cash on Delivery,Returning,3.0,4.8
133748,07-06-2025,  Ras Al Khaimah  ,Mobile Accessories,151.26,2,0.0,302.52,302.52,CASH ON DELIVERY,Returning,3.0,5.0
123671,2025-01-03,Sharjah,Fashion,67.5,2,0.0,135.0,135.0,CARD,Returning,1.0,4.2
115667,09/10/2024,dubai,Electronics,1042.92,3,0.0,3128.76,3128.76,Cash on Delivery,New,2.0,4.7
106802,24/04/2024,abu dhabi,  Groceries  ,295.02,1,15.0,295.02,250.77,wallet,New,2.0,3.5
135126,27-06-2025,ras al khaimah,BEAUTY & PERSONAL CARE,307.42,1,20.0,307.42,245.94,  Cash on Delivery  ,Returning,3.0,4.7
140605,2025-09-11,SHARJAH,electronics,2701.15,1,5.0,2701.15,2566.09,  Card  ,Returning,3.0,3.9
132199,15/05/2025,abu dhabi,,197.22,2,0.0,394.44,394.44,Card,Returning,2.0,4.7
141716,2025-09-27,  Abu Dhabi  ,electronics,1053.57,1,0.0,1053.57,1053.57,  Card  ,Returning,2.0,4.7
125483,2025-01-31,Dubai,groceries,222.77,1,15.0,222.77,189.35,CARD,Returning,4.0,4.3
111769,16/07/2024,DUBAI,groceries,203.57,2,0.0,407.14,407.14,cash on delivery,Returning,3.0,3.6
124065,01/09/2025,  Ras Al Khaimah  ,  Fashion  ,97.49,1,10.0,97.49,87.74,CASH ON DELIVERY,New,1.0,4.0
101780,2024-02-01,ABU DHABI,ELECTRONICS,1496.7,1,20.0,1496.7,1197.36,cash on delivery,New,3.0,4.8
103717,03/04/2024,SHARJAH,  Mobile Accessories  ,157.93,1,0.0,157.93,157.93,card,New,2.0,2.7
146521,25-11-2025,Abu Dhabi,ELECTRONICS,1044.6,1,40.0,1044.6,626.76,Wallet,New,4.0,
143764,10/26/2025,Sharjah,Electronics,1208.65,2,5.0,2417.3,2296.44,  Card  ,Returning,5.0,4.6
127496,05/03/2025,DUBAI,fashion,587.06,1,0.0,587.06,587.06,card,New,3.0,
139620,29-08-2025,DUBAI,groceries,229.42,1,5.0,229.42,217.95,card,Returning,2.0,4.1
104008,09-03-2024,abu dhabi,Mobile Accessories,167.94,1,0.0,167.94,167.94,Cash on Delivery,New,4.0,5.0
117005,03/10/2024,Abu Dhabi,  Electronics  ,1202.96,1,0.0,1202.96,1202.96,  Card  ,Returning,2.0,4.9
115579,08/09/2024,  Abu Dhabi  ,Groceries,245.83,1,0.0,245.83,245.83,  Cash on Delivery  ,Returning,4.0,4.7
128073,17/03/2025,Sharjah,MOBILE ACCESSORIES,35.61,1,5.0,35.61,33.83,  Wallet  ,Returning,4.0,4.0
116886,2024-09-30,DUBAI,Groceries,152.02,2,0.0,304.04,304.04,Card,Returning,5.0,4.4
135092,2025-06-27,Dubai,Mobile Accessories,85.76,1,0.0,85.76,85.76,Card,Returning,3.0,4.3
114076,08/21/2024,sharjah,GROCERIES,157.91,2,0.0,315.82,315.82,Card,Returning,5.0,2.8
134863,23-06-2025,  Ajman  ,BEAUTY & PERSONAL CARE,92.42,1,10.0,92.42,83.18,CASH ON DELIVERY,Returning,3.0,2.8
134673,21/06/2025,Abu Dhabi,fashion,331.11,1,30.0,331.11,231.78,Card,New,3.0,4.2
114473,08/25/2024,Dubai ,electronics,716.0,1,0.0,716.0,716.0,Card,New,3.0,4.3
130169,14/04/2025,abu dhabi,  Groceries  ,57.52,1,10.0,57.52,51.77,Card,Returning,5.0,5.0
122613,2024-12-17,RAS AL KHAIMAH,  Fashion  ,96.95,1,10.0,96.95,87.26,CARD,New,2.0,4.9
135615,07/05/2025,ABU DHABI,  Electronics  ,2198.67,1,5.0,2198.67,2088.74,  Cash on Delivery  ,New,4.0,4.2
130042,12/04/2025,abu dhabi,fashion,474.03,1,10.0,474.03,426.63,  Card  ,Returning,1.0,4.7
146471,11/25/2025,DUBAI,  Fashion  ,145.22,2,20.0,290.44,232.35,cash on delivery,Returning,3.0,3.5
125221,27-01-2025,  Dubai  ,fashion,560.58,1,0.0,560.58,560.58,  Card  ,Returning,3.0,
101291,23/01/2024,ABU DHABI,  Electronics  ,2013.68,1,10.0,2013.68,1812.31,Card,New,3.0,4.4
122401,2024-12-13,Ras Al Khaimah,HOME & KITCHEN,403.85,1,0.0,403.85,403.85,Card,Returning,3.0,3.9
101848,02/02/2024,  Dubai  ,  Mobile Accessories  ,212.87,1,20.0,212.87,170.3,CARD,Returning,2.0,5.0
107282,01/05/2024,sharjah,  Fashion  ,56.9,1,20.0,56.9,45.52,  Card  ,New,1.0,
127775,2025-03-11,SHARJAH,electronics,2835.53,1,15.0,2835.53,2410.2,CARD,Returning,3.0,4.0
118841,2024-11-01,  Abu Dhabi  ,Mobile Accessories,172.35,1,10.0,172.35,155.12,  Card  ,Returning,2.0,5.0
135430,07/02/2025,Dubay,BEAUTY & PERSONAL CARE,398.46,1,0.0,398.46,398.46,Card,Returning,4.0,4.8
106457,18-04-2024,abu dhabi,Fashion,438.42,1,0.0,438.42,438.42,cash on delivery,Returning,,2.9
121554,12/01/2024,ABU DHABI,electronics,754.24,1,0.0,754.24,754.24,  Wallet  ,Returning,1.0,4.3
130490,19-04-2025,DUBAI,BEAUTY & PERSONAL CARE,237.83,1,10.0,237.83,214.05,  Cash on Delivery  ,Returning,4.0,
100030,01/01/2024,Abu Dhabi,electronics,1971.18,1,0.0,1971.18,1971.18,  Card  ,New,5.0,5.0
110006,16-06-2024,DUBAI,electronics,3121.53,2,0.0,6243.06,6243.06,WALLET,New,3.0,3.8
147900,2025-12-09,dubai,beauty & personal care,276.24,1,10.0,276.24,248.62,  Card  ,Returning,5.0,5.0
142486,10/08/2025,ABU DHABI,Electronics,2601.7,2,0.0,5203.4,5203.4,Card,Returning,3.0,4.2
106894,04/25/2024,ABU DHABI,Fashion,130.47,1,30.0,130.47,91.33,CARD,New,2.0,
134786,22/06/2025,DUBAI,Groceries,245.6,1,10.0,245.6,221.04,Card,New,1.0,
146243,24/11/2025,  Ras Al Khaimah  ,HOME & KITCHEN,697.91,1,10.0,697.91,628.12,Cash on Delivery,New,2.0,
142637,10/10/2025,ABU DHABI,,833.75,1,0.0,833.75,833.75,Cash on Delivery,New,2.0,3.6
140945,09/16/2025,abu dhabi,FASHION,273.95,1,15.0,273.95,232.86,Card,Returning,2.0,4.1
105959,04/12/2024,DUBAI,Mobile Accessories,230.07,1,10.0,230.07,207.06,  Card  ,Returning,3.0,2.7
129600,05-04-2025,Ras Al Khaimah,Mobile Accessories,139.98,2,10.0,279.96,251.96,Cash on Delivery,New,3.0,4.8
105947,2024-04-12,Abu Dhabi,  Home & Kitchen  ,138.56,2,0.0,277.12,277.12,  Card  ,Returning,1.0,4.7
131246,2025-04-30,dubai,GROCERIES,40.91,1,20.0,40.91,32.73,Card,Returning,2.0,
135955,07/09/2025,Ajman,  Fashion  ,505.59,1,0.0,505.59,505.59,,Returning,3.0,4.3
120277,22-11-2024,  Ras Al Khaimah  ,ELECTRONICS,1674.07,1,40.0,1674.07,1004.44,  Cash on Delivery  ,Returning,3.0,
113651,15-08-2024,Dubai,fashion,524.61,1,30.0,524.61,367.23,CARD,Returning,5.0,2.7
104641,2024-03-22,RAS AL KHAIMAH,mobile accessories,249.63,1,20.0,249.63,199.7,wallet,Returning,2.0,4.0
107350,05/02/2024,SHARJAH,ELECTRONICS,2921.92,1,5.0,2921.92,2775.82,CARD,Returning,2.0,5.0
145502,11/19/2025,RAS AL KHAIMAH,  Fashion  ,42.12,2,10.0,84.24,75.82,CARD,Returning,3.0,3.9
133465,02/06/2025,dubai,ELECTRONICS,1558.89,2,5.0,3117.78,2961.89,card,Returning,2.0,4.3
118546,10/26/2024,DUBAI,Electronics,3469.93,2,10.0,6939.86,6245.87,Cash on Delivery,Returning,2.0,3.7
113044,08/05/2024,Dubai,home & kitchen,280.09,1,5.0,280.09,266.09,Cash on Delivery,Returning,3.0,4.7
102279,09/02/2024,dubai,Home & Kitchen,686.7,1,0.0,686.7,686.7,card,Returning,2.0,5.0
125285,01/28/2025,Dubai,home & kitchen,699.08,1,0.0,699.08,699.08,Card,Returning,4.0,5.0
119335,09-11-2024,DUBAI,Beauty & Personal Care,231.66,2,5.0,463.32,440.15,cash on delivery,Returning,3.0,4.0
133225,30-05-2025,DUBAI,GROCERIES,214.45,1,10.0,214.45,193.0,  Cash on Delivery  ,New,1.0,5.0
100284,01/06/2024,  Dubai  ,ELECTRONICS,1238.59,1,5.0,1238.59,1176.66,  Card  ,New,4.0,3.3
146742,27/11/2025,  Sharjah  ,home & kitchen,160.33,1,30.0,160.33,112.23,  Cash on Delivery  ,Returning,2.0,3.6
102942,02/19/2024,Dubai,FASHION,329.16,1,15.0,329.16,279.79,  Cash on Delivery  ,New,2.0,4.2
122398,13/12/2024,Dubai,FASHION,153.95,1,15.0,153.95,130.86,  Card  ,Returning,3.0,5.0
110412,2024-06-23,Dubai ,mobile accessories,142.35,1,5.0,142.35,135.23,Cash on Delivery,Returning,4.0,5.0
105980,12-04-2024,Ajman ,Electronics,2693.0,1,5.0,2693.0,2558.35,CASH ON DELIVERY,New,1.0,3.6
112886,08/03/2024,Sharjah,ELECTRONICS,3367.63,1,0.0,3367.63,3367.63,  Cash on Delivery  ,Returning,1.0,3.3
131281,2025-04-30,DUBAI,  Mobile Accessories  ,23.71,1,,23.71,21.34,Card,New,4.0,3.7
138853,20-08-2025,ABU DHABI,  Electronics  ,3294.53,1,5.0,3294.53,3129.8,CASH ON DELIVERY,Returning,2.0,4.3
123031,24-12-2024,  Abu Dhabi  ,electronics,1565.48,1,5.0,1565.48,1487.21,Card,Returning,2.0,
132752,05/23/2025,  Abu Dhabi  ,MOBILE ACCESSORIES,246.48,1,10.0,246.48,221.83,card,New,1.0,4.0
129511,04-04-2025,dubai,FASHION,287.7,1,5.0,287.7,273.32,Cash on Delivery,Returning,1.0,4.5
128916,03/30/2025,Dubay,  Groceries  ,295.36,2,5.0,590.72,561.18,Card,Returning,3.0,
142229,04/10/2025,sharjah,GROCERIES,191.76,1,10.0,191.76,172.58,  Cash on Delivery  ,Returning,3.0,5.0
124365,13/01/2025,  Abu Dhabi  ,Fashion,245.88,1,0.0,245.88,245.88,cash on delivery,Returning,1.0,4.0
103903,08/03/2024,SHARJAH,groceries,132.02,1,20.0,132.02,105.62,  Card  ,Returning,4.0,4.1
114072,08/20/2024,Dubai,Beauty & Personal Care,314.75,1,10.0,314.75,283.28,  Wallet  ,Returning,3.0,2.8
123763,2025-01-04,sharjah,ELECTRONICS,819.16,1,0.0,819.16,819.16,CARD,Returning,6.0,4.4
124238,11/01/2025,ABU DHABI,Mobile Accessories,138.39,1,20.0,138.39,110.71,cash on delivery,Returning,1.0,
115280,09/04/2024,dubai,mobile accessories,198.08,1,15.0,198.08,168.37,CASH ON DELIVERY,Returning,3.0,3.6
123463,2024-12-30,ABU DHABI,  Beauty & Personal Care  ,62.72,1,15.0,62.72,53.31,Wallet,Returning,3.0,4.8
144416,03-11-2025,Sharja,  Electronics  ,1152.53,1,0.0,1152.53,1152.53,  Card  ,New,2.0,3.0
106031,2024-04-12,Sharja,home & kitchen,242.89,1,30.0,242.89,170.02,card,Returning,1.0,3.9
126049,09/02/2025,Abu Dhabi,FASHION,260.85,1,15.0,260.85,221.72,Cash on Delivery,Returning,3.0,4.5
141894,29-09-2025,Sharjah,FASHION,140.06,1,5.0,140.06,133.06,Cash on Delivery,Returning,3.0,4.3
103711,2024-03-04,DUBAI,  Mobile Accessories  ,132.45,1,10.0,132.45,119.2,  Card  ,Returning,3.0,4.6
148634,2025-12-20,  Sharjah  ,HOME & KITCHEN,478.85,1,15.0,478.85,407.02,CASH ON DELIVERY,New,3.0,5.0
125548,2025-02-01,dubai,HOME & KITCHEN,822.19,1,0.0,822.19,822.19,,Returning,2.0,4.5
112044,20-07-2024,Ajman,Groceries,140.76,1,10.0,140.76,126.68,  Wallet  ,Returning,2.0,
110291,21/06/2024,Ajman ,BEAUTY & PERSONAL CARE,224.72,1,0.0,224.72,224.72,Wallet,Returning,999.0,3.6
145444,18-11-2025,AJMAN,Beauty & Personal Care,123.9,1,10.0,123.9,111.51,  Wallet  ,New,3.0,3.9
136763,2025-07-22,ras al khaimah,Electronics,3036.41,1,0.0,3036.41,3036.41,CARD,New,3.0,4.0
135227,29-06-2025,  Dubai  ,beauty & personal care,388.41,1,0.0,388.41,388.41,wallet,Returning,2.0,3.7
146539,25/11/2025,  Abu Dhabi  ,GROCERIES,297.54,1,,297.54,238.03,card,Returning,2.0,
112012,19-07-2024,Dubai,  Home & Kitchen  ,748.63,1,0.0,748.63,748.63,  Card  ,New,2.0,4.5
124820,2025-01-20,  Abu Dhabi  ,ELECTRONICS,1300.98,1,0.0,1300.98,1300.98,Wallet,Returning,2.0,4.2
148039,12/12/2025,Abu Dhabi,Groceries,169.65,1,0.0,169.65,169.65,card,New,3.0,4.3
139961,02/09/2025,dubai,Electronics,1558.72,1,0.0,1558.72,1558.72,  Cash on Delivery  ,New,1.0,3.9
101985,04/02/2024,dubai,ELECTRONICS,3280.9,1,20.0,3280.9,2624.72,CARD,Returning,3.0,5.0
107703,09/05/2024,ABU DHABI,groceries,27.96,1,0.0,27.96,27.96,Cash on Delivery,New,3.0,3.8
138951,08/21/2025,sharjah,FASHION,508.96,1,5.0,508.96,483.51,CARD,Returning,4.0,4.7
126405,15-02-2025,Dubay,  Mobile Accessories  ,23.76,1,10.0,23.76,21.38,cash on delivery,Returning,4.0,4.5
111602,2024-07-13,DUBAI,groceries,228.23,1,20.0,228.23,182.58,Cash on Delivery,Returning,5.0,
118342,23/10/2024,sharjah,FASHION,83.87,1,5.0,83.87,79.68,Card,Returning,4.0,
114188,22-08-2024,Dubai,  Mobile Accessories  ,20.85,1,5.0,20.85,19.81,Wallet,Returning,2.0,4.2
135998,10/07/2025,Dubai,GROCERIES,299.76,1,10.0,299.76,269.78,card,Returning,4.0,5.0
118157,20/10/2024,Dubai,ELECTRONICS,755.15,1,10.0,755.15,679.64,Wallet,New,2.0,4.5
130230,04/15/2025,ABU DHABI,Fashion,438.79,1,30.0,438.79,307.15,  Card  ,Returning,3.0,4.0
121453,11/30/2024,ABU DHABI,ELECTRONICS,2942.81,2,20.0,5885.62,4708.5,cash on delivery,New,5.0,4.1
119693,11/15/2024,Dubay,Mobile Accessories,107.07,1,15.0,107.07,91.01,cash on delivery,New,2.0,4.2
147272,2025-12-01,DUBAI,HOME & KITCHEN,153.68,1,20.0,153.68,122.94,card,New,3.0,3.8
123126,2024-12-26,dubai,ELECTRONICS,3232.24,1,5.0,3232.24,3070.63,  Card  ,New,4.0,4.3
103462,29/02/2024,  Dubai  ,MOBILE ACCESSORIES,114.0,1,15.0,114.0,96.9,CASH ON DELIVERY,Returning,3.0,4.5
148472,2025-12-18,ABU DHABI,Groceries,203.21,2,0.0,406.42,406.42,  Card  ,Returning,3.0,3.7
145875,11/22/2025,ABU DHABI,  Fashion  ,431.16,1,30.0,431.16,301.81,Card,New,4.0,3.8
103779,06-03-2024,  Dubai  ,beauty & personal care,168.31,1,5.0,168.31,159.89,Card,Returning,3.0,4.9
102886,18-02-2024,  Dubai  ,Groceries,180.68,1,10.0,180.68,162.61,Card,New,2.0,4.3
124120,01/09/2025,sharjah,Beauty & Personal Care,115.45,1,15.0,115.45,98.13,card,Returning,1.0,3.2
125121,2025-01-25,DUBAI,Groceries,86.5,1,0.0,86.5,86.5,card,New,1.0,5.0
140480,09/09/2025,abu dhabi,Beauty & Personal Care,390.88,2,15.0,781.76,664.5,CARD,Returning,5.0,2.6
108102,15/05/2024,DUBAI,MOBILE ACCESSORIES,221.3,1,30.0,221.3,154.91,CARD,New,4.0,3.7
146763,27/11/2025,DUBAI,GROCERIES,216.63,2,30.0,433.26,303.28,wallet,Returning,2.0,4.7
124221,11/01/2025,Dubai,FASHION,370.1,1,5.0,370.1,351.6,wallet,New,3.0,5.0
120999,11/27/2024,SHARJAH,Electronics,916.23,2,20.0,1832.46,1465.97,  Card  ,Returning,3.0,
147546,05/12/2025,  Ajman  ,mobile accessories,234.55,1,5.0,234.55,222.82,  Card  ,Returning,4.0,3.4
142747,10/11/2025,sharjah,Beauty & Personal Care,273.54,1,20.0,273.54,218.83,card,Returning,2.0,3.8
119306,08-11-2024,ajman,Mobile Accessories,80.04,2,0.0,160.08,160.08,CASH ON DELIVERY,Returning,2.0,3.9
115003,01/09/2024,SHARJAH,ELECTRONICS,1655.29,1,15.0,1655.29,1407.0,cash on delivery,Returning,4.0,4.4
146867,2025-11-28,  Sharjah  ,  Electronics  ,788.23,1,20.0,788.23,630.58,Card,New,3.0,5.0
136740,2025-07-21,  Ras Al Khaimah  ,Fashion,497.04,1,15.0,497.04,422.48,CARD,Returning,5.0,4.7
123109,25/12/2024,abu dhabi,  Mobile Accessories  ,198.56,1,5.0,198.56,188.63,,Returning,1.0,2.6
125729,04-02-2025,Sharjah,fashion,521.21,1,0.0,521.21,521.21,cash on delivery,New,4.0,3.3
112263,2024-07-23,  Abu Dhabi  ,  Electronics  ,2636.38,1,10.0,2636.38,2372.74,Card,Returning,1.0,3.6
143373,2025-10-20,DUBAI,Fashion,47.54,2,0.0,95.08,95.08,  Wallet  ,Returning,1.0,4.0
112937,2024-08-03,dubai,FASHION,220.92,1,20.0,220.92,176.74,Card,Returning,4.0,4.1
101459,2024-01-26,abu dhabi,  Fashion  ,522.73,1,20.0,522.73,418.18,  Card  ,Returning,2.0,
138448,16/08/2025,Abu Dhabi,GROCERIES,226.89,1,0.0,226.89,226.89,Cash on Delivery,New,2.0,2.9
117254,06-10-2024,DUBAI,electronics,526.92,1,0.0,526.92,526.92,CARD,Returning,3.0,4.3
113986,19-08-2024,  Sharjah  ,home & kitchen,269.02,1,0.0,269.02,269.02,Cash on Delivery,New,2.0,5.0
140200,2025-09-05,DUBAI,HOME & KITCHEN,222.75,2,0.0,445.5,445.5,CASH ON DELIVERY,Returning,3.0,4.4
145752,2025-11-21,abu dhabi,FASHION,285.71,1,30.0,285.71,200.0,  Card  ,New,2.0,3.6
111070,04/07/2024,abu dhabi,FASHION,328.3,1,15.0,328.3,279.06,  Wallet  ,Returning,2.0,5.0
114804,08/29/2024,Ras Al Khaimah,fashion,325.51,2,5.0,651.02,618.47,CASH ON DELIVERY,Returning,3.0,4.4
121057,27-11-2024,  Dubai  ,Beauty & Personal Care,347.13,1,40.0,347.13,208.28,Wallet,Returning,3.0,4.2
111069,04/07/2024,dubai,groceries,231.4,1,5.0,231.4,219.83,  Cash on Delivery  ,Returning,4.0,4.1
119534,11/12/2024,  Dubai  ,FASHION,496.99,2,10.0,993.98,894.58,Wallet,Returning,2.0,5.0
102753,02/16/2024,SHARJAH,mobile accessories,61.38,1,15.0,61.38,52.17,WALLET,New,3.0,3.7
130786,23/04/2025,ABU DHABI,  Beauty & Personal Care  ,37.18,1,10.0,37.18,33.46,Card,Returning,2.0,4.9
148105,12/12/2025,ajman,Mobile Accessories,69.9,1,,69.9,55.92,CARD,New,2.0,4.1
133974,06/10/2025,ABU DHABI,HOME & KITCHEN,558.91,3,10.0,1676.73,1509.06,CASH ON DELIVERY,Returning,3.0,3.8
138121,11-08-2025,ABU DHABI,  Fashion  ,193.74,1,20.0,193.74,154.99,CARD,New,2.0,2.4
113377,11/08/2024,dubai,Fashion,344.44,1,0.0,344.44,344.44,cash on delivery,New,3.0,4.4
117130,10/04/2024,Dubay,groceries,69.31,1,15.0,69.31,58.91,  Card  ,Returning,1.0,4.6
131584,2025-05-05,  Dubai  ,Mobile Accessories,188.56,1,0.0,188.56,188.56,Card,New,3.0,3.9
139974,09/02/2025,ras al khaimah,HOME & KITCHEN,537.67,1,5.0,537.67,510.79,WALLET,Returning,3.0,4.1
126852,22-02-2025,Dubai,FASHION,104.39,1,10.0,104.39,93.95,WALLET,Returning,3.0,3.3
100633,01/12/2024,dubai,HOME & KITCHEN,252.59,1,5.0,252.59,239.96,Card,New,2.0,
105636,09/04/2024,  Abu Dhabi  ,  Home & Kitchen  ,343.75,1,0.0,343.75,343.75,CARD,New,,5.0
138979,22/08/2025,Abu Dhabi,,212.18,1,0.0,212.18,212.18,wallet,Returning,2.0,3.2
113783,2024-08-16,RAS AL KHAIMAH,HOME & KITCHEN,710.74,1,15.0,710.74,604.13,  Card  ,Returning,,4.3
112882,03/08/2024,Ras Al Khaimah,  Home & Kitchen  ,315.92,1,0.0,315.92,315.92,Card,Returning,1.0,3.8
113585,2024-08-14,Abu Dhabi,Fashion,389.54,2,5.0,779.08,740.13,card,Returning,5.0,4.7
133606,2025-06-05,Dubai,  Mobile Accessories  ,82.82,1,10.0,82.82,74.54,CARD,New,3.0,
105917,04/12/2024,  Dubai  ,ELECTRONICS,2009.92,1,10.0,2009.92,1808.93,CARD,Returning,1.0,4.1
120833,26/11/2024,  Abu Dhabi  ,  Groceries  ,167.04,1,40.0,167.04,100.22,  Cash on Delivery  ,Returning,1.0,3.2
127721,2025-03-10,ABU DHABI,Fashion,89.88,1,15.0,89.88,76.4,CARD,Returning,3.0,4.5
132346,17-05-2025,ABU DHABI,fashion,365.99,1,5.0,365.99,347.69,CARD,Returning,1.0,4.3
131530,05/04/2025,Sharjah,groceries,187.45,1,5.0,187.45,178.08,CARD,Returning,1.0,3.9
131768,08-05-2025,  Ras Al Khaimah  ,BEAUTY & PERSONAL CARE,384.33,1,0.0,384.33,384.33,  Card  ,New,4.0,3.1
108528,22/05/2024,abu dhabi,MOBILE ACCESSORIES,183.27,1,15.0,183.27,155.78,cash on delivery,Returning,1.0,4.4
136001,2025-07-10,Ras Al Khaimah,ELECTRONICS,3046.06,1,0.0,3046.06,3046.06,cash on delivery,Returning,,5.0
143973,29-10-2025,,FASHION,50.35,1,5.0,50.35,47.83,card,Returning,5.0,3.7
119625,14-11-2024,Abu Dhabi,  Electronics  ,1999.57,1,10.0,1999.57,1799.61,  Cash on Delivery  ,Returning,4.0,4.2
110322,06/21/2024,dubai,Mobile Accessories,90.26,2,5.0,180.52,171.49,  Cash on Delivery  ,Returning,5.0,4.0
149014,25/12/2025,  Sharjah  ,GROCERIES,160.12,2,5.0,320.24,304.23,wallet,Returning,3.0,4.3
115820,13/09/2024,Abu Dhabi,mobile accessories,46.44,1,5.0,46.44,44.12,  Cash on Delivery  ,Returning,2.0,3.6
147237,2025-12-01,  Dubai  ,Fashion,559.36,1,0.0,559.36,559.36,Cash on Delivery,Returning,2.0,2.9
110912,01/07/2024,Abu Dhabi,  Fashion  ,515.95,2,0.0,1031.9,1031.9,CARD,Returning,3.0,4.9
132941,25/05/2025,dubai,home & kitchen,819.86,3,0.0,2459.58,2459.58,CARD,New,2.0,3.6
110885,30/06/2024,  Ras Al Khaimah  ,  Groceries  ,105.12,1,0.0,105.12,105.12,CARD,Returning,,3.8
112266,2024-07-23,dubai,ELECTRONICS,1837.66,1,5.0,1837.66,1745.78,Card,Returning,2.0,3.4
113399,11/08/2024,  Sharjah  ,Home & Kitchen,899.51,2,5.0,1799.02,1709.07,Card,Returning,5.0,3.2
103372,2024-02-27,DUBAI,Fashion,158.74,2,10.0,317.48,285.73,  Card  ,Returning,1.0,4.2
143229,18-10-2025,  Abu Dhabi  ,mobile accessories,140.04,1,0.0,140.04,140.04,card,Returning,4.0,3.7
137785,06/08/2025,  Dubai  ,  Home & Kitchen  ,535.43,1,0.0,535.43,535.43,cash on delivery,Returning,2.0,4.7
103205,2024-02-24,dubai,ELECTRONICS,374.28,1,0.0,374.28,374.28,CASH ON DELIVERY,Returning,3.0,5.0
115680,10/09/2024,dubai,HOME & KITCHEN,122.87,1,10.0,122.87,110.58,Cash on Delivery,New,2.0,3.7
124790,20-01-2025,Dubai,HOME & KITCHEN,834.3,1,30.0,834.3,584.01,  Cash on Delivery  ,Returning,3.0,4.1
108539,22-05-2024,DUBAI,  Electronics  ,1794.09,1,0.0,1794.09,1794.09,CARD,Returning,3.0,4.6
133711,06-06-2025,sharjah,  Electronics  ,466.78,1,0.0,466.78,466.78,cash on delivery,New,2.0,4.6
134722,2025-06-21,abu dhabi,HOME & KITCHEN,416.95,1,15.0,416.95,354.41,CARD,Returning,2.0,3.8
136986,07/25/2025,DUBAI,home & kitchen,449.91,1,15.0,449.91,382.42,Cash on Delivery,Returning,2.0,3.4
135415,2025-07-02,Dubay,groceries,272.19,1,15.0,272.19,231.36,  Cash on Delivery  ,New,4.0,4.3
112870,08/02/2024,  Abu Dhabi  ,Beauty & Personal Care,61.09,1,10.0,61.09,54.98,  Cash on Delivery  ,Returning,,3.8
133182,29-05-2025,  Dubai  ,electronics,1724.12,1,0.0,1724.12,1724.12,card,Returning,3.0,4.5
105255,03-04-2024,,HOME & KITCHEN,390.66,1,0.0,390.66,390.66,CASH ON DELIVERY,Returning,3.0,3.8
117698,13-10-2024,Abu Dhabi,electronics,2039.85,1,0.0,2039.85,2039.85,Card,Returning,3.0,5.0
123003,24/12/2024,Dubai,electronics,386.3,3,10.0,1158.9,1043.01,Card,Returning,2.0,
116468,2024-09-23,  Sharjah  ,  Fashion  ,155.08,1,0.0,155.08,155.08,CARD,Returning,2.0,5.0
107811,2024-05-11,ABU DHABI,  Electronics  ,630.75,1,0.0,630.75,630.75,card,Returning,4.0,4.3
115531,09/07/2024,,Beauty & Personal Care,138.21,1,0.0,138.21,138.21,card,New,1.0,5.0
116398,09/22/2024,DUBAI,Fashion,237.34,1,0.0,237.34,237.34,card,Returning,1.0,5.0
135271,2025-06-30,  Dubai  ,GROCERIES,31.5,1,10.0,31.5,28.35,Card,Returning,3.0,3.9
111976,19-07-2024,Abu Dhabi,  Home & Kitchen  ,693.34,1,0.0,693.34,693.34,Card,Returning,,5.0
125194,2025-01-26,ABU DHABI,BEAUTY & PERSONAL CARE,169.57,1,20.0,169.57,135.66,  Card  ,Returning,3.0,3.0
101869,02-02-2024,Dubai,  Home & Kitchen  ,362.54,1,0.0,362.54,362.54,  Card  ,Returning,3.0,5.0
139504,2025-08-28,  Ras Al Khaimah  ,ELECTRONICS,2000.2,1,10.0,2000.2,1800.18,  Cash on Delivery  ,New,1.0,4.5
129205,04/02/2025,  Dubai  ,  Home & Kitchen  ,385.21,1,15.0,385.21,327.43,CASH ON DELIVERY,New,2.0,3.9
138983,22/08/2025,SHARJAH,fashion,98.94,-1,5.0,98.94,93.99,  Card  ,Returning,3.0,3.5
106618,21/04/2024,abu dhabi,  Mobile Accessories  ,216.49,2,5.0,432.98,411.33,Card,New,4.0,3.4
118019,10/18/2024,  Dubai  ,ELECTRONICS,3356.24,1,0.0,3356.24,3356.24,card,New,1.0,4.2
120935,26-11-2024,Sharjah,BEAUTY & PERSONAL CARE,329.26,1,50.0,329.26,164.63,card,Returning,5.0,4.4
106057,04/13/2024,dubai,  Electronics  ,1321.87,1,,1321.87,1057.5,Cash on Delivery,Returning,2.0,4.2
148658,20/12/2025,Abu Dhabi,  Home & Kitchen  ,233.29,1,0.0,233.29,233.29,card,Returning,1.0,4.2
117285,07/10/2024,ajman,groceries,211.5,2,0.0,423.0,423.0,CASH ON DELIVERY,Returning,2.0,
112691,07/31/2024,dubai,  Electronics  ,1547.46,1,15.0,1547.46,1315.34,  Card  ,Returning,4.0,2.5
100604,01/12/2024,  Dubai  ,GROCERIES,276.01,1,15.0,276.01,234.61,  Wallet  ,Returning,2.0,3.6
132273,2025-05-16,  Ras Al Khaimah  ,BEAUTY & PERSONAL CARE,387.32,1,20.0,387.32,309.86,  Cash on Delivery  ,New,3.0,4.8
148890,2025-12-24,sharjah,fashion,128.23,1,5.0,128.23,121.82,card,Returning,2.0,4.1
142189,03-10-2025,Dubai ,,116.99,1,0.0,116.99,116.99,  Card  ,New,2.0,4.4
103271,25/02/2024,dubai,GROCERIES,99.43,1,10.0,99.43,89.49,Wallet,Returning,4.0,3.7
116150,09/18/2024,sharjah,FASHION,54.45,1,15.0,54.45,46.28,CASH ON DELIVERY,Returning,1.0,3.5
144536,05-11-2025,DUBAI,FASHION,195.82,2,0.0,391.64,391.64,card,Returning,3.0,5.0
146844,2025-11-27,Dubai,beauty & personal care,202.58,1,30.0,202.58,141.81,card,Returning,5.0,3.8
140997,09/17/2025,RAS AL KHAIMAH,BEAUTY & PERSONAL CARE,108.25,1,0.0,108.25,108.25,wallet,Returning,1.0,3.2
124880,2025-01-21,abu dhabi,Mobile Accessories,131.58,3,10.0,394.74,355.27,  Card  ,New,2.0,4.3
119124,2024-11-05,dubai,FASHION,579.03,1,15.0,579.03,492.18,CASH ON DELIVERY,New,3.0,5.0
111983,19/07/2024,SHARJAH,Mobile Accessories,167.54,1,15.0,167.54,142.41,card,New,1.0,4.5
143066,10/16/2025,dubai,HOME & KITCHEN,100.44,1,5.0,100.44,95.42,  Card  ,Returning,4.0,
144666,11/07/2025,DUBAI,BEAUTY & PERSONAL CARE,398.56,1,5.0,398.56,378.63,card,Returning,3.0,4.5
106025,04/12/2024,Sharja,FASHION,95.94,1,10.0,95.94,86.35,CARD,Returning,2.0,4.8
131048,04/27/2025,ABU DHABI,  Fashion  ,290.99,2,0.0,581.98,581.98,CARD,Returning,3.0,4.1
144766,08-11-2025,abu dhabi,ELECTRONICS,2601.37,1,5.0,2601.37,2471.3,Cash on Delivery,New,3.0,
127582,03/07/2025,dubai,GROCERIES,23.52,1,5.0,23.52,22.34,  Wallet  ,Returning,2.0,4.3
135660,07/05/2025,  Ajman  ,groceries,191.36,1,0.0,191.36,191.36,card,Returning,2.0,3.4
144035,30-10-2025,ABU DHABI,Mobile Accessories,187.41,3,0.0,562.23,562.23,Wallet,New,3.0,4.7
148624,2025-12-20,  Dubai  ,  Electronics  ,1256.86,1,10.0,1256.86,1131.17,CARD,New,2.0,5.0
130924,2025-04-25,DUBAI,  Electronics  ,1856.75,1,0.0,1856.75,1856.75,Cash on Delivery,New,1.0,4.7
109098,06/01/2024,  Dubai  ,ELECTRONICS,2290.27,1,0.0,2290.27,2290.27,CARD,Returning,3.0,4.6
126403,15-02-2025,Dubai,BEAUTY & PERSONAL CARE,349.9,1,30.0,349.9,244.93,wallet,Returning,1.0,3.9
142611,10/10/2025,  Dubai  ,HOME & KITCHEN,407.65,2,0.0,815.3,815.3,CASH ON DELIVERY,New,3.0,3.7
119795,11/16/2024,ajman,FASHION,116.68,1,10.0,116.68,105.01,CASH ON DELIVERY,Returning,2.0,4.0
129233,02/04/2025,Dubai,  Electronics  ,1241.1,1,15.0,1241.1,1054.94,CARD,Returning,2.0,4.0
110012,06/16/2024,Dubai,  Home & Kitchen  ,101.18,1,20.0,101.18,80.94,  Card  ,Returning,1.0,3.6
149379,2025-12-30,RAS AL KHAIMAH,Fashion,98.06,2,10.0,196.12,176.51,card,New,4.0,3.4
148749,12/22/2025,  Abu Dhabi  ,  Electronics  ,1578.02,1,0.0,1578.02,1578.02,Card,New,4.0,4.0
101075,19-01-2024,Ajman,Beauty & Personal Care,118.77,1,5.0,118.77,112.83,  Card  ,Returning,3.0,3.7
107523,2024-05-05,dubai,Groceries,262.88,1,0.0,262.88,262.88,CARD,Returning,4.0,4.3
147174,2025-11-30,  Ras Al Khaimah  ,GROCERIES,37.41,1,20.0,37.41,29.93,cash on delivery,Returning,6.0,5.0
122302,2024-12-12,ABU DHABI,MOBILE ACCESSORIES,64.33,2,10.0,128.66,115.79,Cash on Delivery,New,2.0,2.9
140744,2025-09-12,  Dubai  ,  Beauty & Personal Care  ,92.06,2,5.0,184.12,174.91,CARD,Returning,1.0,5.0
109665,10/06/2024,  Dubai  ,  Mobile Accessories  ,110.14,1,5.0,110.14,104.63,card,New,3.0,3.8
127179,27/02/2025,ABU DHABI,  Mobile Accessories  ,90.13,1,0.0,90.13,90.13,cash on delivery,New,1.0,3.5
103514,01/03/2024,ABU DHABI,Beauty & Personal Care,59.78,1,0.0,59.78,59.78,WALLET,New,1.0,4.2
140642,11-09-2025,Ajman ,beauty & personal care,337.97,1,0.0,337.97,337.97,  Card  ,New,2.0,3.9
120809,11/26/2024,Abu Dhabi,  Mobile Accessories  ,88.1,1,10.0,88.1,79.29,Cash on Delivery,Returning,4.0,3.8
128141,03/18/2025,Dubai ,Electronics,1239.56,1,5.0,1239.56,1177.58,CASH ON DELIVERY,New,3.0,4.2
107568,05/06/2024,Abu Dhabi,MOBILE ACCESSORIES,55.39,1,0.0,55.39,55.39,Card,Returning,3.0,2.8
102842,02/17/2024,DUBAI,beauty & personal care,398.99,1,5.0,398.99,379.04,  Card  ,New,3.0,4.1
112778,08/01/2024,sharjah,Beauty & Personal Care,378.8,1,10.0,378.8,340.92,  Cash on Delivery  ,Returning,4.0,4.3
106609,21-04-2024,sharjah,Electronics,349.71,1,10.0,349.71,314.74,  Card  ,Returning,3.0,4.2
123484,12/31/2024,SHARJAH,fashion,451.68,1,0.0,451.68,451.68,card,Returning,1.0,4.7
120345,11/23/2024,DUBAI,MOBILE ACCESSORIES,200.22,1,10.0,200.22,180.2,cash on delivery,Returning,1.0,3.4
102051,05/02/2024,  Ajman  ,mobile accessories,143.02,1,5.0,143.02,135.87,wallet,Returning,4.0,5.0
106198,14/04/2024,Dubai,groceries,154.88,1,30.0,154.88,108.42,cash on delivery,Returning,1.0,4.1
126500,16/02/2025,dubai,ELECTRONICS,2248.79,1,20.0,2248.79,1799.03,card,Returning,,3.8
142119,2025-10-02,,Groceries,244.04,1,,244.04,244.04,WALLET,Returning,1.0,4.7
119901,11/17/2024,  Dubai  ,FASHION,340.17,3,0.0,1020.51,1020.51,card,New,1.0,3.6
117620,2024-10-12,abu dhabi,fashion,377.52,1,0.0,377.52,377.52,CARD,Returning,1.0,3.2
113490,13-08-2024,Dubai,Fashion,435.23,1,0.0,435.23,435.23,CARD,Returning,3.0,5.0
108703,05/25/2024,  Abu Dhabi  ,FASHION,503.23,1,5.0,503.23,478.07,  Wallet  ,Returning,2.0,4.0
118496,10/26/2024,  Abu Dhabi  ,mobile accessories,126.48,1,5.0,126.48,120.16,  Card  ,Returning,2.0,4.1
129818,2025-04-08,  Abu Dhabi  ,  Mobile Accessories  ,208.55,1,5.0,208.55,198.12,WALLET,New,3.0,2.9
147955,10/12/2025,DUBAI,HOME & KITCHEN,881.15,1,0.0,881.15,881.15,Card,New,4.0,
110230,20/06/2024,dubai,Groceries,64.09,1,0.0,64.09,64.09,WALLET,Returning,4.0,4.4
122893,22-12-2024,sharjah,FASHION,573.17,1,0.0,573.17,573.17,cash on delivery,New,1.0,5.0
127284,01-03-2025,dubai,HOME & KITCHEN,312.43,1,0.0,312.43,312.43,card,Returning,3.0,4.4
127325,02/03/2025,  Dubai  ,GROCERIES,237.2,1,0.0,237.2,237.2,Card,New,3.0,5.0
126981,2025-02-24,  Ajman  ,Mobile Accessories,239.31,1,5.0,239.31,227.34,cash on delivery,New,1.0,4.0
137476,2025-08-01,DUBAI,mobile accessories,48.99,1,15.0,48.99,41.64,  Cash on Delivery  ,New,999.0,4.3
141483,2025-09-24,DUBAI,Beauty & Personal Care,134.44,1,0.0,134.44,134.44,,New,1.0,2.8
114069,2024-08-20,Abu Dhabi,  Fashion  ,471.39,1,10.0,471.39,424.25,CARD,Returning,3.0,5.0
133885,09-06-2025,Dubai ,mobile accessories,26.72,1,0.0,26.72,26.72,  Card  ,New,1.0,4.5
105871,04/11/2024,dubai,beauty & personal care,346.51,1,0.0,346.51,346.51,CASH ON DELIVERY,Returning,3.0,
115306,05-09-2024,Dubai,fashion,572.12,1,10.0,572.12,514.91,Card,New,2.0,3.4
119590,11/13/2024,sharjah,  Beauty & Personal Care  ,280.64,1,0.0,280.64,280.64,Wallet,Returning,2.0,3.1
113073,06/08/2024,dubai,,3451.28,2,5.0,6902.56,6557.43,CARD,Returning,1.0,3.8
106954,2024-04-26,Abu Dhabi,Electronics,2786.25,2,0.0,5572.5,5572.5,Card,Returning,5.0,4.7
127342,2025-03-02,  Sharjah  ,BEAUTY & PERSONAL CARE,132.84,2,10.0,265.68,239.11,  Card  ,Returning,2.0,4.0
105283,04/03/2024,dubai,  Electronics  ,1874.97,2,10.0,3749.94,3374.95,Card,Returning,3.0,3.5
106354,2024-04-16,RAS AL KHAIMAH,Fashion,301.84,1,15.0,301.84,256.56,CARD,New,2.0,5.0
123406,12/29/2024,Ras Al Khaimah,HOME & KITCHEN,668.64,2,15.0,1337.28,1136.69,CARD,Returning,5.0,5.0
146755,11/27/2025,  Dubai  ,mobile accessories,105.74,1,50.0,105.74,52.87,CARD,New,3.0,2.5
120835,26/11/2024,  Abu Dhabi  ,Electronics,3254.82,2,40.0,6509.64,3905.78,CARD,Returning,2.0,4.5
129306,04/03/2025,  Dubai  ,mobile accessories,107.09,3,10.0,321.27,289.14,Cash on Delivery,Returning,,4.2
131733,2025-05-08,SHARJAH,beauty & personal care,194.56,1,0.0,194.56,194.56,cash on delivery,Returning,3.0,4.3
104948,29/03/2024,DUBAI,ELECTRONICS,2159.17,1,5.0,2159.17,2051.21,card,Returning,1.0,4.8
132996,26-05-2025,,mobile accessories,90.08,1,10.0,90.08,81.07,WALLET,Returning,4.0,4.6
115746,11/09/2024,Dubai,FASHION,481.67,1,5.0,481.67,457.59,  Card  ,Returning,2.0,4.5
112879,03-08-2024,Sharjah,Beauty & Personal Care,361.39,1,10.0,361.39,325.25,  Cash on Delivery  ,Returning,5.0,4.0
133507,2025-06-03,SHARJAH,fashion,194.85,1,5.0,194.85,185.11,  Card  ,Returning,3.0,4.1
113898,2024-08-18,,HOME & KITCHEN,734.69,1,0.0,734.69,734.69,  Card  ,New,1.0,4.6
131339,05/01/2025,abu dhabi,Beauty & Personal Care,238.62,1,0.0,238.62,238.62,wallet,Returning,3.0,4.7
126060,09/02/2025,Dubai,BEAUTY & PERSONAL CARE,256.83,1,15.0,256.83,218.31,  Card  ,New,1.0,4.0
143505,10/22/2025,Abu Dhabi,Home & Kitchen,119.33,3,0.0,357.99,357.99,cash on delivery,Returning,3.0,2.6
116445,2024-09-23,SHARJAH,  Home & Kitchen  ,585.21,1,5.0,585.21,555.95,card,Returning,4.0,4.1
143192,10/18/2025,sharjah,Beauty & Personal Care,186.64,1,15.0,186.64,158.64,  Cash on Delivery  ,Returning,3.0,4.0
125046,24-01-2025,  Dubai  ,HOME & KITCHEN,856.44,1,0.0,856.44,856.44,Card,New,3.0,4.2
105030,30/03/2024,ajman,Fashion,491.5,1,0.0,491.5,491.5,Card,Returning,,4.3
120954,2024-11-27,DUBAI,  Fashion  ,383.03,1,50.0,383.03,191.52,card,Returning,2.0,4.6
104039,10-03-2024,DUBAI,FASHION,302.17,2,0.0,604.34,604.34,CARD,Returning,3.0,4.3
134089,12/06/2025,  Ajman  ,Home & Kitchen,179.94,1,0.0,179.94,179.94,WALLET,New,2.0,3.6
119690,14/11/2024,Dubay,HOME & KITCHEN,417.7,1,10.0,417.7,375.93,Card,Returning,2.0,5.0
126974,2025-02-24,Dubai,Groceries,83.08,2,5.0,166.16,157.85,  Card  ,Returning,1.0,3.3
140192,2025-09-05,RAS AL KHAIMAH,mobile accessories,86.82,1,,86.82,86.82,card,New,2.0,5.0
126549,17/02/2025,Abu Dhabi,MOBILE ACCESSORIES,105.61,1,0.0,105.61,105.61,CASH ON DELIVERY,New,4.0,4.1
109793,06/13/2024,  Dubai  ,  Home & Kitchen  ,298.26,2,15.0,596.52,507.04,  Wallet  ,New,3.0,5.0
120708,25-11-2024,abu dhabi,beauty & personal care,90.69,1,10.0,90.69,81.62,WALLET,Returning,2.0,4.4
100197,01/04/2024,Dubai ,mobile accessories,187.09,3,0.0,561.27,561.27,CASH ON DELIVERY,New,5.0,4.5
121588,12/02/2024,  Abu Dhabi  ,FASHION,130.92,1,0.0,130.92,130.92,CARD,New,3.0,3.4
104673,03/22/2024,DUBAI,  Fashion  ,582.39,2,30.0,1164.78,815.35,  Cash on Delivery  ,Returning,1.0,4.4
119718,15-11-2024,,Mobile Accessories,95.42,1,0.0,95.42,95.42,cash on delivery,New,4.0,4.3
102223,2024-02-08,DUBAI,Mobile Accessories,95.96,1,5.0,95.96,91.16,CARD,Returning,,4.6
137990,08/09/2025,  Abu Dhabi  ,  Electronics  ,677.12,1,15.0,677.12,575.55,  Cash on Delivery  ,Returning,2.0,4.9
113874,18/08/2024,Ras Al Khaimah,  Home & Kitchen  ,665.6,1,10.0,665.6,599.04,Card,Returning,3.0,4.5
104139,12/03/2024,  Dubai  ,GROCERIES,125.77,3,30.0,377.31,264.12,CASH ON DELIVERY,New,2.0,4.1
106142,04/13/2024,ABU DHABI,Home & Kitchen,726.53,1,5.0,726.53,690.2,  Wallet  ,Returning,3.0,4.0
137894,07/08/2025,Dubai,home & kitchen,313.51,1,0.0,313.51,313.51,  Cash on Delivery  ,Returning,4.0,4.4
141043,17/09/2025,  Abu Dhabi  ,  Groceries  ,201.74,1,30.0,201.74,141.22,CARD,Returning,1.0,4.4
104598,21-03-2024,  Dubai  ,Fashion,207.16,2,15.0,414.32,352.17,card,Returning,1.0,2.9
128741,28-03-2025,DUBAI,MOBILE ACCESSORIES,125.47,1,5.0,125.47,119.2,card,Returning,2.0,4.9
110560,25-06-2024,dubai,beauty & personal care,132.67,1,5.0,132.67,126.04,CASH ON DELIVERY,Returning,3.0,3.3
115458,06/09/2024,Abu Dhabi,,28.16,1,5.0,28.16,26.75,CARD,Returning,,3.6
103071,22-02-2024,Dubai,HOME & KITCHEN,192.07,2,10.0,384.14,345.73,Cash on Delivery,New,1.0,4.1
106212,2024-04-14,dubai,beauty & personal care,26.51,1,0.0,26.51,26.51,CASH ON DELIVERY,Returning,4.0,4.0
107039,04/27/2024,  Dubai  ,beauty & personal care,80.86,1,0.0,80.86,80.86,Card,Returning,2.0,2.8
142561,09/10/2025,dubai,Fashion,364.29,1,0.0,364.29,364.29,cash on delivery,New,4.0,3.3
120845,26/11/2024,  Dubai  ,FASHION,356.38,1,30.0,356.38,249.47,Wallet,Returning,3.0,
129369,2025-04-03,Dubai,  Electronics  ,3488.86,1,5.0,3488.86,3314.42,  Card  ,Returning,2.0,4.7
121734,04/12/2024,sharjah,HOME & KITCHEN,834.77,1,15.0,834.77,709.55,CARD,Returning,2.0,4.1
130619,20-04-2025,Abu Dhabi,MOBILE ACCESSORIES,49.7,1,10.0,49.7,44.73,wallet,Returning,3.0,4.9
144384,2025-11-03,abu dhabi,GROCERIES,216.16,1,15.0,216.16,183.74,CARD,Returning,1.0,4.4
110547,2024-06-25,Dubai,  Mobile Accessories  ,47.46,1,0.0,47.46,47.46,CARD,New,1.0,4.0
112119,21-07-2024,ajman,  Fashion  ,480.5,1,20.0,480.5,384.4,  Cash on Delivery  ,Returning,,4.5
100164,01/04/2024,Abu Dhabi,mobile accessories,42.01,1,10.0,42.01,37.81,Card,New,4.0,3.0
105171,04/01/2024,Abu Dhabi,Beauty & Personal Care,160.31,1,5.0,160.31,152.29,  Card  ,New,3.0,4.2
131886,2025-05-10,RAS AL KHAIMAH,Electronics,1724.59,1,5.0,1724.59,1638.36,WALLET,Returning,4.0,3.4
109697,06/11/2024,,Fashion,66.74,1,15.0,66.74,56.73,card,Returning,3.0,5.0
135116,06/27/2025,dubai,fashion,592.46,1,0.0,592.46,592.46,CASH ON DELIVERY,Returning,2.0,4.8
113580,08/14/2024,ABU DHABI,fashion,494.4,1,5.0,494.4,469.68,  Card  ,Returning,4.0,3.9
119279,08/11/2024,Dubai,  Home & Kitchen  ,690.27,1,10.0,690.27,621.24,wallet,Returning,2.0,
142030,01/10/2025,ABU DHABI,BEAUTY & PERSONAL CARE,150.56,1,30.0,150.56,105.39,  Cash on Delivery  ,Returning,4.0,4.3
133417,2025-06-02,DUBAI,GROCERIES,49.87,1,20.0,49.87,39.9,CARD,Returning,2.0,4.5
142435,2025-10-07,abu dhabi,ELECTRONICS,1872.39,1,30.0,1872.39,1310.67,card,Returning,3.0,4.2
136310,15/07/2025,Dubai,Beauty & Personal Care,391.3,1,0.0,391.3,391.3,CARD,Returning,3.0,4.4
143692,10/25/2025,  Dubai  ,beauty & personal care,180.07,1,0.0,180.07,180.07,Cash on Delivery,New,2.0,5.0
141924,2025-09-30,ABU DHABI,FASHION,60.37,1,0.0,60.37,60.37,,Returning,3.0,3.7
103530,01-03-2024,dubai,Home & Kitchen,887.09,1,20.0,887.09,709.67,CARD,Returning,1.0,3.5
127093,02/26/2025,Sharjah,Mobile Accessories,167.08,2,5.0,334.16,317.45,WALLET,Returning,3.0,4.9
110195,2024-06-19,ABU DHABI,HOME & KITCHEN,118.29,1,0.0,118.29,118.29,card,New,5.0,4.7
121402,29/11/2024,dubai,Beauty & Personal Care,97.03,1,30.0,97.03,67.92,  Cash on Delivery  ,Returning,3.0,3.9
133078,05/28/2025,  Dubai  ,  Groceries  ,187.61,1,30.0,187.61,131.33,Cash on Delivery,New,3.0,3.8
136467,07/18/2025,  Dubai  ,HOME & KITCHEN,95.46,1,15.0,95.46,81.14,Wallet,Returning,3.0,4.0
106985,2024-04-27,Sharjah,ELECTRONICS,3481.33,1,20.0,3481.33,2785.06,cash on delivery,New,1.0,3.9
148223,14/12/2025,ABU DHABI,HOME & KITCHEN,423.26,1,15.0,423.26,359.77,CARD,New,1.0,4.7
114017,20-08-2024,dubai,  Home & Kitchen  ,755.28,1,,755.28,755.28,CARD,Returning,3.0,
110286,2024-06-21,abu dhabi,  Electronics  ,653.9,1,5.0,653.9,621.2,Card,Returning,1.0,2.7
124548,16/01/2025,Sharjah,mobile accessories,42.89,1,10.0,42.89,38.6,  Cash on Delivery  ,Returning,3.0,3.2
104370,16/03/2024,ABU DHABI,Electronics,3284.46,1,10.0,3284.46,2956.01,Cash on Delivery,Returning,4.0,
148526,2025-12-18,DUBAI,  Home & Kitchen  ,397.12,1,0.0,397.12,397.12,CARD,Returning,2.0,2.7
112879,03/08/2024,Sharjah,Beauty & Personal Care,361.39,1,10.0,361.39,325.25,  Cash on Delivery  ,Returning,5.0,4.0
100275,2024-01-06,DUBAI,groceries,40.45,1,5.0,40.45,38.43,  Cash on Delivery  ,Returning,4.0,5.0
102859,2024-02-18,dubai,groceries,174.23,1,,174.23,174.23,cash on delivery,New,3.0,5.0
135929,07/09/2025,ABU DHABI,Electronics,2345.18,1,0.0,2345.18,2345.18,wallet,New,2.0,4.6
142076,02/10/2025,abu dhabi,FASHION,391.63,1,,391.63,391.63,  Cash on Delivery  ,New,4.0,4.3
137098,07/27/2025,Ras Al Khaimah,BEAUTY & PERSONAL CARE,216.75,2,0.0,433.5,433.5,CARD,New,1.0,3.9
125601,2025-02-02,  Abu Dhabi  ,  Groceries  ,119.42,1,0.0,119.42,119.42,CARD,Returning,5.0,
105894,12/04/2024,  Abu Dhabi  ,  Beauty & Personal Care  ,143.83,1,10.0,143.83,129.45,CASH ON DELIVERY,Returning,5.0,5.0
104568,20/03/2024,Sharjah,Home & Kitchen,863.66,1,5.0,863.66,820.48,Cash on Delivery,New,2.0,5.0
142954,14-10-2025,DUBAI,  Mobile Accessories  ,80.75,1,15.0,80.75,68.64,  Card  ,New,2.0,3.9
145184,11/14/2025,abu dhabi,  Beauty & Personal Care  ,49.52,1,5.0,49.52,47.04,CARD,New,5.0,4.3
112961,04/08/2024,ABU DHABI,groceries,54.99,1,5.0,54.99,52.24,cash on delivery,Returning,1.0,4.9
109324,05/06/2024,Ras Al Khaimah,Home & Kitchen,407.66,1,5.0,407.66,387.28,cash on delivery,New,4.0,
111389,07/09/2024,  Abu Dhabi  ,  Mobile Accessories  ,153.58,1,0.0,153.58,153.58,  Cash on Delivery  ,New,1.0,4.2
146208,24-11-2025,dubai,  Fashion  ,80.67,1,,80.67,48.4,  Card  ,Returning,4.0,4.5
108945,2024-05-29,DUBAI,  Electronics  ,1019.51,1,0.0,1019.51,1019.51,CARD,Returning,4.0,
103842,07/03/2024,  Ras Al Khaimah  ,home & kitchen,242.53,1,15.0,242.53,206.15,Cash on Delivery,Returning,3.0,4.3
147044,2025-11-28,Dubai,  Electronics  ,1825.07,1,30.0,1825.07,1277.55,card,Returning,1.0,5.0
121249,29/11/2024,RAS AL KHAIMAH,Beauty & Personal Care,197.86,1,30.0,197.86,138.5,  Cash on Delivery  ,New,2.0,4.8
141357,09/22/2025,ABU DHABI,groceries,76.26,1,10.0,76.26,68.63,Card,Returning,3.0,3.7
128664,27-03-2025,Dubai,BEAUTY & PERSONAL CARE,81.12,1,20.0,81.12,64.9,card,Returning,2.0,3.9
112006,19/07/2024,Dubai,ELECTRONICS,3146.35,1,15.0,3146.35,2674.4,Cash on Delivery,Returning,4.0,5.0
120287,22/11/2024,Abu Dhabi,home & kitchen,189.67,1,,189.67,151.74,,New,2.0,4.8
116351,21-09-2024,AJMAN,electronics,508.68,1,0.0,508.68,508.68,CARD,Returning,2.0,5.0
122368,2024-12-13,DUBAI,groceries,37.48,1,20.0,37.48,29.98,CARD,New,2.0,4.7
146084,2025-11-23,DUBAI,fashion,533.03,3,30.0,1599.09,1119.36,Card,Returning,5.0,4.4
134845,2025-06-23,sharjah,,2489.34,1,0.0,2489.34,2489.34,Card,Returning,4.0,4.1
100398,08-01-2024,DUBAI,Fashion,501.19,2,5.0,1002.38,952.26,  Card  ,Returning,1.0,3.8
133641,2025-06-05,Ras Al Khaimah,HOME & KITCHEN,428.14,1,5.0,428.14,406.73,,Returning,1.0,3.9
109123,02-06-2024,dubai,  Fashion  ,312.26,2,0.0,624.52,624.52,  Card  ,New,3.0,4.9
111269,07-07-2024,dubai,ELECTRONICS,1057.48,2,20.0,2114.96,1691.97,  Card  ,New,4.0,
122442,14/12/2024,abu dhabi,  Beauty & Personal Care  ,250.53,1,30.0,250.53,175.37,Cash on Delivery,Returning,3.0,
148847,23-12-2025,Abu Dhabi,  Groceries  ,87.87,1,0.0,87.87,87.87,card,New,1.0,3.4
107424,2024-05-03,Dubai ,Fashion,102.47,1,5.0,102.47,97.35,card,Returning,5.0,3.1
112086,20/07/2024,Ras Al Khaimah,  Groceries  ,44.56,1,5.0,44.56,42.33,wallet,Returning,2.0,3.0
144731,2025-11-08,DUBAI,Fashion,240.88,1,10.0,240.88,216.79,cash on delivery,Returning,3.0,3.2
108884,05/28/2024,DUBAI,  Beauty & Personal Care  ,292.66,1,15.0,292.66,248.76,  Card  ,New,2.0,3.8
114059,20/08/2024,Ajman,BEAUTY & PERSONAL CARE,163.87,1,0.0,163.87,163.87,  Card  ,Returning,3.0,3.9
124615,17/01/2025,RAS AL KHAIMAH,  Electronics  ,2823.34,2,15.0,5646.68,4799.68,CASH ON DELIVERY,New,5.0,4.6
107631,08-05-2024,Sharjah,,87.08,1,0.0,87.08,87.08,WALLET,New,3.0,4.2
116075,2024-09-16,Abu Dhabi,  Fashion  ,420.13,2,0.0,840.26,840.26,wallet,New,2.0,4.5
104280,15-03-2024,  Dubai  ,groceries,34.63,1,5.0,34.63,32.9,Wallet,Returning,2.0,4.8
149319,29-12-2025,  Abu Dhabi  ,  Fashion  ,568.94,1,0.0,568.94,568.94,Card,New,2.0,4.3
122084,12/09/2024,  Abu Dhabi  ,BEAUTY & PERSONAL CARE,227.8,3,20.0,683.4,546.72,Cash on Delivery,New,2.0,4.0
104729,2024-03-23,Abu Dhabi,GROCERIES,22.04,1,0.0,22.04,22.04,CARD,New,4.0,5.0
147601,12/05/2025,ajman,Home & Kitchen,308.4,1,10.0,308.4,277.56,CASH ON DELIVERY,Returning,3.0,4.1
133688,06/06/2025,Abu Dhabi,Electronics,2976.59,1,5.0,2976.59,2827.76,CARD,New,2.0,3.8
141239,20-09-2025,  Dubai  ,  Beauty & Personal Care  ,219.77,1,0.0,219.77,219.77,  Card  ,Returning,2.0,
139471,2025-08-28,abu dhabi,mobile accessories,94.85,1,0.0,94.85,94.85,CARD,New,4.0,
104456,18/03/2024,ABU DHABI,  Groceries  ,261.92,1,5.0,261.92,248.82,wallet,Returning,2.0,3.6
118199,10/21/2024,  Dubai  ,GROCERIES,138.89,1,5.0,138.89,131.95,CARD,Returning,3.0,4.0
146932,11/28/2025,abu dhabi,  Fashion  ,596.37,3,20.0,1789.11,1431.29,Cash on Delivery,Returning,3.0,4.2
109270,04/06/2024,Dubai,  Home & Kitchen  ,759.09,1,20.0,759.09,607.27,  Cash on Delivery  ,Returning,4.0,5.0
119333,09-11-2024,abu dhabi,mobile accessories,185.68,1,5.0,185.68,176.4,  Card  ,Returning,4.0,4.8
133118,28/05/2025,ABU DHABI,BEAUTY & PERSONAL CARE,56.79,1,10.0,56.79,51.11,wallet,Returning,1.0,4.0
118345,10/23/2024,Ras Al Khaimah,GROCERIES,296.91,1,0.0,296.91,296.91,CASH ON DELIVERY,Returning,4.0,3.6
121593,2024-12-02,DUBAI,fashion,285.86,1,5.0,285.86,271.57,cash on delivery,New,2.0,3.4
106641,21-04-2024,dubai,Mobile Accessories,93.55,1,5.0,93.55,88.87,CARD,Returning,2.0,
124231,01/11/2025,  Ajman  ,Electronics,1350.03,1,10.0,1350.03,1215.03,card,New,3.0,4.2
136986,25-07-2025,DUBAI,home & kitchen,449.91,1,15.0,449.91,382.42,Cash on Delivery,Returning,2.0,3.4
149330,2025-12-29,abu dhabi,fashion,429.82,1,10.0,429.82,386.84,wallet,New,3.0,4.0
138748,2025-08-19,Dubai,Mobile Accessories,172.19,1,0.0,172.19,172.19,  Cash on Delivery  ,New,5.0,
103990,03/09/2024,dubai,  Mobile Accessories  ,246.43,1,0.0,246.43,246.43,  Card  ,Returning,1.0,4.3
106951,2024-04-26,  Dubai  ,  Electronics  ,3205.71,1,,3205.71,3045.42,card,Returning,3.0,4.5
147457,03/12/2025,sharjah,ELECTRONICS,2682.7,1,15.0,2682.7,2280.29,WALLET,Returning,3.0,4.7
136246,14/07/2025,  Dubai  ,HOME & KITCHEN,746.39,1,0.0,746.39,746.39,CARD,New,1.0,4.5
121164,28/11/2024,Sharjah,  Mobile Accessories  ,232.04,2,40.0,464.08,278.45,CARD,Returning,2.0,
138329,2025-08-14,Dubai ,Fashion,316.62,1,10.0,316.62,284.96,cash on delivery,New,3.0,
138207,12-08-2025,Dubai,  Fashion  ,534.0,1,0.0,534.0,534.0,Cash on Delivery,Returning,3.0,
129732,04/07/2025,  Ajman  ,  Beauty & Personal Care  ,386.2,2,10.0,772.4,695.16,Card,Returning,3.0,4.3
101798,02/01/2024,Dubai,electronics,2796.66,2,30.0,5593.32,3915.32,cash on delivery,Returning,3.0,2.9
117203,10/05/2024,,beauty & personal care,385.98,1,10.0,385.98,347.38,CARD,Returning,1.0,4.5
110402,23-06-2024,Sharjah,Mobile Accessories,42.13,1,10.0,42.13,37.92,  Card  ,Returning,2.0,
134033,06/11/2025,Dubai,home & kitchen,787.81,2,0.0,1575.62,1575.62,Card,Returning,3.0,3.8
118855,01-11-2024,Sharjah,Home & Kitchen,306.09,1,15.0,306.09,260.18,Cash on Delivery,Returning,4.0,
123402,2024-12-29,Sharjah,fashion,48.57,2,10.0,97.14,87.43,Card,Returning,2.0,4.8
117615,2024-10-12,ABU DHABI,  Beauty & Personal Care  ,68.17,1,0.0,68.17,68.17,CASH ON DELIVERY,New,4.0,4.1
107901,05/12/2024,  Ras Al Khaimah  ,BEAUTY & PERSONAL CARE,63.89,1,10.0,63.89,57.5,  Card  ,Returning,,4.0
131108,28-04-2025,dubai,fashion,413.25,1,5.0,413.25,392.59,card,Returning,4.0,4.7
115467,06-09-2024,dubai,groceries,264.29,1,0.0,264.29,264.29,Cash on Delivery,New,5.0,3.7
106028,12/04/2024,Sharjah,fashion,332.85,1,0.0,332.85,332.85,Cash on Delivery,Returning,3.0,4.3
108365,05/19/2024,Dubai,Home & Kitchen,252.73,1,10.0,252.73,227.46,Card,Returning,5.0,4.6
125523,01-02-2025,  Dubai  ,BEAUTY & PERSONAL CARE,31.35,1,10.0,31.35,28.22,  Card  ,Returning,3.0,3.3
126735,20/02/2025,  Dubai  ,  Mobile Accessories  ,179.83,1,0.0,179.83,179.83,Card,New,3.0,4.3
114224,08/22/2024,  Ajman  ,BEAUTY & PERSONAL CARE,176.34,2,,352.68,317.41,  Card  ,New,1.0,
112384,25/07/2024,  Abu Dhabi  ,,2480.73,1,10.0,2480.73,2232.66,  Wallet  ,Returning,3.0,4.5
108518,2024-05-22,ras al khaimah,groceries,275.21,1,5.0,275.21,261.45,  Wallet  ,New,1.0,3.9
115975,15-09-2024,sharjah,HOME & KITCHEN,362.62,2,0.0,725.24,725.24,  Cash on Delivery  ,Returning,4.0,4.4
121316,29-11-2024,  Dubai  ,BEAUTY & PERSONAL CARE,64.15,1,30.0,64.15,44.9,  Card  ,New,3.0,5.0
115569,09/08/2024,,  Beauty & Personal Care  ,295.03,2,30.0,590.06,413.04,  Card  ,New,3.0,4.4
138869,20/08/2025,Abu Dhabi,  Home & Kitchen  ,133.77,3,0.0,401.31,401.31,  Cash on Delivery  ,New,3.0,4.3
133172,29-05-2025,Sharja,Home & Kitchen,212.85,1,0.0,212.85,212.85,WALLET,Returning,2.0,3.6
114199,22/08/2024,  Sharjah  ,GROCERIES,298.2,1,0.0,298.2,298.2,card,Returning,4.0,
124146,2025-01-10,Dubai ,ELECTRONICS,1891.97,-1,10.0,1891.97,1702.77,  Cash on Delivery  ,Returning,3.0,3.5
109677,06/11/2024,ajman,Electronics,1990.08,1,,1990.08,1890.58,Cash on Delivery,Returning,,4.3
138687,08/18/2025,DUBAI,Fashion,558.12,1,5.0,558.12,530.21,CASH ON DELIVERY,Returning,2.0,4.3
114726,28-08-2024,DUBAI,Beauty & Personal Care,199.34,1,15.0,199.34,169.44,Card,Returning,,4.6
145780,21-11-2025,SHARJAH,HOME & KITCHEN,729.03,1,30.0,729.03,510.32,  Cash on Delivery  ,New,3.0,3.9
108063,15-05-2024,dubai,home & kitchen,260.41,2,0.0,520.82,520.82,CARD,Returning,3.0,4.3
148133,13/12/2025,  Dubai  ,Beauty & Personal Care,290.92,2,10.0,581.84,523.66,CASH ON DELIVERY,Returning,4.0,3.6
116449,23-09-2024,DUBAI,  Electronics  ,1797.9,1,0.0,1797.9,1797.9,  Card  ,New,3.0,4.9
134399,17/06/2025,dubai,Fashion,88.56,1,15.0,88.56,75.28,  Wallet  ,Returning,4.0,3.8
114571,08/26/2024,dubai,MOBILE ACCESSORIES,103.05,1,10.0,103.05,92.74,  Card  ,Returning,2.0,3.4
109703,2024-06-11,abu dhabi,HOME & KITCHEN,255.6,1,0.0,255.6,255.6,cash on delivery,Returning,1.0,4.6
122839,21-12-2024,Abu Dhabi,Beauty & Personal Care,387.31,1,10.0,387.31,348.58,  Card  ,Returning,4.0,5.0
108072,15-05-2024,SHARJAH,Groceries,181.76,1,15.0,181.76,154.5,cash on delivery,Returning,3.0,4.4
137051,26-07-2025,Abu Dhabi,  Fashion  ,371.58,1,15.0,371.58,315.84,WALLET,New,4.0,3.2
113378,11-08-2024,Dubai ,Mobile Accessories,92.4,1,0.0,92.4,92.4,wallet,Returning,2.0,3.8
104217,13-03-2024,abu dhabi,BEAUTY & PERSONAL CARE,366.13,1,10.0,366.13,329.52,cash on delivery,Returning,2.0,5.0
147711,12/07/2025,DUBAI,home & kitchen,611.28,1,0.0,611.28,611.28,Cash on Delivery,Returning,3.0,5.0
119769,11/15/2024,ras al khaimah,Home & Kitchen,408.03,1,0.0,408.03,408.03,card,Returning,2.0,3.4
146119,2025-11-23,Sharjah,electronics,3103.44,1,40.0,3103.44,1862.06,WALLET,Returning,1.0,4.0
143831,27/10/2025,,Fashion,95.75,1,10.0,95.75,86.18,Card,New,4.0,
138262,13-08-2025,DUBAI,mobile accessories,78.33,3,0.0,234.99,234.99,CASH ON DELIVERY,Returning,2.0,2.7
137777,06/08/2025,Sharjah,Electronics,3412.51,2,0.0,6825.02,6825.02,Cash on Delivery,New,3.0,3.9
138564,17-08-2025,dubai,MOBILE ACCESSORIES,39.21,1,10.0,39.21,35.29,card,Returning,1.0,4.1
122843,21-12-2024,AJMAN,ELECTRONICS,386.79,1,5.0,386.79,367.45,CARD,New,4.0,4.0
126668,2025-02-19,  Ras Al Khaimah  ,fashion,597.15,2,5.0,1194.3,1134.58,  Cash on Delivery  ,Returning,2.0,4.6
111789,07/16/2024,dubai,mobile accessories,149.26,1,0.0,149.26,149.26,Card,Returning,,3.7
128149,03/18/2025,dubai,,853.55,2,5.0,1707.1,1621.74,Card,Returning,3.0,5.0
127336,02/03/2025,dubai,Beauty & Personal Care,353.75,2,0.0,707.5,707.5,cash on delivery,Returning,2.0,4.4
145202,11/14/2025,Dubay,mobile accessories,160.62,1,0.0,160.62,160.62,Cash on Delivery,Returning,1.0,5.0
128130,03/18/2025,Abu Dhabi,Groceries,160.43,2,0.0,320.86,320.86,  Card  ,New,1.0,4.0
121623,02/12/2024,Dubai,Electronics,1328.58,2,0.0,2657.16,2657.16,card,New,2.0,2.2
147741,12/07/2025,  Dubai  ,  Mobile Accessories  ,116.44,1,20.0,116.44,93.15,Card,Returning,3.0,5.0
114896,30/08/2024,SHARJAH,electronics,1934.47,1,0.0,1934.47,1934.47,  Cash on Delivery  ,Returning,1.0,4.0
139159,24-08-2025,  Dubai  ,  Groceries  ,40.67,1,0.0,40.67,40.67,Card,New,2.0,4.8
113614,08/15/2024,abu dhabi,Home & Kitchen,552.7,1,0.0,552.7,552.7,  Card  ,New,1.0,4.5
126467,2025-02-16,DUBAI,Groceries,230.79,2,30.0,461.58,323.11,  Card  ,Returning,3.0,4.1
148469,12/18/2025,Sharjah,  Beauty & Personal Care  ,70.34,1,10.0,70.34,63.31,Cash on Delivery,Returning,,5.0
104152,12/03/2024,  Dubai  ,Home & Kitchen,268.11,1,5.0,268.11,254.7,  Cash on Delivery  ,Returning,2.0,3.3
139673,30/08/2025,DUBAI,  Electronics  ,713.85,1,0.0,713.85,713.85,CARD,Returning,3.0,3.4
133301,2025-05-31,dubai,  Beauty & Personal Care  ,320.15,2,5.0,640.3,608.28,card,Returning,3.0,3.9
144342,02/11/2025,abu dhabi,  Groceries  ,173.84,2,10.0,347.68,312.91,CARD,Returning,4.0,4.6
142549,2025-10-08,abu dhabi,,2772.06,-1,30.0,2772.06,1940.44,card,Returning,1.0,3.1
114640,27-08-2024,  Ras Al Khaimah  ,  Beauty & Personal Care  ,158.97,1,10.0,158.97,143.07,Card,Returning,4.0,4.7
140147,04-09-2025,  Abu Dhabi  ,Electronics,2774.99,1,0.0,2774.99,2774.99,  Card  ,Returning,3.0,4.3
100915,2024-01-17,Dubai ,ELECTRONICS,750.09,-1,5.0,750.09,712.59,CARD,Returning,2.0,3.4
126314,14/02/2025,Dubai,Fashion,249.33,2,,498.66,473.73,WALLET,Returning,1.0,3.8
136879,2025-07-24,  Dubai  ,BEAUTY & PERSONAL CARE,263.23,1,5.0,263.23,250.07,Cash on Delivery,New,1.0,
147345,12/02/2025,ABU DHABI,groceries,254.37,1,0.0,254.37,254.37,CASH ON DELIVERY,New,4.0,4.8
137944,08-08-2025,DUBAI,GROCERIES,90.77,1,20.0,90.77,72.62,  Card  ,Returning,4.0,4.5
144011,29/10/2025,  Dubai  ,FASHION,488.0,1,5.0,488.0,463.6,  Card  ,Returning,3.0,3.9
137680,08/04/2025,Ras Al Khaimah,MOBILE ACCESSORIES,85.62,1,5.0,85.62,81.34,CARD,Returning,1.0,4.1
139075,23/08/2025,Dubai,ELECTRONICS,3474.27,1,5.0,3474.27,3300.56,card,Returning,6.0,4.4
146938,28/11/2025,DUBAI,HOME & KITCHEN,448.85,1,40.0,448.85,269.31,cash on delivery,Returning,4.0,4.9
134834,2025-06-23,Abu Dhabi,Groceries,43.23,1,0.0,43.23,43.23,  Card  ,New,3.0,2.9
118712,29-10-2024,DUBAI,  Electronics  ,1466.22,2,5.0,2932.44,2785.82,CASH ON DELIVERY,Returning,3.0,5.0
117038,2024-10-03,Dubay,FASHION,323.24,1,0.0,323.24,323.24,  Card  ,New,2.0,4.9
134756,06/21/2025,  Abu Dhabi  ,Home & Kitchen,560.06,1,10.0,560.06,504.05,Card,Returning,3.0,3.9
147679,2025-12-06,  Sharjah  ,Home & Kitchen,767.48,1,5.0,767.48,729.11,  Cash on Delivery  ,New,2.0,3.9
135917,09/07/2025,dubai,FASHION,88.28,2,0.0,176.56,176.56,Card,New,2.0,3.6
112975,2024-08-04,dubai,  Mobile Accessories  ,110.96,1,10.0,110.96,99.86,Card,Returning,1.0,5.0
120727,25-11-2024,  Dubai  ,Fashion,373.1,1,30.0,373.1,261.17,Cash on Delivery,New,3.0,3.8
118840,2024-11-01,  Abu Dhabi  ,  Electronics  ,801.58,2,5.0,1603.16,1523.0,Cash on Delivery,Returning,3.0,2.7
133597,2025-06-05,  Abu Dhabi  ,MOBILE ACCESSORIES,73.16,1,10.0,73.16,65.84,Cash on Delivery,Returning,1.0,3.3
121039,27/11/2024,dubai,Electronics,3158.39,2,50.0,6316.78,3158.39,card,Returning,4.0,4.7
144596,06/11/2025,dubai,Mobile Accessories,191.62,1,5.0,191.62,182.04,  Wallet  ,Returning,3.0,4.1
111150,07/05/2024,ras al khaimah,  Groceries  ,155.22,1,10.0,155.22,139.7,card,Returning,4.0,3.9
133254,30/05/2025,dubai,HOME & KITCHEN,385.33,2,10.0,770.66,693.59,Card,Returning,2.0,4.3
124530,2025-01-15,  Ras Al Khaimah  ,  Home & Kitchen  ,396.79,1,0.0,396.79,396.79,  Cash on Delivery  ,Returning,2.0,
123247,27/12/2024,Dubai,beauty & personal care,303.03,1,10.0,303.03,272.73,Card,Returning,4.0,3.3
117679,12/10/2024,DUBAI,  Mobile Accessories  ,110.34,1,20.0,110.34,88.27,Card,Returning,2.0,5.0
116805,2024-09-29,sharjah,  Beauty & Personal Care  ,260.38,1,5.0,260.38,247.36,  Card  ,Returning,1.0,5.0
117273,2024-10-06,  Abu Dhabi  ,MOBILE ACCESSORIES,46.72,1,0.0,46.72,46.72,CARD,New,2.0,3.6
130030,2025-04-12,  Dubai  ,  Beauty & Personal Care  ,325.03,1,0.0,325.03,325.03,CARD,New,3.0,3.3
135490,07/03/2025,Dubai,  Mobile Accessories  ,192.39,1,0.0,192.39,192.39,CARD,New,5.0,5.0
114265,2024-08-23,Dubai ,  Fashion  ,486.0,1,10.0,486.0,437.4,cash on delivery,Returning,3.0,3.5
109002,30/05/2024,dubai,Home & Kitchen,388.65,1,10.0,388.65,349.78,  Card  ,Returning,1.0,5.0
125911,2025-02-07,Dubay,  Home & Kitchen  ,108.9,1,0.0,108.9,108.9,cash on delivery,New,5.0,2.8
138027,08/09/2025,  Sharjah  ,  Fashion  ,540.66,1,0.0,540.66,540.66,card,New,3.0,3.8
138797,08/20/2025,Abu Dhabi,BEAUTY & PERSONAL CARE,123.06,1,5.0,123.06,116.91,Cash on Delivery,New,3.0,
118595,28/10/2024,DUBAI,Beauty & Personal Care,148.76,1,15.0,148.76,126.45,CARD,Returning,5.0,4.2
105897,04/12/2024,sharjah,fashion,61.83,1,0.0,61.83,61.83,CARD,Returning,1.0,5.0
122235,11/12/2024,abu dhabi,GROCERIES,118.48,1,20.0,118.48,94.78,Cash on Delivery,Returning,4.0,3.1
132888,24-05-2025,  Abu Dhabi  ,fashion,432.21,1,5.0,432.21,410.6,  Card  ,New,1.0,4.5
124162,10/01/2025,DUBAI,Fashion,391.94,3,10.0,1175.82,1058.24,Card,New,3.0,5.0
114865,2024-08-30,dubai,Home & Kitchen,743.11,1,5.0,743.11,705.95,WALLET,Returning,1.0,3.9
105817,11-04-2024,DUBAI,fashion,48.06,1,0.0,48.06,48.06,Cash on Delivery,Returning,3.0,4.8
142581,10/09/2025,dubai,MOBILE ACCESSORIES,20.75,1,10.0,20.75,18.68,Card,Returning,3.0,3.2
123084,12/25/2024,dubai,ELECTRONICS,2145.91,2,5.0,4291.82,4077.23,CASH ON DELIVERY,Returning,3.0,4.6
145969,11/22/2025,dubai,Fashion,333.05,1,30.0,333.05,233.14,Cash on Delivery,New,3.0,2.7
133192,05/29/2025,dubai,fashion,558.3,1,10.0,558.3,502.47,Card,Returning,3.0,4.8
141538,09/24/2025,Abu Dhabi,BEAUTY & PERSONAL CARE,160.54,1,0.0,160.54,160.54,  Cash on Delivery  ,Returning,1.0,4.1
138871,21/08/2025,Dubai,MOBILE ACCESSORIES,39.01,1,5.0,39.01,37.06,cash on delivery,New,2.0,4.3
127176,02/27/2025,Sharja,  Electronics  ,3138.3,1,5.0,3138.3,2981.38,CARD,Returning,3.0,4.0
137085,26-07-2025,Dubai,  Home & Kitchen  ,877.69,1,5.0,877.69,833.81,Card,New,3.0,5.0
121201,28-11-2024,SHARJAH,  Mobile Accessories  ,244.79,1,40.0,244.79,146.87,  Cash on Delivery  ,Returning,2.0,3.6
132561,20-05-2025,  Dubai  ,HOME & KITCHEN,876.41,2,5.0,1752.82,1665.18,  Card  ,Returning,3.0,4.6
140251,05/09/2025,ABU DHABI,Home & Kitchen,808.42,1,0.0,808.42,808.42,card,Returning,4.0,3.6
131771,08-05-2025,  Sharjah  ,Mobile Accessories,100.85,1,20.0,100.85,80.68,Cash on Delivery,New,5.0,2.7
115110,02/09/2024,  Abu Dhabi  ,Electronics,3475.37,1,30.0,3475.37,2432.76,,New,2.0,4.9
124321,12-01-2025,sharjah,ELECTRONICS,3093.4,2,15.0,6186.8,5258.78,CASH ON DELIVERY,Returning,3.0,4.2
119190,06/11/2024,  Dubai  ,Fashion,102.32,1,0.0,102.32,102.32,Card,Returning,3.0,4.4
136270,14/07/2025,  Abu Dhabi  ,HOME & KITCHEN,490.33,1,20.0,490.33,392.26,WALLET,New,1.0,4.7
121783,04-12-2024,Dubay,Electronics,653.27,1,0.0,653.27,653.27,Card,Returning,1.0,4.4
118568,2024-10-27,Dubai ,ELECTRONICS,1273.86,1,5.0,1273.86,1210.17,WALLET,New,2.0,4.7
148447,12/17/2025,AJMAN,mobile accessories,52.23,1,0.0,52.23,52.23,cash on delivery,New,1.0,4.0
148655,20-12-2025,Ajman,Mobile Accessories,191.39,1,5.0,191.39,181.82,  Wallet  ,Returning,2.0,5.0
126943,2025-02-24,Dubai ,home & kitchen,222.85,1,5.0,222.85,211.71,  Wallet  ,New,4.0,4.4
104434,18/03/2024,Dubay,Electronics,2805.03,1,0.0,2805.03,2805.03,CARD,New,1.0,
102326,02/09/2024,Dubai,home & kitchen,843.4,2,10.0,1686.8,1518.12,Wallet,Returning,4.0,2.8
111361,2024-07-09,  Sharjah  ,Mobile Accessories,198.52,2,5.0,397.04,377.19,  Card  ,Returning,2.0,4.2
118525,10/26/2024,abu dhabi,Fashion,468.54,1,10.0,468.54,421.69,  Card  ,Returning,3.0,4.2
122230,11-12-2024,  Sharjah  ,GROCERIES,144.6,2,0.0,289.2,289.2,  Card  ,Returning,2.0,
113723,16/08/2024,DUBAI,  Groceries  ,217.84,1,0.0,217.84,217.84,  Card  ,New,2.0,4.1
129009,03/31/2025,dubai,  Groceries  ,137.96,1,0.0,137.96,137.96,Card,Returning,2.0,3.6
115967,15-09-2024,dubai,Fashion,372.71,1,0.0,372.71,372.71,  Card  ,New,3.0,3.9
144858,09-11-2025,  Dubai  ,  Beauty & Personal Care  ,85.34,1,5.0,85.34,81.07,  Card  ,New,5.0,3.2
132566,20/05/2025,ABU DHABI,home & kitchen,700.03,1,10.0,700.03,630.03,cash on delivery,Returning,4.0,5.0
135354,01-07-2025,Dubai,ELECTRONICS,1105.43,2,0.0,2210.86,2210.86,CARD,Returning,,2.9
126322,14-02-2025,DUBAI,Fashion,526.55,1,0.0,526.55,526.55,WALLET,New,1.0,3.6
103885,03/07/2024,  Dubai  ,  Beauty & Personal Care  ,396.23,1,20.0,396.23,316.98,WALLET,Returning,1.0,3.5
120748,25-11-2024,  Abu Dhabi  ,Groceries,79.98,1,10.0,79.98,71.98,  Card  ,Returning,4.0,4.2
146024,22/11/2025,  Dubai  ,fashion,438.46,1,,438.46,306.92,CARD,Returning,3.0,3.5
120762,25/11/2024,  Sharjah  ,home & kitchen,496.55,1,50.0,496.55,248.28,Card,New,2.0,3.2
114882,2024-08-30,DUBAI,FASHION,216.22,1,5.0,216.22,205.41,CARD,Returning,4.0,4.5
106402,2024-04-17,DUBAI,FASHION,140.05,1,0.0,140.05,140.05,CASH ON DELIVERY,Returning,3.0,3.0
138444,08/16/2025,  Dubai  ,  Beauty & Personal Care  ,84.35,1,10.0,84.35,75.91,  Card  ,Returning,2.0,4.2
139499,28-08-2025,DUBAI,Beauty & Personal Care,25.41,2,0.0,50.82,50.82,CASH ON DELIVERY,Returning,2.0,4.4
134869,23/06/2025,Dubai ,Beauty & Personal Care,251.46,1,10.0,251.46,226.31,  Cash on Delivery  ,New,3.0,3.7
140025,09/03/2025,abu dhabi,fashion,536.9,1,5.0,536.9,510.05,Card,Returning,3.0,3.9
124600,16-01-2025,RAS AL KHAIMAH,mobile accessories,114.88,2,0.0,229.76,229.76,  Card  ,Returning,1.0,3.7
104195,03/13/2024,DUBAI,Home & Kitchen,865.2,1,5.0,865.2,821.94,CARD,New,5.0,4.2
100511,01/10/2024,Dubai,  Mobile Accessories  ,232.99,1,30.0,232.99,163.09,  Cash on Delivery  ,Returning,3.0,4.9
122348,13-12-2024,ras al khaimah,  Groceries  ,41.78,1,15.0,41.78,35.51,CARD,New,1.0,3.0
143336,10/20/2025,Dubai ,  Beauty & Personal Care  ,40.08,1,0.0,40.08,40.08,CASH ON DELIVERY,New,1.0,4.6
140520,09/09/2025,sharjah,  Electronics  ,1134.66,2,,2269.32,2269.32,Card,Returning,2.0,4.2
114731,08/28/2024,,mobile accessories,138.21,1,15.0,138.21,117.48,Card,Returning,5.0,3.7
108248,17/05/2024,  Dubai  ,ELECTRONICS,3357.11,1,0.0,3357.11,3357.11,card,New,4.0,5.0
130693,04/22/2025,RAS AL KHAIMAH,home & kitchen,60.8,1,0.0,60.8,60.8,  Card  ,New,1.0,4.2
131810,09/05/2025,  Abu Dhabi  ,fashion,63.89,2,5.0,127.78,121.39,  Cash on Delivery  ,New,2.0,5.0
128879,30/03/2025,Dubay,Mobile Accessories,109.37,1,15.0,109.37,92.96,  Card  ,Returning,1.0,3.4
123570,01-01-2025,dubai,,652.11,2,0.0,1304.22,1304.22,  Card  ,Returning,1.0,
141488,24-09-2025,  Dubai  ,BEAUTY & PERSONAL CARE,361.33,1,5.0,361.33,343.26,Cash on Delivery,Returning,4.0,4.4
118002,10/18/2024,SHARJAH,FASHION,455.67,1,20.0,455.67,364.54,  Cash on Delivery  ,Returning,1.0,3.6
114412,24-08-2024,ABU DHABI,  Mobile Accessories  ,229.61,2,10.0,459.22,413.3,wallet,New,3.0,4.0
100395,2024-01-08,  Dubai  ,mobile accessories,22.49,2,15.0,44.98,38.23,cash on delivery,Returning,4.0,4.6
122395,13-12-2024,  Sharjah  ,FASHION,126.15,1,5.0,126.15,119.84,Cash on Delivery,Returning,3.0,3.5
136031,07/11/2025,DUBAI,mobile accessories,162.88,1,0.0,162.88,162.88,,Returning,3.0,4.5
124979,23-01-2025,abu dhabi,Electronics,1268.99,1,10.0,1268.99,1142.09,wallet,Returning,3.0,
103185,2024-02-24,  Dubai  ,Fashion,579.16,1,0.0,579.16,579.16,cash on delivery,New,3.0,4.6
113534,08/13/2024,dubai,GROCERIES,177.57,1,5.0,177.57,168.69,CASH ON DELIVERY,New,3.0,1.9
146139,11/23/2025,ABU DHABI,Mobile Accessories,235.15,1,30.0,235.15,164.6,CASH ON DELIVERY,New,3.0,4.0
140386,09/07/2025,DUBAI,electronics,3022.59,1,30.0,3022.59,2115.81,Wallet,New,3.0,3.5
116172,09/18/2024,Abu Dhabi,MOBILE ACCESSORIES,130.58,1,5.0,130.58,124.05,Card,Returning,2.0,4.5
138210,2025-08-12,sharjah,HOME & KITCHEN,545.73,1,0.0,545.73,545.73,  Card  ,Returning,2.0,3.4
132649,21/05/2025,DUBAI,  Electronics  ,2868.99,1,5.0,2868.99,2725.54,cash on delivery,New,4.0,4.8
149028,12/26/2025,  Abu Dhabi  ,ELECTRONICS,2596.97,1,15.0,2596.97,2207.42,WALLET,Returning,4.0,3.1
111770,16-07-2024,  Dubai  ,,238.61,1,0.0,238.61,238.61,  Card  ,Returning,2.0,3.4
127347,03/02/2025,  Sharjah  ,Mobile Accessories,151.77,1,20.0,151.77,121.42,  Card  ,Returning,3.0,3.5
141143,19/09/2025,  Dubai  ,  Home & Kitchen  ,788.27,1,10.0,788.27,709.44,Card,Returning,1.0,3.4
123567,01-01-2025,Abu Dhabi,  Fashion  ,179.93,1,20.0,179.93,143.94,,New,4.0,5.0
118120,2024-10-19,DUBAI,HOME & KITCHEN,664.03,1,10.0,664.03,597.63,  Card  ,Returning,4.0,4.1
112435,26-07-2024,Ajman ,electronics,2600.99,1,0.0,2600.99,2600.99,CASH ON DELIVERY,Returning,2.0,4.6
126321,2025-02-14,  Ras Al Khaimah  ,Fashion,153.33,2,0.0,306.66,306.66,  Card  ,New,1.0,4.3
113117,2024-08-07,dubai,HOME & KITCHEN,413.8,1,,413.8,413.8,  Wallet  ,Returning,1.0,3.7
116431,2024-09-22,dubai,electronics,3180.36,1,0.0,3180.36,3180.36,card,Returning,2.0,4.9
114555,26-08-2024,dubai,MOBILE ACCESSORIES,65.69,3,0.0,197.07,197.07,CASH ON DELIVERY,Returning,2.0,4.0
137513,08/02/2025,DUBAI,BEAUTY & PERSONAL CARE,170.8,2,0.0,341.6,341.6,Cash on Delivery,New,3.0,
106992,2024-04-27,  Dubai  ,  Fashion  ,499.77,1,0.0,499.77,499.77,  Card  ,New,3.0,4.1
146901,2025-11-28,ABU DHABI,fashion,455.71,1,20.0,455.71,364.57,card,Returning,1.0,3.9
134690,2025-06-21,  Abu Dhabi  ,home & kitchen,205.47,1,5.0,205.47,195.2,Cash on Delivery,Returning,1.0,
107308,05/02/2024,abu dhabi,mobile accessories,145.97,1,0.0,145.97,145.97,  Card  ,New,4.0,3.5
135327,30-06-2025,DUBAI,  Groceries  ,264.32,1,5.0,264.32,251.1,CASH ON DELIVERY,Returning,5.0,3.9
116255,20/09/2024,,  Home & Kitchen  ,314.41,1,20.0,314.41,251.53,Cash on Delivery,New,2.0,5.0
114206,22-08-2024,,Mobile Accessories,50.15,1,0.0,50.15,50.15,card,Returning,2.0,4.0
116999,02-10-2024,Abu Dhabi,fashion,375.03,1,0.0,375.03,375.03,card,Returning,1.0,5.0
106378,17/04/2024,  Abu Dhabi  ,Fashion,435.85,1,10.0,435.85,392.27,wallet,Returning,1.0,4.8
128619,26-03-2025,Abu Dhabi,GROCERIES,254.76,1,0.0,254.76,254.76,  Card  ,Returning,3.0,3.7
140119,09/04/2025,ABU DHABI,Home & Kitchen,255.4,2,20.0,510.8,408.64,card,Returning,,3.2
136448,17/07/2025,DUBAI,groceries,66.49,1,20.0,66.49,53.19,card,Returning,3.0,4.0
119878,17-11-2024,dubai,BEAUTY & PERSONAL CARE,233.72,1,,233.72,163.6,Card,Returning,4.0,4.1
126008,08-02-2025,,  Beauty & Personal Care  ,252.21,1,5.0,252.21,239.6,wallet,Returning,3.0,3.4
106361,16-04-2024,DUBAI,Mobile Accessories,94.08,1,0.0,94.08,94.08,card,New,2.0,14.399999999999999
114942,31-08-2024,Sharjah,Groceries,94.88,1,10.0,94.88,85.39,  Wallet  ,Returning,1.0,4.1
121302,29/11/2024,DUBAI,beauty & personal care,99.2,1,30.0,99.2,69.44,  Cash on Delivery  ,New,1.0,4.1
139794,2025-08-31,sharjah,BEAUTY & PERSONAL CARE,25.72,1,10.0,25.72,23.15,Card,New,1.0,3.6
146560,2025-11-26,DUBAI,FASHION,378.72,1,30.0,378.72,265.1,cash on delivery,Returning,2.0,
117730,13/10/2024,Dubai,,55.6,1,0.0,55.6,55.6,WALLET,Returning,3.0,5.0
123376,12/29/2024,abu dhabi,  Groceries  ,167.71,1,10.0,167.71,150.94,  Wallet  ,Returning,1.0,4.3
118287,22-10-2024,  Dubai  ,groceries,226.41,3,,679.23,645.27,CASH ON DELIVERY,Returning,1.0,4.3
116820,29-09-2024,Ajman,Beauty & Personal Care,376.69,1,10.0,376.69,339.02,Card,Returning,3.0,4.6
121820,12/05/2024,abu dhabi,  Groceries  ,176.65,2,0.0,353.3,353.3,Card,New,1.0,5.0
118068,19-10-2024,dubai,BEAUTY & PERSONAL CARE,126.81,1,,126.81,101.45,  Card  ,Returning,2.0,3.8
125245,27-01-2025,  Abu Dhabi  ,GROCERIES,112.05,2,0.0,224.1,224.1,  Cash on Delivery  ,Returning,2.0,4.0
136975,07/25/2025,dubai,Home & Kitchen,645.39,1,20.0,645.39,516.31,  Wallet  ,Returning,4.0,4.4
116544,25/09/2024,dubai,HOME & KITCHEN,319.26,1,5.0,319.26,303.3,CASH ON DELIVERY,Returning,1.0,3.8
148659,20/12/2025,  Dubai  ,FASHION,157.03,1,5.0,157.03,149.18,CARD,New,1.0,
107958,13/05/2024,sharjah,Groceries,188.65,1,10.0,188.65,169.78,card,Returning,2.0,5.0
127136,27-02-2025,Dubai,Fashion,382.93,3,15.0,1148.79,976.47,Card,Returning,1.0,4.5
148413,2025-12-17,Dubai ,Home & Kitchen,864.42,1,30.0,864.42,605.09,Card,Returning,2.0,4.3
117527,10/11/2024,ABU DHABI,Home & Kitchen,703.69,1,30.0,703.69,492.58,wallet,New,3.0,
141688,09/27/2025,dubai,mobile accessories,103.26,1,5.0,103.26,98.1,  Card  ,Returning,1.0,3.9
130126,04/13/2025,abu dhabi,  Electronics  ,704.69,1,,704.69,669.46,  Card  ,New,5.0,3.6
142540,2025-10-08,Dubai ,Electronics,2978.71,2,0.0,5957.42,5957.42,  Card  ,Returning,3.0,4.2
111717,2024-07-14,ABU DHABI,Groceries,239.44,2,15.0,478.88,407.05,Card,Returning,3.0,3.5
111947,2024-07-19,ABU DHABI,home & kitchen,585.41,1,30.0,585.41,409.79,  Card  ,Returning,2.0,3.4
119650,11/14/2024,  Dubai  ,  Fashion  ,410.6,1,0.0,410.6,410.6,CARD,Returning,2.0,3.9
136473,18/07/2025,abu dhabi,HOME & KITCHEN,588.01,2,15.0,1176.02,999.62,Card,New,2.0,3.5
104572,21-03-2024,  Sharjah  ,home & kitchen,372.22,1,0.0,372.22,372.22,  Wallet  ,New,,4.7
147483,04-12-2025,DUBAI,Mobile Accessories,179.23,2,30.0,358.46,250.92,CARD,New,1.0,4.0
132208,2025-05-15,sharjah,home & kitchen,830.92,2,0.0,1661.84,1661.84,Card,Returning,4.0,4.1
134776,2025-06-22,Abu Dhabi,  Mobile Accessories  ,167.62,1,5.0,167.62,159.24,Cash on Delivery,Returning,5.0,3.8
123887,01/06/2025,Abu Dhabi,MOBILE ACCESSORIES,80.92,2,10.0,161.84,145.66,Cash on Delivery,Returning,2.0,4.6
125160,01/26/2025,  Ras Al Khaimah  ,home & kitchen,888.56,1,20.0,888.56,710.85,  Cash on Delivery  ,Returning,2.0,5.0
136432,17-07-2025,ABU DHABI,fashion,269.57,2,,539.14,485.23,  Cash on Delivery  ,New,1.0,4.6
129044,2025-03-31,ABU DHABI,groceries,281.99,1,15.0,281.99,239.69,  Card  ,Returning,1.0,4.4
122951,12/23/2024,Abu Dhabi,Beauty & Personal Care,266.76,1,0.0,266.76,266.76,  Card  ,Returning,3.0,4.6
112510,27/07/2024,Dubai,  Beauty & Personal Care  ,341.77,3,10.0,1025.31,922.78,Cash on Delivery,Returning,1.0,5.0
102105,2024-02-06,,beauty & personal care,196.11,2,30.0,392.22,274.55,Card,New,1.0,4.0
140844,09/14/2025,Sharjah,home & kitchen,254.61,2,10.0,509.22,458.3,Card,New,2.0,3.4
138746,2025-08-19,ABU DHABI,HOME & KITCHEN,398.58,2,20.0,797.16,637.73,Cash on Delivery,New,3.0,4.8
127962,2025-03-14,,GROCERIES,254.54,1,5.0,254.54,241.81,  Card  ,New,4.0,4.4
147959,10-12-2025,  Sharjah  ,Electronics,553.99,2,30.0,1107.98,775.59,cash on delivery,Returning,4.0,4.6
115430,2024-09-06,RAS AL KHAIMAH,electronics,1040.45,1,10.0,1040.45,936.41,  Card  ,Returning,5.0,4.1
108568,23/05/2024,sharjah,groceries,265.44,1,15.0,265.44,225.62,  Card  ,Returning,2.0,
144690,11/07/2025,ABU DHABI,home & kitchen,592.59,1,5.0,592.59,562.96,Card,Returning,3.0,5.0
117886,16/10/2024,Sharjah,ELECTRONICS,3255.28,1,5.0,3255.28,3092.52,Card,New,4.0,
147402,2025-12-02,  Dubai  ,ELECTRONICS,1219.0,1,20.0,1219.0,975.2,card,Returning,2.0,3.8
122337,13/12/2024,DUBAI,  Fashion  ,376.74,1,,376.74,376.74,  Card  ,Returning,5.0,3.0
141573,25-09-2025,ABU DHABI,home & kitchen,497.43,2,20.0,994.86,795.89,cash on delivery,New,1.0,14.700000000000001
106572,20-04-2024,ajman,beauty & personal care,138.55,1,0.0,138.55,138.55,card,New,3.0,3.1
142019,10/01/2025,ABU DHABI,  Fashion  ,561.05,1,5.0,561.05,533.0,  Card  ,New,4.0,3.7
118758,30-10-2024,  Dubai  ,MOBILE ACCESSORIES,199.8,1,5.0,199.8,189.81,Card,Returning,2.0,5.0
118941,2024-11-02,  Abu Dhabi  ,Fashion,41.17,1,10.0,41.17,37.05,WALLET,Returning,3.0,3.2
101310,23/01/2024,ras al khaimah,mobile accessories,80.62,1,15.0,80.62,68.53,CASH ON DELIVERY,Returning,,5.0
122138,09-12-2024,  Abu Dhabi  ,Home & Kitchen,355.73,1,15.0,355.73,302.37,WALLET,New,1.0,
112005,07/19/2024,Sharjah,Mobile Accessories,32.6,1,15.0,32.6,27.71,Card,Returning,1.0,4.5
137577,03-08-2025,DUBAI,groceries,287.18,1,0.0,287.18,287.18,Cash on Delivery,Returning,1.0,5.0
102938,19/02/2024,ABU DHABI,  Mobile Accessories  ,83.58,2,0.0,167.16,167.16,WALLET,Returning,999.0,3.9
119740,11/15/2024,Abu Dhabi,Home & Kitchen,426.75,1,5.0,426.75,405.41,  Card  ,Returning,3.0,5.0
130968,26-04-2025,SHARJAH,ELECTRONICS,1529.11,2,0.0,3058.22,3058.22,CASH ON DELIVERY,New,3.0,3.5
120908,26-11-2024,dubai,Beauty & Personal Care,125.89,1,30.0,125.89,88.12,Card,Returning,2.0,5.0
136828,2025-07-23,SHARJAH,Beauty & Personal Care,245.21,1,10.0,245.21,220.69,  Cash on Delivery  ,Returning,999.0,4.0
145405,17-11-2025,ABU DHABI,fashion,264.11,2,0.0,528.22,528.22,Wallet,New,1.0,3.6
118691,2024-10-29,Abu Dhabi,  Fashion  ,441.7,1,0.0,441.7,441.7,Card,Returning,3.0,4.8
126244,02/13/2025,sharjah,MOBILE ACCESSORIES,217.99,1,15.0,217.99,185.29,card,New,3.0,4.1
143166,18-10-2025,Abu Dhabi,  Electronics  ,896.59,1,30.0,896.59,627.61,  Card  ,Returning,1.0,
131596,05/05/2025,abu dhabi,  Beauty & Personal Care  ,177.95,1,10.0,177.95,160.16,Card,New,2.0,3.3
101158,20-01-2024,sharjah,MOBILE ACCESSORIES,227.0,1,30.0,227.0,158.9,wallet,New,2.0,5.0
119553,12/11/2024,Sharja,  Mobile Accessories  ,150.05,1,5.0,150.05,142.55,card,Returning,2.0,
111854,17/07/2024,dubai,  Beauty & Personal Care  ,341.63,1,10.0,341.63,307.47,Wallet,New,1.0,4.3
129160,2025-04-01,dubai,electronics,1059.42,1,0.0,1059.42,1059.42,Card,New,3.0,
100160,2024-01-04,  Sharjah  ,Mobile Accessories,176.66,1,5.0,176.66,167.83,CARD,Returning,4.0,4.1
103494,2024-03-01,Ajman,Fashion,381.26,1,10.0,381.26,343.13,Card,New,3.0,4.7
106040,04/13/2024,  Dubai  ,Fashion,271.44,2,0.0,542.88,542.88,WALLET,Returning,3.0,3.9
132825,24-05-2025,RAS AL KHAIMAH,Groceries,52.19,1,5.0,52.19,49.58,Cash on Delivery,Returning,1.0,4.5
109253,06/04/2024,  Dubai  ,  Mobile Accessories  ,133.32,1,5.0,133.32,126.65,CARD,New,2.0,4.1
135101,27/06/2025,dubai,  Groceries  ,213.87,1,10.0,213.87,192.48,card,New,2.0,4.6
123411,30-12-2024,  Sharjah  ,beauty & personal care,203.41,2,15.0,406.82,345.8,CASH ON DELIVERY,Returning,6.0,4.8
148701,21-12-2025,Abu Dhabi,HOME & KITCHEN,477.75,1,5.0,477.75,453.86,  Wallet  ,Returning,3.0,4.7
141823,28/09/2025,dubai,GROCERIES,206.41,1,5.0,206.41,196.09,CARD,Returning,4.0,
105390,06-04-2024,abu dhabi,beauty & personal care,399.26,2,5.0,798.52,758.59,card,New,4.0,4.0
128379,22-03-2025,  Abu Dhabi  ,Mobile Accessories,240.38,1,15.0,240.38,204.32,  Wallet  ,Returning,2.0,3.8
136872,23-07-2025,dubai,Electronics,3189.74,1,5.0,3189.74,3030.25,Cash on Delivery,New,1.0,4.7
130501,19/04/2025,DUBAI,home & kitchen,682.11,2,10.0,1364.22,1227.8,  Cash on Delivery  ,Returning,1.0,
124310,01/12/2025,  Dubai  ,  Beauty & Personal Care  ,176.15,2,5.0,352.3,334.68,CARD,Returning,3.0,2.5
118171,10/20/2024,ajman,  Beauty & Personal Care  ,399.93,1,20.0,399.93,319.94,CARD,Returning,1.0,3.3
119775,2024-11-16,abu dhabi,  Beauty & Personal Care  ,299.4,1,0.0,299.4,299.4,cash on delivery,Returning,3.0,5.0
144229,01-11-2025,AJMAN,BEAUTY & PERSONAL CARE,226.4,1,20.0,226.4,181.12,Card,New,3.0,3.6
140977,16/09/2025,Sharjah,  Electronics  ,3282.42,2,10.0,6564.84,5908.36,  Card  ,Returning,1.0,3.4
102874,02/18/2024,Sharjah,  Home & Kitchen  ,653.41,1,0.0,653.41,653.41,card,Returning,3.0,3.8
107378,05/03/2024,Ajman,Groceries,29.99,-1,5.0,29.99,28.49,  Cash on Delivery  ,New,5.0,4.3
120605,24/11/2024,ABU DHABI,mobile accessories,115.75,2,20.0,231.5,185.2,cash on delivery,New,3.0,4.1
133569,2025-06-04,  Dubai  ,FASHION,288.87,1,,288.87,202.21,Card,Returning,3.0,3.1
120410,11/23/2024,Ajman,Groceries,241.1,1,20.0,241.1,192.88,card,Returning,2.0,3.3
149202,12/28/2025,  Sharjah  ,  Beauty & Personal Care  ,277.8,1,5.0,277.8,263.91,CASH ON DELIVERY,New,4.0,4.8
117927,2024-10-17,DUBAI,ELECTRONICS,325.23,3,0.0,975.69,975.69,wallet,New,3.0,4.0
106456,2024-04-18,DUBAI,  Home & Kitchen  ,416.33,1,0.0,416.33,416.33,card,New,,
147641,12/06/2025,Sharjah,home & kitchen,371.13,1,15.0,371.13,315.46,  Card  ,New,2.0,3.9
125864,06/02/2025,Dubai,fashion,576.83,1,30.0,576.83,403.78,Card,Returning,1.0,3.7
130258,15/04/2025,dubai,Fashion,303.36,2,,606.72,576.38,,New,2.0,3.7
145164,2025-11-14,ABU DHABI,fashion,269.24,1,5.0,269.24,255.78,cash on delivery,Returning,6.0,5.0
100593,01/11/2024,dubai,groceries,56.79,1,0.0,56.79,56.79,cash on delivery,Returning,2.0,5.0
105187,04/02/2024,Ajman,fashion,193.84,1,15.0,193.84,164.76,  Card  ,Returning,4.0,4.5
126344,02/14/2025,abu dhabi,MOBILE ACCESSORIES,228.33,1,10.0,228.33,205.5,Card,New,2.0,5.0
121183,2024-11-28,SHARJAH,mobile accessories,76.74,1,,76.74,53.72,  Card  ,Returning,4.0,5.0
122186,12/10/2024,sharjah,,142.86,1,10.0,142.86,128.57,Cash on Delivery,Returning,2.0,3.9
133132,2025-05-28,  Sharjah  ,fashion,505.22,1,0.0,505.22,505.22,CARD,Returning,1.0,4.1
143900,2025-10-28,ABU DHABI,Fashion,215.79,1,20.0,215.79,172.63,Card,New,3.0,4.0
124974,01/23/2025,  Ajman  ,  Fashion  ,432.61,2,5.0,865.22,821.96,Cash on Delivery,Returning,3.0,4.8
116013,09/15/2024,dubai,Groceries,128.73,2,0.0,257.46,257.46,Card,Returning,1.0,2.8
124240,2025-01-11,  Dubai  ,  Groceries  ,127.56,1,0.0,127.56,127.56,  Card  ,New,5.0,4.3
136599,19/07/2025,  Dubai  ,HOME & KITCHEN,127.71,2,10.0,255.42,229.88,wallet,Returning,1.0,4.3
107360,03/05/2024,,mobile accessories,60.38,1,0.0,60.38,60.38,card,Returning,4.0,4.6
142948,10/14/2025,dubai,ELECTRONICS,3178.46,1,5.0,3178.46,3019.54,  Card  ,New,1.0,
139567,08/29/2025,DUBAI,MOBILE ACCESSORIES,161.33,2,0.0,322.66,322.66,  Card  ,New,2.0,3.4
110986,02-07-2024,dubai,Groceries,250.05,1,0.0,250.05,250.05,wallet,Returning,2.0,4.2
107730,05/09/2024,ABU DHABI,BEAUTY & PERSONAL CARE,153.08,1,0.0,153.08,153.08,  Cash on Delivery  ,Returning,3.0,
110956,2024-07-02,DUBAI,  Fashion  ,272.3,1,0.0,272.3,272.3,card,Returning,3.0,3.9
110867,30-06-2024,Abu Dhabi,ELECTRONICS,1377.89,1,15.0,1377.89,1171.21,CARD,New,2.0,4.1
122945,23/12/2024,Abu Dhabi,Electronics,2841.44,1,,2841.44,2699.37,  Wallet  ,Returning,2.0,3.9
135178,28/06/2025,ABU DHABI,  Electronics  ,358.26,1,30.0,358.26,250.78,  Card  ,New,3.0,
126784,2025-02-21,  Dubai  ,BEAUTY & PERSONAL CARE,354.9,1,0.0,354.9,354.9,Card,Returning,3.0,5.0
141838,29-09-2025,Dubay,ELECTRONICS,1436.17,1,10.0,1436.17,1292.55,CARD,New,,5.0
125429,30-01-2025,DUBAI,Electronics,366.37,1,5.0,366.37,348.05,Card,Returning,3.0,4.8
140070,09/03/2025,  Ras Al Khaimah  ,  Electronics  ,478.49,1,5.0,478.49,454.57,  Card  ,New,3.0,4.8
121616,2024-12-02,DUBAI,BEAUTY & PERSONAL CARE,277.73,2,20.0,555.46,444.37,  Cash on Delivery  ,Returning,2.0,4.3
108353,2024-05-19,ajman,fashion,165.55,1,0.0,165.55,165.55,CARD,Returning,3.0,5.0
131222,2025-04-30,SHARJAH,FASHION,312.19,1,10.0,312.19,280.97,Card,New,3.0,3.5
104001,09-03-2024,Dubai,groceries,190.45,1,5.0,190.45,180.93,CARD,Returning,1.0,4.3
124621,17/01/2025,ABU DHABI,groceries,289.12,3,15.0,867.36,737.26,Card,New,1.0,3.4
126856,22/02/2025,,home & kitchen,617.66,1,10.0,617.66,555.89,Cash on Delivery,Returning,,3.1
103190,24/02/2024,Ajman,FASHION,566.62,1,30.0,566.62,396.63,card,Returning,4.0,4.6
149392,30-12-2025,  Abu Dhabi  ,groceries,101.4,1,0.0,101.4,101.4,Card,Returning,1.0,4.7
116956,02-10-2024,ABU DHABI,Mobile Accessories,166.35,1,10.0,166.35,149.72,  Cash on Delivery  ,Returning,3.0,4.9
105042,03/30/2024,dubai,BEAUTY & PERSONAL CARE,209.15,1,0.0,209.15,209.15,CARD,New,1.0,4.0
135876,07/08/2025,SHARJAH,Groceries,55.72,1,5.0,55.72,52.93,card,Returning,4.0,3.6
108062,15/05/2024,Ajman,home & kitchen,269.3,1,15.0,269.3,228.9,,New,3.0,
129802,2025-04-08,DUBAI,  Fashion  ,401.35,1,0.0,401.35,401.35,card,New,2.0,3.6
135211,2025-06-29,  Sharjah  ,groceries,102.67,1,10.0,102.67,92.4,CARD,Returning,,4.8
148419,2025-12-17,DUBAI,beauty & personal care,125.21,3,0.0,375.63,375.63,wallet,Returning,2.0,3.9
111847,2024-07-17,Sharjah,Electronics,2505.35,3,10.0,7516.05,6764.45,CASH ON DELIVERY,Returning,2.0,5.0
124623,17-01-2025,dubai,  Beauty & Personal Care  ,338.29,1,0.0,338.29,338.29,  Cash on Delivery  ,New,,
135521,04/07/2025,ABU DHABI,FASHION,281.79,1,5.0,281.79,267.7,CASH ON DELIVERY,Returning,3.0,4.8
103346,26-02-2024,ABU DHABI,  Beauty & Personal Care  ,368.58,2,10.0,737.16,663.44,card,New,2.0,3.5
116973,02/10/2024,Ajman ,Fashion,576.53,1,0.0,576.53,576.53,Card,Returning,1.0,3.7
101523,27-01-2024,  Ajman  ,beauty & personal care,278.95,1,,278.95,265.0,CARD,Returning,2.0,5.0
111682,14/07/2024,  Abu Dhabi  ,GROCERIES,270.91,1,30.0,270.91,189.64,card,New,4.0,4.1
148728,21/12/2025,Dubai ,  Mobile Accessories  ,175.86,1,20.0,175.86,140.69,  Cash on Delivery  ,Returning,,4.5
127394,03/03/2025,ABU DHABI,  Home & Kitchen  ,702.44,1,10.0,702.44,632.2,  Cash on Delivery  ,Returning,2.0,5.0
137077,26-07-2025,  Dubai  ,Mobile Accessories,194.89,1,10.0,194.89,175.4,Card,New,4.0,3.4
114074,20-08-2024,Dubai,electronics,3418.41,3,20.0,10255.23,8204.18,Card,New,2.0,5.0
117597,12/10/2024,  Ajman  ,Home & Kitchen,727.5,2,5.0,1455.0,1382.25,wallet,Returning,2.0,2.6
121468,30-11-2024,  Abu Dhabi  ,Fashion,445.81,1,30.0,445.81,312.07,cash on delivery,Returning,2.0,4.2
123069,12/25/2024,dubai,BEAUTY & PERSONAL CARE,374.28,1,0.0,374.28,374.28,card,Returning,5.0,3.9
109239,04/06/2024,SHARJAH,Beauty & Personal Care,149.95,1,0.0,149.95,149.95,cash on delivery,New,1.0,4.3
117015,03/10/2024,SHARJAH,  Beauty & Personal Care  ,296.93,1,10.0,296.93,267.24,CARD,Returning,3.0,
101313,2024-01-23,ABU DHABI,  Electronics  ,1135.41,1,20.0,1135.41,908.33,card,New,3.0,3.5
102268,02/09/2024,,  Home & Kitchen  ,823.19,1,,823.19,823.19,wallet,Returning,3.0,4.5
122550,2024-12-16,SHARJAH,ELECTRONICS,2662.43,1,10.0,2662.43,2396.19,Wallet,Returning,2.0,4.3
147032,28-11-2025,Dubai,groceries,193.89,1,20.0,193.89,155.11,  Card  ,Returning,3.0,13.799999999999999
147050,11/28/2025,ABU DHABI,Mobile Accessories,29.74,1,40.0,29.74,17.84,wallet,Returning,2.0,11.399999999999999
132143,14/05/2025,dubai,mobile accessories,137.38,1,15.0,137.38,116.77,CARD,New,4.0,3.8
112287,24/07/2024,  Dubai  ,  Groceries  ,50.97,1,0.0,50.97,50.97,CARD,New,3.0,3.8
104234,2024-03-14,Dubai,  Home & Kitchen  ,432.85,1,5.0,432.85,411.21,CARD,Returning,3.0,3.9
111401,10/07/2024,sharjah,home & kitchen,195.9,2,0.0,391.8,391.8,Card,New,3.0,4.6
123240,27-12-2024,abu dhabi,mobile accessories,121.45,1,0.0,121.45,121.45,Cash on Delivery,Returning,4.0,
143459,22/10/2025,DUBAI,Mobile Accessories,166.27,1,5.0,166.27,157.96,  Card  ,New,2.0,4.8
117639,10/12/2024,  Dubai  ,Groceries,68.41,1,20.0,68.41,54.73,Card,Returning,3.0,3.8
123026,2024-12-24,  Sharjah  ,fashion,319.71,3,0.0,959.13,959.13,card,Returning,1.0,4.3
134160,2025-06-13,  Ajman  ,Mobile Accessories,50.44,1,5.0,50.44,47.92,CASH ON DELIVERY,Returning,4.0,5.0
138701,2025-08-18,abu dhabi,Beauty & Personal Care,395.52,2,20.0,791.04,632.83,Cash on Delivery,New,2.0,5.0
120438,23/11/2024,DUBAI,HOME & KITCHEN,732.07,1,40.0,732.07,439.24,CARD,New,4.0,5.0
119488,11/11/2024,dubai,  Electronics  ,1591.11,1,5.0,1591.11,1511.55,CARD,Returning,3.0,3.0
116153,18/09/2024,Dubai,  Beauty & Personal Care  ,260.28,1,0.0,260.28,260.28,cash on delivery,Returning,3.0,3.9
105862,2024-04-11,  Dubai  ,BEAUTY & PERSONAL CARE,275.32,1,0.0,275.32,275.32,CARD,New,1.0,4.5
135438,02-07-2025,Dubai ,Mobile Accessories,56.19,2,5.0,112.38,106.76,Card,Returning,5.0,4.6
129186,04/02/2025,ABU DHABI,Home & Kitchen,826.58,2,5.0,1653.16,1570.5,CARD,Returning,5.0,4.1
132965,2025-05-26,Dubai,  Electronics  ,1718.15,1,0.0,1718.15,1718.15,cash on delivery,New,,3.2
129305,04/03/2025,Sharjah,ELECTRONICS,1566.58,1,0.0,1566.58,1566.58,CASH ON DELIVERY,Returning,1.0,4.1
148428,2025-12-17,DUBAI,  Fashion  ,533.46,1,5.0,533.46,506.79,Card,Returning,1.0,4.7
116838,29/09/2024,DUBAI,beauty & personal care,215.47,1,10.0,215.47,193.92,CASH ON DELIVERY,Returning,3.0,4.3
108716,25/05/2024,sharjah,  Fashion  ,526.99,1,0.0,526.99,526.99,CARD,Returning,2.0,5.0
146655,26/11/2025,Abu Dhabi,GROCERIES,299.56,1,40.0,299.56,179.74,Cash on Delivery,Returning,1.0,4.7
143148,17-10-2025,DUBAI,  Fashion  ,141.83,1,15.0,141.83,120.56,card,Returning,1.0,4.6
129972,04/11/2025,AJMAN,groceries,242.64,1,5.0,242.64,230.51,Wallet,Returning,2.0,4.1
132169,05/14/2025,  Dubai  ,  Groceries  ,213.8,1,10.0,213.8,192.42,card,Returning,1.0,5.0
104904,2024-03-27,DUBAI,Mobile Accessories,163.06,1,5.0,163.06,154.91,Cash on Delivery,Returning,3.0,4.4
113795,08/17/2024,Dubay,  Groceries  ,212.11,1,5.0,212.11,201.5,Card,New,4.0,4.4
135310,30-06-2025,AJMAN,Fashion,425.05,1,20.0,425.05,340.04,  Card  ,Returning,3.0,2.8
107370,2024-05-03,dubai,mobile accessories,47.39,1,15.0,47.39,40.28,cash on delivery,Returning,3.0,4.8
134065,06/11/2025,dubai,Fashion,365.5,2,10.0,731.0,657.9,Wallet,Returning,3.0,3.4
122216,2024-12-11,SHARJAH,Groceries,154.67,1,0.0,154.67,154.67,  Card  ,Returning,4.0,4.5
125874,07-02-2025,  Ras Al Khaimah  ,  Fashion  ,453.2,1,10.0,453.2,407.88,CASH ON DELIVERY,New,,4.2
141315,21-09-2025,  Abu Dhabi  ,Beauty & Personal Care,69.25,1,5.0,69.25,65.79,  Card  ,Returning,,
138167,08/12/2025,  Sharjah  ,,151.99,1,0.0,151.99,151.99,  Card  ,Returning,2.0,4.7
133226,30/05/2025,  Dubai  ,Fashion,278.47,1,0.0,278.47,278.47,Card,Returning,4.0,3.1
131634,2025-05-06,  Ras Al Khaimah  ,  Fashion  ,188.48,1,0.0,188.48,188.48,Cash on Delivery,Returning,2.0,4.2
109057,31-05-2024,AJMAN,BEAUTY & PERSONAL CARE,282.7,1,10.0,282.7,254.43,Card,Returning,2.0,5.0
118487,25/10/2024,Ajman ,Home & Kitchen,515.98,1,5.0,515.98,490.18,  Cash on Delivery  ,Returning,4.0,3.4
124876,01/21/2025,  Dubai  ,Beauty & Personal Care,117.45,2,0.0,234.9,234.9,  Card  ,New,2.0,
139350,26-08-2025,  Abu Dhabi  ,Groceries,298.8,1,10.0,298.8,268.92,card,Returning,5.0,4.4
119055,11/04/2024,dubai,  Electronics  ,1585.6,1,5.0,1585.6,1506.32,  Card  ,Returning,4.0,4.0
109129,02/06/2024,DUBAI,HOME & KITCHEN,842.02,1,5.0,842.02,799.92,CARD,Returning,2.0,2.8
148742,2025-12-21,Dubai,groceries,223.79,2,10.0,447.58,402.82,CARD,Returning,3.0,3.8
138178,2025-08-12,abu dhabi,MOBILE ACCESSORIES,81.65,1,10.0,81.65,73.49,Card,Returning,3.0,4.4
111511,12/07/2024,Dubai,groceries,56.43,1,5.0,56.43,53.61,  Card  ,New,3.0,4.9
122309,2024-12-12,dubai,ELECTRONICS,2177.95,1,5.0,2177.95,2069.05,CARD,Returning,4.0,3.4
123384,29/12/2024,  Dubai  ,Fashion,317.52,1,10.0,317.52,285.77,Cash on Delivery,New,1.0,3.4
130621,20-04-2025,abu dhabi,  Beauty & Personal Care  ,316.73,1,15.0,316.73,269.22,CASH ON DELIVERY,New,5.0,4.7
114917,08/31/2024,DUBAI,BEAUTY & PERSONAL CARE,84.37,1,10.0,84.37,75.93,Card,Returning,,3.5
106379,2024-04-17,Dubai,Groceries,30.43,2,10.0,60.86,54.77,wallet,New,2.0,3.5
120463,2024-11-23,Abu Dhabi,electronics,3073.52,1,50.0,3073.52,1536.76,card,Returning,2.0,5.0
125191,2025-01-26,  Abu Dhabi  ,  Beauty & Personal Care  ,131.93,1,5.0,131.93,125.33,WALLET,New,4.0,4.0
116344,2024-09-21,Ajman,  Mobile Accessories  ,194.05,1,0.0,194.05,194.05,CARD,Returning,4.0,4.8
139703,30-08-2025,  Dubai  ,  Mobile Accessories  ,28.38,1,5.0,28.38,26.96,  Card  ,Returning,3.0,3.2
130838,2025-04-24,dubai,Beauty & Personal Care,119.47,1,15.0,119.47,101.55,  Card  ,Returning,3.0,4.1
107169,29-04-2024,dubai,mobile accessories,85.6,1,5.0,85.6,81.32,CARD,New,3.0,4.0
111710,2024-07-14,Ras Al Khaimah,  Electronics  ,1380.31,1,0.0,1380.31,1380.31,CARD,Returning,3.0,5.0
125151,26-01-2025,dubai,  Mobile Accessories  ,224.57,1,20.0,224.57,179.66,  Card  ,Returning,4.0,5.0
149068,26-12-2025,  Ajman  ,HOME & KITCHEN,154.81,1,15.0,154.81,131.59,  Cash on Delivery  ,Returning,2.0,3.2
117285,07-10-2024,ajman,groceries,211.5,2,0.0,423.0,423.0,CASH ON DELIVERY,Returning,2.0,
100593,01/11/2024,dubai,groceries,56.79,1,0.0,56.79,56.79,cash on delivery,Returning,2.0,5.0
119292,08/11/2024,  Dubai  ,Fashion,426.07,3,0.0,1278.21,1278.21,  Cash on Delivery  ,New,2.0,3.2
149270,29-12-2025,Dubai,  Electronics  ,766.1,3,0.0,2298.3,2298.3,Wallet,Returning,,3.8
127143,27-02-2025,,BEAUTY & PERSONAL CARE,188.1,1,20.0,188.1,150.48,Card,New,2.0,4.5
144908,11/10/2025,Dubai,  Fashion  ,592.37,1,15.0,592.37,503.51,card,Returning,1.0,4.4
113996,19-08-2024,dubai,GROCERIES,202.73,3,0.0,608.19,608.19,card,New,2.0,
148653,20/12/2025,  Dubai  ,  Home & Kitchen  ,345.91,1,15.0,345.91,294.02,Card,Returning,4.0,3.6
131332,05/01/2025,Dubai,home & kitchen,214.98,1,10.0,214.98,193.48,  Cash on Delivery  ,Returning,3.0,4.8
139385,08/26/2025,Sharjah,groceries,168.52,1,0.0,168.52,168.52,CARD,Returning,1.0,4.1
127836,12/03/2025,  Sharjah  ,fashion,57.04,1,0.0,57.04,57.04,card,New,3.0,3.5
133187,29-05-2025,Abu Dhabi,  Fashion  ,339.97,1,5.0,339.97,322.97,CARD,Returning,1.0,4.2
108726,25/05/2024,AJMAN,groceries,261.1,1,0.0,261.1,261.1,card,Returning,,4.2
109758,2024-06-12,DUBAI,home & kitchen,165.86,2,5.0,331.72,315.13,CARD,Returning,1.0,4.5
119579,13-11-2024,abu dhabi,Fashion,179.45,1,0.0,179.45,179.45,card,Returning,3.0,3.8
134296,15-06-2025,Sharjah,  Fashion  ,378.11,1,0.0,378.11,378.11,CARD,Returning,3.0,4.2
127974,15/03/2025,  Dubai  ,  Beauty & Personal Care  ,285.32,3,,855.96,727.57,Card,Returning,2.0,
124904,2025-01-22,Dubai,Fashion,161.11,1,15.0,161.11,136.94,wallet,Returning,3.0,4.4
144260,2025-11-01,DUBAI,FASHION,347.57,2,,695.14,695.14,CARD,New,3.0,4.1
133201,30-05-2025,  Ras Al Khaimah  ,Beauty & Personal Care,112.21,1,5.0,112.21,106.6,  Cash on Delivery  ,New,2.0,4.9
143005,2025-10-15,DUBAI,Mobile Accessories,162.58,1,10.0,162.58,146.32,CARD,New,2.0,3.5
100078,02-01-2024,  Abu Dhabi  ,  Groceries  ,192.91,1,20.0,192.91,154.33,Card,New,3.0,5.0
140188,05-09-2025,Sharjah,fashion,68.73,1,5.0,68.73,65.29,  Card  ,New,2.0,3.8
120735,11/25/2024,Dubai,electronics,934.41,1,20.0,934.41,747.53,Cash on Delivery,Returning,4.0,3.7
109017,31-05-2024,ajman,fashion,447.08,1,15.0,447.08,380.02,  Cash on Delivery  ,New,2.0,4.3
101514,27-01-2024,Sharja,Fashion,234.73,1,5.0,234.73,222.99,CARD,Returning,4.0,4.2
111705,07/14/2024,RAS AL KHAIMAH,  Mobile Accessories  ,217.7,2,0.0,435.4,435.4,card,Returning,4.0,2.3
121166,28-11-2024,dubai,ELECTRONICS,3263.69,1,40.0,3263.69,1958.21,  Card  ,New,1.0,3.8
136592,19-07-2025,  Abu Dhabi  ,BEAUTY & PERSONAL CARE,305.67,1,30.0,305.67,213.97,CARD,Returning,3.0,4.2
139899,2025-09-01,Dubai ,HOME & KITCHEN,733.52,3,5.0,2200.56,2090.53,  Wallet  ,Returning,3.0,
100456,01/09/2024,  Dubai  ,,509.92,1,5.0,509.92,484.42,card,Returning,4.0,4.3
135752,2025-07-07,dubai,  Beauty & Personal Care  ,197.46,3,5.0,592.38,562.76,Cash on Delivery,Returning,3.0,4.7
135622,07/05/2025,DUBAI,Home & Kitchen,865.01,1,15.0,865.01,735.26,  Card  ,Returning,3.0,4.0
129215,04/02/2025,dubai,ELECTRONICS,2108.51,1,15.0,2108.51,1792.23,Wallet,New,1.0,4.4
139955,09/02/2025,DUBAI,,69.82,1,15.0,69.82,59.35,  Card  ,New,1.0,3.8
105018,03/29/2024,Dubai,  Groceries  ,69.37,1,0.0,69.37,69.37,Card,Returning,1.0,2.3
110897,30/06/2024,Dubai,  Groceries  ,144.06,1,5.0,144.06,136.86,cash on delivery,New,2.0,4.9
117428,2024-10-09,Abu Dhabi,Fashion,144.15,1,5.0,144.15,136.94,card,Returning,3.0,5.0
113528,13/08/2024,DUBAI,fashion,345.98,1,0.0,345.98,345.98,  Wallet  ,Returning,3.0,4.7
101161,01/20/2024,DUBAI,fashion,74.54,1,5.0,74.54,70.81,  Cash on Delivery  ,Returning,3.0,4.4
129791,08/04/2025,Abu Dhabi,electronics,1825.62,1,10.0,1825.62,1643.06,Card,New,1.0,5.0
145525,19/11/2025,dubai,  Mobile Accessories  ,110.49,1,0.0,110.49,110.49,Wallet,New,3.0,4.6
146716,27-11-2025,Abu Dhabi,home & kitchen,120.92,1,10.0,120.92,108.83,Cash on Delivery,Returning,3.0,3.8
121335,29/11/2024,Dubai,Mobile Accessories,214.84,1,20.0,214.84,171.87,  Cash on Delivery  ,New,2.0,4.3
136876,24/07/2025,Dubai,Electronics,2249.32,1,0.0,2249.32,2249.32,  Card  ,New,3.0,5.0
122098,09-12-2024,ABU DHABI,Beauty & Personal Care,205.95,1,5.0,205.95,195.65,CARD,Returning,3.0,5.0
125293,28-01-2025,  Dubai  ,fashion,372.78,1,0.0,372.78,372.78,CARD,New,2.0,4.0
113472,2024-08-12,Sharjah,GROCERIES,200.63,1,0.0,200.63,200.63,Card,Returning,4.0,5.0
124728,18-01-2025,Dubai,FASHION,597.2,1,,597.2,597.2,CASH ON DELIVERY,New,3.0,4.5
114901,08/30/2024,AJMAN,fashion,520.15,2,10.0,1040.3,936.27,CARD,New,1.0,4.6
132487,2025-05-18,  Dubai  ,Beauty & Personal Care,81.9,1,5.0,81.9,77.81,CASH ON DELIVERY,Returning,2.0,3.8
100287,06/01/2024,dubai,  Electronics  ,1470.18,1,0.0,1470.18,1470.18,CASH ON DELIVERY,Returning,1.0,4.4
133345,05/31/2025,  Dubai  ,  Fashion  ,241.02,2,10.0,482.04,433.84,CARD,New,3.0,5.0
117229,06-10-2024,Dubay,fashion,102.89,1,0.0,102.89,102.89,  Cash on Delivery  ,New,2.0,3.5
146933,11/28/2025,sharjah,Electronics,3125.05,1,50.0,3125.05,1562.52,cash on delivery,Returning,4.0,4.6
125596,2025-02-01,ras al khaimah,Home & Kitchen,640.5,1,0.0,640.5,640.5,Cash on Delivery,Returning,4.0,4.0
132762,2025-05-23,Abu Dhabi,BEAUTY & PERSONAL CARE,102.72,2,0.0,205.44,205.44,  Card  ,New,1.0,4.9
104037,03/10/2024,Dubai ,GROCERIES,204.09,1,5.0,204.09,193.89,Card,Returning,2.0,4.8
126569,2025-02-18,  Dubai  ,HOME & KITCHEN,744.7,1,10.0,744.7,670.23,card,New,4.0,3.8
138363,15/08/2025,Abu Dhabi,MOBILE ACCESSORIES,177.87,1,0.0,177.87,177.87,  Wallet  ,New,4.0,4.8
136253,14-07-2025,sharjah,,97.6,1,0.0,97.6,97.6,  Card  ,Returning,3.0,4.2
120928,26/11/2024,Dubai,ELECTRONICS,3228.16,1,20.0,3228.16,2582.53,  Wallet  ,New,4.0,4.2
140780,09/13/2025,  Abu Dhabi  ,BEAUTY & PERSONAL CARE,82.38,1,5.0,82.38,78.26,Cash on Delivery,Returning,3.0,4.3
115822,13-09-2024,  Ras Al Khaimah  ,BEAUTY & PERSONAL CARE,302.99,1,,302.99,272.69,Card,Returning,4.0,3.7
146173,23/11/2025,  Abu Dhabi  ,home & kitchen,699.75,1,40.0,699.75,419.85,  Card  ,Returning,4.0,4.9
105879,11-04-2024,Dubai ,Mobile Accessories,158.86,3,0.0,476.58,476.58,  Card  ,Returning,3.0,4.0
108217,17/05/2024,abu dhabi,Electronics,684.65,1,10.0,684.65,616.18,card,New,2.0,5.0
131429,2025-05-03,ABU DHABI,electronics,1278.22,1,10.0,1278.22,1150.4,  Cash on Delivery  ,Returning,3.0,4.0
135339,01/07/2025,ABU DHABI,ELECTRONICS,3262.57,1,0.0,3262.57,3262.57,Card,Returning,2.0,5.0
135373,07/01/2025,DUBAI,FASHION,148.29,1,15.0,148.29,126.05,CARD,Returning,1.0,4.3
124295,12/01/2025,abu dhabi,  Electronics  ,2337.52,1,0.0,2337.52,2337.52,CARD,New,,4.0
148575,12/19/2025,  Abu Dhabi  ,  Mobile Accessories  ,45.09,1,10.0,45.09,40.58,Cash on Delivery,New,1.0,4.1
104160,12/03/2024,Ajman,Fashion,179.94,1,0.0,179.94,179.94,CARD,Returning,1.0,4.0
139871,01-09-2025,Abu Dhabi,mobile accessories,122.53,1,10.0,122.53,110.28,CARD,Returning,2.0,3.8
103776,03/06/2024,ABU DHABI,MOBILE ACCESSORIES,220.59,1,0.0,220.59,220.59,  Card  ,Returning,1.0,3.9
134446,2025-06-17,abu dhabi,fashion,209.06,1,5.0,209.06,198.61,cash on delivery,New,2.0,4.1
128613,26/03/2025,Ajman,electronics,3487.91,1,10.0,3487.91,3139.12,card,Returning,5.0,5.0
132284,05/16/2025,DUBAI,  Mobile Accessories  ,233.14,2,0.0,466.28,466.28,Card,Returning,2.0,5.0
102980,20/02/2024,  Dubai  ,home & kitchen,461.8,1,15.0,461.8,392.53,Cash on Delivery,Returning,2.0,4.1
138468,08/16/2025,,MOBILE ACCESSORIES,62.37,1,0.0,62.37,62.37,card,Returning,3.0,
140742,12-09-2025,dubai,GROCERIES,283.95,1,20.0,283.95,227.16,Card,Returning,2.0,4.4
138782,08/19/2025,Sharjah,Electronics,864.8,1,0.0,864.8,864.8,  Wallet  ,Returning,4.0,4.2
117151,10/05/2024,Dubai,  Mobile Accessories  ,32.39,1,5.0,32.39,30.77,  Wallet  ,Returning,2.0,4.6
146878,2025-11-28,Abu Dhabi,electronics,418.51,1,30.0,418.51,292.96,WALLET,Returning,3.0,
118412,2024-10-25,Dubai,HOME & KITCHEN,229.43,1,0.0,229.43,229.43,  Card  ,Returning,4.0,5.0
134333,15-06-2025,abu dhabi,,390.48,1,0.0,390.48,390.48,Wallet,New,1.0,5.0
100421,2024-01-08,SHARJAH,  Groceries  ,59.52,3,30.0,178.56,124.99,Cash on Delivery,Returning,2.0,4.7
118303,2024-10-22,Dubai,GROCERIES,80.18,1,0.0,80.18,80.18,CARD,Returning,3.0,3.0
118292,2024-10-22,Dubai ,home & kitchen,766.39,1,0.0,766.39,766.39,Card,Returning,4.0,5.0
128963,03/31/2025,RAS AL KHAIMAH,groceries,119.31,1,0.0,119.31,119.31,  Card  ,Returning,2.0,3.3
106661,2024-04-22,Dubai,  Mobile Accessories  ,237.58,2,0.0,475.16,475.16,  Cash on Delivery  ,Returning,4.0,2.9
129012,31-03-2025,Ras Al Khaimah,  Fashion  ,282.65,2,15.0,565.3,480.5,Card,New,5.0,5.0
111977,2024-07-19,abu dhabi,beauty & personal care,391.8,1,0.0,391.8,391.8,Cash on Delivery,Returning,,5.0
119667,14-11-2024,Dubai,groceries,17.54,1,10.0,17.54,15.79,Card,New,3.0,4.4
138119,11/08/2025,Dubai,  Fashion  ,312.26,1,0.0,312.26,312.26,cash on delivery,Returning,3.0,3.1
135181,06/28/2025,dubai,FASHION,394.58,1,0.0,394.58,394.58,  Cash on Delivery  ,Returning,2.0,3.7
124739,2025-01-19,  Sharjah  ,  Beauty & Personal Care  ,85.33,1,5.0,85.33,81.06,CARD,Returning,2.0,3.7
145679,21/11/2025,  Dubai  ,Fashion,118.45,1,40.0,118.45,71.07,CARD,New,3.0,4.8
135225,2025-06-29,SHARJAH,  Beauty & Personal Care  ,185.8,1,10.0,185.8,167.22,,New,1.0,
142755,11/10/2025,Abu Dhabi,Mobile Accessories,66.07,2,10.0,132.14,118.93,Card,Returning,4.0,4.3
127486,03/05/2025,  Abu Dhabi  ,Mobile Accessories,145.69,1,0.0,145.69,145.69,Card,Returning,1.0,4.4
137498,2025-08-02,  Dubai  ,Beauty & Personal Care,115.02,1,5.0,115.02,109.27,Card,Returning,3.0,3.8
138823,20/08/2025,Dubai,ELECTRONICS,1008.54,1,5.0,1008.54,958.11,WALLET,Returning,2.0,
108843,28-05-2024,Sharjah,beauty & personal care,245.84,2,5.0,491.68,467.1,cash on delivery,Returning,1.0,4.1
107637,2024-05-08,sharjah,MOBILE ACCESSORIES,223.51,1,0.0,223.51,223.51,  Wallet  ,New,4.0,4.4
110935,01-07-2024,AJMAN,  Electronics  ,2466.21,1,,2466.21,2466.21,Card,Returning,1.0,4.3
149076,12/26/2025,Abu Dhabi,  Beauty & Personal Care  ,355.82,1,10.0,355.82,320.24,  Card  ,New,2.0,4.0
110658,27-06-2024,  Sharjah  ,mobile accessories,49.59,1,0.0,49.59,49.59,  Cash on Delivery  ,Returning,3.0,4.7
128789,29-03-2025,Sharja,  Mobile Accessories  ,136.61,1,5.0,136.61,129.78,  Card  ,New,2.0,4.1
124815,20-01-2025,sharjah,Fashion,596.42,1,5.0,596.42,566.6,card,Returning,4.0,
144152,10/31/2025,ABU DHABI,Groceries,26.57,2,5.0,53.14,50.48,cash on delivery,Returning,1.0,3.4
139486,28/08/2025,DUBAI,  Groceries  ,291.78,1,15.0,291.78,248.01,cash on delivery,Returning,2.0,4.3
129201,02/04/2025,Ajman,ELECTRONICS,3141.17,1,10.0,3141.17,2827.05,Cash on Delivery,New,2.0,3.9
109353,06/05/2024,DUBAI,mobile accessories,231.32,1,10.0,231.32,208.19,cash on delivery,Returning,1.0,4.0
126031,09/02/2025,RAS AL KHAIMAH,Mobile Accessories,155.57,1,15.0,155.57,132.23,CASH ON DELIVERY,Returning,3.0,4.8
113726,16/08/2024,ras al khaimah,  Fashion  ,498.39,2,0.0,996.78,996.78,Cash on Delivery,Returning,1.0,3.9
138902,21-08-2025,,GROCERIES,121.49,1,30.0,121.49,85.04,card,New,3.0,4.6
140523,2025-09-09,  Dubai  ,  Home & Kitchen  ,225.67,1,0.0,225.67,225.67,CASH ON DELIVERY,Returning,2.0,4.6
133600,05-06-2025,abu dhabi,beauty & personal care,54.34,1,0.0,54.34,54.34,cash on delivery,Returning,4.0,5.0
109954,15-06-2024,Sharja,mobile accessories,30.96,1,5.0,30.96,29.41,Wallet,New,3.0,4.1
116316,2024-09-21,,MOBILE ACCESSORIES,66.31,1,0.0,66.31,66.31,Cash on Delivery,Returning,4.0,5.0
118321,23/10/2024,ABU DHABI,beauty & personal care,239.63,1,10.0,239.63,215.67,  Card  ,Returning,1.0,4.3
110969,07/02/2024,DUBAI,BEAUTY & PERSONAL CARE,278.91,3,5.0,836.73,794.89,  Card  ,Returning,3.0,5.0
100468,2024-01-09,ABU DHABI,HOME & KITCHEN,726.81,1,10.0,726.81,654.13,  Card  ,New,5.0,
130602,04/20/2025,Dubay,Home & Kitchen,504.53,1,10.0,504.53,454.08,  Cash on Delivery  ,New,2.0,
104350,16/03/2024,  Dubai  ,MOBILE ACCESSORIES,197.05,1,,197.05,197.05,  Wallet  ,Returning,3.0,4.5
129642,04/05/2025,  Sharjah  ,MOBILE ACCESSORIES,126.18,2,15.0,252.36,214.51,  Card  ,Returning,3.0,4.2
142899,13/10/2025,  Dubai  ,beauty & personal care,38.85,1,0.0,38.85,38.85,CARD,New,1.0,4.3
136679,20/07/2025,AJMAN,  Beauty & Personal Care  ,297.89,1,0.0,297.89,297.89,Card,New,3.0,5.0
134770,2025-06-22,DUBAI,Mobile Accessories,71.63,1,5.0,71.63,68.05,WALLET,New,,4.8
102539,02/13/2024,Dubai,  Electronics  ,596.44,1,5.0,596.44,566.62,CARD,Returning,3.0,4.3
128569,25/03/2025,  Ajman  ,  Fashion  ,99.19,2,15.0,198.38,168.62,cash on delivery,Returning,2.0,5.0
113386,08/11/2024,  Abu Dhabi  ,,257.57,1,15.0,257.57,218.93,CARD,Returning,1.0,5.0
131527,04/05/2025,sharjah,FASHION,585.8,1,,585.8,527.22,CARD,Returning,3.0,4.3
101103,20-01-2024,Sharjah,groceries,228.27,2,5.0,456.54,433.71,  Card  ,New,3.0,2.5
118091,19-10-2024,Dubai ,ELECTRONICS,2302.95,1,15.0,2302.95,1957.51,Wallet,Returning,3.0,4.9
140415,2025-09-08,RAS AL KHAIMAH,BEAUTY & PERSONAL CARE,175.86,1,10.0,175.86,158.27,CARD,Returning,4.0,4.7
101942,03-02-2024,DUBAI,Beauty & Personal Care,252.22,1,20.0,252.22,201.78,card,Returning,1.0,5.0
132307,05/16/2025,,home & kitchen,851.13,1,0.0,851.13,851.13,wallet,New,2.0,3.5
116552,09/25/2024,  Dubai  ,BEAUTY & PERSONAL CARE,175.62,2,5.0,351.24,333.68,CARD,New,2.0,3.8
104876,2024-03-26,DUBAI,fashion,568.04,1,,568.04,511.24,Card,Returning,2.0,4.9
127538,2025-03-06,dubai,Mobile Accessories,249.42,1,0.0,249.42,249.42,wallet,New,,3.7
140106,2025-09-04,  Dubai  ,mobile accessories,103.35,1,5.0,103.35,98.18,CASH ON DELIVERY,Returning,2.0,4.7
139855,2025-09-01,abu dhabi,Home & Kitchen,824.79,1,0.0,824.79,824.79,CARD,Returning,2.0,4.0
127411,03/03/2025,  Abu Dhabi  ,  Fashion  ,379.7,2,15.0,759.4,645.49,wallet,Returning,2.0,3.2
111851,07/17/2024,Dubay,HOME & KITCHEN,82.85,1,0.0,82.85,82.85,CARD,Returning,2.0,4.6
122645,12/18/2024,abu dhabi,fashion,415.33,2,5.0,830.66,789.13,WALLET,Returning,3.0,4.8
141068,18-09-2025,  Dubai  ,Home & Kitchen,221.46,1,5.0,221.46,210.39,WALLET,Returning,2.0,3.9
136082,2025-07-11,sharjah,Fashion,541.68,1,0.0,541.68,541.68,Wallet,Returning,5.0,3.8
117057,2024-10-03,dubai,groceries,35.53,1,0.0,35.53,35.53,  Card  ,New,4.0,4.7
128829,29/03/2025,,electronics,2928.19,1,0.0,2928.19,2928.19,card,Returning,1.0,5.0
146412,11/25/2025,DUBAI,Electronics,2130.78,1,30.0,2130.78,1491.55,Cash on Delivery,New,4.0,4.9
130598,20/04/2025,sharjah,fashion,208.18,1,0.0,208.18,208.18,Card,Returning,1.0,5.0
119507,12/11/2024,DUBAI,Home & Kitchen,713.13,2,10.0,1426.26,1283.63,  Cash on Delivery  ,Returning,2.0,4.6
141503,09/24/2025,  Abu Dhabi  ,fashion,267.81,1,0.0,267.81,267.81,Card,New,2.0,4.6
135081,2025-06-26,dubai,Groceries,269.19,1,30.0,269.19,188.43,WALLET,New,4.0,3.7
139228,25/08/2025,DUBAI,BEAUTY & PERSONAL CARE,364.75,1,10.0,364.75,328.28,CARD,New,2.0,3.7
130164,14/04/2025,  Abu Dhabi  ,  Fashion  ,378.0,1,0.0,378.0,378.0,CARD,New,3.0,4.2
139886,01/09/2025,Dubai,  Home & Kitchen  ,301.61,1,0.0,301.61,301.61,CARD,Returning,2.0,4.4
122409,14/12/2024,abu dhabi,  Beauty & Personal Care  ,323.58,1,15.0,323.58,275.04,CASH ON DELIVERY,New,2.0,5.0
135869,08-07-2025,Dubai,  Fashion  ,446.44,1,0.0,446.44,446.44,card,New,4.0,5.0
102261,02/09/2024,Sharjah,FASHION,129.91,1,0.0,129.91,129.91,Wallet,Returning,2.0,10.2
125337,01/29/2025,ABU DHABI,FASHION,264.41,1,5.0,264.41,251.19,  Cash on Delivery  ,Returning,1.0,
116583,2024-09-25,DUBAI,ELECTRONICS,770.76,1,15.0,770.76,655.15,Card,Returning,2.0,4.2
130410,18-04-2025,ABU DHABI,electronics,1390.61,3,0.0,4171.83,4171.83,cash on delivery,Returning,2.0,4.3
146095,2025-11-23,dubai,home & kitchen,695.26,1,30.0,695.26,486.68,  Cash on Delivery  ,Returning,3.0,3.5
147710,2025-12-07,sharjah,electronics,3015.99,1,15.0,3015.99,2563.59,CARD,New,3.0,4.9
107570,06-05-2024,,home & kitchen,430.42,1,30.0,430.42,301.29,Cash on Delivery,Returning,1.0,3.2
124336,2025-01-12,abu dhabi,FASHION,417.35,1,5.0,417.35,396.48,CASH ON DELIVERY,Returning,3.0,4.2
131560,05/05/2025,  Dubai  ,Beauty & Personal Care,127.91,2,15.0,255.82,217.45,  Card  ,New,1.0,4.3
101414,2024-01-25,ras al khaimah,,477.2,1,5.0,477.2,453.34,  Cash on Delivery  ,New,2.0,
122617,17-12-2024,DUBAI,ELECTRONICS,3100.71,1,0.0,3100.71,3100.71,  Card  ,Returning,1.0,3.8
105303,04/04/2024,DUBAI,  Home & Kitchen  ,308.19,1,0.0,308.19,308.19,  Cash on Delivery  ,New,1.0,3.7
134164,13/06/2025,Ras Al Khaimah,beauty & personal care,79.75,1,0.0,79.75,79.75,CASH ON DELIVERY,Returning,2.0,5.0
142128,03/10/2025,Dubai,Fashion,380.46,1,10.0,380.46,342.41,Wallet,Returning,2.0,2.9
114457,2024-08-25,Abu Dhabi,  Electronics  ,3022.9,1,10.0,3022.9,2720.61,  Wallet  ,Returning,3.0,5.0
131398,02/05/2025,,  Fashion  ,208.41,2,10.0,416.82,375.14,card,Returning,2.0,3.6
123704,03-01-2025,Abu Dhabi,  Fashion  ,467.06,1,15.0,467.06,397.0,CARD,Returning,3.0,4.5
109740,12-06-2024,Abu Dhabi,  Home & Kitchen  ,276.8,1,5.0,276.8,262.96,CARD,New,1.0,4.6
105766,10/04/2024,DUBAI,Beauty & Personal Care,242.97,1,0.0,242.97,242.97,  Card  ,Returning,3.0,
134889,23-06-2025,dubai,Home & Kitchen,829.69,1,0.0,829.69,829.69,Cash on Delivery,Returning,4.0,4.8
107975,2024-05-13,RAS AL KHAIMAH,  Fashion  ,151.83,1,0.0,151.83,151.83,  Wallet  ,Returning,3.0,5.0
136669,20/07/2025,Dubai,  Fashion  ,398.75,1,10.0,398.75,358.88,wallet,Returning,3.0,5.0
146795,27/11/2025,abu dhabi,  Home & Kitchen  ,839.28,1,40.0,839.28,503.57,card,Returning,3.0,3.7
106927,26-04-2024,  Dubai  ,  Beauty & Personal Care  ,393.85,2,5.0,787.7,748.32,wallet,Returning,2.0,4.9
105411,2024-04-06,  Dubai  ,Groceries,176.85,1,15.0,176.85,150.32,  Wallet  ,Returning,3.0,4.0
136540,07/18/2025,  Dubai  ,Home & Kitchen,421.39,1,,421.39,400.32,card,Returning,5.0,4.1
138427,15/08/2025,Dubai,Electronics,2218.05,1,5.0,2218.05,2107.15,  Card  ,New,2.0,
136925,24/07/2025,  Dubai  ,GROCERIES,28.58,1,0.0,28.58,28.58,Card,Returning,3.0,5.0
134355,16-06-2025,  Sharjah  ,electronics,2296.31,1,0.0,2296.31,2296.31,Cash on Delivery,New,,4.6
125881,07-02-2025,abu dhabi,MOBILE ACCESSORIES,71.49,1,0.0,71.49,71.49,CASH ON DELIVERY,New,1.0,2.8
148448,17-12-2025,  Abu Dhabi  ,  Fashion  ,480.59,1,5.0,480.59,456.56,card,New,3.0,3.1
102833,17-02-2024,  Abu Dhabi  ,Fashion,341.47,1,30.0,341.47,239.03,wallet,Returning,2.0,4.3
126843,2025-02-22,  Dubai  ,beauty & personal care,275.77,1,15.0,275.77,234.4,Card,Returning,2.0,5.0
115168,2024-09-03,Abu Dhabi,GROCERIES,246.3,1,30.0,246.3,172.41,CARD,Returning,3.0,4.8
119790,16/11/2024,  Sharjah  ,  Mobile Accessories  ,119.44,1,0.0,119.44,119.44,card,Returning,3.0,3.3
134640,20-06-2025,sharjah,beauty & personal care,251.36,1,,251.36,251.36,  Card  ,Returning,2.0,4.0
101060,19/01/2024,Dubai,  Home & Kitchen  ,306.04,1,20.0,306.04,244.83,WALLET,Returning,2.0,4.6
140621,2025-09-11,  Ras Al Khaimah  ,Fashion,529.39,1,0.0,529.39,529.39,card,Returning,2.0,5.0
105362,05-04-2024,dubai,HOME & KITCHEN,562.86,1,20.0,562.86,450.29,CASH ON DELIVERY,New,3.0,4.4
128113,17-03-2025,ABU DHABI,GROCERIES,211.75,1,0.0,211.75,211.75,Card,Returning,3.0,4.9
146335,24/11/2025,  Ajman  ,Electronics,574.75,1,20.0,574.75,459.8,Cash on Delivery,Returning,2.0,5.0
140483,09-09-2025,Ras Al Khaimah,beauty & personal care,218.6,1,0.0,218.6,218.6,Card,New,3.0,4.9
143413,21-10-2025,dubai,Electronics,3188.14,1,30.0,3188.14,2231.7,CARD,New,1.0,4.0
133289,31-05-2025,Abu Dhabi,FASHION,555.06,1,10.0,555.06,499.55,Cash on Delivery,New,3.0,3.4
111213,2024-07-06,Dubai,groceries,48.9,1,10.0,48.9,44.01,Card,Returning,2.0,4.2
147213,12/01/2025,sharjah,mobile accessories,71.69,1,10.0,71.69,64.52,  Wallet  ,New,1.0,4.0
110075,06/17/2024,abu dhabi,  Beauty & Personal Care  ,325.47,1,10.0,325.47,292.92,  Cash on Delivery  ,Returning,1.0,4.9
111349,07/09/2024,Dubai,Beauty & Personal Care,67.48,1,5.0,67.48,64.11,WALLET,Returning,2.0,4.3
104759,2024-03-24,  Ajman  ,electronics,1618.38,1,5.0,1618.38,1537.46,Cash on Delivery,Returning,3.0,
137755,05/08/2025,DUBAI,beauty & personal care,208.11,1,20.0,208.11,166.49,  Card  ,Returning,3.0,3.9
106223,14-04-2024,AJMAN,  Beauty & Personal Care  ,200.99,1,0.0,200.99,200.99,  Cash on Delivery  ,New,4.0,3.3
140939,2025-09-16,abu dhabi,  Mobile Accessories  ,187.59,1,20.0,187.59,150.07,Cash on Delivery,Returning,2.0,4.8
117845,10/16/2024,  Abu Dhabi  ,Groceries,129.97,1,0.0,129.97,129.97,  Cash on Delivery  ,New,3.0,3.5
122710,19-12-2024,Sharjah,Fashion,213.29,1,0.0,213.29,213.29,card,Returning,5.0,
127791,11-03-2025,DUBAI,,722.19,1,5.0,722.19,686.08,CASH ON DELIVERY,New,1.0,4.0
116816,29/09/2024,dubai,beauty & personal care,27.21,1,5.0,27.21,25.85,cash on delivery,Returning,2.0,3.2
122111,09/12/2024,Dubai,  Home & Kitchen  ,676.25,1,20.0,676.25,541.0,Card,Returning,3.0,4.3
104129,12-03-2024,dubai,groceries,124.2,1,,124.2,99.36,Cash on Delivery,Returning,1.0,5.0
100091,2024-01-02,ABU DHABI,  Fashion  ,54.22,1,10.0,54.22,48.8,CARD,New,3.0,3.4
138569,2025-08-17,Sharjah,electronics,2875.7,1,15.0,2875.7,2444.34,cash on delivery,Returning,1.0,
138497,16-08-2025,Ras Al Khaimah,Groceries,189.46,1,0.0,189.46,189.46,CARD,Returning,1.0,4.1
142815,12-10-2025,Dubai,beauty & personal care,183.98,1,0.0,183.98,183.98,  Cash on Delivery  ,Returning,2.0,4.2
129516,04/04/2025,Ajman,  Mobile Accessories  ,116.4,1,0.0,116.4,116.4,Cash on Delivery,New,1.0,3.7
104645,2024-03-22,dubai,  Home & Kitchen  ,603.23,1,0.0,603.23,603.23,,New,4.0,5.0
128695,03/28/2025,,Beauty & Personal Care,160.59,1,10.0,160.59,144.53,card,Returning,1.0,3.5
113773,2024-08-16,Sharja,Mobile Accessories,239.66,2,5.0,479.32,455.35,CARD,New,3.0,3.1
136821,23-07-2025,Dubai,Beauty & Personal Care,255.44,1,0.0,255.44,255.44,  Card  ,New,4.0,3.8
108137,16-05-2024,DUBAI,mobile accessories,106.17,1,15.0,106.17,90.24,  Card  ,New,4.0,4.6
121191,28-11-2024,abu dhabi,  Mobile Accessories  ,137.42,2,40.0,274.84,164.9,  Cash on Delivery  ,Returning,4.0,2.8
131447,2025-05-03,Dubai,electronics,859.39,2,15.0,1718.78,1460.96,cash on delivery,New,4.0,3.8
137834,08/07/2025,Abu Dhabi,  Fashion  ,524.77,1,0.0,524.77,524.77,Card,Returning,3.0,3.8
145709,11/21/2025,dubai,Beauty & Personal Care,333.81,1,,333.81,200.29,  Card  ,Returning,3.0,4.3
123576,2025-01-01,Abu Dhabi,electronics,3064.46,2,30.0,6128.92,4290.24,CARD,New,3.0,5.0
132395,05/17/2025,  Abu Dhabi  ,Fashion,390.9,1,10.0,390.9,351.81,CARD,Returning,1.0,4.2
143665,25-10-2025,ajman,Home & Kitchen,553.43,1,10.0,553.43,498.09,Card,New,2.0,4.3
117989,18-10-2024,Dubai ,  Mobile Accessories  ,217.81,1,5.0,217.81,206.92,card,Returning,3.0,4.1
141380,09/22/2025,  Sharjah  ,mobile accessories,189.15,1,0.0,189.15,189.15,  Cash on Delivery  ,Returning,3.0,4.2
143773,26-10-2025,Dubai ,Home & Kitchen,473.12,1,0.0,473.12,473.12,  Card  ,New,2.0,
116429,2024-09-22,dubai,Groceries,199.09,1,,199.09,179.18,card,New,2.0,5.0
127846,2025-03-12,abu dhabi,FASHION,265.08,1,5.0,265.08,251.83,Card,New,2.0,4.3
125034,2025-01-24,RAS AL KHAIMAH,  Home & Kitchen  ,293.16,1,10.0,293.16,263.84,card,Returning,3.0,4.4
105457,04/07/2024,Sharja,Mobile Accessories,187.42,1,10.0,187.42,168.68,CASH ON DELIVERY,Returning,2.0,3.3
113575,08/14/2024,Dubai,  Fashion  ,124.26,1,10.0,124.26,111.83,  Cash on Delivery  ,Returning,2.0,3.9
116229,09/19/2024,Dubai ,HOME & KITCHEN,181.17,1,0.0,181.17,181.17,,Returning,5.0,
140578,10/09/2025,Sharjah,HOME & KITCHEN,129.68,1,30.0,129.68,90.78,Card,Returning,1.0,4.0
124912,22/01/2025,Sharjah,ELECTRONICS,2858.61,1,0.0,2858.61,2858.61,CARD,Returning,3.0,5.0
138943,21/08/2025,  Dubai  ,  Mobile Accessories  ,151.55,1,10.0,151.55,136.4,Cash on Delivery,Returning,2.0,4.1
141950,30-09-2025,Dubai,fashion,86.53,1,10.0,86.53,77.88,Cash on Delivery,Returning,1.0,3.7
146158,2025-11-23,  Dubai  ,  Beauty & Personal Care  ,228.44,2,40.0,456.88,274.13,CARD,New,3.0,4.4
122477,12/14/2024,Abu Dhabi,ELECTRONICS,868.81,1,0.0,868.81,868.81,Card,Returning,1.0,3.0
135478,03/07/2025,ABU DHABI,electronics,2763.47,1,0.0,2763.47,2763.47,Card,Returning,3.0,4.7
119876,17-11-2024,Sharja,ELECTRONICS,2551.91,1,,2551.91,2551.91,Cash on Delivery,Returning,5.0,5.0
116847,09/29/2024,  Dubai  ,Electronics,1297.28,2,10.0,2594.56,2335.1,  Card  ,Returning,1.0,3.7
131718,07-05-2025,  Abu Dhabi  ,BEAUTY & PERSONAL CARE,244.83,1,30.0,244.83,171.38,  Card  ,Returning,1.0,
142470,2025-10-07,dubai,BEAUTY & PERSONAL CARE,51.02,1,0.0,51.02,51.02,  Cash on Delivery  ,Returning,,3.8
129572,2025-04-04,abu dhabi,  Groceries  ,55.26,1,5.0,55.26,52.5,CASH ON DELIVERY,New,1.0,5.0
146999,11/28/2025,ajman,GROCERIES,223.54,2,40.0,447.08,268.25,CASH ON DELIVERY,Returning,1.0,4.7
144103,31/10/2025,Abu Dhabi,  Home & Kitchen  ,289.01,3,15.0,867.03,736.98,card,New,3.0,3.6
129799,08/04/2025,Dubay,MOBILE ACCESSORIES,37.95,2,0.0,75.9,75.9,card,Returning,3.0,4.2
129138,01-04-2025,,groceries,35.4,2,0.0,70.8,70.8,  Cash on Delivery  ,Returning,3.0,3.7
143846,10/27/2025,abu dhabi,BEAUTY & PERSONAL CARE,303.33,2,20.0,606.66,485.33,  Card  ,New,2.0,3.7
133344,2025-05-31,  Abu Dhabi  ,GROCERIES,15.17,1,,15.17,14.41,,Returning,2.0,4.0
114154,2024-08-21,SHARJAH,GROCERIES,103.38,1,0.0,103.38,103.38,CASH ON DELIVERY,Returning,4.0,4.8
140694,12-09-2025,  Abu Dhabi  ,FASHION,154.26,2,0.0,308.52,308.52,card,New,4.0,3.8
109291,06/04/2024,Sharjah,ELECTRONICS,2639.03,1,0.0,2639.03,2639.03,Cash on Delivery,Returning,3.0,3.3
122857,21-12-2024,dubai,fashion,105.97,1,10.0,105.97,95.37,Card,Returning,3.0,4.2
107035,2024-04-27,sharjah,home & kitchen,217.39,1,0.0,217.39,217.39,  Cash on Delivery  ,Returning,3.0,3.4
118327,2024-10-23,ABU DHABI,Electronics,314.19,2,0.0,628.38,628.38,cash on delivery,Returning,3.0,
101756,01/31/2024,  Dubai  ,,626.83,2,10.0,1253.66,1128.29,Card,Returning,3.0,4.2
103902,08/03/2024,  Dubai  ,  Electronics  ,2195.2,2,15.0,4390.4,3731.84,card,Returning,3.0,
111075,07/04/2024,ABU DHABI,MOBILE ACCESSORIES,155.72,1,10.0,155.72,140.15,Card,New,2.0,4.1
131552,05/05/2025,SHARJAH,HOME & KITCHEN,596.06,1,20.0,596.06,476.85,  Cash on Delivery  ,New,3.0,4.1
116891,2024-09-30,DUBAI,  Fashion  ,251.69,1,10.0,251.69,226.52,card,New,3.0,2.9
142744,11/10/2025,ABU DHABI,  Groceries  ,243.1,1,,243.1,218.79,WALLET,New,1.0,4.0
121705,12/03/2024,DUBAI,fashion,199.24,2,0.0,398.48,398.48,  Wallet  ,New,4.0,2.8
125023,24-01-2025,abu dhabi,Fashion,584.06,1,0.0,584.06,584.06,  Cash on Delivery  ,New,3.0,3.5
115497,07/09/2024,DUBAI,BEAUTY & PERSONAL CARE,365.84,1,20.0,365.84,292.67,Cash on Delivery,New,3.0,3.8
143976,2025-10-29,  Dubai  ,groceries,63.81,1,0.0,63.81,63.81,,Returning,2.0,4.3
112116,21/07/2024,DUBAI,  Fashion  ,387.56,1,0.0,387.56,387.56,CARD,Returning,3.0,4.2
128531,25/03/2025,SHARJAH,beauty & personal care,386.68,2,10.0,773.36,696.02,cash on delivery,Returning,3.0,5.0
114855,08/30/2024,  Abu Dhabi  ,GROCERIES,62.15,2,0.0,124.3,124.3,Cash on Delivery,Returning,3.0,4.3
108651,05/24/2024,Sharja,home & kitchen,875.02,1,10.0,875.02,787.52,card,Returning,4.0,3.5
116262,09/20/2024,  Abu Dhabi  ,fashion,474.87,1,30.0,474.87,332.41,card,Returning,1.0,4.5
146297,24/11/2025,dubai,Mobile Accessories,33.75,1,20.0,33.75,27.0,  Wallet  ,Returning,3.0,4.3
125439,01/31/2025,ajman,GROCERIES,260.98,1,10.0,260.98,234.88,Cash on Delivery,Returning,,
132174,2025-05-14,SHARJAH,  Mobile Accessories  ,105.73,1,5.0,105.73,100.44,card,New,1.0,5.0
141427,23/09/2025,  Ras Al Khaimah  ,mobile accessories,137.26,1,0.0,137.26,137.26,Card,Returning,5.0,4.5
119051,2024-11-04,AJMAN,GROCERIES,251.39,1,10.0,251.39,226.25,Wallet,New,2.0,4.4
102927,2024-02-19,DUBAI,Beauty & Personal Care,60.33,1,0.0,60.33,60.33,Card,New,3.0,3.5
141110,18-09-2025,ABU DHABI,  Fashion  ,198.32,1,0.0,198.32,198.32,CASH ON DELIVERY,New,4.0,3.9
115379,2024-09-05,ABU DHABI,groceries,105.0,2,30.0,210.0,147.0,CARD,Returning,3.0,4.7
126282,02/13/2025,Abu Dhabi,GROCERIES,164.8,2,0.0,329.6,329.6,card,Returning,4.0,4.1
113650,15-08-2024,sharjah,home & kitchen,442.58,1,10.0,442.58,398.32,Card,Returning,4.0,4.1
144226,2025-11-01,,Electronics,2620.61,1,20.0,2620.61,2096.49,  Card  ,Returning,2.0,4.6
138854,20-08-2025,AJMAN,beauty & personal care,131.71,1,30.0,131.71,92.2,card,Returning,2.0,4.7
107966,13/05/2024,RAS AL KHAIMAH,Electronics,2827.25,1,5.0,2827.25,2685.89,,New,2.0,3.6
145632,11/21/2025,  Dubai  ,FASHION,386.37,1,50.0,386.37,193.18,Wallet,Returning,3.0,4.1
135534,04/07/2025,ajman,BEAUTY & PERSONAL CARE,48.53,1,15.0,48.53,41.25,Cash on Delivery,New,2.0,
130313,16-04-2025,dubai,HOME & KITCHEN,662.0,2,0.0,1324.0,1324.0,  Card  ,Returning,1.0,5.0
105614,09/04/2024,ABU DHABI,  Mobile Accessories  ,167.45,1,5.0,167.45,159.08,Cash on Delivery,Returning,3.0,4.1
142266,04/10/2025,Abu Dhabi,mobile accessories,152.82,1,0.0,152.82,152.82,Card,Returning,1.0,2.9
137261,2025-07-29,Ras Al Khaimah,  Home & Kitchen  ,474.35,2,5.0,948.7,901.26,card,New,3.0,4.0
117393,2024-10-08,ras al khaimah,home & kitchen,740.65,1,0.0,740.65,740.65,Wallet,Returning,3.0,4.5
101637,29-01-2024,  Dubai  ,FASHION,207.26,1,5.0,207.26,196.9,CARD,Returning,2.0,
127821,12-03-2025,Dubai,ELECTRONICS,1270.37,2,30.0,2540.74,1778.52,Card,Returning,1.0,4.5
131033,04/27/2025,Dubai,HOME & KITCHEN,259.55,1,5.0,259.55,246.57,  Cash on Delivery  ,New,2.0,3.6
124597,16/01/2025,Dubai,  Home & Kitchen  ,104.31,1,0.0,104.31,104.31,CARD,New,4.0,5.0
128234,19-03-2025,Abu Dhabi,electronics,2475.27,1,0.0,2475.27,2475.27,card,New,3.0,5.0
112846,2024-08-02,DUBAI,HOME & KITCHEN,352.23,2,15.0,704.46,598.79,Wallet,New,5.0,
124147,2025-01-10,Abu Dhabi,  Mobile Accessories  ,166.67,1,0.0,166.67,166.67,WALLET,New,2.0,3.9
126812,21-02-2025,AJMAN,electronics,1981.6,1,10.0,1981.6,1783.44,card,New,,3.3
125817,06-02-2025,abu dhabi,mobile accessories,28.68,1,5.0,28.68,27.25,Card,Returning,4.0,5.0
105398,2024-04-06,  Dubai  ,FASHION,346.02,1,20.0,346.02,276.82,  Card  ,Returning,3.0,3.5
145967,22-11-2025,Sharjah,electronics,2232.47,2,10.0,4464.94,4018.45,card,Returning,2.0,4.9
100900,01/16/2024,sharjah,,291.52,1,0.0,291.52,291.52,card,New,1.0,3.9
148501,18-12-2025,  Sharjah  ,electronics,2885.38,1,5.0,2885.38,2741.11,card,Returning,3.0,4.0
145551,20/11/2025,Ajman,MOBILE ACCESSORIES,215.29,3,5.0,645.87,613.58,  Cash on Delivery  ,New,3.0,
126391,2025-02-15,  Dubai  ,FASHION,295.73,2,0.0,591.46,591.46,card,New,5.0,4.8
127428,03/04/2025,DUBAI,BEAUTY & PERSONAL CARE,140.1,1,0.0,140.1,140.1,CARD,New,1.0,3.1
144063,30/10/2025,  Dubai  ,FASHION,418.85,1,5.0,418.85,397.91,Card,New,2.0,4.4
119691,14-11-2024,dubai,Fashion,256.58,1,0.0,256.58,256.58,  Cash on Delivery  ,Returning,3.0,4.4
130467,19-04-2025,DUBAI,Groceries,101.15,1,5.0,101.15,96.09,cash on delivery,New,2.0,4.9
139568,29/08/2025,DUBAI,fashion,79.65,1,5.0,79.65,75.67,  Cash on Delivery  ,Returning,2.0,2.5
140721,12-09-2025,  Dubai  ,groceries,292.05,1,5.0,292.05,277.45,card,Returning,1.0,3.9
134306,2025-06-15,ABU DHABI,home & kitchen,723.2,1,30.0,723.2,506.24,card,New,1.0,
135165,2025-06-28,Dubai,  Home & Kitchen  ,65.38,1,30.0,65.38,45.77,card,Returning,1.0,4.3
139240,25/08/2025,  Dubai  ,Mobile Accessories,228.92,2,15.0,457.84,389.16,CARD,Returning,1.0,3.6
142123,02-10-2025,abu dhabi,beauty & personal care,305.21,1,0.0,305.21,305.21,  Wallet  ,Returning,1.0,5.0
103982,03/09/2024,Dubai ,Electronics,3208.5,1,0.0,3208.5,3208.5,Wallet,Returning,3.0,3.9
106559,19/04/2024,dubai,mobile accessories,71.15,1,5.0,71.15,67.59,CARD,Returning,1.0,4.1
141238,20-09-2025,dubai,  Mobile Accessories  ,34.22,1,5.0,34.22,32.51,  Wallet  ,New,3.0,5.0
115977,15-09-2024,SHARJAH,ELECTRONICS,2647.84,1,0.0,2647.84,2647.84,Card,New,1.0,4.5
134526,2025-06-18,RAS AL KHAIMAH,home & kitchen,550.76,-3,5.0,1652.28,1569.67,  Wallet  ,New,1.0,
137340,30/07/2025,Dubay,groceries,86.23,1,0.0,86.23,86.23,card,New,3.0,4.6
109189,02/06/2024,Sharjah,  Electronics  ,1701.37,1,20.0,1701.37,1361.1,wallet,Returning,3.0,2.6
146727,11/27/2025,dubai,Beauty & Personal Care,39.63,1,30.0,39.63,27.74,card,Returning,,5.0
147325,02-12-2025,Ras Al Khaimah,  Mobile Accessories  ,23.49,1,10.0,23.49,21.14,CARD,New,3.0,5.0
113457,12-08-2024,dubai,beauty & personal care,113.95,1,0.0,113.95,113.95,card,Returning,2.0,3.6
101603,28-01-2024,Abu Dhabi,  Fashion  ,144.61,1,10.0,144.61,130.15,card,Returning,3.0,4.7
102353,2024-02-10,abu dhabi,beauty & personal care,270.22,1,0.0,270.22,270.22,  Wallet  ,Returning,4.0,4.7
124522,2025-01-15,ABU DHABI,  Fashion  ,403.86,1,0.0,403.86,403.86,wallet,New,3.0,
120774,11/25/2024,ABU DHABI,Mobile Accessories,217.67,1,10.0,217.67,195.9,Card,Returning,3.0,3.6
109444,07-06-2024,SHARJAH,Beauty & Personal Care,121.37,1,0.0,121.37,121.37,Card,Returning,3.0,2.9
114530,26/08/2024,sharjah,Mobile Accessories,63.51,1,0.0,63.51,63.51,  Wallet  ,New,2.0,4.2
138051,2025-08-09,Dubai,electronics,2821.08,1,10.0,2821.08,2538.97,Card,Returning,3.0,5.0
140599,09/11/2025,Dubai,  Electronics  ,3060.69,1,30.0,3060.69,2142.48,  Card  ,Returning,3.0,
136723,21-07-2025,sharjah,electronics,3044.69,3,0.0,9134.07,9134.07,CASH ON DELIVERY,New,4.0,5.0
144908,11/10/2025,Dubai,  Fashion  ,592.37,1,15.0,592.37,503.51,card,Returning,1.0,4.4
100659,12-01-2024,RAS AL KHAIMAH,  Fashion  ,415.61,1,0.0,415.61,415.61,  Cash on Delivery  ,Returning,2.0,
104829,25-03-2024,Abu Dhabi,home & kitchen,192.35,2,5.0,384.7,365.46,Card,New,1.0,4.7
132424,17/05/2025,Abu Dhabi,Home & Kitchen,609.91,1,15.0,609.91,518.42,card,New,4.0,2.7
119129,05-11-2024,Abu Dhabi,GROCERIES,74.83,1,0.0,74.83,74.83,CASH ON DELIVERY,Returning,3.0,4.3
136109,07/12/2025,ajman,  Groceries  ,202.41,1,0.0,202.41,202.41,CARD,Returning,1.0,4.3
136180,13/07/2025,  Sharjah  ,  Electronics  ,849.48,1,15.0,849.48,722.06,card,Returning,4.0,3.6
102668,15-02-2024,  Dubai  ,Beauty & Personal Care,52.87,1,0.0,52.87,52.87,card,New,1.0,3.6
139691,2025-08-30,DUBAI,  Electronics  ,798.8,1,5.0,798.8,758.86,CARD,Returning,3.0,4.6
145563,2025-11-20,Abu Dhabi,  Mobile Accessories  ,178.38,3,15.0,535.14,454.87,Card,New,1.0,4.5
105433,06/04/2024,dubai,fashion,349.12,1,0.0,349.12,349.12,  Wallet  ,Returning,3.0,4.9
111125,07/05/2024,DUBAI,BEAUTY & PERSONAL CARE,350.39,2,15.0,700.78,595.66,Card,Returning,4.0,2.1
119203,06-11-2024,Abu Dhabi,beauty & personal care,256.27,2,20.0,512.54,410.03,  Card  ,Returning,2.0,4.6
141094,2025-09-18,ABU DHABI,  Mobile Accessories  ,110.35,1,5.0,110.35,104.83,  Wallet  ,New,3.0,4.1
119232,07/11/2024,DUBAI,Mobile Accessories,176.57,1,0.0,176.57,176.57,card,New,1.0,4.2
142977,15/10/2025,ABU DHABI,Fashion,221.73,1,0.0,221.73,221.73,  Card  ,Returning,1.0,4.2
111334,08-07-2024,Dubai ,BEAUTY & PERSONAL CARE,113.14,1,5.0,113.14,107.48,CASH ON DELIVERY,Returning,3.0,
135829,07/08/2025,  Ajman  ,FASHION,537.52,1,5.0,537.52,510.64,  Card  ,Returning,3.0,5.0
106944,2024-04-26,  Dubai  ,ELECTRONICS,2906.18,1,,2906.18,2760.87,  Wallet  ,Returning,4.0,3.8
147099,11/29/2025,  Dubai  ,  Home & Kitchen  ,367.19,1,10.0,367.19,330.47,CASH ON DELIVERY,New,4.0,4.9
114436,25/08/2024,DUBAI,fashion,132.89,1,10.0,132.89,119.6,Card,New,2.0,4.6
102009,2024-02-04,ajman,Groceries,64.41,1,20.0,64.41,51.53,Card,Returning,4.0,4.7
142430,10/07/2025,dubai,  Groceries  ,61.37,1,0.0,61.37,61.37,  Cash on Delivery  ,New,1.0,3.2
106928,04/26/2024,sharjah,  Electronics  ,467.73,1,0.0,467.73,467.73,CARD,Returning,2.0,4.7
101556,2024-01-27,  Dubai  ,fashion,188.78,2,5.0,377.56,358.68,Card,New,6.0,4.3
127128,2025-02-27,  Dubai  ,home & kitchen,732.8,1,15.0,732.8,622.88,CARD,Returning,2.0,3.7
124782,01/20/2025,  Dubai  ,Mobile Accessories,224.12,2,5.0,448.24,425.83,card,Returning,2.0,3.7
124896,22/01/2025,DUBAI,BEAUTY & PERSONAL CARE,239.8,1,0.0,239.8,239.8,CARD,Returning,2.0,3.9
131809,05/09/2025,  Abu Dhabi  ,GROCERIES,49.54,1,15.0,49.54,42.11,  Card  ,Returning,2.0,4.5
112397,2024-07-26,Ajman,Electronics,1236.02,1,10.0,1236.02,1112.42,CARD,Returning,2.0,3.8
133178,29/05/2025,,ELECTRONICS,1171.54,1,10.0,1171.54,1054.39,Cash on Delivery,Returning,2.0,3.9
103435,2024-02-28,Sharjah,Groceries,196.58,1,10.0,196.58,176.92,Cash on Delivery,Returning,4.0,
104379,16/03/2024,ras al khaimah,Mobile Accessories,60.71,1,0.0,60.71,60.71,Card,Returning,1.0,3.0
147823,12/08/2025,DUBAI,ELECTRONICS,1334.14,1,5.0,1334.14,1267.43,Cash on Delivery,New,,3.8
102960,02/20/2024,Dubai,home & kitchen,230.99,1,0.0,230.99,230.99,CARD,New,2.0,4.0
104306,2024-03-15,Ajman ,Groceries,256.45,2,,512.9,461.61,  Cash on Delivery  ,Returning,1.0,5.0
112101,20/07/2024,  Sharjah  ,Electronics,2981.1,1,0.0,2981.1,2981.1,Cash on Delivery,Returning,4.0,4.9
100914,01/17/2024,Abu Dhabi,MOBILE ACCESSORIES,171.54,1,5.0,171.54,162.96,CASH ON DELIVERY,New,3.0,4.4
128953,2025-03-30,RAS AL KHAIMAH,Home & Kitchen,321.91,1,0.0,321.91,321.91,Cash on Delivery,New,3.0,5.0
137121,27/07/2025,Sharja,electronics,2909.86,1,0.0,2909.86,2909.86,Card,New,1.0,4.0
131780,2025-05-08,sharjah,electronics,3134.38,1,0.0,3134.38,3134.38,  Cash on Delivery  ,New,2.0,3.4
120965,2024-11-27,,,2483.0,2,40.0,4966.0,2979.6,CARD,New,5.0,4.2
130548,19-04-2025,ras al khaimah,Fashion,213.29,1,0.0,213.29,213.29,card,Returning,1.0,4.2
128296,03/21/2025,abu dhabi,Mobile Accessories,69.52,2,15.0,139.04,118.18,  Card  ,Returning,1.0,4.7
124957,01/23/2025,abu dhabi,fashion,590.42,2,10.0,1180.84,1062.76,card,Returning,,5.0
115298,09/04/2024,Sharja,  Beauty & Personal Care  ,399.09,2,20.0,798.18,638.54,  Cash on Delivery  ,Returning,3.0,3.9
137510,02-08-2025,dubai,  Electronics  ,1847.14,1,10.0,1847.14,1662.43,  Card  ,New,5.0,4.4
137720,08/05/2025,dubai,electronics,920.99,1,10.0,920.99,828.89,cash on delivery,Returning,1.0,5.0
131020,2025-04-26,Sharjah,ELECTRONICS,2428.35,1,15.0,2428.35,2064.1,CARD,Returning,3.0,3.7
122236,11/12/2024,Dubai,Home & Kitchen,739.17,1,10.0,739.17,665.25,card,New,3.0,4.2
111851,17/07/2024,Dubay,HOME & KITCHEN,82.85,1,0.0,82.85,82.85,CARD,Returning,2.0,4.6
105793,2024-04-11,Dubai,Home & Kitchen,395.0,1,0.0,395.0,395.0,  Card  ,Returning,2.0,4.1
132433,18-05-2025,AJMAN,groceries,211.64,1,0.0,211.64,211.64,  Card  ,Returning,3.0,3.9
141214,20-09-2025,,  Electronics  ,1573.8,1,10.0,1573.8,1416.42,CARD,New,5.0,
120723,2024-11-25,ras al khaimah,  Beauty & Personal Care  ,150.01,1,40.0,150.01,90.01,  Card  ,New,3.0,3.4
139134,08/23/2025,DUBAI,Fashion,157.75,1,5.0,157.75,149.86,Card,Returning,4.0,4.4
112207,2024-07-22,  Dubai  ,home & kitchen,868.26,1,5.0,868.26,824.85,WALLET,Returning,3.0,3.8
107782,10-05-2024,DUBAI,Fashion,174.24,1,30.0,174.24,121.97,cash on delivery,Returning,3.0,4.2
125635,2025-02-02,Ajman,  Home & Kitchen  ,616.88,1,5.0,616.88,586.04,CASH ON DELIVERY,Returning,2.0,3.9
107756,2024-05-10,DUBAI,  Fashion  ,549.84,1,5.0,549.84,522.35,CASH ON DELIVERY,New,5.0,5.0
122935,22-12-2024,dubai,home & kitchen,775.24,1,5.0,775.24,736.48,CASH ON DELIVERY,New,3.0,3.6
141098,09/18/2025,Dubai,fashion,360.01,1,0.0,360.01,360.01,wallet,New,3.0,5.0
102407,2024-02-10,ABU DHABI,Beauty & Personal Care,227.44,1,5.0,227.44,216.07,  Card  ,Returning,1.0,4.8
137620,03/08/2025,Ras Al Khaimah,fashion,129.35,1,0.0,129.35,129.35,Card,Returning,3.0,
142330,10/05/2025,Dubai,MOBILE ACCESSORIES,239.25,1,10.0,239.25,215.32,CARD,New,5.0,5.0
148802,22/12/2025,  Abu Dhabi  ,  Fashion  ,525.39,1,0.0,525.39,525.39,card,Returning,4.0,4.0
144588,06/11/2025,dubai,home & kitchen,289.36,1,5.0,289.36,274.89,card,Returning,4.0,3.8
135053,2025-06-26,  Abu Dhabi  ,Fashion,143.03,1,10.0,143.03,128.73,  Wallet  ,New,4.0,4.2
131844,09/05/2025,DUBAI,Fashion,197.57,1,20.0,197.57,158.06,cash on delivery,New,4.0,3.8
119924,2024-11-18,RAS AL KHAIMAH,Home & Kitchen,581.0,2,10.0,1162.0,1045.8,card,Returning,4.0,4.5
105240,03/04/2024,ras al khaimah,FASHION,409.83,3,0.0,1229.49,1229.49,CARD,Returning,1.0,4.1
121375,2024-11-29,Abu Dhabi,  Electronics  ,920.75,2,40.0,1841.5,1104.9,CARD,Returning,3.0,5.0
106734,2024-04-23,dubai,  Groceries  ,166.92,1,5.0,166.92,158.57,  Card  ,Returning,3.0,3.8
145129,11/13/2025,DUBAI,beauty & personal care,126.66,1,0.0,126.66,126.66,card,New,2.0,4.2
108749,05/25/2024,ABU DHABI,HOME & KITCHEN,249.39,1,5.0,249.39,236.92,card,Returning,4.0,5.0
103075,22-02-2024,  Dubai  ,Mobile Accessories,65.54,1,0.0,65.54,65.54,Card,New,2.0,4.4
139947,02/09/2025,dubai,Mobile Accessories,85.18,1,15.0,85.18,72.4,card,Returning,3.0,4.4
145987,11/22/2025,DUBAI,Fashion,242.03,1,30.0,242.03,169.42,card,Returning,6.0,4.3
109171,2024-06-02,ABU DHABI,Electronics,2968.83,1,15.0,2968.83,2523.51,  Cash on Delivery  ,Returning,2.0,4.4
105270,03-04-2024,,Fashion,332.59,1,20.0,332.59,266.07,CASH ON DELIVERY,Returning,2.0,4.3
110593,2024-06-26,AJMAN,  Beauty & Personal Care  ,361.02,1,15.0,361.02,306.87,card,Returning,1.0,
149237,12/28/2025,dubai,GROCERIES,255.85,1,0.0,255.85,255.85,  Card  ,Returning,2.0,5.0
106117,13-04-2024,sharjah,Home & Kitchen,120.1,1,0.0,120.1,120.1,CASH ON DELIVERY,Returning,4.0,3.5
104319,15-03-2024,ras al khaimah,beauty & personal care,99.29,1,10.0,99.29,89.36,  Card  ,Returning,4.0,4.1
102402,02/10/2024,Abu Dhabi,Beauty & Personal Care,349.03,1,0.0,349.03,349.03,card,New,5.0,4.3
126076,09/02/2025,Dubai,  Groceries  ,49.88,3,15.0,149.64,127.19,,Returning,3.0,3.7
116097,2024-09-17,  Ras Al Khaimah  ,Mobile Accessories,182.59,1,,182.59,173.46,CASH ON DELIVERY,New,2.0,
106001,12/04/2024,ABU DHABI,groceries,51.95,1,15.0,51.95,44.16,  Card  ,Returning,3.0,3.4
111422,10/07/2024,  Dubai  ,  Groceries  ,211.85,1,30.0,211.85,148.29,Card,Returning,4.0,3.5
134576,19/06/2025,Abu Dhabi,Groceries,69.58,1,10.0,69.58,62.62,Card,Returning,4.0,3.9
119908,18/11/2024,DUBAI,Fashion,86.75,1,0.0,86.75,86.75,  Cash on Delivery  ,New,2.0,4.3
107721,2024-05-09,DUBAI,beauty & personal care,134.76,2,20.0,269.52,215.62,CASH ON DELIVERY,Returning,1.0,5.0
115766,11-09-2024,Ajman,Fashion,359.3,1,20.0,359.3,287.44,Cash on Delivery,Returning,4.0,
126512,17/02/2025,Dubai,  Fashion  ,159.91,-1,10.0,159.91,143.92,  Wallet  ,Returning,1.0,3.5
104296,15/03/2024,  Dubai  ,Electronics,1179.38,1,20.0,1179.38,943.5,card,New,5.0,3.7
120506,2024-11-24,abu dhabi,MOBILE ACCESSORIES,105.64,1,40.0,105.64,63.38,card,New,3.0,4.1
131654,2025-05-06,Dubay,fashion,427.89,1,30.0,427.89,299.52,  Cash on Delivery  ,New,4.0,4.3
130136,2025-04-14,Dubai,ELECTRONICS,2665.77,1,,2665.77,2665.77,CARD,New,2.0,5.0
102774,17/02/2024,  Sharjah  ,groceries,66.13,2,0.0,132.26,132.26,card,Returning,2.0,3.7
112687,31-07-2024,Dubai,mobile accessories,226.24,1,15.0,226.24,192.3,CARD,Returning,2.0,4.6
120721,25/11/2024,  Dubai  ,Home & Kitchen,798.74,1,,798.74,559.12,  Cash on Delivery  ,New,3.0,4.9
118064,10/19/2024,sharjah,ELECTRONICS,3050.29,1,30.0,3050.29,2135.2,cash on delivery,Returning,4.0,4.8
114232,22-08-2024,Abu Dhabi,FASHION,306.5,1,5.0,306.5,291.18,cash on delivery,Returning,1.0,4.0
129776,08/04/2025,DUBAI,Fashion,198.72,1,0.0,198.72,198.72,cash on delivery,Returning,3.0,3.9
104617,03/21/2024,sharjah,FASHION,555.26,1,15.0,555.26,471.97,Card,Returning,2.0,4.7
104745,03/24/2024,Abu Dhabi,electronics,2702.9,1,0.0,2702.9,2702.9,CASH ON DELIVERY,Returning,2.0,4.4
142812,10/12/2025,ABU DHABI,fashion,148.22,1,0.0,148.22,148.22,CARD,New,3.0,4.6
108328,05/18/2024,abu dhabi,HOME & KITCHEN,56.61,1,0.0,56.61,56.61,cash on delivery,Returning,5.0,
145080,2025-11-13,DUBAI,Mobile Accessories,215.18,1,30.0,215.18,150.63,Wallet,New,5.0,
121237,28/11/2024,ajman,  Beauty & Personal Care  ,128.4,1,10.0,128.4,115.56,wallet,Returning,3.0,5.0
124914,2025-01-22,Ras Al Khaimah,home & kitchen,550.69,1,10.0,550.69,495.62,CARD,Returning,4.0,4.0
133133,05/28/2025,Abu Dhabi,Beauty & Personal Care,313.72,1,20.0,313.72,250.98,CASH ON DELIVERY,Returning,5.0,4.7
120379,2024-11-23,  Sharjah  ,electronics,1409.66,3,20.0,4228.98,3383.18,cash on delivery,Returning,4.0,
123258,2024-12-27,  Ras Al Khaimah  ,electronics,1674.14,2,15.0,3348.28,2846.04,  Card  ,Returning,2.0,3.2
127386,2025-03-03,abu dhabi,fashion,555.46,1,5.0,555.46,527.69,CARD,New,2.0,3.9
107692,2024-05-09,dubai,Mobile Accessories,40.24,1,10.0,40.24,36.22,  Wallet  ,Returning,1.0,4.5
115688,2024-09-10,dubai,HOME & KITCHEN,747.42,1,0.0,747.42,747.42,cash on delivery,Returning,3.0,3.3
135558,07/04/2025,Dubai,  Electronics  ,3059.79,1,15.0,3059.79,2600.82,,New,3.0,3.9
123016,24-12-2024,Ras Al Khaimah,Mobile Accessories,114.63,2,5.0,229.26,217.8,  Card  ,New,1.0,5.0
130780,2025-04-23,dubai,  Electronics  ,1039.54,2,10.0,2079.08,1871.17,Card,New,4.0,5.0
106065,13/04/2024,  Dubai  ,  Home & Kitchen  ,172.13,1,0.0,172.13,172.13,  Wallet  ,Returning,2.0,4.6
134342,06/16/2025,ABU DHABI,  Electronics  ,616.71,1,,616.71,616.71,CARD,Returning,4.0,3.8
128582,2025-03-26,  Sharjah  ,Electronics,2803.86,1,30.0,2803.86,1962.7,card,New,4.0,3.8
148682,2025-12-20,DUBAI,GROCERIES,28.78,1,10.0,28.78,25.9,  Card  ,Returning,4.0,3.1
142785,10/12/2025,ABU DHABI,  Home & Kitchen  ,320.96,1,20.0,320.96,256.77,Cash on Delivery,Returning,2.0,3.5
114096,08/21/2024,AJMAN,FASHION,191.16,2,0.0,382.32,382.32,cash on delivery,New,3.0,3.1
140843,09/14/2025,Dubai,FASHION,358.59,1,15.0,358.59,304.8,CASH ON DELIVERY,New,3.0,4.5
114225,22/08/2024,SHARJAH,MOBILE ACCESSORIES,44.52,1,10.0,44.52,40.07,WALLET,New,4.0,3.1
138717,19-08-2025,  Sharjah  ,  Electronics  ,569.5,1,20.0,569.5,455.6,  Card  ,Returning,4.0,5.0
136491,07/18/2025,sharjah,FASHION,349.58,1,10.0,349.58,314.62,WALLET,Returning,,5.0
141238,2025-09-20,dubai,  Mobile Accessories  ,34.22,1,5.0,34.22,32.51,  Wallet  ,New,3.0,5.0
101023,2024-01-18,  Abu Dhabi  ,  Beauty & Personal Care  ,203.39,1,15.0,203.39,172.88,card,Returning,2.0,4.5
131519,05/04/2025,Ajman,  Electronics  ,1689.34,1,10.0,1689.34,1520.41,card,Returning,2.0,3.9
100173,2024-01-04,abu dhabi,  Fashion  ,376.33,1,20.0,376.33,301.06,WALLET,Returning,3.0,4.1
144149,10/31/2025,  Dubai  ,beauty & personal care,228.64,1,0.0,228.64,228.64,  Card  ,Returning,3.0,2.8
137755,08/05/2025,DUBAI,beauty & personal care,208.11,1,20.0,208.11,166.49,  Card  ,Returning,3.0,3.9
119747,2024-11-15,SHARJAH,HOME & KITCHEN,105.28,1,5.0,105.28,100.02,card,New,4.0,4.5
103805,06-03-2024,dubai,mobile accessories,144.27,1,15.0,144.27,122.63,CASH ON DELIVERY,Returning,1.0,4.2
114671,28/08/2024,dubai,Fashion,58.9,1,10.0,58.9,53.01,CARD,Returning,3.0,4.6
117219,06/10/2024,dubai,BEAUTY & PERSONAL CARE,321.41,1,0.0,321.41,321.41,  Cash on Delivery  ,Returning,1.0,3.7
123439,2024-12-30,  Ajman  ,Electronics,2350.8,1,0.0,2350.8,2350.8,cash on delivery,Returning,3.0,4.7
102061,05/02/2024,dubai,  Electronics  ,467.93,1,30.0,467.93,327.55,  Card  ,Returning,1.0,5.0
102992,20/02/2024,Abu Dhabi,Fashion,400.25,1,0.0,400.25,400.25,Cash on Delivery,Returning,2.0,3.6
139766,30/08/2025,dubai,BEAUTY & PERSONAL CARE,210.03,1,0.0,210.03,210.03,CARD,Returning,3.0,4.6
108007,05/14/2024,ABU DHABI,beauty & personal care,312.2,1,10.0,312.2,280.98,CARD,Returning,1.0,4.4
117112,10/04/2024,Dubai ,Beauty & Personal Care,274.77,1,0.0,274.77,274.77,CARD,Returning,4.0,
104031,2024-03-10,RAS AL KHAIMAH,FASHION,491.25,1,0.0,491.25,491.25,card,Returning,2.0,4.5
120268,22-11-2024,ras al khaimah,  Groceries  ,262.73,1,30.0,262.73,183.91,card,New,1.0,2.6
108889,05/29/2024,Dubai,ELECTRONICS,2455.52,2,0.0,4911.04,4911.04,cash on delivery,Returning,1.0,4.4
138556,17/08/2025,dubai,Electronics,958.47,1,0.0,958.47,958.47,Cash on Delivery,New,3.0,4.7
111409,2024-07-10,ABU DHABI,HOME & KITCHEN,258.9,1,15.0,258.9,220.06,  Wallet  ,New,,4.2
103401,28/02/2024,RAS AL KHAIMAH,Groceries,97.28,2,0.0,194.56,194.56,Wallet,New,2.0,4.6
133027,05/27/2025,dubai,electronics,2405.24,1,0.0,2405.24,2405.24,card,Returning,2.0,
122583,12/16/2024,dubai,Mobile Accessories,140.07,1,10.0,140.07,126.06,,Returning,1.0,4.8
148256,15/12/2025,ABU DHABI,Groceries,152.75,1,20.0,152.75,122.2,card,Returning,3.0,3.9
118147,20-10-2024,  Dubai  ,fashion,149.14,1,10.0,149.14,134.23,CARD,Returning,3.0,4.5
132696,05/22/2025,ABU DHABI,Beauty & Personal Care,238.3,1,0.0,238.3,238.3,Card,Returning,2.0,4.6
145310,16-11-2025,DUBAI,Electronics,2680.68,1,5.0,2680.68,2546.65,Card,Returning,2.0,5.0
133148,29-05-2025,DUBAI,FASHION,149.98,1,,149.98,149.98,  Card  ,Returning,4.0,4.7
141063,09/18/2025,dubai,electronics,943.79,1,10.0,943.79,849.41,card,New,1.0,3.8
104419,17/03/2024,DUBAI,ELECTRONICS,942.05,1,0.0,942.05,942.05,card,New,4.0,5.0
104097,11/03/2024,AJMAN,  Electronics  ,2086.3,1,10.0,2086.3,1877.67,Card,Returning,1.0,4.9
104555,20-03-2024,ajman,Beauty & Personal Care,213.36,1,0.0,213.36,213.36,  Card  ,Returning,1.0,4.1
103536,01/03/2024,,MOBILE ACCESSORIES,175.88,1,10.0,175.88,158.29,CARD,New,3.0,4.5
136418,2025-07-17,,Mobile Accessories,190.15,1,15.0,190.15,161.63,  Cash on Delivery  ,Returning,3.0,2.9
141849,29-09-2025,,fashion,436.68,1,15.0,436.68,371.18,  Card  ,Returning,3.0,4.2
148973,25-12-2025,Dubay,home & kitchen,602.42,1,0.0,602.42,602.42,CARD,New,4.0,4.5
101265,22/01/2024,DUBAI,Home & Kitchen,74.02,1,0.0,74.02,74.02,card,Returning,3.0,3.6
142258,2025-10-04,Dubai,Fashion,375.16,1,10.0,375.16,337.64,  Card  ,Returning,2.0,4.8
131493,04-05-2025,  Dubai  ,  Beauty & Personal Care  ,390.68,3,20.0,1172.04,937.63,  Card  ,Returning,1.0,5.0
124895,22/01/2025,sharjah,Mobile Accessories,62.51,1,0.0,62.51,62.51,Card,New,6.0,4.0
129051,2025-03-31,  Abu Dhabi  ,FASHION,160.61,3,5.0,481.83,457.74,Card,Returning,4.0,3.8
107002,2024-04-27,DUBAI,  Electronics  ,2906.73,2,20.0,5813.46,4650.77,Cash on Delivery,Returning,2.0,2.8
139093,23-08-2025,Dubai,Fashion,204.43,1,0.0,204.43,204.43,  Card  ,New,1.0,3.3
103875,07/03/2024,Ras Al Khaimah,  Groceries  ,163.09,2,5.0,326.18,309.87,wallet,Returning,1.0,3.2
105980,2024-04-12,Ajman ,Electronics,2693.0,1,5.0,2693.0,2558.35,CASH ON DELIVERY,New,1.0,3.6
132885,2025-05-24,DUBAI,  Home & Kitchen  ,633.3,2,15.0,1266.6,1076.61,card,New,4.0,
140632,11/09/2025,abu dhabi,ELECTRONICS,2153.08,1,10.0,2153.08,1937.77,  Cash on Delivery  ,Returning,2.0,4.0
143175,18-10-2025,  Sharjah  ,  Fashion  ,527.83,1,5.0,527.83,501.44,CASH ON DELIVERY,Returning,1.0,4.6
101464,2024-01-26,  Dubai  ,Electronics,788.98,1,0.0,788.98,788.98,  Card  ,New,4.0,3.5
133284,31/05/2025,Abu Dhabi,fashion,368.71,2,15.0,737.42,626.81,Card,New,2.0,4.6
121170,28/11/2024,Dubai ,  Beauty & Personal Care  ,391.25,2,40.0,782.5,469.5,cash on delivery,New,1.0,3.8
119609,2024-11-13,abu dhabi,  Groceries  ,222.87,1,0.0,222.87,222.87,CARD,New,3.0,3.4
129841,09-04-2025,Abu Dhabi,MOBILE ACCESSORIES,154.19,1,5.0,154.19,146.48,Card,New,3.0,4.5
136466,2025-07-18,Ajman,home & kitchen,191.47,1,0.0,191.47,191.47,  Cash on Delivery  ,Returning,3.0,3.6
113075,06/08/2024,  Dubai  ,fashion,333.42,1,0.0,333.42,333.42,CARD,New,4.0,5.0
125164,26-01-2025,ajman,  Mobile Accessories  ,37.72,2,10.0,75.44,67.9,  Card  ,Returning,5.0,3.0
131753,08-05-2025,  Dubai  ,mobile accessories,217.98,1,0.0,217.98,217.98,Cash on Delivery,Returning,2.0,4.5
131797,09/05/2025,abu dhabi,electronics,3292.88,1,15.0,3292.88,2798.95,Cash on Delivery,Returning,1.0,3.2
105777,04/10/2024,Sharja,HOME & KITCHEN,239.48,2,5.0,478.96,455.01,Card,Returning,3.0,3.4
107806,10-05-2024,ABU DHABI,electronics,2797.69,1,0.0,2797.69,2797.69,Card,New,1.0,4.5
126807,21-02-2025,Abu Dhabi,  Mobile Accessories  ,83.31,1,0.0,83.31,83.31,  Cash on Delivery  ,New,3.0,5.0
141224,09/20/2025,  Abu Dhabi  ,Beauty & Personal Care,89.61,2,15.0,179.22,152.34,Card,New,2.0,3.6
119329,11/09/2024,DUBAI,mobile accessories,224.9,1,30.0,224.9,157.43,Cash on Delivery,Returning,5.0,5.0
110189,19/06/2024,Dubai,home & kitchen,516.61,1,0.0,516.61,516.61,Card,Returning,1.0,2.9
119438,11/10/2024,dubai,home & kitchen,887.49,1,15.0,887.49,754.37,WALLET,Returning,3.0,3.7
141752,09/27/2025,  Ajman  ,Home & Kitchen,79.91,1,5.0,79.91,75.91,CARD,Returning,2.0,4.8
126018,2025-02-08,  Abu Dhabi  ,ELECTRONICS,460.17,1,0.0,460.17,460.17,  Cash on Delivery  ,Returning,3.0,2.9
115731,09/11/2024,Sharjah,HOME & KITCHEN,132.38,2,20.0,264.76,211.81,Card,Returning,3.0,
113173,08-08-2024,Sharja,Electronics,1566.55,2,0.0,3133.1,3133.1,CARD,Returning,3.0,3.6
106009,2024-04-12,Abu Dhabi,  Fashion  ,316.31,1,0.0,316.31,316.31,card,New,3.0,
112622,30-07-2024,  Dubai  ,BEAUTY & PERSONAL CARE,62.89,1,20.0,62.89,50.31,Cash on Delivery,Returning,,4.1
107253,01/05/2024,Sharja,groceries,207.46,2,5.0,414.92,394.17,Card,Returning,1.0,3.2
127356,2025-03-02,Abu Dhabi,BEAUTY & PERSONAL CARE,79.41,1,15.0,79.41,67.5,  Card  ,Returning,3.0,5.0
149426,31/12/2025,RAS AL KHAIMAH,ELECTRONICS,2020.36,1,20.0,2020.36,1616.29,CARD,Returning,1.0,3.7
104054,10/03/2024,DUBAI,  Fashion  ,272.0,1,0.0,272.0,272.0,card,Returning,3.0,3.8
118017,18-10-2024,,ELECTRONICS,2168.05,3,10.0,6504.15,5853.74,CARD,New,1.0,3.4
116065,09/16/2024,sharjah,Mobile Accessories,85.37,1,20.0,85.37,68.3,CARD,New,2.0,2.8
144179,31/10/2025,  Abu Dhabi  ,GROCERIES,161.12,1,5.0,161.12,153.06,  Card  ,Returning,3.0,4.4
127194,28/02/2025,dubai,home & kitchen,820.81,1,30.0,820.81,574.57,Wallet,Returning,3.0,4.7
109784,2024-06-12,DUBAI,Home & Kitchen,388.85,1,0.0,388.85,388.85,Cash on Delivery,New,1.0,4.3
107627,08/05/2024,SHARJAH,HOME & KITCHEN,750.69,1,15.0,750.69,638.09,Wallet,Returning,4.0,3.0
111425,10-07-2024,DUBAI,Beauty & Personal Care,64.88,2,5.0,129.76,123.27,Cash on Delivery,New,2.0,5.0
122029,08-12-2024,Abu Dhabi,mobile accessories,59.96,1,15.0,59.96,50.97,CARD,New,4.0,2.6
122243,2024-12-11,ajman,Mobile Accessories,143.57,1,15.0,143.57,122.03,card,Returning,3.0,4.5
101774,01-02-2024,abu dhabi,Beauty & Personal Care,300.25,1,0.0,300.25,300.25,CARD,Returning,4.0,3.9
121072,27/11/2024,DUBAI,home & kitchen,439.75,2,30.0,879.5,615.65,Card,New,4.0,3.6
114957,08/31/2024,  Ajman  ,Groceries,212.82,1,5.0,212.82,202.18,  Card  ,Returning,,3.3
143018,2025-10-16,AJMAN,Fashion,72.32,1,10.0,72.32,65.09,  Card  ,Returning,1.0,4.0
106135,13-04-2024,  Sharjah  ,electronics,1946.26,2,20.0,3892.52,3114.02,CARD,Returning,3.0,4.7
133534,2025-06-03,DUBAI,Home & Kitchen,437.31,1,5.0,437.31,415.44,  Card  ,Returning,,4.8
113819,2024-08-17,  Dubai  ,mobile accessories,226.26,1,10.0,226.26,203.63,card,Returning,2.0,3.5
125040,24-01-2025,  Dubai  ,,97.47,1,15.0,97.47,82.85,Wallet,Returning,1.0,4.8
146580,2025-11-26,SHARJAH,HOME & KITCHEN,300.73,1,20.0,300.73,240.58,card,Returning,,4.2
101013,2024-01-18,Sharjah,  Electronics  ,742.81,1,5.0,742.81,705.67,cash on delivery,Returning,4.0,3.2
137142,2025-07-27,  Dubai  ,beauty & personal care,321.18,1,20.0,321.18,256.94,  Cash on Delivery  ,Returning,4.0,3.7
115182,2024-09-03,  Abu Dhabi  ,home & kitchen,860.18,1,20.0,860.18,688.14,CASH ON DELIVERY,Returning,2.0,
109938,2024-06-15,Dubay,Mobile Accessories,75.42,3,0.0,226.26,226.26,cash on delivery,Returning,1.0,3.2
143829,10/27/2025,Dubay,,157.17,1,10.0,157.17,141.45,CASH ON DELIVERY,Returning,2.0,5.0
133553,2025-06-04,ABU DHABI,  Electronics  ,353.35,3,0.0,1060.05,1060.05,card,Returning,3.0,3.4
130709,22/04/2025,SHARJAH,Groceries,247.75,2,0.0,495.5,495.5,Card,Returning,2.0,4.3
108275,05/18/2024,sharjah,Fashion,88.03,1,15.0,88.03,74.83,Wallet,New,2.0,3.7
107934,12/05/2024,  Dubai  ,home & kitchen,676.85,1,0.0,676.85,676.85,cash on delivery,Returning,4.0,4.5
116399,22/09/2024,abu dhabi,FASHION,574.25,1,0.0,574.25,574.25,  Wallet  ,Returning,3.0,
106514,04/19/2024,abu dhabi,fashion,593.41,1,10.0,593.41,534.07,Cash on Delivery,Returning,1.0,3.7
149441,12/31/2025,DUBAI,Groceries,260.48,1,30.0,260.48,182.34,card,Returning,2.0,4.0
134155,2025-06-13,ajman,fashion,48.66,1,15.0,48.66,41.36,Wallet,Returning,4.0,3.6
135668,05-07-2025,Dubai,MOBILE ACCESSORIES,193.18,1,15.0,193.18,164.2,Card,Returning,3.0,4.4
106887,2024-04-25,abu dhabi,  Electronics  ,1896.39,2,5.0,3792.78,3603.14,wallet,New,1.0,4.9
143603,24/10/2025,Dubai,FASHION,66.6,1,10.0,66.6,59.94,  Card  ,Returning,2.0,4.2
118815,10/31/2024,DUBAI,FASHION,319.21,1,0.0,319.21,319.21,WALLET,Returning,3.0,3.9
110550,25-06-2024,sharjah,home & kitchen,102.9,1,5.0,102.9,97.76,card,Returning,5.0,5.0
137075,2025-07-26,dubai,FASHION,208.04,3,0.0,624.12,624.12,card,Returning,3.0,
106877,04/25/2024,  Sharjah  ,,215.76,1,,215.76,194.18,wallet,Returning,3.0,4.3
139064,23/08/2025,  Dubai  ,BEAUTY & PERSONAL CARE,165.18,1,0.0,165.18,165.18,Cash on Delivery,Returning,3.0,5.0
106759,23-04-2024,ABU DHABI,Groceries,193.81,1,10.0,193.81,174.43,CARD,Returning,2.0,4.3
128128,2025-03-18,Dubay,  Fashion  ,591.49,1,30.0,591.49,414.04,CARD,New,1.0,4.2
114616,08/27/2024,  Dubai  ,fashion,436.9,1,5.0,436.9,415.05,cash on delivery,New,1.0,4.9
104532,20-03-2024,AJMAN,home & kitchen,400.96,2,15.0,801.92,681.63,wallet,Returning,3.0,5.0
115509,07/09/2024,ras al khaimah,Electronics,2157.56,1,5.0,2157.56,2049.68,CARD,Returning,4.0,3.8
108073,15-05-2024,Ajman,  Electronics  ,3428.98,1,15.0,3428.98,2914.63,  Card  ,Returning,3.0,
102195,2024-02-08,Abu Dhabi,mobile accessories,195.53,1,10.0,195.53,175.98,Wallet,Returning,3.0,
105856,11-04-2024,ABU DHABI,Beauty & Personal Care,153.13,1,0.0,153.13,153.13,Card,Returning,3.0,3.4
127718,10-03-2025,DUBAI,  Groceries  ,136.08,1,15.0,136.08,115.67,  Cash on Delivery  ,New,2.0,4.8
124331,2025-01-12,ABU DHABI,Groceries,175.65,1,0.0,175.65,175.65,card,New,3.0,4.7
145276,11/15/2025,ABU DHABI,  Fashion  ,506.14,1,0.0,506.14,506.14,Cash on Delivery,Returning,2.0,3.0
105651,09/04/2024,Abu Dhabi,fashion,333.53,1,15.0,333.53,283.5,  Card  ,New,3.0,4.6
139373,26-08-2025,Dubai,Mobile Accessories,176.5,3,5.0,529.5,503.02,CASH ON DELIVERY,Returning,5.0,4.9
104528,20-03-2024,Sharjah,  Beauty & Personal Care  ,176.89,1,10.0,176.89,159.2,card,Returning,2.0,5.0
109482,2024-06-07,DUBAI,Mobile Accessories,27.89,2,5.0,55.78,52.99,Wallet,New,1.0,3.9
124691,18-01-2025,  Dubai  ,,305.58,2,10.0,611.16,550.04,  Wallet  ,Returning,1.0,4.5
113547,2024-08-14,SHARJAH,MOBILE ACCESSORIES,197.28,2,10.0,394.56,355.1,CASH ON DELIVERY,New,3.0,4.5
136118,12-07-2025,dubai,  Beauty & Personal Care  ,112.29,1,15.0,112.29,95.45,  Card  ,New,2.0,
112704,2024-07-31,dubai,  Mobile Accessories  ,59.0,1,5.0,59.0,56.05,card,New,3.0,4.1
116805,29-09-2024,sharjah,  Beauty & Personal Care  ,260.38,1,5.0,260.38,247.36,  Card  ,Returning,1.0,5.0
134590,19/06/2025,dubai,electronics,3207.42,1,10.0,3207.42,2886.68,CASH ON DELIVERY,Returning,3.0,3.3
146367,11/25/2025,Sharjah,groceries,121.29,1,10.0,121.29,109.16,CASH ON DELIVERY,Returning,3.0,
113673,08/15/2024,DUBAI,electronics,985.35,1,0.0,985.35,985.35,cash on delivery,Returning,1.0,3.7
123974,07/01/2025,Dubai,Home & Kitchen,659.53,1,15.0,659.53,560.6,Card,New,3.0,3.9
143623,24-10-2025,DUBAI,beauty & personal care,349.53,1,10.0,349.53,314.58,Cash on Delivery,Returning,2.0,2.5
103430,02/28/2024,  Abu Dhabi  ,Home & Kitchen,782.64,1,0.0,782.64,782.64,CARD,New,,4.1
112083,20/07/2024,sharjah,Mobile Accessories,185.95,1,0.0,185.95,185.95,CARD,New,3.0,
138986,22-08-2025,  Abu Dhabi  ,Home & Kitchen,653.18,1,20.0,653.18,522.54,CARD,Returning,6.0,5.0
125586,01/02/2025,DUBAI,Electronics,2583.45,1,0.0,2583.45,2583.45,  Card  ,Returning,3.0,4.4
108074,05/15/2024,ajman,FASHION,184.31,1,5.0,184.31,175.09,cash on delivery,New,1.0,3.6
133565,2025-06-04,DUBAI,beauty & personal care,299.6,1,5.0,299.6,284.62,card,Returning,1.0,4.2
126637,2025-02-19,Dubay,Home & Kitchen,303.41,1,5.0,303.41,288.24,card,New,,4.4
109586,09-06-2024,  Dubai  ,Electronics,454.56,1,5.0,454.56,431.83,  Cash on Delivery  ,New,2.0,4.0
102406,2024-02-10,SHARJAH,ELECTRONICS,1613.01,1,,1613.01,1371.06,  Cash on Delivery  ,New,3.0,3.5
123919,06-01-2025,DUBAI,Fashion,94.2,1,10.0,94.2,84.78,CASH ON DELIVERY,New,999.0,4.2
112347,25-07-2024,  Abu Dhabi  ,HOME & KITCHEN,390.84,1,10.0,390.84,351.76,  Cash on Delivery  ,Returning,3.0,2.5
132661,21/05/2025,dubai,Beauty & Personal Care,29.15,1,30.0,29.15,20.4,Cash on Delivery,Returning,3.0,
100175,01/04/2024,  Sharjah  ,  Home & Kitchen  ,344.18,3,10.0,1032.54,929.29,  Card  ,Returning,2.0,4.8
126707,2025-02-20,abu dhabi,mobile accessories,212.78,1,30.0,212.78,148.95,CASH ON DELIVERY,Returning,3.0,3.9
115127,02/09/2024,DUBAI,MOBILE ACCESSORIES,41.51,1,30.0,41.51,29.06,Card,New,3.0,3.7
130886,25-04-2025,dubai,  Mobile Accessories  ,145.39,1,15.0,145.39,123.58,card,New,2.0,3.7
146455,25/11/2025,  Dubai  ,  Mobile Accessories  ,230.56,1,10.0,230.56,207.5,Cash on Delivery,Returning,3.0,3.7
147762,07-12-2025,ABU DHABI,fashion,531.4,2,20.0,1062.8,850.24,CARD,Returning,1.0,5.0
124366,2025-01-13,Ras Al Khaimah,Groceries,109.42,1,10.0,109.42,98.48,CARD,Returning,2.0,
143255,19/10/2025,dubai,ELECTRONICS,942.68,1,15.0,942.68,801.28,Card,Returning,3.0,3.5
111388,09/07/2024,Dubai ,Fashion,229.2,1,5.0,229.2,217.74,  Card  ,New,,4.9
147595,12/05/2025,Dubai,MOBILE ACCESSORIES,40.87,1,10.0,40.87,36.78,Card,Returning,3.0,3.8
117317,07-10-2024,SHARJAH,HOME & KITCHEN,609.12,1,15.0,609.12,517.75,CASH ON DELIVERY,New,,4.1
109994,06/15/2024,  Dubai  ,beauty & personal care,223.18,1,0.0,223.18,223.18,CARD,New,3.0,4.8
145528,2025-11-19,Dubai,  Fashion  ,55.1,1,0.0,55.1,55.1,Card,Returning,2.0,3.2
141489,24-09-2025,ABU DHABI,HOME & KITCHEN,475.82,3,0.0,1427.46,1427.46,  Card  ,Returning,2.0,4.1
113361,2024-08-11,dubai,GROCERIES,188.86,1,0.0,188.86,188.86,  Cash on Delivery  ,New,2.0,4.0
134785,06/22/2025,  Abu Dhabi  ,groceries,93.27,3,20.0,279.81,223.85,Cash on Delivery,New,3.0,4.0
122410,14/12/2024,ajman,groceries,251.0,3,10.0,753.0,677.7,  Card  ,Returning,5.0,4.8
121118,2024-11-28,dubai,  Electronics  ,632.63,1,40.0,632.63,379.58,Wallet,Returning,3.0,3.3
127807,12/03/2025,  Dubai  ,  Mobile Accessories  ,80.05,1,10.0,80.05,72.04,CARD,Returning,3.0,3.3
115371,2024-09-05,abu dhabi,  Beauty & Personal Care  ,244.05,2,15.0,488.1,414.88,cash on delivery,New,3.0,4.3
102570,13-02-2024,DUBAI,  Groceries  ,17.94,1,20.0,17.94,14.35,  Card  ,New,1.0,
122097,09/12/2024,sharjah,beauty & personal care,390.56,1,0.0,390.56,390.56,CARD,Returning,4.0,4.1
129987,2025-04-11,,  Electronics  ,511.52,1,0.0,511.52,511.52,cash on delivery,Returning,3.0,
135812,2025-07-07,ABU DHABI,Electronics,468.46,1,10.0,468.46,421.61,cash on delivery,Returning,4.0,4.5
142400,10/06/2025,  Sharjah  ,Groceries,283.67,1,15.0,283.67,241.12,card,Returning,5.0,5.0
106698,04/22/2024,abu dhabi,fashion,265.49,1,0.0,265.49,265.49,Cash on Delivery,New,2.0,5.0
143015,10/15/2025,ABU DHABI,  Beauty & Personal Care  ,201.6,2,20.0,403.2,322.56,card,Returning,2.0,4.7
140563,10-09-2025,sharjah,MOBILE ACCESSORIES,144.54,1,0.0,144.54,144.54,Card,New,1.0,3.6
140687,12-09-2025,RAS AL KHAIMAH,  Home & Kitchen  ,109.19,1,0.0,109.19,109.19,card,Returning,1.0,3.9
116702,27-09-2024,  Dubai  ,  Groceries  ,183.22,1,30.0,183.22,128.25,card,New,2.0,5.0
122677,18-12-2024,Abu Dhabi,groceries,43.54,1,10.0,43.54,39.19,  Cash on Delivery  ,Returning,,5.0
127920,2025-03-14,Ajman,GROCERIES,228.99,1,0.0,228.99,228.99,  Wallet  ,Returning,2.0,4.7
149123,2025-12-27,,Mobile Accessories,121.57,1,0.0,121.57,121.57,CARD,Returning,2.0,3.7
144277,11/01/2025,DUBAI,fashion,592.05,1,0.0,592.05,592.05,  Cash on Delivery  ,New,3.0,4.8
117903,16/10/2024,AJMAN,Beauty & Personal Care,242.83,1,20.0,242.83,194.26,CARD,Returning,1.0,3.4
136152,12/07/2025,Ajman,FASHION,288.37,1,10.0,288.37,259.53,Cash on Delivery,New,1.0,4.9
118343,23-10-2024,  Ras Al Khaimah  ,mobile accessories,44.52,1,5.0,44.52,42.29,  Cash on Delivery  ,New,1.0,
112590,29-07-2024,dubai,Groceries,111.62,1,30.0,111.62,78.13,Card,New,3.0,3.5
124078,09/01/2025,SHARJAH,  Fashion  ,353.21,2,15.0,706.42,600.46,wallet,New,,3.6
110994,02/07/2024,Abu Dhabi,groceries,232.42,1,0.0,232.42,232.42,CARD,Returning,2.0,2.7
121086,2024-11-27,SHARJAH,Fashion,417.57,1,20.0,417.57,334.06,cash on delivery,Returning,2.0,5.0
141868,2025-09-29,DUBAI,  Fashion  ,474.17,1,15.0,474.17,403.04,CARD,Returning,1.0,5.0
131562,2025-05-05,Dubai,Fashion,160.38,1,10.0,160.38,144.34,  Wallet  ,Returning,2.0,3.7
143188,18/10/2025,RAS AL KHAIMAH,fashion,98.29,1,0.0,98.29,98.29,CASH ON DELIVERY,Returning,4.0,3.1
123011,24/12/2024,dubai,  Groceries  ,147.72,2,0.0,295.44,295.44,  Wallet  ,New,,3.4
133062,2025-05-27,SHARJAH,FASHION,251.14,3,10.0,753.42,678.08,WALLET,Returning,3.0,4.4
124699,01/18/2025,sharjah,Mobile Accessories,220.29,1,5.0,220.29,209.28,Wallet,Returning,5.0,4.7
142417,06-10-2025,Dubai,MOBILE ACCESSORIES,239.84,1,5.0,239.84,227.85,WALLET,New,3.0,4.6
141871,29-09-2025,DUBAI,FASHION,64.1,1,10.0,64.1,57.69,  Card  ,New,,3.8
129136,01-04-2025,Dubay,Groceries,117.02,1,0.0,117.02,117.02,Wallet,Returning,2.0,4.3
103143,2024-02-23,abu dhabi,  Mobile Accessories  ,228.74,2,,457.48,365.98,Wallet,Returning,2.0,
133481,03/06/2025,  Dubai  ,Fashion,277.8,1,5.0,277.8,263.91,card,Returning,2.0,5.0
124491,15-01-2025,  Dubai  ,Mobile Accessories,91.37,3,15.0,274.11,232.99,CASH ON DELIVERY,Returning,4.0,4.3
137842,07/08/2025,ajman,Mobile Accessories,100.42,1,0.0,100.42,100.42,WALLET,Returning,3.0,4.0
133000,26-05-2025,ABU DHABI,home & kitchen,394.52,2,0.0,789.04,789.04,  Wallet  ,Returning,4.0,4.2
139890,01-09-2025,  Dubai  ,groceries,226.57,1,5.0,226.57,215.24,cash on delivery,New,2.0,4.9
112275,24/07/2024,Abu Dhabi,  Fashion  ,481.7,2,15.0,963.4,818.89,CARD,Returning,4.0,3.7
121842,12/05/2024,  Dubai  ,beauty & personal care,395.78,2,5.0,791.56,751.98,Card,Returning,3.0,5.0
137684,08/04/2025,,HOME & KITCHEN,261.64,1,10.0,261.64,235.48,Card,Returning,2.0,4.0
136083,2025-07-11,ABU DHABI,BEAUTY & PERSONAL CARE,46.83,2,5.0,93.66,88.98,CARD,Returning,3.0,3.6
103085,02/22/2024,Sharja,MOBILE ACCESSORIES,109.06,3,0.0,327.18,327.18,CARD,Returning,2.0,4.5
118523,10/26/2024,Dubai,Home & Kitchen,173.51,1,0.0,173.51,173.51,WALLET,Returning,5.0,4.3
110498,06/24/2024,  Ras Al Khaimah  ,  Beauty & Personal Care  ,178.32,1,0.0,178.32,178.32,Cash on Delivery,New,3.0,2.8
129064,04/01/2025,Ras Al Khaimah,electronics,3125.76,1,10.0,3125.76,2813.18,Card,New,4.0,4.9
105146,01/04/2024,  Dubai  ,  Home & Kitchen  ,63.59,1,10.0,63.59,57.23,  Card  ,Returning,3.0,5.0
141010,17/09/2025,  Abu Dhabi  ,ELECTRONICS,439.05,1,30.0,439.05,307.33,CASH ON DELIVERY,New,4.0,
140988,09/16/2025,ABU DHABI,Mobile Accessories,142.29,1,0.0,142.29,142.29,Card,New,4.0,3.7
144642,06/11/2025,RAS AL KHAIMAH,Home & Kitchen,812.18,1,20.0,812.18,649.74,card,Returning,5.0,3.7
128247,03/20/2025,abu dhabi,  Home & Kitchen  ,118.74,2,30.0,237.48,166.24,  Wallet  ,Returning,2.0,3.2
109054,31-05-2024,  Abu Dhabi  ,Home & Kitchen,570.6,1,0.0,570.6,570.6,CARD,New,4.0,2.8
144216,01/11/2025,DUBAI,  Mobile Accessories  ,193.31,1,0.0,193.31,193.31,cash on delivery,Returning,1.0,4.2
136621,19-07-2025,  Dubai  ,Fashion,103.75,1,20.0,103.75,83.0,card,Returning,4.0,5.0
109370,06/06/2024,,  Beauty & Personal Care  ,282.71,2,0.0,565.42,565.42,WALLET,Returning,4.0,5.0
130168,14-04-2025,  Dubai  ,  Electronics  ,465.54,1,0.0,465.54,465.54,CASH ON DELIVERY,Returning,3.0,4.1
128993,2025-03-31,,Fashion,302.18,1,,302.18,287.07,  Card  ,Returning,4.0,4.2
109127,06/02/2024,ABU DHABI,home & kitchen,372.68,1,15.0,372.68,316.78,CARD,New,2.0,3.8
106612,21/04/2024,  Dubai  ,electronics,945.96,1,,945.96,851.36,card,Returning,4.0,
109623,10-06-2024,dubai,mobile accessories,47.6,1,10.0,47.6,42.84,Cash on Delivery,New,4.0,3.8
116393,2024-09-22,DUBAI,Groceries,289.51,1,15.0,289.51,246.08,  Wallet  ,Returning,2.0,4.5
101680,30-01-2024,  Abu Dhabi  ,  Beauty & Personal Care  ,279.83,1,5.0,279.83,265.84,  Card  ,Returning,3.0,4.0
112252,23-07-2024,Abu Dhabi,fashion,60.29,2,15.0,120.58,102.49,Wallet,Returning,2.0,3.6
101544,27/01/2024,Dubai,  Fashion  ,243.13,1,5.0,243.13,230.97,  Card  ,New,2.0,3.1
131966,2025-05-11,  Dubai  ,Mobile Accessories,114.51,1,0.0,114.51,114.51,wallet,New,1.0,3.7
111614,2024-07-13,abu dhabi,MOBILE ACCESSORIES,83.18,2,20.0,166.36,133.09,cash on delivery,Returning,1.0,4.2
115935,14/09/2024,abu dhabi,Electronics,2817.4,1,0.0,2817.4,2817.4,  Cash on Delivery  ,New,3.0,3.7
115973,15/09/2024,Ras Al Khaimah,electronics,3306.82,1,5.0,3306.82,3141.48,wallet,New,4.0,3.2
148753,22/12/2025,Dubai ,HOME & KITCHEN,273.13,1,0.0,273.13,273.13,Card,New,3.0,5.0
144240,11/01/2025,,  Home & Kitchen  ,736.9,1,5.0,736.9,700.06,,New,2.0,4.8
149072,12/26/2025,,home & kitchen,673.32,1,0.0,673.32,673.32,CASH ON DELIVERY,Returning,1.0,4.7
102505,12-02-2024,  Abu Dhabi  ,HOME & KITCHEN,215.11,1,0.0,215.11,215.11,CARD,New,2.0,3.3
141322,21/09/2025,DUBAI,,50.08,1,30.0,50.08,35.06,CARD,Returning,1.0,2.6
147801,08/12/2025,DUBAI,Fashion,68.2,1,10.0,68.2,61.38,  Card  ,Returning,1.0,3.6
116197,09/19/2024,dubai,Mobile Accessories,234.97,1,0.0,234.97,234.97,WALLET,Returning,4.0,4.6
130016,12/04/2025,abu dhabi,Groceries,169.13,1,5.0,169.13,160.67,card,Returning,4.0,4.2
129579,2025-04-04,dubai,  Beauty & Personal Care  ,68.85,3,0.0,206.55,206.55,CASH ON DELIVERY,New,4.0,5.0
137956,08/08/2025,ABU DHABI,  Electronics  ,1291.95,1,15.0,1291.95,1098.16,CASH ON DELIVERY,Returning,5.0,4.6
142168,03/10/2025,Abu Dhabi,  Fashion  ,437.91,1,0.0,437.91,437.91,WALLET,Returning,1.0,4.4
138691,08/18/2025,  Ras Al Khaimah  ,electronics,2283.94,1,15.0,2283.94,1941.35,card,New,3.0,4.4
108936,29-05-2024,ABU DHABI,  Mobile Accessories  ,35.87,1,0.0,35.87,35.87,card,New,6.0,5.0
120610,24-11-2024,  Dubai  ,ELECTRONICS,1066.31,2,40.0,2132.62,1279.57,Cash on Delivery,Returning,2.0,4.9
137795,06/08/2025,DUBAI,groceries,192.44,2,15.0,384.88,327.15,cash on delivery,Returning,2.0,4.7
127149,2025-02-27,  Dubai  ,ELECTRONICS,621.42,1,5.0,621.42,590.35,  Cash on Delivery  ,Returning,2.0,4.2
123215,12/27/2024,abu dhabi,  Electronics  ,2537.36,1,30.0,2537.36,1776.15,CARD,Returning,4.0,3.9
113353,2024-08-11,ABU DHABI,home & kitchen,212.95,1,10.0,212.95,191.66,Card,New,3.0,5.0
113991,08/19/2024,Ras Al Khaimah,GROCERIES,32.8,1,0.0,32.8,32.8,card,Returning,3.0,4.0
105506,08/04/2024,SHARJAH,electronics,1613.22,2,30.0,3226.44,2258.51,card,Returning,3.0,3.5
147029,28-11-2025,dubai,Fashion,232.21,1,50.0,232.21,116.1,card,Returning,3.0,3.2
129013,31/03/2025,  Abu Dhabi  ,  Electronics  ,1000.02,1,10.0,1000.02,900.02,  Cash on Delivery  ,Returning,2.0,5.0
131608,05/05/2025,ABU DHABI,fashion,409.25,1,5.0,409.25,388.79,card,Returning,4.0,3.3
117673,10/12/2024,DUBAI,beauty & personal care,300.87,1,10.0,300.87,270.78,  Wallet  ,Returning,3.0,5.0
117073,10/04/2024,Ras Al Khaimah,  Electronics  ,3421.05,1,0.0,3421.05,3421.05,Card,New,4.0,4.7
142165,2025-10-03,  Abu Dhabi  ,electronics,3025.38,2,10.0,6050.76,5445.68,  Cash on Delivery  ,Returning,4.0,
125098,01/25/2025,DUBAI,  Fashion  ,438.64,2,5.0,877.28,833.42,Wallet,Returning,3.0,4.9
119241,07-11-2024,DUBAI,HOME & KITCHEN,587.28,1,20.0,587.28,469.82,  Card  ,New,3.0,3.0
103159,02/23/2024,SHARJAH,Fashion,498.44,1,0.0,498.44,498.44,card,Returning,1.0,3.0
146601,11/26/2025,Abu Dhabi,BEAUTY & PERSONAL CARE,336.13,1,20.0,336.13,268.9,cash on delivery,New,2.0,4.3
125479,31/01/2025,Dubai,  Electronics  ,1248.81,2,0.0,2497.62,2497.62,card,New,3.0,4.9
129778,04/08/2025,  Sharjah  ,BEAUTY & PERSONAL CARE,71.02,1,0.0,71.02,71.02,wallet,Returning,5.0,
134665,06/20/2025,DUBAI,  Mobile Accessories  ,211.74,1,5.0,211.74,201.15,CARD,New,1.0,4.0
104886,27-03-2024,  Dubai  ,beauty & personal care,326.89,1,,326.89,294.2,CARD,Returning,2.0,3.4
121161,2024-11-28,  Dubai  ,beauty & personal care,126.48,1,30.0,126.48,88.54,Card,New,2.0,3.2
112912,2024-08-03,Dubay,  Electronics  ,2640.19,1,10.0,2640.19,2376.17,wallet,Returning,,
148609,12/20/2025,abu dhabi,groceries,55.52,1,20.0,55.52,44.42,CARD,New,,3.7
101322,2024-01-23,DUBAI,fashion,495.83,1,10.0,495.83,446.25,CASH ON DELIVERY,Returning,2.0,3.4
142577,09-10-2025,  Dubai  ,ELECTRONICS,495.95,1,10.0,495.95,446.36,  Wallet  ,Returning,5.0,4.8
104007,03/09/2024,  Sharjah  ,Beauty & Personal Care,35.97,1,0.0,35.97,35.97,,Returning,3.0,5.0
126911,23/02/2025,  Ajman  ,beauty & personal care,262.73,3,15.0,788.19,669.96,  Card  ,Returning,2.0,3.6
115881,13-09-2024,DUBAI,FASHION,307.06,1,0.0,307.06,307.06,cash on delivery,Returning,3.0,4.6
122019,08-12-2024,ras al khaimah,GROCERIES,213.0,2,0.0,426.0,426.0,Cash on Delivery,Returning,2.0,3.6
145169,11/14/2025,ajman,Beauty & Personal Care,281.09,1,0.0,281.09,281.09,  Cash on Delivery  ,Returning,2.0,4.8
121908,12/06/2024,  Dubai  ,  Home & Kitchen  ,352.58,1,5.0,352.58,334.95,WALLET,Returning,3.0,4.3
115005,01/09/2024,Abu Dhabi,mobile accessories,216.19,1,30.0,216.19,151.33,WALLET,New,1.0,3.1
137034,2025-07-26,  Dubai  ,groceries,271.43,1,0.0,271.43,271.43,card,Returning,4.0,4.3
116421,22-09-2024,Abu Dhabi,Beauty & Personal Care,169.78,3,15.0,509.34,432.94,card,New,2.0,4.1
104032,2024-03-10,Dubay,FASHION,62.51,1,10.0,62.51,56.26,card,Returning,5.0,4.5
145911,2025-11-22,ABU DHABI,  Groceries  ,279.76,1,10.0,279.76,251.78,  Card  ,New,2.0,3.8
126236,13/02/2025,ABU DHABI,Beauty & Personal Care,293.75,1,15.0,293.75,249.69,Card,Returning,3.0,3.1
108660,24-05-2024,dubai,BEAUTY & PERSONAL CARE,89.63,1,0.0,89.63,89.63,  Card  ,New,4.0,4.9
132263,2025-05-16,DUBAI,Electronics,2332.03,3,0.0,6996.09,6996.09,Card,Returning,2.0,4.4
123206,12/27/2024,SHARJAH,HOME & KITCHEN,287.88,1,0.0,287.88,287.88,  Card  ,Returning,3.0,3.1
142587,10/09/2025,RAS AL KHAIMAH,Fashion,343.88,1,15.0,343.88,292.3,,New,1.0,4.3
120786,26/11/2024,Dubai,Groceries,182.82,1,30.0,182.82,127.97,  Card  ,Returning,4.0,3.5
104223,14-03-2024,Abu Dhabi,  Beauty & Personal Care  ,354.2,2,5.0,708.4,672.98,  Card  ,Returning,3.0,4.2
116186,2024-09-18,  Sharjah  ,  Fashion  ,319.85,1,10.0,319.85,287.86,cash on delivery,New,4.0,3.8
106509,19/04/2024,Dubai,BEAUTY & PERSONAL CARE,230.03,2,10.0,460.06,414.05,wallet,New,2.0,4.5
136064,11/07/2025,Abu Dhabi,HOME & KITCHEN,608.23,2,10.0,1216.46,1094.81,  Wallet  ,Returning,2.0,3.1
130749,04/22/2025,sharjah,  Fashion  ,389.84,2,0.0,779.68,779.68,CASH ON DELIVERY,Returning,6.0,5.0
141609,26-09-2025,abu dhabi,GROCERIES,72.62,2,0.0,145.24,145.24,Cash on Delivery,Returning,2.0,3.6
122357,2024-12-13,  Dubai  ,GROCERIES,167.63,1,15.0,167.63,142.49,card,Returning,1.0,4.3
146209,2025-11-24,ABU DHABI,groceries,41.13,1,20.0,41.13,32.9,Card,Returning,3.0,4.7
147836,12/08/2025,Sharjah,HOME & KITCHEN,596.04,1,0.0,596.04,596.04,CARD,New,3.0,5.0
128036,03/16/2025,Dubai,BEAUTY & PERSONAL CARE,219.42,1,10.0,219.42,197.48,CARD,Returning,5.0,3.8
144528,11/05/2025,  Dubai  ,HOME & KITCHEN,551.46,2,10.0,1102.92,992.63,Card,Returning,1.0,5.0
123967,07-01-2025,sharjah,  Home & Kitchen  ,456.52,1,5.0,456.52,433.69,Card,Returning,3.0,4.4
118935,11/02/2024,,MOBILE ACCESSORIES,53.83,2,5.0,107.66,102.28,Cash on Delivery,New,2.0,4.8
127330,2025-03-02,ABU DHABI,groceries,179.66,1,0.0,179.66,179.66,Card,Returning,4.0,4.3
132833,2025-05-24,dubai,GROCERIES,284.79,1,0.0,284.79,284.79,Cash on Delivery,Returning,3.0,3.9
138274,08/13/2025,sharjah,FASHION,190.44,1,10.0,190.44,171.4,CARD,Returning,5.0,4.2
133447,02-06-2025,dubai,Fashion,522.18,1,0.0,522.18,522.18,Card,New,2.0,4.8
136825,2025-07-23,Ajman,  Electronics  ,658.03,1,5.0,658.03,625.13,Cash on Delivery,Returning,3.0,3.7
122002,07-12-2024,ajman,HOME & KITCHEN,487.01,1,15.0,487.01,413.96,  Card  ,New,2.0,4.1
120523,11/24/2024,Abu Dhabi,Beauty & Personal Care,36.19,2,30.0,72.38,50.67,card,Returning,2.0,4.9
108032,14/05/2024,Ajman,HOME & KITCHEN,516.19,1,10.0,516.19,464.57,  Cash on Delivery  ,Returning,4.0,3.9
146492,11/25/2025,Abu Dhabi,MOBILE ACCESSORIES,191.92,1,30.0,191.92,134.34,cash on delivery,New,2.0,3.5
129837,04/09/2025,  Ajman  ,fashion,251.52,1,0.0,251.52,251.52,card,Returning,3.0,3.8
116557,09/25/2024,abu dhabi,  Groceries  ,249.79,2,30.0,499.58,349.71,CARD,Returning,1.0,5.0
112375,07/25/2024,ABU DHABI,Mobile Accessories,23.87,1,20.0,23.87,19.1,CARD,Returning,3.0,3.9
113467,08/12/2024,  Dubai  ,Fashion,266.14,1,0.0,266.14,266.14,card,Returning,2.0,4.2
122386,12/13/2024,AJMAN,Home & Kitchen,200.12,2,0.0,400.24,400.24,card,Returning,5.0,
112942,03-08-2024,SHARJAH,FASHION,229.61,2,5.0,459.22,436.26,  Cash on Delivery  ,New,2.0,4.5
119922,18-11-2024,ABU DHABI,  Beauty & Personal Care  ,77.6,2,30.0,155.2,108.64,card,Returning,4.0,4.1
118664,28-10-2024,ABU DHABI,BEAUTY & PERSONAL CARE,265.54,1,30.0,265.54,185.88,  Wallet  ,Returning,3.0,4.0
148870,23-12-2025,dubai,mobile accessories,91.09,1,5.0,91.09,86.54,Card,New,3.0,4.3
114816,08/30/2024,dubai,Beauty & Personal Care,330.54,1,10.0,330.54,297.49,CASH ON DELIVERY,Returning,2.0,4.4
143326,20/10/2025,DUBAI,  Mobile Accessories  ,249.79,1,15.0,249.79,212.32,  Card  ,Returning,1.0,3.3
110191,19/06/2024,RAS AL KHAIMAH,GROCERIES,198.83,1,5.0,198.83,188.89,WALLET,Returning,4.0,3.8
104858,26/03/2024,ABU DHABI,HOME & KITCHEN,772.7,1,,772.7,695.43,CASH ON DELIVERY,Returning,2.0,4.9
101580,01/28/2024,ras al khaimah,  Groceries  ,47.39,1,15.0,47.39,40.28,card,Returning,1.0,4.8
107187,04/30/2024,dubai,beauty & personal care,125.1,1,20.0,125.1,100.08,CARD,Returning,2.0,4.7
115823,13-09-2024,ras al khaimah,  Beauty & Personal Care  ,359.37,1,30.0,359.37,251.56,CARD,Returning,2.0,4.1
137479,01/08/2025,,  Beauty & Personal Care  ,194.16,1,,194.16,194.16,card,Returning,2.0,4.2
133607,06/05/2025,DUBAI,HOME & KITCHEN,525.56,1,5.0,525.56,499.28,WALLET,Returning,4.0,3.6
142906,13-10-2025,sharjah,fashion,129.99,1,5.0,129.99,123.49,CASH ON DELIVERY,Returning,3.0,4.2
128185,2025-03-19,dubai,fashion,315.57,1,10.0,315.57,284.01,card,Returning,3.0,4.2
109720,06/11/2024,Ras Al Khaimah,home & kitchen,283.95,1,10.0,283.95,255.56,WALLET,Returning,4.0,2.9
123183,2024-12-26,ABU DHABI,Mobile Accessories,234.89,2,0.0,469.78,469.78,CARD,Returning,1.0,4.1
134348,16/06/2025,Sharja,electronics,3259.99,1,,3259.99,3259.99,WALLET,Returning,3.0,3.7
111468,11/07/2024,Dubai ,Mobile Accessories,103.38,3,0.0,310.14,310.14,CARD,Returning,2.0,4.8
117699,13-10-2024,ABU DHABI,ELECTRONICS,2707.41,1,10.0,2707.41,2436.67,card,Returning,1.0,4.5
149150,27/12/2025,Dubai,  Groceries  ,98.48,1,10.0,98.48,88.63,  Wallet  ,New,3.0,5.0
110919,2024-07-01,  Sharjah  ,HOME & KITCHEN,397.43,1,0.0,397.43,397.43,CARD,Returning,1.0,4.9
139269,25/08/2025,AJMAN,electronics,556.02,1,0.0,556.02,556.02,Card,Returning,2.0,4.3
110784,06/29/2024,DUBAI,,1005.93,1,15.0,1005.93,855.04,wallet,Returning,3.0,4.6
149464,31-12-2025,Dubai,  Groceries  ,273.25,1,15.0,273.25,232.26,CARD,New,3.0,5.0
125062,2025-01-24,Ajman,Groceries,29.64,1,10.0,29.64,26.68,card,Returning,3.0,3.5
145929,11/22/2025,dubai,  Home & Kitchen  ,466.98,1,40.0,466.98,280.19,CARD,Returning,1.0,3.5
143159,18/10/2025,  Sharjah  ,fashion,330.1,2,0.0,660.2,660.2,  Card  ,New,4.0,3.5
115446,2024-09-06,Sharjah,beauty & personal care,366.32,1,5.0,366.32,348.0,  Card  ,New,2.0,3.7
143338,20-10-2025,  Sharjah  ,BEAUTY & PERSONAL CARE,255.66,1,0.0,255.66,255.66,  Cash on Delivery  ,Returning,1.0,4.9
135527,04/07/2025,Sharjah,  Groceries  ,79.76,1,10.0,79.76,71.78,Wallet,Returning,3.0,4.6
114537,26/08/2024,Sharja,beauty & personal care,258.54,1,20.0,258.54,206.83,card,Returning,1.0,3.1
123507,2024-12-31,ABU DHABI,home & kitchen,63.91,1,5.0,63.91,60.71,CARD,Returning,2.0,3.7
107052,28/04/2024,Sharja,HOME & KITCHEN,480.65,1,5.0,480.65,456.62,Card,New,5.0,5.0
137317,30-07-2025,dubai,Electronics,719.86,2,10.0,1439.72,1295.75,  Card  ,New,2.0,4.8
147286,01-12-2025,Dubai,Electronics,2425.34,1,10.0,2425.34,2182.81,Card,Returning,2.0,3.7
112980,04-08-2024,  Dubai  ,home & kitchen,773.81,1,10.0,773.81,696.43,CARD,Returning,4.0,4.9
123134,26-12-2024,Sharjah,  Fashion  ,105.16,1,30.0,105.16,73.61,card,Returning,3.0,3.7
108019,14-05-2024,ABU DHABI,Beauty & Personal Care,45.55,1,15.0,45.55,38.72,  Card  ,New,2.0,3.8
132891,25/05/2025,Ras Al Khaimah,fashion,173.75,1,30.0,173.75,121.62,CARD,New,1.0,4.6
144276,2025-11-01,DUBAI,  Electronics  ,1178.94,1,10.0,1178.94,1061.05,,New,2.0,5.0
132392,05/17/2025,Dubai,electronics,756.91,1,15.0,756.91,643.37,  Card  ,Returning,1.0,4.2
135763,2025-07-07,Dubai,beauty & personal care,131.79,2,20.0,263.58,210.86,Cash on Delivery,Returning,1.0,4.8
130190,2025-04-14,SHARJAH,,422.25,1,5.0,422.25,401.14,  Cash on Delivery  ,Returning,2.0,4.3
117807,10/15/2024,Abu Dhabi,  Fashion  ,244.01,1,,244.01,231.81,Cash on Delivery,Returning,1.0,3.5
117685,13-10-2024,Dubai,,180.99,1,10.0,180.99,162.89,card,New,3.0,4.3
104861,03/26/2024,DUBAI,Home & Kitchen,358.11,1,15.0,358.11,304.39,cash on delivery,New,2.0,4.2
129755,04/07/2025,dubai,electronics,2688.46,3,20.0,8065.38,6452.3,Card,New,1.0,
100622,12-01-2024,dubai,MOBILE ACCESSORIES,104.81,1,15.0,104.81,89.09,Wallet,Returning,2.0,5.0
128529,03/25/2025,DUBAI,Groceries,49.39,1,0.0,49.39,49.39,,Returning,3.0,4.2
118119,19-10-2024,sharjah,BEAUTY & PERSONAL CARE,72.89,1,10.0,72.89,65.6,card,Returning,2.0,3.7
111713,14-07-2024,dubai,Electronics,2379.86,1,10.0,2379.86,2141.87,CASH ON DELIVERY,Returning,1.0,4.4
121275,11/29/2024,ABU DHABI,mobile accessories,117.02,1,20.0,117.02,93.62,CASH ON DELIVERY,Returning,3.0,4.0
116981,02/10/2024,  Abu Dhabi  ,home & kitchen,524.17,2,0.0,1048.34,1048.34,  Card  ,Returning,5.0,4.2
113683,2024-08-15,DUBAI,FASHION,542.7,2,5.0,1085.4,1031.13,wallet,Returning,3.0,3.4
106658,22/04/2024,Sharjah,  Fashion  ,524.3,1,5.0,524.3,498.08,card,Returning,3.0,2.2
120452,23/11/2024,  Sharjah  ,mobile accessories,228.77,1,,228.77,160.14,CARD,Returning,1.0,3.7
133593,2025-06-04,,GROCERIES,117.26,1,30.0,117.26,82.08,  Card  ,Returning,1.0,5.0
103622,02/03/2024,Dubay,HOME & KITCHEN,423.36,2,10.0,846.72,762.05,Card,Returning,3.0,3.1
105080,31/03/2024,sharjah,  Home & Kitchen  ,768.96,2,0.0,1537.92,1537.92,Wallet,Returning,1.0,4.2
130765,04/23/2025,dubai,  Electronics  ,1037.31,2,10.0,2074.62,1867.16,CARD,New,3.0,3.7
100372,07-01-2024,  Abu Dhabi  ,  Mobile Accessories  ,209.15,1,5.0,209.15,198.69,Cash on Delivery,Returning,4.0,4.7
149038,12/26/2025,DUBAI,GROCERIES,249.94,1,0.0,249.94,249.94,  Cash on Delivery  ,Returning,3.0,5.0
126947,2025-02-24,Dubai,Home & Kitchen,236.8,1,0.0,236.8,236.8,Card,Returning,3.0,4.1
129961,11/04/2025,Dubay,groceries,46.8,1,10.0,46.8,42.12,CARD,Returning,1.0,4.3
109427,06/07/2024,sharjah,  Fashion  ,540.19,1,10.0,540.19,486.17,Card,Returning,2.0,4.0
134885,23-06-2025,Sharjah,  Fashion  ,225.34,1,5.0,225.34,214.07,CASH ON DELIVERY,Returning,2.0,5.0
123856,01/05/2025,SHARJAH,BEAUTY & PERSONAL CARE,311.59,1,20.0,311.59,249.27,Cash on Delivery,Returning,4.0,5.0
120808,26-11-2024,ajman,Home & Kitchen,369.42,1,30.0,369.42,258.59,cash on delivery,New,2.0,3.7
147441,12/03/2025,Ras Al Khaimah,FASHION,206.72,1,20.0,206.72,165.38,CARD,Returning,2.0,4.2
115079,2024-09-02,RAS AL KHAIMAH,fashion,415.58,1,0.0,415.58,415.58,  Cash on Delivery  ,Returning,2.0,5.0
133677,2025-06-06,Abu Dhabi,home & kitchen,540.71,1,0.0,540.71,540.71,CASH ON DELIVERY,Returning,2.0,2.7
143790,26-10-2025,sharjah,  Fashion  ,433.88,1,10.0,433.88,390.49,WALLET,New,1.0,4.8
121699,03-12-2024,SHARJAH,  Electronics  ,2812.39,1,10.0,2812.39,2531.15,WALLET,Returning,4.0,
107395,03-05-2024,ABU DHABI,HOME & KITCHEN,219.29,1,15.0,219.29,186.4,  Card  ,Returning,4.0,2.7
129867,2025-04-09,Sharjah,Electronics,1290.99,1,,1290.99,1290.99,Card,Returning,6.0,5.0
144628,2025-11-06,Dubai,electronics,2552.32,1,5.0,2552.32,2424.7,Cash on Delivery,Returning,4.0,4.6
142406,2025-10-06,ABU DHABI,,220.23,1,5.0,220.23,209.22,Card,New,1.0,3.8
133923,06/09/2025,ABU DHABI,Electronics,2081.92,2,15.0,4163.84,3539.26,Cash on Delivery,New,3.0,4.1
114018,2024-08-20,dubai,mobile accessories,225.09,1,5.0,225.09,213.84,cash on delivery,Returning,2.0,
134744,21-06-2025,Dubai,Groceries,280.35,1,0.0,280.35,280.35,CASH ON DELIVERY,New,2.0,3.5
135629,05-07-2025,sharjah,Electronics,1808.31,1,0.0,1808.31,1808.31,Card,Returning,3.0,4.3
110849,2024-06-30,DUBAI,BEAUTY & PERSONAL CARE,178.9,1,10.0,178.9,161.01,card,Returning,3.0,4.4
146788,27-11-2025,Ras Al Khaimah,electronics,3071.11,1,50.0,3071.11,1535.56,Card,New,1.0,4.7
129880,2025-04-10,Dubay,Beauty & Personal Care,374.19,1,5.0,374.19,355.48,  Cash on Delivery  ,Returning,2.0,4.5
145033,2025-11-12,  Dubai  ,  Mobile Accessories  ,113.46,2,0.0,226.92,226.92,  Wallet  ,Returning,2.0,4.1
136537,07/18/2025,DUBAI,home & kitchen,166.09,2,0.0,332.18,332.18,Card,Returning,3.0,5.0
133330,2025-05-31,  Abu Dhabi  ,groceries,273.28,1,0.0,273.28,273.28,  Card  ,Returning,1.0,5.0
108009,2024-05-14,Dubai,electronics,1020.97,1,5.0,1020.97,969.92,Card,Returning,1.0,2.9
114822,30-08-2024,Dubai ,  Mobile Accessories  ,164.63,1,0.0,164.63,164.63,CARD,Returning,1.0,3.8
134542,06/19/2025,  Abu Dhabi  ,FASHION,424.19,2,5.0,848.38,805.96,CASH ON DELIVERY,Returning,3.0,4.7
129118,01-04-2025,,GROCERIES,207.17,1,10.0,207.17,186.45,Card,Returning,1.0,4.2
137909,2025-08-08,  Ajman  ,groceries,146.52,1,15.0,146.52,124.54,  Cash on Delivery  ,Returning,3.0,4.0
108029,05/14/2024,Dubay,  Home & Kitchen  ,186.73,1,0.0,186.73,186.73,Card,Returning,3.0,
134537,06/19/2025,abu dhabi,Beauty & Personal Care,38.69,1,0.0,38.69,38.69,CASH ON DELIVERY,New,4.0,4.3
125460,2025-01-31,abu dhabi,ELECTRONICS,990.86,-1,10.0,990.86,891.77,Cash on Delivery,Returning,3.0,4.2
146445,25/11/2025,sharjah,BEAUTY & PERSONAL CARE,389.33,2,10.0,778.66,700.79,Card,Returning,4.0,4.3
126873,02/22/2025,dubai,MOBILE ACCESSORIES,85.68,1,,85.68,77.11,  Card  ,New,3.0,4.7
136026,2025-07-11,Ajman ,ELECTRONICS,3415.89,1,5.0,3415.89,3245.1,Card,New,2.0,4.0
145820,11/22/2025,Abu Dhabi,  Home & Kitchen  ,290.94,2,20.0,581.88,465.5,  Card  ,Returning,3.0,3.5
148818,12/23/2025,abu dhabi,ELECTRONICS,3393.4,1,0.0,3393.4,3393.4,WALLET,Returning,1.0,4.1
144266,11/01/2025,dubai,MOBILE ACCESSORIES,244.18,1,10.0,244.18,219.76,cash on delivery,Returning,2.0,4.0
113831,2024-08-17,  Dubai  ,Electronics,2755.55,1,15.0,2755.55,2342.22,CARD,Returning,1.0,2.5
135801,07/07/2025,  Dubai  ,  Mobile Accessories  ,76.62,1,0.0,76.62,76.62,CASH ON DELIVERY,Returning,4.0,4.9
100773,2024-01-14,DUBAI,mobile accessories,35.09,1,10.0,35.09,31.58,  Card  ,New,,3.4
140523,09/09/2025,  Dubai  ,  Home & Kitchen  ,225.67,-1,0.0,225.67,225.67,CASH ON DELIVERY,Returning,2.0,4.6
127649,03/08/2025,dubai,Beauty & Personal Care,373.04,1,15.0,373.04,317.08,CASH ON DELIVERY,Returning,4.0,2.9
110272,2024-06-21,SHARJAH,  Beauty & Personal Care  ,362.63,1,0.0,362.63,362.63,CARD,New,3.0,4.0
137624,03/08/2025,RAS AL KHAIMAH,Home & Kitchen,499.8,1,20.0,499.8,399.84,  Wallet  ,Returning,3.0,4.3
120625,2024-11-24,Dubai,Fashion,179.42,1,30.0,179.42,125.59,CASH ON DELIVERY,Returning,4.0,3.8
115809,12-09-2024,,FASHION,239.44,1,0.0,239.44,239.44,card,Returning,1.0,5.0
143775,10/26/2025,RAS AL KHAIMAH,FASHION,525.41,1,5.0,525.41,499.14,CARD,Returning,4.0,4.2
124647,01/17/2025,  Dubai  ,mobile accessories,47.69,2,5.0,95.38,90.61,  Cash on Delivery  ,Returning,2.0,5.0
126312,2025-02-14,  Dubai  ,  Fashion  ,328.29,1,0.0,328.29,328.29,  Wallet  ,Returning,4.0,5.0
127762,2025-03-11,  Sharjah  ,Groceries,219.21,2,5.0,438.42,416.5,CARD,New,4.0,3.1
124444,14/01/2025,  Dubai  ,Groceries,44.51,1,10.0,44.51,40.06,Cash on Delivery,New,2.0,4.1
132250,15/05/2025,Ras Al Khaimah,MOBILE ACCESSORIES,41.31,1,5.0,41.31,39.24,cash on delivery,Returning,1.0,
114762,29-08-2024,Sharjah,FASHION,184.23,1,10.0,184.23,165.81,  Cash on Delivery  ,Returning,5.0,
146188,11/23/2025,RAS AL KHAIMAH,Home & Kitchen,699.55,1,20.0,699.55,559.64,  Wallet  ,New,3.0,4.2
121875,2024-12-06,sharjah,groceries,32.06,1,0.0,32.06,32.06,card,New,2.0,4.6
117179,10/05/2024,Abu Dhabi,  Electronics  ,1111.74,1,10.0,1111.74,1000.57,cash on delivery,Returning,3.0,4.0
102820,2024-02-17,Sharjah,MOBILE ACCESSORIES,96.82,1,30.0,96.82,67.77,Card,Returning,4.0,4.4
128119,18/03/2025,Dubay,  Beauty & Personal Care  ,169.69,1,10.0,169.69,152.72,CASH ON DELIVERY,New,,4.0
110446,06/23/2024,Dubai,Mobile Accessories,69.84,2,10.0,139.68,125.71,  Wallet  ,Returning,1.0,5.0
128299,21/03/2025,abu dhabi,  Mobile Accessories  ,21.52,1,0.0,21.52,21.52,  Cash on Delivery  ,Returning,2.0,3.8
135318,30/06/2025,dubai,GROCERIES,44.19,1,15.0,44.19,37.56,card,New,2.0,3.8
111127,07/05/2024,dubai,ELECTRONICS,3185.87,1,5.0,3185.87,3026.58,WALLET,Returning,2.0,
124145,2025-01-10,abu dhabi,Beauty & Personal Care,29.33,1,0.0,29.33,29.33,  Cash on Delivery  ,Returning,2.0,4.1
107463,04-05-2024,abu dhabi,  Home & Kitchen  ,373.99,1,15.0,373.99,317.89,  Wallet  ,Returning,2.0,3.2
143379,21/10/2025,sharjah,Electronics,3077.92,2,10.0,6155.84,5540.26,Card,Returning,4.0,3.5
146806,27-11-2025,  Abu Dhabi  ,electronics,2427.31,1,30.0,2427.31,1699.12,  Card  ,New,2.0,4.3
128001,15-03-2025,dubai,groceries,85.03,1,5.0,85.03,80.78,Card,New,2.0,3.7
106474,18-04-2024,Abu Dhabi,MOBILE ACCESSORIES,229.98,2,0.0,459.96,459.96,Card,Returning,3.0,4.8
114638,27/08/2024,  Sharjah  ,home & kitchen,415.02,2,5.0,830.04,788.54,Cash on Delivery,Returning,2.0,4.0
122676,12/18/2024,abu dhabi,mobile accessories,65.03,1,15.0,65.03,55.28,cash on delivery,New,3.0,4.6
103675,03-03-2024,sharjah,HOME & KITCHEN,765.21,1,30.0,765.21,535.65,  Card  ,Returning,3.0,4.5
127992,2025-03-15,Dubai,Fashion,142.57,1,0.0,142.57,142.57,wallet,New,,4.7
116450,23/09/2024,Abu Dhabi,Groceries,21.27,1,10.0,21.27,19.14,card,Returning,4.0,
115768,2024-09-12,  Dubai  ,Home & Kitchen,675.14,1,10.0,675.14,607.63,Card,New,,4.6
101384,2024-01-25,  Ras Al Khaimah  ,fashion,40.75,1,0.0,40.75,40.75,CASH ON DELIVERY,New,3.0,3.6
112911,2024-08-03,DUBAI,  Beauty & Personal Care  ,136.22,1,0.0,136.22,136.22,CARD,Returning,2.0,3.0
146408,11/25/2025,dubai,Home & Kitchen,786.94,1,50.0,786.94,393.47,card,Returning,1.0,4.3
118919,11/02/2024,Abu Dhabi,beauty & personal care,356.43,1,0.0,356.43,356.43,CARD,New,4.0,4.3
126303,14/02/2025,  Dubai  ,  Groceries  ,21.94,1,0.0,21.94,21.94,CARD,New,2.0,4.3
143069,10/16/2025,SHARJAH,Mobile Accessories,183.95,3,15.0,551.85,469.07,Card,Returning,1.0,3.7
110191,19/06/2024,RAS AL KHAIMAH,GROCERIES,198.83,1,5.0,198.83,188.89,WALLET,Returning,4.0,3.8
104069,10-03-2024,sharjah,Mobile Accessories,230.09,1,5.0,230.09,218.59,Card,New,2.0,4.8
100331,06/01/2024,Dubai,FASHION,406.9,1,0.0,406.9,406.9,CARD,New,3.0,4.4
127771,2025-03-11,Sharjah,mobile accessories,120.16,1,15.0,120.16,102.14,Card,Returning,3.0,4.0
106550,19-04-2024,ABU DHABI,  Fashion  ,445.41,2,0.0,890.82,890.82,card,Returning,2.0,4.5
123436,30/12/2024,  Ajman  ,fashion,61.5,1,0.0,61.5,61.5,CASH ON DELIVERY,New,3.0,4.0
114481,25/08/2024,Abu Dhabi,beauty & personal care,139.08,1,5.0,139.08,132.13,CASH ON DELIVERY,Returning,3.0,3.7
100901,16/01/2024,DUBAI,HOME & KITCHEN,365.74,1,5.0,365.74,347.45,CARD,Returning,1.0,3.2
139859,09/01/2025,,Fashion,237.59,1,0.0,237.59,237.59,WALLET,New,2.0,2.8
139394,27/08/2025,DUBAI,Electronics,3027.43,3,15.0,9082.29,7719.95,  Card  ,New,3.0,3.9
135737,06/07/2025,  Dubai  ,MOBILE ACCESSORIES,156.77,-2,0.0,313.54,313.54,  Cash on Delivery  ,Returning,1.0,4.5
145442,2025-11-18,Abu Dhabi,mobile accessories,231.79,1,5.0,231.79,220.2,  Card  ,New,1.0,3.5
108961,30-05-2024,sharjah,groceries,100.0,1,0.0,100.0,100.0,cash on delivery,New,2.0,3.7
142757,2025-10-11,sharjah,  Mobile Accessories  ,24.4,1,0.0,24.4,24.4,  Card  ,Returning,2.0,
143089,17/10/2025,Dubai,Fashion,275.43,1,0.0,275.43,275.43,cash on delivery,New,2.0,5.0
104040,10/03/2024,ajman,GROCERIES,80.56,1,0.0,80.56,80.56,card,Returning,3.0,5.0
140634,2025-09-11,,  Beauty & Personal Care  ,165.7,1,0.0,165.7,165.7,Cash on Delivery,New,,4.9
107702,09-05-2024,abu dhabi,Fashion,518.48,1,0.0,518.48,518.48,cash on delivery,Returning,3.0,3.1
103965,03/08/2024,abu dhabi,Electronics,2436.93,1,10.0,2436.93,2193.24,Card,Returning,1.0,3.8
121796,2024-12-05,Ajman ,beauty & personal care,253.89,1,0.0,253.89,253.89,card,Returning,4.0,3.4
148381,12/16/2025,sharjah,MOBILE ACCESSORIES,81.01,2,10.0,162.02,145.82,CASH ON DELIVERY,New,5.0,4.1
149283,29-12-2025,DUBAI,Home & Kitchen,388.36,1,5.0,388.36,368.94,  Card  ,Returning,2.0,4.7
144725,07/11/2025,ABU DHABI,mobile accessories,113.6,1,0.0,113.6,113.6,  Card  ,New,1.0,5.0
104522,20-03-2024,  Abu Dhabi  ,  Electronics  ,2689.58,1,0.0,2689.58,2689.58,  Cash on Delivery  ,New,6.0,
134036,2025-06-11,Ras Al Khaimah,FASHION,260.25,1,20.0,260.25,208.2,cash on delivery,Returning,4.0,4.6
118601,10/28/2024,  Dubai  ,Groceries,93.9,1,0.0,93.9,93.9,Card,Returning,2.0,4.7
138237,13/08/2025,Sharjah,  Home & Kitchen  ,234.44,2,20.0,468.88,375.1,  Card  ,Returning,3.0,3.9
107589,06-05-2024,Sharja,beauty & personal care,70.94,1,0.0,70.94,70.94,  Card  ,New,,
132707,05/22/2025,sharjah,GROCERIES,181.17,1,10.0,181.17,163.05,Card,New,1.0,3.9
109941,06/15/2024,ras al khaimah,Fashion,188.5,1,10.0,188.5,169.65,,Returning,4.0,4.4
144404,03/11/2025,  Sharjah  ,home & kitchen,349.6,1,15.0,349.6,297.16,  Card  ,Returning,3.0,4.5
145381,17-11-2025,Sharjah,MOBILE ACCESSORIES,167.21,1,0.0,167.21,167.21,WALLET,Returning,3.0,4.4
101210,21/01/2024,  Sharjah  ,  Electronics  ,459.75,1,0.0,459.75,459.75,Card,New,3.0,4.1
128867,30/03/2025,DUBAI,Fashion,189.21,1,20.0,189.21,151.37,CARD,New,1.0,5.0
102286,02/09/2024,  Abu Dhabi  ,ELECTRONICS,432.74,1,,432.74,432.74,  Card  ,Returning,5.0,3.8
105794,2024-04-11,  Dubai  ,MOBILE ACCESSORIES,182.33,1,30.0,182.33,127.63,Card,Returning,5.0,3.3
135553,04/07/2025,  Dubai  ,mobile accessories,43.9,1,0.0,43.9,43.9,  Card  ,New,5.0,4.5
100093,02/01/2024,Dubai,Groceries,251.61,1,10.0,251.61,226.45,  Card  ,Returning,3.0,3.3
102644,02/14/2024,dubai,beauty & personal care,292.43,1,20.0,292.43,233.94,cash on delivery,Returning,2.0,4.7
113636,08/15/2024,Sharja,home & kitchen,433.04,3,0.0,1299.12,1299.12,Card,New,1.0,4.2
125504,01/31/2025,SHARJAH,FASHION,302.99,1,0.0,302.99,302.99,card,New,3.0,3.6
107132,29/04/2024,Abu Dhabi,mobile accessories,107.98,1,0.0,107.98,107.98,Cash on Delivery,Returning,1.0,4.3
112345,07/25/2024,ajman,Fashion,176.69,1,15.0,176.69,150.19,CARD,New,2.0,3.6
102767,02/17/2024,Abu Dhabi,  Mobile Accessories  ,98.16,1,0.0,98.16,98.16,card,Returning,3.0,3.7
137228,2025-07-29,  Sharjah  ,  Groceries  ,267.45,2,10.0,534.9,481.41,card,Returning,2.0,3.5
138344,15-08-2025,  Abu Dhabi  ,Home & Kitchen,558.54,2,0.0,1117.08,1117.08,Card,Returning,3.0,5.0
146931,2025-11-28,  Sharjah  ,Electronics,2963.36,1,30.0,2963.36,2074.35,Cash on Delivery,Returning,3.0,3.1
102660,15/02/2024,  Ajman  ,  Fashion  ,427.85,1,0.0,427.85,427.85,Card,New,5.0,4.5
136624,19-07-2025,DUBAI,Beauty & Personal Care,396.8,1,15.0,396.8,337.28,cash on delivery,New,3.0,3.7
103893,2024-03-07,dubai,beauty & personal care,211.37,1,10.0,211.37,190.23,Card,Returning,3.0,4.7
108388,19-05-2024,dubai,Home & Kitchen,767.75,1,0.0,767.75,767.75,CARD,Returning,3.0,4.1
122369,2024-12-13,Sharja,ELECTRONICS,2238.5,1,20.0,2238.5,1790.8,Wallet,Returning,4.0,
125054,01/24/2025,  Abu Dhabi  ,MOBILE ACCESSORIES,75.27,1,0.0,75.27,75.27,CARD,Returning,3.0,4.3
113954,2024-08-19,dubai,fashion,406.72,1,0.0,406.72,406.72,Card,Returning,2.0,3.6
101231,01/22/2024,DUBAI,MOBILE ACCESSORIES,98.13,2,0.0,196.26,196.26,card,Returning,3.0,4.2
125880,07-02-2025,  Abu Dhabi  ,HOME & KITCHEN,623.09,2,20.0,1246.18,996.94,,New,4.0,4.5
124922,2025-01-22,ABU DHABI,beauty & personal care,309.09,1,10.0,309.09,278.18,Card,Returning,3.0,4.7
135253,29-06-2025,Dubai,MOBILE ACCESSORIES,110.32,1,10.0,110.32,99.29,Card,Returning,3.0,4.3
108866,05/28/2024,Sharjah,Beauty & Personal Care,239.74,1,10.0,239.74,215.77,card,Returning,2.0,3.9
132154,05/14/2025,  Dubai  ,Groceries,240.75,1,15.0,240.75,204.64,CASH ON DELIVERY,Returning,4.0,4.4
139024,22-08-2025,  Sharjah  ,Fashion,304.93,1,5.0,304.93,289.68,card,Returning,4.0,4.0
138480,16/08/2025,Dubai,  Beauty & Personal Care  ,185.61,1,15.0,185.61,157.77,  Card  ,Returning,1.0,4.3
124522,15-01-2025,ABU DHABI,  Fashion  ,403.86,1,0.0,403.86,403.86,wallet,New,3.0,
133215,30-05-2025,ajman,  Home & Kitchen  ,168.91,1,0.0,168.91,168.91,Cash on Delivery,Returning,3.0,
148914,2025-12-24,dubai,home & kitchen,332.56,1,10.0,332.56,299.3,cash on delivery,Returning,2.0,4.0
131342,01-05-2025,Sharjah,electronics,1554.16,1,0.0,1554.16,1554.16,  Card  ,New,2.0,
118291,10/22/2024,Dubay,Mobile Accessories,48.58,1,0.0,48.58,48.58,  Card  ,Returning,3.0,3.6
128780,29/03/2025,Dubay,Home & Kitchen,799.89,1,5.0,799.89,759.9,Card,New,4.0,4.6
141151,2025-09-19,ABU DHABI,,665.91,1,5.0,665.91,632.61,CASH ON DELIVERY,Returning,4.0,3.8
123290,28/12/2024,Abu Dhabi,MOBILE ACCESSORIES,185.53,1,5.0,185.53,176.25,  Card  ,New,2.0,5.0
109536,06/08/2024,RAS AL KHAIMAH,FASHION,247.43,2,5.0,494.86,470.12,cash on delivery,Returning,2.0,2.9
143754,26/10/2025,  Abu Dhabi  ,  Groceries  ,265.4,1,10.0,265.4,238.86,CARD,Returning,4.0,3.0
118781,30-10-2024,Ajman ,  Fashion  ,159.89,1,0.0,159.89,159.89,CARD,Returning,,3.6
102176,2024-02-07,  Dubai  ,fashion,165.61,1,10.0,165.61,149.05,  Wallet  ,Returning,,2.5
118944,2024-11-02,Abu Dhabi,Fashion,224.64,1,0.0,224.64,224.64,cash on delivery,Returning,4.0,4.7
119291,11/08/2024,,  Home & Kitchen  ,305.53,1,15.0,305.53,259.7,Cash on Delivery,New,3.0,3.7
116991,02/10/2024,  Dubai  ,Fashion,41.78,1,15.0,41.78,35.51,Wallet,New,3.0,2.9
145614,2025-11-21,dubai,Electronics,3062.89,1,40.0,3062.89,1837.73,Card,Returning,,4.7
100194,2024-01-04,RAS AL KHAIMAH,BEAUTY & PERSONAL CARE,271.06,1,5.0,271.06,257.51,WALLET,New,2.0,4.1
105836,11/04/2024,  Dubai  ,Beauty & Personal Care,227.21,1,10.0,227.21,204.49,WALLET,Returning,2.0,3.1
117889,10/16/2024,dubai,HOME & KITCHEN,320.49,1,0.0,320.49,320.49,cash on delivery,New,2.0,5.0
128216,2025-03-19,SHARJAH,  Electronics  ,486.59,1,20.0,486.59,389.27,  Cash on Delivery  ,Returning,2.0,4.6
131072,27-04-2025,Abu Dhabi,  Mobile Accessories  ,84.72,2,0.0,169.44,169.44,CASH ON DELIVERY,New,2.0,3.7
117617,12/10/2024,DUBAI,ELECTRONICS,2152.09,1,10.0,2152.09,1936.88,cash on delivery,Returning,5.0,4.3
133761,2025-06-07,Abu Dhabi,mobile accessories,27.76,1,15.0,27.76,23.6,card,New,2.0,
123512,2024-12-31,Dubay,FASHION,415.06,1,0.0,415.06,415.06,CASH ON DELIVERY,Returning,1.0,5.0
133285,31/05/2025,AJMAN,Beauty & Personal Care,139.07,1,0.0,139.07,139.07,card,Returning,3.0,3.8
120003,19/11/2024,DUBAI,Electronics,964.84,1,10.0,964.84,868.36,Card,New,3.0,4.6
143592,24-10-2025,sharjah,  Beauty & Personal Care  ,324.34,1,0.0,324.34,324.34,card,Returning,2.0,4.3
108577,2024-05-23,Sharjah,Electronics,466.32,2,20.0,932.64,746.11,CASH ON DELIVERY,Returning,4.0,5.0
143075,16-10-2025,dubai,  Mobile Accessories  ,175.23,1,5.0,175.23,166.47,CASH ON DELIVERY,New,4.0,3.7
108720,05/25/2024,  Dubai  ,Mobile Accessories,193.7,1,0.0,193.7,193.7,Card,New,1.0,4.7
133869,06/08/2025,ajman,  Home & Kitchen  ,553.3,1,20.0,553.3,442.64,Cash on Delivery,Returning,2.0,
102990,20-02-2024,DUBAI,  Fashion  ,212.98,1,30.0,212.98,149.09,Cash on Delivery,New,3.0,3.7
111332,07/08/2024,dubai,Fashion,283.7,1,10.0,283.7,255.33,Card,Returning,1.0,3.6
126885,23-02-2025,  Abu Dhabi  ,electronics,415.77,1,10.0,415.77,374.19,  Card  ,Returning,2.0,3.5
129003,31-03-2025,  Abu Dhabi  ,  Groceries  ,296.08,1,20.0,296.08,236.86,Card,New,3.0,4.4
119879,2024-11-17,ras al khaimah,  Fashion  ,128.19,1,,128.19,128.19,cash on delivery,Returning,2.0,3.8
103591,03/02/2024,sharjah,home & kitchen,345.14,1,0.0,345.14,345.14,  Cash on Delivery  ,New,3.0,4.9
113532,2024-08-13,sharjah,ELECTRONICS,2168.98,1,30.0,2168.98,1518.29,Wallet,Returning,2.0,4.6
119777,16-11-2024,Sharja,  Electronics  ,2396.33,1,0.0,2396.33,2396.33,Cash on Delivery,New,3.0,3.3
130408,04/18/2025,ABU DHABI,MOBILE ACCESSORIES,67.03,1,15.0,67.03,56.98,card,New,3.0,3.7
144357,11/02/2025,DUBAI,  Groceries  ,218.22,1,20.0,218.22,174.58,wallet,Returning,2.0,3.4
125581,02/01/2025,dubai,BEAUTY & PERSONAL CARE,32.59,1,0.0,32.59,32.59,cash on delivery,Returning,,2.9
136386,2025-07-16,DUBAI,fashion,379.32,1,0.0,379.32,379.32,  Cash on Delivery  ,New,3.0,3.6
124095,2025-01-09,dubai,Electronics,3316.22,1,5.0,3316.22,3150.41,CASH ON DELIVERY,Returning,1.0,3.3
141184,2025-09-19,Dubay,ELECTRONICS,1414.16,1,20.0,1414.16,1131.33,  Cash on Delivery  ,Returning,4.0,4.0
146606,2025-11-26,abu dhabi,HOME & KITCHEN,340.49,2,30.0,680.98,476.69,  Wallet  ,Returning,2.0,4.2
117925,10/17/2024,abu dhabi,BEAUTY & PERSONAL CARE,367.0,1,5.0,367.0,348.65,WALLET,Returning,2.0,4.5
103106,22-02-2024,  Ajman  ,  Home & Kitchen  ,764.9,1,5.0,764.9,726.66,card,Returning,4.0,4.2
121098,28/11/2024,dubai,beauty & personal care,68.16,-1,,68.16,34.08,  Cash on Delivery  ,New,4.0,3.4
140123,04-09-2025,DUBAI,BEAUTY & PERSONAL CARE,306.85,1,10.0,306.85,276.17,  Cash on Delivery  ,New,999.0,
122671,2024-12-18,abu dhabi,  Mobile Accessories  ,72.66,2,0.0,145.32,145.32,Cash on Delivery,Returning,1.0,4.2
104900,27-03-2024,,Home & Kitchen,315.67,2,0.0,631.34,631.34,  Cash on Delivery  ,Returning,2.0,3.6
100256,06/01/2024,  Dubai  ,HOME & KITCHEN,510.45,1,,510.45,433.88,CARD,New,1.0,3.6
104202,13/03/2024,Ajman,home & kitchen,571.89,2,5.0,1143.78,1086.59,  Card  ,New,5.0,3.1
128222,19-03-2025,sharjah,Electronics,675.34,1,10.0,675.34,607.81,cash on delivery,Returning,1.0,4.4
129730,07/04/2025,abu dhabi,electronics,2845.66,1,0.0,2845.66,2845.66,CARD,New,5.0,4.9
149265,28-12-2025,ABU DHABI,fashion,486.22,1,0.0,486.22,486.22,  Card  ,New,3.0,5.0
142485,2025-10-07,RAS AL KHAIMAH,mobile accessories,191.52,1,10.0,191.52,172.37,cash on delivery,Returning,1.0,
120585,11/24/2024,Dubai,  Electronics  ,3045.42,1,20.0,3045.42,2436.34,  Card  ,Returning,2.0,4.4
139508,2025-08-28,Dubai,FASHION,361.9,1,5.0,361.9,343.8,Card,Returning,1.0,3.5
135008,06/25/2025,RAS AL KHAIMAH,  Fashion  ,360.09,1,10.0,360.09,324.08,card,New,,4.3
143266,10/19/2025,ajman,  Mobile Accessories  ,237.2,2,0.0,474.4,474.4,card,Returning,,3.9
144474,04-11-2025,  Ras Al Khaimah  ,BEAUTY & PERSONAL CARE,326.78,1,10.0,326.78,294.1,  Cash on Delivery  ,New,3.0,4.0
114488,25/08/2024,sharjah,fashion,217.92,1,0.0,217.92,217.92,CARD,Returning,2.0,4.6
130688,21/04/2025,Dubai,ELECTRONICS,2883.04,1,0.0,2883.04,2883.04,Card,Returning,1.0,4.8
112960,04-08-2024,Ajman,  Fashion  ,314.99,1,0.0,314.99,314.99,Cash on Delivery,New,4.0,3.6
145830,11/22/2025,ABU DHABI,GROCERIES,290.44,1,10.0,290.44,261.4,Card,Returning,1.0,4.1
114487,08/25/2024,Dubai,fashion,363.53,2,0.0,727.06,727.06,Cash on Delivery,Returning,4.0,4.6
122574,16-12-2024,ajman,electronics,3298.53,2,10.0,6597.06,5937.35,,New,3.0,4.2
132789,05/23/2025,  Abu Dhabi  ,Beauty & Personal Care,371.79,1,20.0,371.79,297.43,  Card  ,Returning,1.0,
148712,2025-12-21,  Dubai  ,  Fashion  ,283.56,3,10.0,850.68,765.61,,Returning,3.0,4.3
126404,02/15/2025,abu dhabi,FASHION,179.86,1,5.0,179.86,170.87,Wallet,Returning,2.0,3.8
125331,2025-01-29,  Dubai  ,Home & Kitchen,638.79,1,20.0,638.79,511.03,cash on delivery,Returning,3.0,3.3
132975,2025-05-26,dubai,Beauty & Personal Care,395.97,3,15.0,1187.91,1009.72,card,New,4.0,3.0
121189,28/11/2024,DUBAI,electronics,2080.44,1,30.0,2080.44,1456.31,Cash on Delivery,New,2.0,3.8
145257,15-11-2025,,  Beauty & Personal Care  ,224.11,2,5.0,448.22,425.81,Card,Returning,2.0,4.3
106107,13/04/2024,Abu Dhabi,Groceries,23.39,1,30.0,23.39,16.37,CARD,Returning,1.0,4.1
115218,09/03/2024,ABU DHABI,Fashion,526.84,3,10.0,1580.52,1422.47,card,Returning,3.0,4.6
123227,2024-12-27,Dubai,electronics,986.47,1,10.0,986.47,887.82,Card,New,2.0,5.0
114260,08/23/2024,dubai,Mobile Accessories,22.57,2,0.0,45.14,45.14,WALLET,New,1.0,5.0
139224,24-08-2025,dubai,FASHION,592.29,1,10.0,592.29,533.06,CASH ON DELIVERY,Returning,1.0,4.2
132637,21/05/2025,  Abu Dhabi  ,fashion,292.31,1,10.0,292.31,263.08,  Card  ,New,1.0,5.0
117558,10/11/2024,sharjah,MOBILE ACCESSORIES,159.01,1,5.0,159.01,151.06,CARD,Returning,4.0,4.5
138788,19-08-2025,DUBAI,MOBILE ACCESSORIES,237.76,1,0.0,237.76,237.76,  Cash on Delivery  ,Returning,4.0,3.2
136053,07/11/2025,  Dubai  ,  Beauty & Personal Care  ,278.46,1,5.0,278.46,264.54,Cash on Delivery,Returning,4.0,4.0
107099,28/04/2024,SHARJAH,Beauty & Personal Care,349.39,1,5.0,349.39,331.92,CARD,Returning,3.0,4.1
129993,04/11/2025,AJMAN,FASHION,560.17,2,5.0,1120.34,1064.32,CARD,New,2.0,3.3
136487,18/07/2025,Abu Dhabi,Home & Kitchen,609.64,1,5.0,609.64,579.16,card,Returning,3.0,5.0
133738,2025-06-07,  Ajman  ,,433.85,1,,433.85,433.85,card,New,3.0,5.0
104056,10-03-2024,Abu Dhabi,  Electronics  ,603.77,1,0.0,603.77,603.77,card,Returning,4.0,4.3
133515,03/06/2025,  Dubai  ,electronics,3032.06,1,0.0,3032.06,3032.06,  Card  ,New,3.0,5.0
121875,12/06/2024,sharjah,groceries,32.06,1,0.0,32.06,32.06,card,New,2.0,4.6
131399,2025-05-02,Dubai ,Fashion,258.94,1,0.0,258.94,258.94,  Card  ,Returning,2.0,4.5
101002,01/18/2024,Dubai,home & kitchen,791.37,1,5.0,791.37,751.8,cash on delivery,New,1.0,4.9
132609,21-05-2025,ABU DHABI,GROCERIES,224.69,1,0.0,224.69,224.69,WALLET,Returning,4.0,4.8
126450,16/02/2025,Dubai,Groceries,219.7,3,10.0,659.1,593.19,card,New,1.0,5.0
125466,2025-01-31,sharjah,BEAUTY & PERSONAL CARE,172.38,2,20.0,344.76,275.81,CARD,Returning,3.0,3.9
144484,04/11/2025,Dubai,Fashion,46.46,1,0.0,46.46,46.46,Cash on Delivery,New,2.0,
148527,18-12-2025,Abu Dhabi,fashion,460.13,1,5.0,460.13,437.12,WALLET,Returning,2.0,4.5
128974,31/03/2025,DUBAI,ELECTRONICS,2632.13,3,15.0,7896.39,6711.93,CARD,New,1.0,3.8
126264,2025-02-13,  Abu Dhabi  ,ELECTRONICS,797.74,1,0.0,797.74,797.74,  Card  ,New,3.0,4.1
143483,22/10/2025,ABU DHABI,Electronics,2917.95,2,5.0,5835.9,5544.1,  Card  ,New,4.0,4.6
126767,2025-02-21,Dubai,  Beauty & Personal Care  ,358.1,1,15.0,358.1,304.38,CARD,Returning,4.0,4.7
114366,24/08/2024,abu dhabi,Fashion,593.14,1,5.0,593.14,563.48,,New,3.0,4.1
105411,06-04-2024,  Dubai  ,Groceries,176.85,1,15.0,176.85,150.32,  Wallet  ,Returning,3.0,4.0
100523,2024-01-10,,beauty & personal care,225.76,1,0.0,225.76,225.76,Card,New,4.0,
143158,2025-10-18,RAS AL KHAIMAH,Fashion,186.13,1,10.0,186.13,167.52,  Cash on Delivery  ,New,3.0,4.1
135677,07/05/2025,Ajman,MOBILE ACCESSORIES,63.48,1,10.0,63.48,57.13,Cash on Delivery,Returning,1.0,4.7
148680,2025-12-20,sharjah,home & kitchen,74.84,1,30.0,74.84,52.39,  Card  ,Returning,,4.2
115030,01-09-2024,DUBAI,Fashion,588.19,1,10.0,588.19,529.37,  Card  ,Returning,4.0,5.0
122433,14-12-2024,dubai,mobile accessories,242.88,1,0.0,242.88,242.88,Cash on Delivery,Returning,2.0,4.4
110364,06/22/2024,SHARJAH,Mobile Accessories,102.52,1,30.0,102.52,71.76,card,Returning,2.0,
134091,06/12/2025,sharjah,Beauty & Personal Care,238.32,1,5.0,238.32,226.4,CASH ON DELIVERY,New,4.0,5.0
146408,2025-11-25,dubai,Home & Kitchen,786.94,1,50.0,786.94,393.47,card,Returning,1.0,4.3
132631,05/21/2025,AJMAN,  Home & Kitchen  ,876.0,1,20.0,876.0,700.8,,New,3.0,3.9
114177,08/22/2024,dubai,  Home & Kitchen  ,668.23,1,0.0,668.23,668.23,Card,Returning,2.0,5.0
148013,2025-12-11,Sharjah,  Beauty & Personal Care  ,270.13,1,5.0,270.13,256.62,Wallet,Returning,2.0,5.0
139585,2025-08-29,dubai,  Home & Kitchen  ,800.1,3,0.0,2400.3,2400.3,card,New,4.0,3.2
106570,20-04-2024,dubai,  Fashion  ,454.22,1,0.0,454.22,454.22,  Card  ,Returning,3.0,3.7
139328,08/26/2025,dubai,electronics,1324.98,1,10.0,1324.98,1192.48,  Cash on Delivery  ,Returning,3.0,4.5
130316,16-04-2025,  Abu Dhabi  ,FASHION,448.24,2,0.0,896.48,896.48,card,New,1.0,5.0
138210,12-08-2025,sharjah,HOME & KITCHEN,545.73,1,0.0,545.73,545.73,  Card  ,Returning,2.0,3.4
147670,2025-12-06,dubai,groceries,273.35,1,0.0,273.35,273.35,Card,Returning,1.0,2.6
130652,2025-04-21,  Dubai  ,HOME & KITCHEN,699.3,1,10.0,699.3,629.37,  Cash on Delivery  ,New,2.0,
140601,11/09/2025,DUBAI,electronics,1121.6,1,0.0,1121.6,1121.6,card,Returning,3.0,4.0
124604,17/01/2025,  Abu Dhabi  ,  Groceries  ,71.95,1,10.0,71.95,64.76,  Card  ,New,2.0,12.299999999999999
147326,12/02/2025,dubai,  Mobile Accessories  ,149.92,1,0.0,149.92,149.92,  Cash on Delivery  ,New,2.0,3.9
133933,09/06/2025,dubai,FASHION,536.37,1,15.0,536.37,455.91,cash on delivery,Returning,,4.4
104583,03/21/2024,SHARJAH,home & kitchen,617.59,1,0.0,617.59,617.59,  Card  ,Returning,1.0,5.0
120731,25-11-2024,  Dubai  ,Groceries,182.87,1,50.0,182.87,91.44,  Card  ,New,,3.1
112154,21/07/2024,  Sharjah  ,GROCERIES,39.99,1,15.0,39.99,33.99,card,Returning,3.0,
114776,08/29/2024,ABU DHABI,HOME & KITCHEN,829.63,1,0.0,829.63,829.63,Card,Returning,3.0,4.4
147018,2025-11-28,ABU DHABI,groceries,262.37,1,40.0,262.37,157.42,cash on delivery,Returning,1.0,4.7
145138,2025-11-13,Dubai,  Fashion  ,112.49,1,0.0,112.49,112.49,  Wallet  ,Returning,3.0,3.7
142105,2025-10-02,RAS AL KHAIMAH,BEAUTY & PERSONAL CARE,98.24,1,30.0,98.24,68.77,Card,Returning,2.0,4.3
134303,06/15/2025,ABU DHABI,Groceries,192.09,1,20.0,192.09,153.67,CARD,New,1.0,4.1
122619,17-12-2024,SHARJAH,Fashion,528.36,1,5.0,528.36,501.94,Card,New,2.0,4.6
114161,21-08-2024,  Sharjah  ,GROCERIES,149.42,1,5.0,149.42,141.95,Card,Returning,2.0,4.4
118245,21/10/2024,,  Home & Kitchen  ,297.58,1,15.0,297.58,252.94,Card,New,4.0,3.7
127616,2025-03-08,Abu Dhabi,GROCERIES,116.58,2,10.0,233.16,209.84,,New,,4.6
135414,2025-07-02,abu dhabi,home & kitchen,423.25,1,0.0,423.25,423.25,Card,New,4.0,4.4
142921,10/14/2025,  Dubai  ,groceries,209.52,1,0.0,209.52,209.52,CARD,Returning,1.0,4.2
146779,27/11/2025,DUBAI,  Fashion  ,337.06,1,30.0,337.06,235.94,Cash on Delivery,Returning,4.0,3.4
111802,16-07-2024,ABU DHABI,Electronics,929.41,1,10.0,929.41,836.47,Card,Returning,1.0,3.8
100526,10-01-2024,  Abu Dhabi  ,beauty & personal care,246.89,1,10.0,246.89,222.2,  Cash on Delivery  ,Returning,1.0,4.4
136211,13-07-2025,Sharjah,  Fashion  ,267.05,1,5.0,267.05,253.7,Wallet,New,1.0,4.4
142857,2025-10-13,  Dubai  ,ELECTRONICS,3173.03,1,0.0,3173.03,3173.03,WALLET,Returning,3.0,
132968,2025-05-26,  Dubai  ,ELECTRONICS,432.55,1,5.0,432.55,410.92,CARD,Returning,,4.3
106050,13-04-2024,ajman,ELECTRONICS,2529.13,1,0.0,2529.13,2529.13,CARD,Returning,2.0,3.9
146311,11/24/2025,SHARJAH,ELECTRONICS,855.52,1,20.0,855.52,684.42,  Card  ,Returning,3.0,5.0
139739,08/30/2025,,BEAUTY & PERSONAL CARE,88.64,1,20.0,88.64,70.91,  Wallet  ,Returning,1.0,4.6
113852,17-08-2024,  Dubai  ,FASHION,453.27,1,15.0,453.27,385.28,card,Returning,3.0,5.0
145361,16/11/2025,sharjah,beauty & personal care,245.96,1,0.0,245.96,245.96,card,Returning,3.0,3.9
141395,22/09/2025,Dubai,  Fashion  ,47.5,1,0.0,47.5,47.5,card,Returning,2.0,5.0
133294,2025-05-31,sharjah,GROCERIES,23.82,1,15.0,23.82,20.25,card,Returning,4.0,4.6
108860,28/05/2024,DUBAI,Beauty & Personal Care,196.26,1,0.0,196.26,196.26,WALLET,New,2.0,4.1
134216,14/06/2025,Dubai,beauty & personal care,44.03,1,15.0,44.03,37.43,WALLET,Returning,1.0,4.7
111145,05/07/2024,DUBAI,FASHION,368.7,2,10.0,737.4,663.66,Wallet,New,4.0,
115279,09/04/2024,  Dubai  ,,58.28,1,15.0,58.28,49.54,cash on delivery,Returning,3.0,4.1
116071,16-09-2024,Sharja,BEAUTY & PERSONAL CARE,162.08,1,0.0,162.08,162.08,Card,New,2.0,4.3
140222,05-09-2025,abu dhabi,beauty & personal care,92.8,1,5.0,92.8,88.16,wallet,New,1.0,4.4
118996,2024-11-03,Dubay,electronics,1462.09,3,10.0,4386.27,3947.64,,New,1.0,4.3
140899,2025-09-15,Sharja,MOBILE ACCESSORIES,99.89,1,5.0,99.89,94.9,Card,New,4.0,4.4
116835,2024-09-29,SHARJAH,BEAUTY & PERSONAL CARE,30.53,2,5.0,61.06,58.01,  Card  ,Returning,,4.5
100961,2024-01-18,  Abu Dhabi  ,  Beauty & Personal Care  ,203.48,1,20.0,203.48,162.78,CASH ON DELIVERY,Returning,5.0,4.2
127844,12/03/2025,  Abu Dhabi  ,  Fashion  ,57.56,1,0.0,57.56,57.56,  Card  ,Returning,1.0,3.6
117606,2024-10-12,  Sharjah  ,  Groceries  ,157.92,1,0.0,157.92,157.92,  Cash on Delivery  ,New,4.0,4.4
122092,12/09/2024,Sharjah,Home & Kitchen,167.05,2,0.0,334.1,334.1,wallet,Returning,2.0,4.3
123502,12/31/2024,DUBAI,MOBILE ACCESSORIES,90.8,1,0.0,90.8,90.8,  Wallet  ,Returning,3.0,4.8
127175,02/27/2025,Abu Dhabi,beauty & personal care,64.2,1,0.0,64.2,64.2,Card,New,4.0,
113922,18/08/2024,  Abu Dhabi  ,,215.25,1,15.0,215.25,182.96,Cash on Delivery,Returning,3.0,4.3
121494,30-11-2024,Dubai,beauty & personal care,372.4,1,20.0,372.4,297.92,Cash on Delivery,Returning,5.0,4.9
110141,18/06/2024,  Dubai  ,Beauty & Personal Care,123.4,1,5.0,123.4,117.23,WALLET,Returning,3.0,4.9
110211,19-06-2024,SHARJAH,  Fashion  ,283.17,2,5.0,566.34,538.02,  Cash on Delivery  ,Returning,1.0,4.7
100480,01/09/2024,SHARJAH,Groceries,120.52,1,20.0,120.52,96.42,CARD,Returning,1.0,3.4
113127,07/08/2024,,  Home & Kitchen  ,702.96,1,0.0,702.96,702.96,card,Returning,,3.7
143741,10/25/2025,abu dhabi,ELECTRONICS,1041.24,1,0.0,1041.24,1041.24,  Card  ,Returning,3.0,4.6
141042,2025-09-17,Dubay,GROCERIES,84.52,-2,10.0,169.04,152.14,  Wallet  ,New,1.0,4.4
123709,03-01-2025,Dubai,FASHION,131.75,2,10.0,263.5,237.15,Card,Returning,5.0,4.5
111067,04-07-2024,  Dubai  ,FASHION,592.69,1,5.0,592.69,563.06,CASH ON DELIVERY,New,1.0,4.6
106132,13-04-2024,ajman,Beauty & Personal Care,140.52,1,0.0,140.52,140.52,WALLET,New,1.0,3.1
120472,23/11/2024,sharjah,home & kitchen,419.76,1,20.0,419.76,335.81,CARD,Returning,3.0,3.9
131395,2025-05-02,dubai,FASHION,287.48,1,5.0,287.48,273.11,  Card  ,New,3.0,3.7
108705,25-05-2024,abu dhabi,Beauty & Personal Care,396.57,1,0.0,396.57,396.57,Wallet,New,2.0,5.0
112144,21-07-2024,dubai,Electronics,2700.78,1,10.0,2700.78,2430.7,Card,New,3.0,
114093,21/08/2024,  Sharjah  ,FASHION,218.92,3,10.0,656.76,591.08,CARD,New,4.0,3.8
131540,05/04/2025,  Sharjah  ,BEAUTY & PERSONAL CARE,91.34,2,0.0,182.68,182.68,CASH ON DELIVERY,New,3.0,4.2
142513,10/08/2025,dubai,FASHION,96.39,1,15.0,96.39,81.93,Card,New,6.0,4.4
108015,14/05/2024,DUBAI,fashion,267.42,1,,267.42,213.94,WALLET,Returning,2.0,4.9
149174,12/27/2025,  Dubai  ,Beauty & Personal Care,348.77,1,0.0,348.77,348.77,CASH ON DELIVERY,New,4.0,5.0
133626,2025-06-05,abu dhabi,  Beauty & Personal Care  ,78.29,1,0.0,78.29,78.29,Cash on Delivery,Returning,2.0,4.5
101123,20-01-2024,DUBAI,BEAUTY & PERSONAL CARE,50.05,2,,100.1,70.07,CARD,Returning,3.0,5.0
106209,14-04-2024,AJMAN,Groceries,133.27,1,0.0,133.27,133.27,CARD,New,2.0,3.3
118233,2024-10-21,Dubay,HOME & KITCHEN,93.67,1,0.0,93.67,93.67,Card,New,3.0,4.4
126271,2025-02-13,sharjah,  Beauty & Personal Care  ,156.95,1,5.0,156.95,149.1,WALLET,Returning,2.0,4.1
141705,2025-09-27,AJMAN,FASHION,524.87,1,0.0,524.87,524.87,Card,New,5.0,3.4
146508,25-11-2025,Dubai,ELECTRONICS,2035.54,1,30.0,2035.54,1424.88,  Wallet  ,Returning,1.0,
135026,06/26/2025,Sharjah,home & kitchen,168.02,1,,168.02,151.22,  Cash on Delivery  ,Returning,1.0,5.0
121353,2024-11-29,DUBAI,  Fashion  ,80.02,1,40.0,80.02,48.01,CARD,Returning,3.0,3.3
143926,10/28/2025,dubai,  Electronics  ,532.27,1,5.0,532.27,505.66,card,New,2.0,5.0
142805,2025-10-12,Dubai,fashion,242.87,1,15.0,242.87,206.44,  Card  ,Returning,4.0,4.3
114594,08/27/2024,RAS AL KHAIMAH,  Mobile Accessories  ,107.96,1,10.0,107.96,97.16,Cash on Delivery,Returning,3.0,5.0
120456,23/11/2024,  Abu Dhabi  ,Beauty & Personal Care,274.93,2,40.0,549.86,329.92,  Cash on Delivery  ,Returning,2.0,3.8
126296,2025-02-13,AJMAN,beauty & personal care,35.14,1,10.0,35.14,31.63,  Cash on Delivery  ,Returning,4.0,3.8
125613,02-02-2025,dubai,home & kitchen,326.67,2,0.0,653.34,653.34,CASH ON DELIVERY,Returning,,4.1
120643,2024-11-24,dubai,Fashion,76.4,1,50.0,76.4,38.2,  Card  ,Returning,1.0,
100571,2024-01-11,  Dubai  ,HOME & KITCHEN,701.31,1,15.0,701.31,596.11,  Card  ,Returning,3.0,3.4
133333,31-05-2025,,,225.18,1,10.0,225.18,202.66,Card,New,3.0,3.1
114876,30-08-2024,Dubai,Fashion,159.04,1,5.0,159.04,151.09,  Cash on Delivery  ,Returning,1.0,4.6
102858,2024-02-18,Ajman ,  Electronics  ,3317.44,1,5.0,3317.44,3151.57,Card,Returning,2.0,3.3
133692,06-06-2025,abu dhabi,Electronics,3083.25,1,10.0,3083.25,2774.92,Card,Returning,1.0,4.5
117197,10/05/2024,ABU DHABI,  Groceries  ,168.49,1,0.0,168.49,168.49,cash on delivery,New,2.0,4.5
127927,03/14/2025,DUBAI,  Groceries  ,69.47,1,10.0,69.47,62.52,CASH ON DELIVERY,Returning,3.0,3.6
118313,10/23/2024,SHARJAH,fashion,540.81,1,0.0,540.81,540.81,  Card  ,Returning,4.0,4.8
125086,01/25/2025,ABU DHABI,BEAUTY & PERSONAL CARE,276.14,1,30.0,276.14,193.3,CARD,New,2.0,4.1
145177,14-11-2025,dubai,Home & Kitchen,139.77,1,15.0,139.77,118.8,  Card  ,Returning,999.0,4.7
137121,27/07/2025,Sharja,electronics,2909.86,1,0.0,2909.86,2909.86,Card,New,1.0,4.0
100629,2024-01-12,dubai,Electronics,2603.99,1,10.0,2603.99,2343.59,  Cash on Delivery  ,New,1.0,4.7
146319,2025-11-24,abu dhabi,Fashion,51.47,1,40.0,51.47,30.88,cash on delivery,Returning,1.0,3.8
109156,06/02/2024,dubai,Home & Kitchen,133.51,2,0.0,267.02,267.02,Wallet,Returning,2.0,5.0
143965,10/29/2025,  Sharjah  ,Fashion,95.29,1,0.0,95.29,95.29,Card,New,2.0,3.7
133436,06/02/2025,,MOBILE ACCESSORIES,122.64,1,0.0,122.64,122.64,CARD,Returning,2.0,3.0
112894,2024-08-03,Dubai ,  Beauty & Personal Care  ,306.83,1,20.0,306.83,245.46,  Card  ,Returning,2.0,3.9
143923,28/10/2025,abu dhabi,MOBILE ACCESSORIES,232.31,1,0.0,232.31,232.31,cash on delivery,Returning,1.0,3.9
128106,03/17/2025,Dubai,  Groceries  ,219.93,1,0.0,219.93,219.93,Card,New,3.0,3.7
104477,03/18/2024,Abu Dhabi,home & kitchen,363.13,1,0.0,363.13,363.13,card,Returning,2.0,4.9
136277,07/14/2025,DUBAI,electronics,2149.92,1,0.0,2149.92,2149.92,Cash on Delivery,Returning,3.0,4.4
122951,12/23/2024,Abu Dhabi,Beauty & Personal Care,266.76,1,0.0,266.76,266.76,  Card  ,Returning,3.0,4.6
134847,23-06-2025,  Abu Dhabi  ,Electronics,2983.42,1,0.0,2983.42,2983.42,cash on delivery,New,2.0,3.9
145764,21/11/2025,dubai,home & kitchen,96.74,2,30.0,193.48,135.44,CASH ON DELIVERY,Returning,1.0,4.6
136906,2025-07-24,SHARJAH,GROCERIES,195.56,1,0.0,195.56,195.56,Wallet,New,3.0,4.7
132769,23/05/2025,dubai,  Electronics  ,2517.49,1,0.0,2517.49,2517.49,CARD,New,2.0,3.9
135761,07/07/2025,dubai,FASHION,264.16,1,10.0,264.16,237.74,card,Returning,1.0,5.0
115960,15/09/2024,Dubai,,309.61,1,20.0,309.61,247.69,card,New,3.0,4.3
144285,2025-11-01,ABU DHABI,  Mobile Accessories  ,122.47,2,10.0,244.94,220.45,card,New,1.0,2.4
115665,10/09/2024,  Dubai  ,HOME & KITCHEN,342.94,1,0.0,342.94,342.94,card,Returning,1.0,4.9
114760,29/08/2024,dubai,fashion,432.0,1,0.0,432.0,432.0,  Wallet  ,New,2.0,4.6
137794,06/08/2025,ras al khaimah,groceries,82.46,1,0.0,82.46,82.46,Card,Returning,2.0,
132697,22/05/2025,DUBAI,MOBILE ACCESSORIES,242.97,1,0.0,242.97,242.97,Card,Returning,5.0,4.8
109186,2024-06-02,RAS AL KHAIMAH,MOBILE ACCESSORIES,140.1,1,0.0,140.1,140.1,  Card  ,Returning,2.0,3.9
144259,01-11-2025,ABU DHABI,HOME & KITCHEN,637.15,1,20.0,637.15,509.72,cash on delivery,Returning,3.0,3.6
110835,29-06-2024,  Dubai  ,ELECTRONICS,2528.38,1,0.0,2528.38,2528.38,CARD,New,1.0,4.8
105158,01/04/2024,Sharjah,groceries,117.27,1,10.0,117.27,105.54,Card,New,4.0,3.3
136601,07/19/2025,sharjah,Home & Kitchen,584.19,1,20.0,584.19,467.35,card,Returning,1.0,4.5
124363,01/13/2025,  Abu Dhabi  ,Fashion,134.06,2,5.0,268.12,254.71,Card,Returning,,4.3
133058,27/05/2025,ABU DHABI,MOBILE ACCESSORIES,128.93,1,0.0,128.93,128.93,,New,3.0,4.4
140435,09/08/2025,dubai,home & kitchen,716.94,1,0.0,716.94,716.94,card,Returning,2.0,
124730,2025-01-18,dubai,fashion,581.47,1,0.0,581.47,581.47,  Card  ,New,2.0,4.5
132170,2025-05-14,SHARJAH,GROCERIES,155.0,2,0.0,310.0,310.0,cash on delivery,Returning,4.0,4.2
112949,04/08/2024,RAS AL KHAIMAH,MOBILE ACCESSORIES,97.48,1,0.0,97.48,97.48,cash on delivery,New,1.0,3.5
144693,2025-11-07,  Dubai  ,MOBILE ACCESSORIES,219.09,1,0.0,219.09,219.09,cash on delivery,New,4.0,5.0
145691,2025-11-21,  Ras Al Khaimah  ,Electronics,2362.12,1,50.0,2362.12,1181.06,Cash on Delivery,Returning,1.0,4.1
146860,2025-11-27,  Ajman  ,ELECTRONICS,372.1,1,30.0,372.1,260.47,Cash on Delivery,New,1.0,5.0
103325,26/02/2024,Abu Dhabi,  Mobile Accessories  ,105.5,1,0.0,105.5,105.5,Card,Returning,3.0,4.7
139898,09/01/2025,ABU DHABI,  Electronics  ,554.0,1,20.0,554.0,443.2,Card,Returning,1.0,
115350,05/09/2024,ABU DHABI,GROCERIES,45.72,1,20.0,45.72,36.58,  Cash on Delivery  ,Returning,2.0,3.8
139894,09/01/2025,Dubai,Beauty & Personal Care,394.08,1,0.0,394.08,394.08,CARD,Returning,4.0,4.8
101434,25-01-2024,,ELECTRONICS,3428.72,1,5.0,3428.72,3257.28,CASH ON DELIVERY,Returning,3.0,3.3
134255,14-06-2025,dubai,  Beauty & Personal Care  ,217.1,1,10.0,217.1,195.39,  Card  ,New,2.0,5.0
120710,25-11-2024,Ras Al Khaimah,BEAUTY & PERSONAL CARE,200.69,2,30.0,401.38,280.97,CARD,Returning,,3.5
100718,2024-01-13,Abu Dhabi,  Fashion  ,140.6,1,30.0,140.6,98.42,  Card  ,Returning,4.0,3.9
110985,2024-07-02,dubai,  Groceries  ,211.02,1,15.0,211.02,179.37,  Card  ,Returning,1.0,4.6
107433,2024-05-04,abu dhabi,FASHION,248.98,2,10.0,497.96,448.16,Card,Returning,3.0,3.5
139962,2025-09-02,abu dhabi,  Fashion  ,446.42,1,5.0,446.42,424.1,cash on delivery,New,1.0,4.6
123920,06/01/2025,  Sharjah  ,Fashion,305.05,1,20.0,305.05,244.04,  Card  ,Returning,1.0,5.0
147928,10/12/2025,Abu Dhabi,MOBILE ACCESSORIES,137.46,1,30.0,137.46,96.22,Card,Returning,3.0,5.0
114077,21/08/2024,sharjah,  Electronics  ,1565.64,1,5.0,1565.64,1487.36,Card,Returning,1.0,3.5
118888,01-11-2024,DUBAI,FASHION,415.2,1,0.0,415.2,415.2,cash on delivery,Returning,2.0,
106145,04/13/2024,ABU DHABI,mobile accessories,171.1,1,20.0,171.1,136.88,  Wallet  ,New,3.0,3.9
111909,07/18/2024,Dubai ,Mobile Accessories,24.64,1,0.0,24.64,24.64,CARD,Returning,3.0,4.7
130058,12-04-2025,  Dubai  ,Home & Kitchen,741.67,2,10.0,1483.34,1335.01,CASH ON DELIVERY,Returning,1.0,4.8
108898,2024-05-29,ABU DHABI,Electronics,2534.31,1,10.0,2534.31,2280.88,  Card  ,Returning,,
137932,08-08-2025,  Abu Dhabi  ,ELECTRONICS,2441.52,1,5.0,2441.52,2319.44,CARD,Returning,1.0,3.9
147667,2025-12-06,Ras Al Khaimah,GROCERIES,273.85,1,0.0,273.85,273.85,  Wallet  ,Returning,4.0,4.5
140335,06-09-2025,DUBAI,mobile accessories,218.44,2,5.0,436.88,415.04,CASH ON DELIVERY,Returning,1.0,5.0
142962,2025-10-14,ABU DHABI,GROCERIES,182.33,1,5.0,182.33,173.21,card,Returning,5.0,4.4
127630,03/08/2025,abu dhabi,MOBILE ACCESSORIES,56.64,1,0.0,56.64,56.64,cash on delivery,Returning,2.0,5.0
113483,13-08-2024,  Abu Dhabi  ,  Home & Kitchen  ,898.32,1,5.0,898.32,853.4,wallet,Returning,4.0,3.7
100241,2024-01-05,DUBAI,electronics,1001.02,1,0.0,1001.02,1001.02,Cash on Delivery,Returning,1.0,4.3
137214,2025-07-28,  Dubai  ,  Mobile Accessories  ,58.85,2,15.0,117.7,100.04,Card,Returning,3.0,5.0
106673,22-04-2024,ABU DHABI,Beauty & Personal Care,45.84,1,15.0,45.84,38.96,cash on delivery,New,2.0,4.6
109551,08/06/2024,ABU DHABI,groceries,24.91,1,15.0,24.91,21.17,wallet,Returning,3.0,5.0
139885,2025-09-01,  Sharjah  ,FASHION,576.02,1,0.0,576.02,576.02,Cash on Delivery,Returning,3.0,4.0
148098,12-12-2025,Dubai,  Fashion  ,441.91,1,0.0,441.91,441.91,card,Returning,2.0,2.5
136751,21/07/2025,,electronics,331.94,2,0.0,663.88,663.88,Card,Returning,3.0,4.1
135052,06/26/2025,Ajman,Beauty & Personal Care,104.85,1,15.0,104.85,89.12,Card,New,2.0,
127638,08-03-2025,abu dhabi,Beauty & Personal Care,159.27,2,0.0,318.54,318.54,Card,New,4.0,4.4
118557,27/10/2024,dubai,  Beauty & Personal Care  ,270.62,1,0.0,270.62,270.62,Cash on Delivery,Returning,4.0,4.4
131655,2025-05-06,dubai,ELECTRONICS,1264.32,1,15.0,1264.32,1074.67,CARD,Returning,1.0,4.7
142701,11/10/2025,dubai,fashion,583.52,1,5.0,583.52,554.34,CASH ON DELIVERY,Returning,4.0,3.4
129416,04/03/2025,dubai,Groceries,44.13,1,15.0,44.13,37.51,card,Returning,1.0,5.0
109430,07-06-2024,Abu Dhabi,  Beauty & Personal Care  ,228.93,1,20.0,228.93,183.14,CARD,New,1.0,3.6
133112,28/05/2025,  Ajman  ,ELECTRONICS,1632.4,-2,10.0,3264.8,2938.32,Card,Returning,3.0,
135671,05/07/2025,  Abu Dhabi  ,,577.65,1,10.0,577.65,519.88,Wallet,Returning,3.0,3.5
105395,06/04/2024,DUBAI,FASHION,474.41,2,10.0,948.82,853.94,CASH ON DELIVERY,Returning,3.0,4.7
115072,2024-09-02,ABU DHABI,FASHION,216.01,2,15.0,432.02,367.22,card,Returning,3.0,4.9
144655,2025-11-07,Abu Dhabi,GROCERIES,255.73,1,5.0,255.73,242.94,card,Returning,3.0,4.2
104995,29/03/2024,Dubai,FASHION,308.34,1,0.0,308.34,308.34,Card,New,3.0,4.2
139632,29-08-2025,AJMAN,FASHION,293.68,1,5.0,293.68,279.0,wallet,Returning,4.0,4.9
104945,2024-03-28,AJMAN,Fashion,383.42,2,0.0,766.84,766.84,  Wallet  ,New,2.0,4.6
136387,2025-07-16,Dubai,Fashion,152.16,1,0.0,152.16,152.16,Wallet,New,4.0,5.0
103571,2024-03-02,,  Mobile Accessories  ,106.98,1,,106.98,101.63,Card,Returning,1.0,3.6
113870,18/08/2024,Dubai,electronics,2284.0,1,5.0,2284.0,2169.8,card,Returning,4.0,4.0
131670,07-05-2025,Dubai ,FASHION,325.76,3,0.0,977.28,977.28,Cash on Delivery,New,1.0,3.9
148202,14/12/2025,Dubay,Fashion,279.48,1,10.0,279.48,251.53,Cash on Delivery,Returning,2.0,4.9
139879,2025-09-01,abu dhabi,Beauty & Personal Care,192.89,1,10.0,192.89,173.6,Cash on Delivery,Returning,3.0,3.6
126103,10-02-2025,SHARJAH,ELECTRONICS,1959.18,2,30.0,3918.36,2742.85,Card,New,3.0,4.7
102232,08-02-2024,ABU DHABI,  Electronics  ,2704.4,1,10.0,2704.4,2433.96,Card,Returning,3.0,4.1
142198,2025-10-03,ajman,HOME & KITCHEN,812.94,1,10.0,812.94,731.65,wallet,Returning,4.0,2.9
143983,29/10/2025,,Groceries,93.32,1,0.0,93.32,93.32,Card,Returning,5.0,4.4
108203,17/05/2024,dubai,home & kitchen,439.55,3,0.0,1318.65,1318.65,card,New,,3.8
143895,10/28/2025,  Abu Dhabi  ,  Mobile Accessories  ,99.92,1,5.0,99.92,94.92,Wallet,Returning,2.0,3.7
148891,24/12/2025,  Dubai  ,mobile accessories,42.9,1,10.0,42.9,38.61,  Card  ,Returning,5.0,3.0
112342,25-07-2024,Abu Dhabi,ELECTRONICS,1750.54,1,0.0,1750.54,1750.54,cash on delivery,Returning,4.0,3.5
125576,01-02-2025,dubai,  Groceries  ,254.5,1,0.0,254.5,254.5,  Cash on Delivery  ,Returning,3.0,4.0
112215,2024-07-22,DUBAI,  Electronics  ,1175.16,1,0.0,1175.16,1175.16,Card,Returning,3.0,3.9
132823,24/05/2025,ABU DHABI,Fashion,294.02,1,10.0,294.02,264.62,card,New,2.0,5.0
126885,2025-02-23,  Abu Dhabi  ,electronics,415.77,1,10.0,415.77,374.19,  Card  ,Returning,2.0,3.5
134646,20/06/2025,abu dhabi,mobile accessories,126.61,1,0.0,126.61,126.61,CARD,Returning,4.0,4.7
148154,13-12-2025,abu dhabi,beauty & personal care,244.02,1,30.0,244.02,170.81,card,New,1.0,4.9
141348,2025-09-22,dubai,Beauty & Personal Care,334.37,1,0.0,334.37,334.37,  Card  ,Returning,2.0,
123596,01/02/2025,abu dhabi,  Mobile Accessories  ,63.91,1,20.0,63.91,51.13,  Cash on Delivery  ,New,2.0,4.9
148154,12/13/2025,abu dhabi,beauty & personal care,244.02,1,30.0,244.02,170.81,card,New,1.0,4.9
129847,09/04/2025,ABU DHABI,Beauty & Personal Care,34.36,1,5.0,34.36,32.64,Card,Returning,1.0,4.1
132780,23-05-2025,  Dubai  ,  Fashion  ,389.94,1,5.0,389.94,370.44,Card,New,4.0,4.7
110012,2024-06-16,Dubai,  Home & Kitchen  ,101.18,1,20.0,101.18,80.94,  Card  ,Returning,1.0,3.6
132344,05/17/2025,  Sharjah  ,beauty & personal care,230.88,1,0.0,230.88,230.88,cash on delivery,Returning,1.0,4.5
115808,09/12/2024,  Abu Dhabi  ,beauty & personal care,145.57,1,5.0,145.57,138.29,card,Returning,3.0,3.6
116529,24-09-2024,DUBAI,GROCERIES,39.75,3,,119.25,119.25,card,Returning,2.0,5.0
123876,01/06/2025,dubai,BEAUTY & PERSONAL CARE,74.09,2,10.0,148.18,133.36,Wallet,Returning,2.0,12.899999999999999
146263,11/24/2025,sharjah,GROCERIES,197.23,1,50.0,197.23,98.62,  Wallet  ,New,2.0,3.3
136953,25/07/2025,  Abu Dhabi  ,Fashion,528.24,2,0.0,1056.48,1056.48,Card,Returning,1.0,3.5
146780,11/27/2025,sharjah,fashion,247.46,1,10.0,247.46,222.71,Wallet,Returning,4.0,5.0
131113,04/28/2025,Abu Dhabi,Beauty & Personal Care,366.31,2,0.0,732.62,732.62,card,Returning,1.0,4.5
109516,08-06-2024,dubai,ELECTRONICS,1293.95,1,5.0,1293.95,1229.25,cash on delivery,Returning,2.0,4.7
109088,2024-06-01,DUBAI,electronics,2358.12,1,0.0,2358.12,2358.12,  Card  ,Returning,3.0,4.5
118284,2024-10-22,SHARJAH,  Beauty & Personal Care  ,190.03,1,0.0,190.03,190.03,  Card  ,Returning,1.0,5.0
139570,29-08-2025,Dubai,home & kitchen,584.53,1,5.0,584.53,555.3,  Card  ,New,3.0,4.1
118649,28-10-2024,Dubai,electronics,1003.19,1,0.0,1003.19,1003.19,CASH ON DELIVERY,Returning,3.0,3.2
113497,2024-08-13,  Dubai  ,Fashion,325.93,1,10.0,325.93,293.34,Card,Returning,3.0,5.0
147931,12/10/2025,  Dubai  ,mobile accessories,206.14,1,5.0,206.14,195.83,Wallet,Returning,2.0,4.6
119910,2024-11-18,ras al khaimah,Groceries,247.89,2,15.0,495.78,421.41,card,New,4.0,5.0
118683,29/10/2024,Abu Dhabi,  Fashion  ,120.28,1,10.0,120.28,108.25,CASH ON DELIVERY,Returning,1.0,3.7
130055,12-04-2025,DUBAI,Home & Kitchen,601.76,1,20.0,601.76,481.41,Card,Returning,3.0,
120973,2024-11-27,RAS AL KHAIMAH,  Fashion  ,142.1,2,40.0,284.2,170.52,wallet,New,3.0,
131320,01-05-2025,RAS AL KHAIMAH,mobile accessories,105.39,2,10.0,210.78,189.7,Cash on Delivery,New,,4.1
119134,2024-11-05,Sharja,  Home & Kitchen  ,537.59,1,5.0,537.59,510.71,Card,Returning,3.0,2.8
130730,22-04-2025,Dubai,FASHION,278.03,1,10.0,278.03,250.23,Card,Returning,4.0,4.4
121964,2024-12-07,ABU DHABI,ELECTRONICS,3088.96,1,10.0,3088.96,2780.06,  Card  ,New,1.0,5.0
122576,2024-12-16,Sharjah,mobile accessories,194.77,3,10.0,584.31,525.88,CARD,Returning,1.0,3.8
142328,2025-10-05,Abu Dhabi,Fashion,135.87,1,0.0,135.87,135.87,  Card  ,Returning,1.0,3.5
145743,11/21/2025,DUBAI,mobile accessories,158.39,1,50.0,158.39,79.19,CASH ON DELIVERY,Returning,2.0,3.7
125845,06-02-2025,Abu Dhabi,  Electronics  ,904.44,1,15.0,904.44,768.77,Card,New,,3.7
132330,05/16/2025,abu dhabi,BEAUTY & PERSONAL CARE,235.32,3,20.0,705.96,564.77,CASH ON DELIVERY,New,3.0,4.7
145998,22-11-2025,Dubai,BEAUTY & PERSONAL CARE,46.27,2,50.0,92.54,46.27,Card,New,,4.1
101299,23-01-2024,  Dubai  ,  Fashion  ,159.07,1,0.0,159.07,159.07,cash on delivery,Returning,2.0,4.7
119972,11/19/2024,  Abu Dhabi  ,fashion,155.54,1,0.0,155.54,155.54,  Cash on Delivery  ,Returning,1.0,4.0
144007,10/29/2025,Dubai,  Fashion  ,347.2,1,0.0,347.2,347.2,,Returning,1.0,3.0
146300,11/24/2025,Abu Dhabi,Electronics,654.93,1,50.0,654.93,327.46,cash on delivery,Returning,3.0,3.4
148206,14-12-2025,  Sharjah  ,  Home & Kitchen  ,73.86,1,15.0,73.86,62.78,  Card  ,Returning,2.0,4.2
139594,29/08/2025,dubai,GROCERIES,66.37,1,5.0,66.37,63.05,cash on delivery,Returning,2.0,5.0
147670,06/12/2025,dubai,groceries,273.35,1,0.0,273.35,273.35,Card,Returning,1.0,2.6
138868,08/20/2025,ABU DHABI,ELECTRONICS,2346.05,1,10.0,2346.05,2111.45,CASH ON DELIVERY,Returning,4.0,3.4
131310,05/01/2025,dubai,home & kitchen,864.78,2,10.0,1729.56,1556.6,CASH ON DELIVERY,New,2.0,4.1
108676,05/25/2024,ABU DHABI,  Home & Kitchen  ,621.08,1,10.0,621.08,558.97,  Card  ,Returning,3.0,4.0
105631,2024-04-09,DUBAI,FASHION,420.47,2,10.0,840.94,756.85,Card,Returning,4.0,3.5
105882,04/11/2024,  Abu Dhabi  ,MOBILE ACCESSORIES,205.79,2,0.0,411.58,411.58,Card,Returning,2.0,5.0
141892,09/29/2025,dubai,ELECTRONICS,3126.44,1,0.0,3126.44,3126.44,Wallet,Returning,4.0,4.8
109153,2024-06-02,  Sharjah  ,Groceries,102.5,1,0.0,102.5,102.5,CARD,Returning,2.0,4.5
137716,2025-08-05,sharjah,FASHION,594.72,1,20.0,594.72,475.78,card,Returning,5.0,4.6
100343,01/07/2024,Sharjah,GROCERIES,147.9,1,5.0,147.9,140.5,  Wallet  ,New,4.0,2.6
128511,2025-03-24,Sharja,,661.53,1,0.0,661.53,661.53,  Card  ,Returning,3.0,4.8
120170,22-11-2024,Dubai,  Electronics  ,595.76,1,30.0,595.76,417.03,Card,Returning,1.0,4.0
128030,03/16/2025,DUBAI,  Fashion  ,455.56,1,15.0,455.56,387.23,Card,Returning,1.0,5.0
116290,2024-09-20,dubai,  Fashion  ,338.19,1,5.0,338.19,321.28,  Card  ,New,1.0,
140749,2025-09-13,DUBAI,ELECTRONICS,1208.42,2,10.0,2416.84,2175.16,Cash on Delivery,New,3.0,3.7
147129,2025-11-29,  Ajman  ,Fashion,342.02,1,0.0,342.02,342.02,Cash on Delivery,New,4.0,3.0
110637,26/06/2024,Dubay,  Fashion  ,219.09,1,0.0,219.09,219.09,CARD,Returning,3.0,5.0
128512,24/03/2025,dubai,  Electronics  ,549.72,1,15.0,549.72,467.26,Card,New,4.0,5.0
133019,05/27/2025,Dubai,  Mobile Accessories  ,232.5,1,15.0,232.5,197.62,CARD,New,4.0,5.0
128120,18-03-2025,sharjah,,114.84,2,0.0,229.68,229.68,wallet,Returning,3.0,4.0
139996,2025-09-02,sharjah,Beauty & Personal Care,142.07,1,0.0,142.07,142.07,Cash on Delivery,New,3.0,3.8
143624,24-10-2025,dubai,Fashion,513.04,1,0.0,513.04,513.04,CASH ON DELIVERY,Returning,1.0,3.8
105247,03-04-2024,abu dhabi,  Electronics  ,3115.86,1,0.0,3115.86,3115.86,CARD,Returning,3.0,4.3
143432,2025-10-21,Abu Dhabi,ELECTRONICS,1370.79,1,0.0,1370.79,1370.79,Card,New,2.0,3.5
120417,2024-11-23,  Dubai  ,Fashion,416.08,3,30.0,1248.24,873.77,Cash on Delivery,Returning,3.0,4.8
100492,10-01-2024,DUBAI,  Fashion  ,219.68,1,30.0,219.68,153.78,  Wallet  ,New,1.0,3.9
110563,25-06-2024,sharjah,Fashion,584.93,1,5.0,584.93,555.68,Card,New,3.0,5.0
104015,03/09/2024,Abu Dhabi,  Beauty & Personal Care  ,99.39,1,5.0,99.39,94.42,Card,New,3.0,4.8
130655,21/04/2025,DUBAI,Fashion,82.46,1,10.0,82.46,74.21,card,Returning,2.0,5.0
135746,07/07/2025,Abu Dhabi,Beauty & Personal Care,197.31,1,30.0,197.31,138.12,Card,Returning,2.0,3.4
123365,12/29/2024,DUBAI,groceries,243.03,1,0.0,243.03,243.03,  Cash on Delivery  ,New,3.0,3.9
147055,28/11/2025,dubai,Fashion,434.95,1,30.0,434.95,304.46,Card,Returning,1.0,3.2
125036,24-01-2025,  Dubai  ,MOBILE ACCESSORIES,172.5,1,0.0,172.5,172.5,  Cash on Delivery  ,Returning,3.0,3.6
131009,26-04-2025,sharjah,home & kitchen,270.44,1,10.0,270.44,243.4,Card,Returning,4.0,4.4
129962,11-04-2025,abu dhabi,  Mobile Accessories  ,185.32,1,20.0,185.32,148.26,CASH ON DELIVERY,Returning,1.0,
114477,25/08/2024,,electronics,3437.83,1,15.0,3437.83,2922.16,,New,3.0,4.6
127785,2025-03-11,dubai,groceries,160.43,1,0.0,160.43,160.43,  Cash on Delivery  ,Returning,4.0,
141336,2025-09-22,  Dubai  ,HOME & KITCHEN,271.43,1,0.0,271.43,271.43,CARD,Returning,2.0,5.0
116434,09/22/2024,Dubai ,Mobile Accessories,211.17,1,0.0,211.17,211.17,cash on delivery,Returning,4.0,3.8
147374,12/02/2025,,Fashion,126.9,1,10.0,126.9,114.21,CARD,Returning,2.0,5.0
141034,17/09/2025,  Dubai  ,electronics,2987.13,3,5.0,8961.39,8513.32,cash on delivery,New,1.0,
130219,15-04-2025,Abu Dhabi,groceries,114.11,1,5.0,114.11,108.4,Card,Returning,3.0,4.8
112108,2024-07-21,  Ras Al Khaimah  ,BEAUTY & PERSONAL CARE,216.75,1,20.0,216.75,173.4,cash on delivery,Returning,1.0,
138857,08/20/2025,DUBAI,fashion,312.34,1,5.0,312.34,296.72,  Card  ,New,4.0,5.0
129061,04/01/2025,Abu Dhabi,groceries,202.63,1,0.0,202.63,202.63,CARD,Returning,1.0,4.3
127106,26-02-2025,  Sharjah  ,fashion,303.37,1,10.0,303.37,273.03,WALLET,Returning,2.0,4.8
144103,31-10-2025,Abu Dhabi,  Home & Kitchen  ,289.01,3,15.0,867.03,736.98,card,New,3.0,3.6
149349,12/30/2025,ras al khaimah,electronics,1568.94,2,5.0,3137.88,2980.99,WALLET,Returning,2.0,
136705,2025-07-21,DUBAI,Fashion,67.33,1,20.0,67.33,53.86,cash on delivery,New,,4.3
137194,28-07-2025,ABU DHABI,groceries,226.87,1,30.0,226.87,158.81,card,Returning,2.0,4.1
147527,05/12/2025,ABU DHABI,MOBILE ACCESSORIES,145.23,3,10.0,435.69,392.12,cash on delivery,Returning,2.0,
124742,01/19/2025,Dubai ,  Beauty & Personal Care  ,257.82,1,0.0,257.82,257.82,CARD,New,2.0,5.0
110019,06/16/2024,AJMAN,Electronics,1089.66,2,10.0,2179.32,1961.39,  Card  ,Returning,2.0,4.6
119474,2024-11-11,Dubai ,  Electronics  ,3090.26,1,10.0,3090.26,2781.23,card,Returning,1.0,5.0
138028,09-08-2025,Ras Al Khaimah,Groceries,264.85,1,0.0,264.85,264.85,CARD,New,3.0,3.3
140311,06-09-2025,Sharja,FASHION,227.74,1,,227.74,204.97,cash on delivery,Returning,1.0,4.2
145667,2025-11-21,  Dubai  ,  Beauty & Personal Care  ,98.24,1,40.0,98.24,58.94,Card,New,3.0,3.4
130349,04/17/2025,dubai,electronics,377.31,1,10.0,377.31,339.58,wallet,Returning,2.0,4.1
148340,12/16/2025,ABU DHABI,  Fashion  ,195.84,1,0.0,195.84,195.84,  Wallet  ,Returning,3.0,4.4
107279,2024-05-01,sharjah,fashion,139.2,2,10.0,278.4,250.56,Card,Returning,4.0,4.8
101764,2024-02-01,,  Beauty & Personal Care  ,297.63,1,20.0,297.63,238.1,CARD,New,3.0,5.0
136810,22-07-2025,  Dubai  ,Beauty & Personal Care,362.57,1,15.0,362.57,308.18,  Card  ,New,4.0,3.3
104425,2024-03-18,dubai,groceries,51.13,1,20.0,51.13,40.9,,Returning,2.0,3.2
131801,2025-05-09,Dubai,  Groceries  ,73.42,1,20.0,73.42,58.74,  Card  ,New,2.0,3.5
119079,11/04/2024,  Dubai  ,FASHION,303.22,3,15.0,909.66,773.21,CARD,New,2.0,5.0
131758,08-05-2025,Ajman ,MOBILE ACCESSORIES,45.29,1,10.0,45.29,40.76,Card,Returning,3.0,3.9
106094,04/13/2024,Ras Al Khaimah,electronics,910.0,1,10.0,910.0,819.0,Card,New,3.0,3.7
134609,20-06-2025,  Sharjah  ,electronics,2407.21,1,5.0,2407.21,2286.85,  Card  ,Returning,3.0,3.3
102772,17/02/2024,Dubai,groceries,224.27,1,10.0,224.27,201.84,CARD,Returning,2.0,4.9
135364,07/01/2025,,mobile accessories,115.6,1,5.0,115.6,109.82,Card,New,4.0,4.5
130561,20-04-2025,abu dhabi,Home & Kitchen,585.93,1,0.0,585.93,585.93,card,Returning,2.0,3.4
115235,09/04/2024,  Sharjah  ,ELECTRONICS,3307.64,1,10.0,3307.64,2976.88,CASH ON DELIVERY,New,3.0,
100191,2024-01-04,dubai,  Beauty & Personal Care  ,329.41,1,0.0,329.41,329.41,Wallet,New,1.0,
112019,2024-07-19,  Dubai  ,  Groceries  ,60.75,1,0.0,60.75,60.75,card,Returning,4.0,4.1
107909,12-05-2024,  Dubai  ,Home & Kitchen,115.73,1,15.0,115.73,98.37,card,Returning,4.0,4.6
119510,2024-11-12,dubai,electronics,3408.63,1,20.0,3408.63,2726.9,Card,Returning,1.0,3.1
100103,01/03/2024,  Abu Dhabi  ,beauty & personal care,324.78,1,0.0,324.78,324.78,card,New,2.0,4.6
134450,06/17/2025,Dubai,  Electronics  ,3117.94,3,0.0,9353.82,9353.82,CARD,Returning,3.0,3.9
123980,2025-01-07,ABU DHABI,  Fashion  ,441.1,1,5.0,441.1,419.04,card,Returning,3.0,5.0
113754,2024-08-16,Abu Dhabi,fashion,316.36,1,0.0,316.36,316.36,card,Returning,3.0,4.0
109120,01/06/2024,dubai,,787.0,1,15.0,787.0,668.95,card,Returning,2.0,4.0
102335,09-02-2024,abu dhabi,  Beauty & Personal Care  ,370.23,1,10.0,370.23,333.21,CASH ON DELIVERY,New,3.0,4.9
108354,19-05-2024,  Sharjah  ,  Fashion  ,289.78,1,0.0,289.78,289.78,card,New,4.0,5.0
113600,14-08-2024,abu dhabi,BEAUTY & PERSONAL CARE,54.39,1,0.0,54.39,54.39,cash on delivery,Returning,2.0,
133984,2025-06-10,  Abu Dhabi  ,FASHION,499.34,1,0.0,499.34,499.34,cash on delivery,Returning,2.0,5.0
109707,2024-06-11,Dubai ,FASHION,275.71,1,20.0,275.71,220.57,CASH ON DELIVERY,New,3.0,5.0
145970,11/22/2025,dubai,Fashion,138.32,1,40.0,138.32,82.99,  Card  ,Returning,1.0,4.4
113978,08/19/2024,Dubay,  Beauty & Personal Care  ,251.84,1,5.0,251.84,239.25,card,New,3.0,3.9
104599,21/03/2024,ras al khaimah,Home & Kitchen,598.89,1,20.0,598.89,479.11,card,Returning,2.0,5.0
129187,04/02/2025,Sharjah,Mobile Accessories,116.95,1,20.0,116.95,93.56,  Card  ,New,1.0,4.6
107689,09-05-2024,,  Electronics  ,2961.26,1,5.0,2961.26,2813.2,CASH ON DELIVERY,Returning,2.0,3.8
128541,03/25/2025,SHARJAH,fashion,308.95,2,5.0,617.9,587.0,Wallet,New,2.0,2.9
118431,25/10/2024,  Dubai  ,MOBILE ACCESSORIES,86.07,1,5.0,86.07,81.77,card,Returning,3.0,4.1
117616,2024-10-12,  Dubai  ,  Mobile Accessories  ,146.55,1,0.0,146.55,146.55,,New,2.0,3.8
146233,2025-11-24,  Abu Dhabi  ,Fashion,128.62,1,20.0,128.62,102.9,Cash on Delivery,Returning,3.0,
142708,2025-10-11,DUBAI,Home & Kitchen,896.78,1,0.0,896.78,896.78,CARD,Returning,4.0,3.7
110414,23-06-2024,  Dubai  ,Beauty & Personal Care,306.01,1,0.0,306.01,306.01,card,New,1.0,5.0
123526,2024-12-31,abu dhabi,electronics,1269.66,2,5.0,2539.32,2412.35,CARD,Returning,,4.2
129216,02/04/2025,  Dubai  ,mobile accessories,219.81,1,15.0,219.81,186.84,  Card  ,New,4.0,
101019,18-01-2024,  Dubai  ,electronics,1109.14,1,0.0,1109.14,1109.14,CARD,Returning,3.0,4.6
125983,02/08/2025,,mobile accessories,84.14,1,5.0,84.14,79.93,Cash on Delivery,Returning,4.0,3.6
113984,19-08-2024,dubai,  Mobile Accessories  ,195.02,1,15.0,195.02,165.77,Cash on Delivery,Returning,2.0,3.0
132657,21/05/2025,ABU DHABI,Groceries,275.36,1,0.0,275.36,275.36,CASH ON DELIVERY,Returning,1.0,3.3
137304,30/07/2025,dubai,Fashion,470.15,2,15.0,940.3,799.26,card,New,3.0,5.0
133444,02/06/2025,  Ras Al Khaimah  ,  Electronics  ,2270.62,1,5.0,2270.62,2157.09,  Card  ,Returning,4.0,4.3
127451,03/04/2025,Dubai ,  Mobile Accessories  ,183.17,1,5.0,183.17,174.01,,Returning,2.0,4.7
114346,2024-08-24,RAS AL KHAIMAH,  Groceries  ,58.1,1,10.0,58.1,52.29,Card,New,1.0,4.0
121787,2024-12-04,ajman,Mobile Accessories,235.0,1,10.0,235.0,211.5,Card,Returning,4.0,3.9
142265,04/10/2025,dubai,Fashion,46.13,1,15.0,46.13,39.21,Cash on Delivery,New,2.0,3.1
146183,23-11-2025,Dubai,  Fashion  ,451.63,1,40.0,451.63,270.98,card,New,2.0,5.0
133175,2025-05-29,Dubay,  Electronics  ,3020.98,1,10.0,3020.98,2718.88,CARD,Returning,1.0,3.7
109606,2024-06-09,DUBAI,  Electronics  ,3176.74,1,0.0,3176.74,3176.74,  Cash on Delivery  ,New,1.0,4.2
124193,10-01-2025,Ajman,Home & Kitchen,569.4,1,0.0,569.4,569.4,card,Returning,1.0,4.1
141161,19-09-2025,abu dhabi,fashion,330.77,1,5.0,330.77,314.23,  Card  ,Returning,1.0,4.2
126511,17-02-2025,  Dubai  ,beauty & personal care,230.05,2,15.0,460.1,391.08,CARD,New,3.0,3.7
125760,04-02-2025,  Sharjah  ,Groceries,292.49,3,30.0,877.47,614.23,cash on delivery,Returning,3.0,4.7
144523,05/11/2025,,  Electronics  ,351.42,1,20.0,351.42,281.14,  Card  ,New,2.0,4.4
133208,30/05/2025,ajman,  Mobile Accessories  ,105.98,1,5.0,105.98,100.68,card,Returning,2.0,4.1
129803,2025-04-08,ABU DHABI,electronics,1568.39,1,10.0,1568.39,1411.55,  Wallet  ,Returning,4.0,3.3
125291,2025-01-28,SHARJAH,electronics,2539.52,3,5.0,7618.56,7237.63,  Card  ,New,3.0,4.3
118850,01-11-2024,  Dubai  ,fashion,345.21,1,10.0,345.21,310.69,cash on delivery,Returning,3.0,5.0
105251,04/03/2024,Abu Dhabi,HOME & KITCHEN,206.93,2,5.0,413.86,393.17,card,Returning,2.0,4.4
103358,27/02/2024,Dubay,  Groceries  ,132.51,2,0.0,265.02,265.02,cash on delivery,Returning,2.0,3.9
136653,20/07/2025,dubai,  Mobile Accessories  ,57.37,1,10.0,57.37,51.63,wallet,Returning,1.0,4.0
106464,18/04/2024,AJMAN,mobile accessories,231.8,1,0.0,231.8,231.8,Card,Returning,2.0,4.5
104638,22-03-2024,DUBAI,MOBILE ACCESSORIES,227.79,2,15.0,455.58,387.24,card,Returning,4.0,5.0
116906,30-09-2024,RAS AL KHAIMAH,beauty & personal care,91.44,1,5.0,91.44,86.87,Cash on Delivery,Returning,1.0,4.8
100234,01/05/2024,Abu Dhabi,Beauty & Personal Care,43.05,2,15.0,86.1,73.18,Cash on Delivery,Returning,3.0,3.7
142452,07/10/2025,sharjah,  Electronics  ,2066.41,2,0.0,4132.82,4132.82,CARD,New,5.0,4.8
101921,03-02-2024,,Groceries,177.81,1,10.0,177.81,160.03,CARD,Returning,1.0,5.0
121973,12/07/2024,SHARJAH,  Mobile Accessories  ,151.92,1,30.0,151.92,106.34,WALLET,New,3.0,5.0
104004,2024-03-09,Abu Dhabi,Mobile Accessories,227.7,1,10.0,227.7,204.93,Card,Returning,5.0,4.0
125495,01/31/2025,Sharjah,Groceries,210.98,1,10.0,210.98,189.88,  Cash on Delivery  ,Returning,1.0,2.6
147045,28-11-2025,  Ajman  ,  Groceries  ,164.32,1,30.0,164.32,115.02,Card,New,3.0,3.2
142876,10/13/2025,DUBAI,  Fashion  ,224.96,1,15.0,224.96,191.22,  Wallet  ,Returning,3.0,3.3
147839,08/12/2025,  Dubai  ,ELECTRONICS,1320.18,2,0.0,2640.36,2640.36,card,New,1.0,4.9
149035,12/26/2025,Dubai,Mobile Accessories,232.35,1,5.0,232.35,220.73,,Returning,2.0,3.2
142129,10/03/2025,  Sharjah  ,  Groceries  ,136.59,1,0.0,136.59,136.59,  Card  ,Returning,2.0,4.7
131816,05/09/2025,dubai,  Mobile Accessories  ,236.54,1,0.0,236.54,236.54,  Cash on Delivery  ,Returning,2.0,4.5
122233,2024-12-11,  Abu Dhabi  ,ELECTRONICS,2326.32,2,20.0,4652.64,3722.11,Card,New,3.0,4.3
143293,19/10/2025,DUBAI,electronics,2683.76,1,15.0,2683.76,2281.2,wallet,Returning,2.0,4.3
112791,01-08-2024,Dubai,HOME & KITCHEN,211.72,1,0.0,211.72,211.72,Cash on Delivery,Returning,1.0,
142538,2025-10-08,Dubai ,  Groceries  ,299.78,1,5.0,299.78,284.79,  Wallet  ,Returning,2.0,3.8
133438,2025-06-02,Ajman,electronics,2888.19,1,5.0,2888.19,2743.78,  Card  ,New,3.0,3.5
113982,19-08-2024,RAS AL KHAIMAH,Fashion,43.53,1,20.0,43.53,34.82,Card,Returning,3.0,3.9
125078,01/25/2025,DUBAI,home & kitchen,142.75,1,5.0,142.75,135.61,  Card  ,New,1.0,4.1
146630,26/11/2025,,HOME & KITCHEN,643.46,1,40.0,643.46,386.08,WALLET,Returning,1.0,3.3
104762,2024-03-24,Abu Dhabi,GROCERIES,136.29,1,20.0,136.29,109.03,card,Returning,4.0,3.6
142632,10-10-2025,abu dhabi,  Home & Kitchen  ,251.49,1,10.0,251.49,226.34,card,Returning,3.0,3.6
142422,07-10-2025,,Mobile Accessories,198.25,1,5.0,198.25,188.34,Card,New,3.0,5.0
121439,11/29/2024,abu dhabi,GROCERIES,64.94,1,40.0,64.94,38.96,  Cash on Delivery  ,Returning,1.0,4.6
130087,13-04-2025,RAS AL KHAIMAH,home & kitchen,684.58,1,20.0,684.58,547.66,wallet,Returning,1.0,4.9
102419,11-02-2024,DUBAI,fashion,230.56,1,20.0,230.56,184.45,Cash on Delivery,Returning,3.0,4.4
135468,07/03/2025,SHARJAH,beauty & personal care,218.63,2,5.0,437.26,415.4,  Card  ,Returning,2.0,2.8
105675,2024-04-09,DUBAI,Groceries,181.33,2,20.0,362.66,290.13,Card,Returning,2.0,3.5
146593,11/26/2025,ABU DHABI,Mobile Accessories,187.62,1,20.0,187.62,150.1,CARD,Returning,3.0,4.5
102677,02/15/2024,ajman,Beauty & Personal Care,59.93,2,10.0,119.86,107.87,,Returning,2.0,4.0
105898,2024-04-12,SHARJAH,home & kitchen,556.65,1,0.0,556.65,556.65,,Returning,3.0,4.2
137144,27/07/2025,Ras Al Khaimah,  Electronics  ,3466.75,2,0.0,6933.5,6933.5,card,Returning,5.0,5.0
107933,2024-05-12,sharjah,GROCERIES,52.08,1,15.0,52.08,44.27,Cash on Delivery,Returning,4.0,4.2
129402,04/03/2025,SHARJAH,  Beauty & Personal Care  ,299.69,1,10.0,299.69,269.72,Cash on Delivery,Returning,4.0,4.6
120474,23-11-2024,dubai,mobile accessories,120.24,1,50.0,120.24,60.12,  Card  ,Returning,3.0,3.8
128837,30/03/2025,sharjah,fashion,133.5,1,0.0,133.5,133.5,wallet,New,4.0,4.3
146692,11/26/2025,DUBAI,Electronics,1706.3,1,30.0,1706.3,1194.41,,New,1.0,3.5
110225,20-06-2024,DUBAI,Mobile Accessories,243.29,1,0.0,243.29,243.29,card,New,,4.9
105192,04/02/2024,  Abu Dhabi  ,fashion,268.34,1,10.0,268.34,241.51,card,Returning,4.0,3.8
143704,2025-10-25,abu dhabi,beauty & personal care,379.38,1,20.0,379.38,303.5,  Card  ,Returning,3.0,4.3
147835,2025-12-08,Sharjah,electronics,1147.05,1,0.0,1147.05,1147.05,  Card  ,Returning,4.0,
121130,28-11-2024,Sharjah,Fashion,252.79,1,30.0,252.79,176.95,WALLET,Returning,3.0,
118482,25-10-2024,DUBAI,BEAUTY & PERSONAL CARE,70.58,1,15.0,70.58,59.99,CARD,Returning,4.0,4.1
129619,05/04/2025,dubai,Home & Kitchen,569.42,1,0.0,569.42,569.42,  Card  ,Returning,2.0,5.0
113527,13-08-2024,Dubai,  Electronics  ,3201.35,2,0.0,6402.7,6402.7,  Card  ,Returning,1.0,5.0
105416,2024-04-06,  Dubai  ,Fashion,345.65,1,5.0,345.65,328.37,card,New,2.0,5.0
119681,14-11-2024,SHARJAH,Mobile Accessories,203.07,1,10.0,203.07,182.76,cash on delivery,Returning,3.0,3.4
134945,24-06-2025,abu dhabi,GROCERIES,285.7,1,20.0,285.7,228.56,wallet,Returning,2.0,
122212,2024-12-11,DUBAI,Mobile Accessories,127.01,1,5.0,127.01,120.66,  Cash on Delivery  ,New,3.0,4.5
103327,26-02-2024,DUBAI,MOBILE ACCESSORIES,236.67,1,5.0,236.67,224.84,WALLET,Returning,2.0,4.1
103916,08/03/2024,abu dhabi,fashion,502.79,1,0.0,502.79,502.79,  Cash on Delivery  ,New,4.0,4.6
130264,2025-04-16,Ras Al Khaimah,FASHION,124.01,1,5.0,124.01,117.81,Cash on Delivery,New,2.0,3.2
148006,2025-12-11,SHARJAH,electronics,613.2,1,5.0,613.2,582.54,  Cash on Delivery  ,Returning,1.0,
131081,27/04/2025,  Abu Dhabi  ,Home & Kitchen,574.01,1,5.0,574.01,545.31,CASH ON DELIVERY,New,3.0,
131538,2025-05-04,DUBAI,Mobile Accessories,41.41,1,30.0,41.41,28.99,WALLET,Returning,3.0,3.4
129210,02-04-2025,Dubai ,electronics,2525.85,2,15.0,5051.7,4293.94,WALLET,Returning,,3.7
139222,2025-08-24,ajman,Fashion,220.19,1,0.0,220.19,220.19,  Cash on Delivery  ,Returning,4.0,5.0
136681,2025-07-20,Dubai,Electronics,2173.03,1,20.0,2173.03,1738.42,Card,Returning,,4.4
142606,10/10/2025,Dubai,Home & Kitchen,888.11,2,15.0,1776.22,1509.79,  Cash on Delivery  ,Returning,2.0,4.5
105145,01-04-2024,dubai,Groceries,57.7,1,0.0,57.7,57.7,Cash on Delivery,New,2.0,
131478,2025-05-03,  Dubai  ,Beauty & Personal Care,82.77,1,10.0,82.77,74.49,CASH ON DELIVERY,New,3.0,3.9
127817,2025-03-12,dubai,GROCERIES,182.22,2,0.0,364.44,364.44,  Card  ,Returning,4.0,3.3
120034,2024-11-20,DUBAI,Electronics,2252.54,1,0.0,2252.54,2252.54,Cash on Delivery,New,2.0,3.2
105434,2024-04-06,  Ajman  ,ELECTRONICS,3222.87,1,5.0,3222.87,3061.73,CARD,New,2.0,3.2
116520,09/24/2024,DUBAI,Groceries,286.3,1,15.0,286.3,243.36,cash on delivery,New,2.0,4.6
113423,12-08-2024,Abu Dhabi,Groceries,76.39,2,10.0,152.78,137.5,Card,Returning,3.0,4.6
129653,04/05/2025,Dubai ,ELECTRONICS,2766.94,1,10.0,2766.94,2490.25,  Wallet  ,Returning,6.0,4.3
116719,2024-09-27,,groceries,48.11,1,15.0,48.11,40.89,CASH ON DELIVERY,Returning,2.0,4.8
128551,25/03/2025,SHARJAH,home & kitchen,576.15,2,0.0,1152.3,1152.3,Cash on Delivery,New,1.0,4.8
100652,2024-01-12,  Sharjah  ,Beauty & Personal Care,252.52,1,15.0,252.52,214.64,Card,Returning,,3.5
138977,08/22/2025,Dubai,Electronics,2335.8,2,5.0,4671.6,4438.02,  Card  ,Returning,2.0,4.8
103440,28-02-2024,abu dhabi,FASHION,363.56,1,20.0,363.56,290.85,Card,Returning,4.0,3.2
115613,09/09/2024,Abu Dhabi,  Groceries  ,215.46,1,20.0,215.46,172.37,  Cash on Delivery  ,Returning,2.0,5.0
128687,27/03/2025,,  Groceries  ,93.37,1,5.0,93.37,88.7,card,Returning,4.0,4.7
107252,01-05-2024,  Ajman  ,  Groceries  ,96.31,1,30.0,96.31,67.42,  Card  ,Returning,2.0,5.0
109995,06/15/2024,Abu Dhabi,groceries,67.13,1,0.0,67.13,67.13,Card,Returning,,5.0
144715,07-11-2025,dubai,groceries,228.47,1,5.0,228.47,217.05,  Card  ,Returning,2.0,3.6
106663,2024-04-22,dubai,Electronics,3099.21,1,0.0,3099.21,3099.21,,Returning,,3.4
101674,30/01/2024,  Dubai  ,FASHION,111.56,1,0.0,111.56,111.56,Cash on Delivery,New,2.0,4.1
125669,02/03/2025,Abu Dhabi,groceries,154.26,1,5.0,154.26,146.55,  Cash on Delivery  ,New,2.0,4.9
128399,22/03/2025,ABU DHABI,mobile accessories,74.2,1,30.0,74.2,51.94,cash on delivery,Returning,2.0,4.4
138321,14-08-2025,ajman,  Groceries  ,142.31,1,30.0,142.31,99.62,Card,New,1.0,3.7
125445,31-01-2025,Ras Al Khaimah,home & kitchen,719.46,1,0.0,719.46,719.46,  Wallet  ,Returning,2.0,4.6
114669,28-08-2024,Ajman,beauty & personal care,246.65,1,10.0,246.65,221.98,  Cash on Delivery  ,Returning,2.0,4.7
147687,2025-12-06,  Abu Dhabi  ,  Groceries  ,234.7,1,0.0,234.7,234.7,Cash on Delivery,New,1.0,5.0
103721,04-03-2024,ABU DHABI,  Fashion  ,483.16,1,5.0,483.16,459.0,  Cash on Delivery  ,Returning,2.0,3.6
112428,26/07/2024,Ajman ,Groceries,119.33,1,10.0,119.33,107.4,CASH ON DELIVERY,Returning,2.0,5.0
144927,2025-11-10,sharjah,Groceries,116.82,1,10.0,116.82,105.14,CARD,Returning,4.0,4.4
130937,25/04/2025,ajman,  Beauty & Personal Care  ,266.91,1,10.0,266.91,240.22,  Card  ,Returning,3.0,4.0
143749,10/26/2025,Dubai,FASHION,244.21,3,0.0,732.63,732.63,cash on delivery,Returning,1.0,4.2
148592,19-12-2025,RAS AL KHAIMAH,Home & Kitchen,534.06,1,5.0,534.06,507.36,  Card  ,Returning,3.0,5.0
140357,2025-09-07,  Ras Al Khaimah  ,MOBILE ACCESSORIES,44.64,1,0.0,44.64,44.64,  Card  ,Returning,,4.2
115281,04/09/2024,,fashion,529.16,1,10.0,529.16,476.24,  Cash on Delivery  ,New,3.0,3.3
112520,07/27/2024,Ajman ,MOBILE ACCESSORIES,60.92,1,0.0,60.92,60.92,  Wallet  ,Returning,2.0,3.3
131346,05/01/2025,DUBAI,  Groceries  ,269.91,1,30.0,269.91,188.94,  Card  ,Returning,4.0,4.1
132779,05/23/2025,ABU DHABI,,788.19,1,5.0,788.19,748.78,CASH ON DELIVERY,New,3.0,3.5
107840,2024-05-11,Dubai,  Electronics  ,2623.71,1,5.0,2623.71,2492.52,  Card  ,New,2.0,3.0
133973,10/06/2025,DUBAI,  Beauty & Personal Care  ,219.06,1,0.0,219.06,219.06,Card,New,3.0,3.3
139349,26/08/2025,SHARJAH,FASHION,234.81,1,0.0,234.81,234.81,Wallet,Returning,1.0,4.7
138678,18-08-2025,DUBAI,  Fashion  ,226.03,1,20.0,226.03,180.82,Card,New,2.0,5.0
107608,07-05-2024,dubai,electronics,1960.45,1,5.0,1960.45,1862.43,Wallet,Returning,3.0,3.5
142193,03/10/2025,Abu Dhabi,Fashion,400.23,1,0.0,400.23,400.23,Card,New,2.0,4.4
136804,22-07-2025,Dubai,  Home & Kitchen  ,767.22,1,10.0,767.22,690.5,CARD,Returning,4.0,3.6
116907,2024-09-30,dubai,electronics,1760.62,1,5.0,1760.62,1672.59,Card,Returning,4.0,3.7
132704,22/05/2025,Dubai,HOME & KITCHEN,803.38,1,0.0,803.38,803.38,Card,New,3.0,3.9
137849,07/08/2025,DUBAI,  Beauty & Personal Care  ,245.85,1,0.0,245.85,245.85,Card,Returning,,4.5
142833,12-10-2025,abu dhabi,  Beauty & Personal Care  ,110.31,1,10.0,110.31,99.28,  Cash on Delivery  ,New,2.0,4.3
130556,2025-04-20,  Abu Dhabi  ,fashion,406.65,2,10.0,813.3,731.97,card,New,1.0,5.0
134282,15/06/2025,  Dubai  ,home & kitchen,510.65,2,5.0,1021.3,970.23,Card,Returning,4.0,3.4
120584,11/24/2024,  Abu Dhabi  ,GROCERIES,190.07,1,30.0,190.07,133.05,CASH ON DELIVERY,Returning,3.0,4.9
123595,01/02/2025,dubai,fashion,128.2,1,0.0,128.2,128.2,  Wallet  ,Returning,1.0,4.0
115720,11-09-2024,DUBAI,Beauty & Personal Care,199.82,1,5.0,199.82,189.83,cash on delivery,Returning,2.0,5.0
114409,24-08-2024,Dubai,HOME & KITCHEN,51.87,1,10.0,51.87,46.68,Cash on Delivery,Returning,3.0,
133326,2025-05-31,  Dubai  ,ELECTRONICS,429.41,1,15.0,429.41,365.0,  Card  ,New,4.0,
107106,2024-04-28,Abu Dhabi,Electronics,963.42,1,0.0,963.42,963.42,  Wallet  ,New,4.0,4.4
144301,02-11-2025,dubai,Electronics,1353.61,1,10.0,1353.61,1218.25,CARD,New,2.0,4.4
114180,22/08/2024,SHARJAH,BEAUTY & PERSONAL CARE,269.5,1,10.0,269.5,242.55,WALLET,Returning,3.0,
139604,08/29/2025,  Dubai  ,Beauty & Personal Care,248.34,1,15.0,248.34,211.09,card,New,,4.8
138748,2025-08-19,Dubai,Mobile Accessories,172.19,1,0.0,172.19,172.19,  Cash on Delivery  ,New,5.0,
114259,23-08-2024,  Dubai  ,FASHION,510.56,1,20.0,510.56,408.45,CASH ON DELIVERY,New,4.0,
112357,25/07/2024,Dubai ,  Fashion  ,513.64,2,0.0,1027.28,1027.28,CARD,New,3.0,4.4
128708,2025-03-28,abu dhabi,  Electronics  ,1336.19,1,0.0,1336.19,1336.19,cash on delivery,New,1.0,3.3
121508,12/01/2024,Sharjah,  Fashion  ,533.07,1,0.0,533.07,533.07,  Cash on Delivery  ,Returning,1.0,4.3
133995,10-06-2025,dubai,beauty & personal care,248.06,1,5.0,248.06,235.66,CARD,New,1.0,4.2
122537,2024-12-15,dubai,Beauty & Personal Care,177.89,2,0.0,355.78,355.78,CASH ON DELIVERY,New,4.0,4.2
141381,09/22/2025,Abu Dhabi,  Fashion  ,278.67,1,0.0,278.67,278.67,card,Returning,3.0,3.8
109522,08-06-2024,Sharjah,HOME & KITCHEN,371.81,1,0.0,371.81,371.81,Card,Returning,5.0,4.3
137879,08/07/2025,SHARJAH,  Beauty & Personal Care  ,291.84,3,15.0,875.52,744.19,  Wallet  ,Returning,3.0,
120976,27-11-2024,abu dhabi,  Home & Kitchen  ,386.49,1,40.0,386.49,231.89,  Card  ,Returning,2.0,4.9
148961,12/25/2025,Sharja,  Groceries  ,141.97,1,,141.97,141.97,CARD,Returning,3.0,4.2
135853,2025-07-08,dubai,  Groceries  ,27.69,2,20.0,55.38,44.3,Wallet,Returning,3.0,5.0
116901,09/30/2024,  Dubai  ,mobile accessories,127.39,1,5.0,127.39,121.02,card,Returning,2.0,3.6
104597,2024-03-21,DUBAI,  Electronics  ,2394.35,1,15.0,2394.35,2035.2,card,New,3.0,5.0
111973,19-07-2024,  Dubai  ,  Groceries  ,187.34,2,5.0,374.68,355.95,Cash on Delivery,Returning,,5.0
124295,12-01-2025,abu dhabi,  Electronics  ,2337.52,1,0.0,2337.52,2337.52,CARD,New,,4.0
120286,22-11-2024,abu dhabi,Mobile Accessories,60.22,1,40.0,60.22,36.13,CASH ON DELIVERY,New,1.0,2.6
137116,07/27/2025,Abu Dhabi,Home & Kitchen,626.23,1,15.0,626.23,532.3,WALLET,New,6.0,4.1
102810,02/17/2024,DUBAI,  Mobile Accessories  ,88.02,1,0.0,88.02,88.02,card,New,3.0,4.5
102058,05-02-2024,DUBAI,fashion,284.51,1,10.0,284.51,256.06,Card,Returning,2.0,5.0
141499,2025-09-24,Dubay,Home & Kitchen,274.96,1,5.0,274.96,261.21,  Card  ,Returning,1.0,3.5
140215,05-09-2025,  Dubai  ,Fashion,131.34,2,5.0,262.68,249.55,Card,Returning,2.0,5.0
140117,2025-09-04,dubai,  Home & Kitchen  ,629.12,1,5.0,629.12,597.66,  Wallet  ,New,,5.0
136581,19/07/2025,abu dhabi,BEAUTY & PERSONAL CARE,49.78,1,0.0,49.78,49.78,CASH ON DELIVERY,New,3.0,3.7
126376,15/02/2025,DUBAI,fashion,524.57,1,5.0,524.57,498.34,Card,New,2.0,5.0
148548,19-12-2025,  Abu Dhabi  ,mobile accessories,164.34,1,,164.34,164.34,  Wallet  ,New,2.0,4.3
146161,2025-11-23,abu dhabi,Electronics,1848.94,1,50.0,1848.94,924.47,card,New,4.0,4.5
120107,21/11/2024,Dubai ,Mobile Accessories,137.2,1,0.0,137.2,137.2,card,Returning,1.0,
112161,21-07-2024,DUBAI,ELECTRONICS,2782.79,1,0.0,2782.79,2782.79,  Cash on Delivery  ,Returning,1.0,
149242,28/12/2025,RAS AL KHAIMAH,MOBILE ACCESSORIES,181.03,1,10.0,181.03,162.93,Cash on Delivery,New,2.0,5.0
136748,21-07-2025,Ajman,  Groceries  ,246.78,1,0.0,246.78,246.78,WALLET,New,2.0,4.0
127953,03/14/2025,ras al khaimah,GROCERIES,50.09,1,0.0,50.09,50.09,  Cash on Delivery  ,Returning,3.0,2.9
121537,01-12-2024,Dubai,  Home & Kitchen  ,745.2,1,0.0,745.2,745.2,CARD,Returning,4.0,5.0
120256,22-11-2024,dubai,  Fashion  ,581.91,1,30.0,581.91,407.34,  Card  ,Returning,2.0,5.0
113193,2024-08-08,abu dhabi,  Home & Kitchen  ,837.56,1,5.0,837.56,795.68,cash on delivery,New,3.0,5.0
138626,18-08-2025,dubai,beauty & personal care,399.23,1,5.0,399.23,379.27,Card,New,3.0,4.1
129667,2025-04-06,sharjah,ELECTRONICS,638.37,1,0.0,638.37,638.37,Card,New,2.0,3.7
129863,09-04-2025,Dubai,  Fashion  ,139.74,1,30.0,139.74,97.82,CASH ON DELIVERY,New,3.0,4.6
139382,2025-08-26,DUBAI,MOBILE ACCESSORIES,137.77,1,0.0,137.77,137.77,Card,New,1.0,
137621,2025-08-03,Sharjah,GROCERIES,184.38,1,30.0,184.38,129.07,cash on delivery,New,3.0,3.6
132566,05/20/2025,ABU DHABI,home & kitchen,700.03,1,10.0,700.03,630.03,cash on delivery,Returning,4.0,5.0
147206,11/30/2025,  Dubai  ,ELECTRONICS,1703.43,1,0.0,1703.43,1703.43,  Cash on Delivery  ,Returning,4.0,3.3
119635,14/11/2024,dubai,  Fashion  ,129.06,2,0.0,258.12,258.12,card,New,2.0,4.0
115848,2024-09-13,sharjah,  Home & Kitchen  ,375.54,1,5.0,375.54,356.76,CARD,New,4.0,4.6
116190,2024-09-19,SHARJAH,FASHION,441.19,1,10.0,441.19,397.07,CARD,New,3.0,3.8
116979,2024-10-02,Ajman,Mobile Accessories,111.95,2,0.0,223.9,223.9,  Card  ,New,1.0,
147253,01/12/2025,Abu Dhabi,electronics,319.3,1,0.0,319.3,319.3,  Wallet  ,Returning,6.0,4.6
143660,24/10/2025,  Dubai  ,  Mobile Accessories  ,93.45,1,20.0,93.45,74.76,CASH ON DELIVERY,Returning,3.0,5.0
104114,03/11/2024,Dubai,  Fashion  ,140.47,1,10.0,140.47,126.42,Card,Returning,2.0,4.0
148090,12/12/2025,  Sharjah  ,Beauty & Personal Care,387.91,1,10.0,387.91,349.12,  Card  ,New,4.0,4.9
142672,10-10-2025,abu dhabi,  Groceries  ,245.38,1,,245.38,220.84,CARD,Returning,4.0,5.0
125338,29-01-2025,sharjah,groceries,66.52,1,0.0,66.52,66.52,wallet,Returning,3.0,4.2
133876,08/06/2025,Dubai,  Home & Kitchen  ,325.76,2,,651.52,618.94,  Card  ,New,5.0,4.7
109896,14-06-2024,SHARJAH,fashion,139.94,2,20.0,279.88,223.9,cash on delivery,Returning,1.0,3.8
145075,13/11/2025,ABU DHABI,electronics,1602.6,2,0.0,3205.2,3205.2,Card,New,4.0,4.2
143883,27-10-2025,  Dubai  ,  Home & Kitchen  ,389.75,1,5.0,389.75,370.26,cash on delivery,New,2.0,4.3
114661,08/28/2024,DUBAI,beauty & personal care,107.03,2,0.0,214.06,214.06,card,Returning,4.0,4.7
136244,14/07/2025,ABU DHABI,beauty & personal care,226.7,1,,226.7,226.7,Cash on Delivery,Returning,2.0,4.1
107585,06-05-2024,,  Fashion  ,246.5,2,0.0,493.0,493.0,Card,New,3.0,4.4
119038,04-11-2024,  Sharjah  ,FASHION,520.14,1,15.0,520.14,442.12,Card,Returning,3.0,3.9
145966,11/22/2025,  Dubai  ,beauty & personal care,363.41,1,50.0,363.41,181.7,CARD,Returning,2.0,4.5
119429,2024-11-10,dubai,  Mobile Accessories  ,93.0,1,5.0,93.0,88.35,Wallet,New,4.0,4.3
101021,18/01/2024,Sharjah,home & kitchen,888.42,1,0.0,888.42,888.42,  Card  ,Returning,3.0,
114468,25-08-2024,dubai,GROCERIES,225.57,1,0.0,225.57,225.57,CASH ON DELIVERY,Returning,,4.8
118538,10/26/2024,Dubai,Groceries,130.27,1,5.0,130.27,123.76,Card,New,4.0,5.0
130715,22-04-2025,  Abu Dhabi  ,mobile accessories,52.26,1,0.0,52.26,52.26,CARD,New,2.0,2.3
101547,01/27/2024,Ras Al Khaimah,HOME & KITCHEN,728.45,1,5.0,728.45,692.03,Cash on Delivery,Returning,3.0,4.7
124458,2025-01-14,  Dubai  ,Beauty & Personal Care,368.91,1,5.0,368.91,350.46,card,New,3.0,5.0
119422,11/10/2024,Abu Dhabi,beauty & personal care,339.21,1,15.0,339.21,288.33,CARD,Returning,7.0,4.8
102459,2024-02-11,DUBAI,  Home & Kitchen  ,484.16,1,5.0,484.16,459.95,WALLET,Returning,3.0,4.1
121005,11/27/2024,DUBAI,fashion,454.3,1,40.0,454.3,272.58,  Cash on Delivery  ,Returning,2.0,4.1
138150,2025-08-11,dubai,  Home & Kitchen  ,308.15,1,0.0,308.15,308.15,Card,New,3.0,3.6
130207,04/15/2025,ABU DHABI,FASHION,75.94,1,5.0,75.94,72.14,card,New,3.0,3.8
147463,03/12/2025,ABU DHABI,MOBILE ACCESSORIES,86.7,1,5.0,86.7,82.36,Card,Returning,1.0,
147623,2025-12-06,Dubai,home & kitchen,335.85,1,0.0,335.85,335.85,CASH ON DELIVERY,Returning,2.0,4.2
118046,18-10-2024,Dubai,beauty & personal care,113.06,2,,226.12,226.12,Card,Returning,3.0,3.0
108681,25-05-2024,dubai,GROCERIES,65.56,1,10.0,65.56,59.0,cash on delivery,Returning,3.0,4.3
124372,13-01-2025,SHARJAH,Fashion,396.19,2,0.0,792.38,792.38,  Card  ,Returning,2.0,4.7
115318,05-09-2024,Dubai,MOBILE ACCESSORIES,160.38,1,0.0,160.38,160.38,  Cash on Delivery  ,New,1.0,3.6
130228,15-04-2025,  Abu Dhabi  ,Groceries,138.95,1,10.0,138.95,125.06,cash on delivery,Returning,1.0,4.1
102972,20/02/2024,dubai,electronics,628.65,1,10.0,628.65,565.78,  Wallet  ,New,2.0,4.0
130814,04/23/2025,,  Groceries  ,285.07,1,10.0,285.07,256.56,  Card  ,New,2.0,4.2
144433,11/03/2025,  Abu Dhabi  ,  Electronics  ,1427.45,1,20.0,1427.45,1141.96,  Card  ,Returning,3.0,4.5
132716,22/05/2025,DUBAI,  Fashion  ,150.93,1,0.0,150.93,150.93,Card,Returning,3.0,4.1
109226,03-06-2024,Dubai,FASHION,541.78,2,0.0,1083.56,1083.56,  Card  ,New,2.0,4.5
124563,16/01/2025,Sharjah,FASHION,550.39,1,0.0,550.39,550.39,Cash on Delivery,Returning,1.0,4.9
129472,2025-04-04,dubai,ELECTRONICS,2492.24,1,0.0,2492.24,2492.24,  Wallet  ,Returning,2.0,4.6
120242,11/22/2024,dubai,HOME & KITCHEN,534.95,1,40.0,534.95,320.97,card,Returning,2.0,4.6
116049,09/16/2024,ABU DHABI,HOME & KITCHEN,800.57,1,10.0,800.57,720.51,Card,Returning,1.0,4.1
109611,09/06/2024,dubai,  Groceries  ,298.81,1,10.0,298.81,268.93,  Card  ,Returning,3.0,3.9
110770,28/06/2024,DUBAI,  Electronics  ,1028.8,1,5.0,1028.8,977.36,CARD,New,3.0,4.6
118580,27-10-2024,DUBAI,Beauty & Personal Care,390.12,1,10.0,390.12,351.11,  Card  ,Returning,,4.4
105965,12-04-2024,sharjah,HOME & KITCHEN,854.25,1,0.0,854.25,854.25,CASH ON DELIVERY,Returning,2.0,4.2
111451,2024-07-11,Abu Dhabi,  Beauty & Personal Care  ,227.08,1,10.0,227.08,204.37,WALLET,Returning,3.0,4.0
140848,14-09-2025,Sharja,beauty & personal care,76.64,1,10.0,76.64,68.98,,Returning,2.0,3.5
128833,03/29/2025,Abu Dhabi,groceries,74.96,1,0.0,74.96,74.96,card,New,3.0,
114999,09/01/2024,  Dubai  ,  Beauty & Personal Care  ,195.95,1,0.0,195.95,195.95,  Card  ,New,1.0,4.4
114065,2024-08-20,dubai,  Mobile Accessories  ,78.81,1,15.0,78.81,66.99,WALLET,Returning,3.0,3.7
124012,08-01-2025,  Dubai  ,MOBILE ACCESSORIES,30.06,2,,60.12,51.1,  Card  ,Returning,3.0,3.6
113422,12-08-2024,  Dubai  ,fashion,146.71,1,10.0,146.71,132.04,Cash on Delivery,Returning,4.0,4.1
128587,26-03-2025,Abu Dhabi,FASHION,357.62,2,0.0,715.24,715.24,card,Returning,4.0,3.7
116168,18-09-2024,sharjah,Groceries,140.27,1,10.0,140.27,126.24,Card,New,3.0,4.4
119761,2024-11-15,Dubai,FASHION,92.72,1,5.0,92.72,88.08,  Card  ,Returning,5.0,4.9
101338,01/24/2024,Abu Dhabi,MOBILE ACCESSORIES,82.27,2,10.0,164.54,148.09,CARD,Returning,,4.1
119637,14-11-2024,abu dhabi,GROCERIES,238.71,1,10.0,238.71,214.84,Cash on Delivery,Returning,4.0,2.7
128692,2025-03-28,  Abu Dhabi  ,ELECTRONICS,1853.69,2,0.0,3707.38,3707.38,cash on delivery,Returning,3.0,
140467,09/08/2025,abu dhabi,electronics,2691.7,1,5.0,2691.7,2557.11,Card,Returning,3.0,3.9
100233,05-01-2024,ABU DHABI,Fashion,94.06,1,0.0,94.06,94.06,CARD,Returning,1.0,3.5
131327,01-05-2025,  Sharjah  ,electronics,3256.52,1,20.0,3256.52,2605.22,card,Returning,2.0,3.9
145243,15-11-2025,Dubai ,  Home & Kitchen  ,538.12,1,10.0,538.12,484.31,  Card  ,Returning,5.0,4.7
147469,12/03/2025,  Dubai  ,  Fashion  ,125.72,1,0.0,125.72,125.72,CARD,Returning,3.0,3.1
143214,18-10-2025,  Dubai  ,Fashion,75.94,1,0.0,75.94,75.94,wallet,Returning,3.0,4.0
126465,16-02-2025,dubai,Groceries,188.7,1,0.0,188.7,188.7,  Wallet  ,New,2.0,5.0
135689,07/06/2025,Sharjah,  Mobile Accessories  ,148.72,2,0.0,297.44,297.44,  Card  ,Returning,1.0,3.6
148381,16-12-2025,sharjah,MOBILE ACCESSORIES,81.01,2,10.0,162.02,145.82,CASH ON DELIVERY,New,5.0,4.1
101631,2024-01-29,,FASHION,542.51,1,0.0,542.51,542.51,CASH ON DELIVERY,Returning,,4.0
138006,08/09/2025,Dubai,  Fashion  ,69.14,2,0.0,138.28,138.28,  Card  ,Returning,3.0,4.1
137425,08/01/2025,  Dubai  ,  Electronics  ,691.37,1,20.0,691.37,553.1,card,Returning,4.0,4.2
101980,02/04/2024,  Ajman  ,  Electronics  ,1497.14,1,10.0,1497.14,1347.43,card,Returning,2.0,3.6
121349,11/29/2024,  Ajman  ,Mobile Accessories,58.38,1,30.0,58.38,40.87,  Card  ,New,1.0,3.6
112077,20/07/2024,dubai,ELECTRONICS,3391.93,1,10.0,3391.93,3052.74,CARD,Returning,3.0,4.8
109481,2024-06-07,ras al khaimah,  Mobile Accessories  ,59.3,1,0.0,59.3,59.3,  Card  ,Returning,3.0,3.4
147757,12/07/2025,  Sharjah  ,FASHION,487.76,2,0.0,975.52,975.52,CARD,Returning,3.0,4.8
136130,12-07-2025,abu dhabi,Home & Kitchen,815.25,1,10.0,815.25,733.72,CARD,Returning,3.0,5.0
110784,06/29/2024,DUBAI,,1005.93,1,15.0,1005.93,855.04,wallet,Returning,3.0,4.6
136717,2025-07-21,DUBAI,ELECTRONICS,1673.06,2,0.0,3346.12,3346.12,  Card  ,Returning,4.0,4.4
104820,03/25/2024,Dubay,  Groceries  ,248.4,1,10.0,248.4,223.56,CASH ON DELIVERY,New,2.0,3.9
145832,22-11-2025,Sharjah,BEAUTY & PERSONAL CARE,303.62,1,40.0,303.62,182.17,Card,New,2.0,3.7
127669,09-03-2025,abu dhabi,Home & Kitchen,369.8,1,5.0,369.8,351.31,  Card  ,Returning,1.0,4.0
146865,2025-11-27,DUBAI,ELECTRONICS,1004.77,1,50.0,1004.77,502.38,Card,New,3.0,3.2
117891,16/10/2024,,Beauty & Personal Care,94.71,1,15.0,94.71,80.5,  Card  ,New,4.0,5.0
113088,06-08-2024,  Ajman  ,beauty & personal care,375.17,2,20.0,750.34,600.27,  Card  ,Returning,4.0,
146462,25-11-2025,dubai,mobile accessories,88.19,1,40.0,88.19,52.91,CARD,New,4.0,3.8
130698,22-04-2025,  Abu Dhabi  ,home & kitchen,777.65,1,0.0,777.65,777.65,card,Returning,2.0,4.8
123275,27-12-2024,DUBAI,Fashion,343.95,1,0.0,343.95,343.95,card,New,1.0,3.7
104444,18-03-2024,abu dhabi,  Fashion  ,412.11,3,5.0,1236.33,1174.51,CARD,Returning,2.0,4.0
118204,21/10/2024,Abu Dhabi,mobile accessories,249.66,1,0.0,249.66,249.66,  Card  ,New,4.0,3.8
111756,15/07/2024,  Dubai  ,ELECTRONICS,685.78,1,0.0,685.78,685.78,cash on delivery,Returning,2.0,4.5
126654,2025-02-19,SHARJAH,Home & Kitchen,268.87,1,15.0,268.87,228.54,card,Returning,2.0,3.3
121321,11/29/2024,ABU DHABI,fashion,595.19,1,30.0,595.19,416.63,Card,Returning,1.0,2.7
120559,24/11/2024,  Abu Dhabi  ,  Home & Kitchen  ,238.99,1,40.0,238.99,143.39,cash on delivery,Returning,2.0,4.6
142674,2025-10-10,  Abu Dhabi  ,  Home & Kitchen  ,246.03,1,20.0,246.03,196.82,Wallet,Returning,3.0,4.0
128166,18-03-2025,Dubai,Mobile Accessories,194.84,1,10.0,194.84,175.36,CASH ON DELIVERY,New,5.0,3.0
143714,25-10-2025,  Dubai  ,mobile accessories,22.16,1,0.0,22.16,22.16,card,Returning,3.0,4.0
106914,26-04-2024,dubai,Fashion,539.1,2,0.0,1078.2,1078.2,Wallet,Returning,2.0,4.4
105693,2024-04-10,DUBAI,GROCERIES,73.45,1,10.0,73.45,66.1,wallet,Returning,1.0,
147169,11/30/2025,  Abu Dhabi  ,Electronics,3429.68,1,20.0,3429.68,2743.74,CARD,New,3.0,4.5
122017,07-12-2024,Dubai,HOME & KITCHEN,580.75,1,10.0,580.75,522.68,Card,Returning,3.0,3.2
122965,23/12/2024,DUBAI,  Home & Kitchen  ,575.5,1,10.0,575.5,517.95,  Card  ,Returning,4.0,4.1
116684,27-09-2024,  Ajman  ,Fashion,379.1,2,30.0,758.2,530.74,CARD,Returning,3.0,3.8
126869,22-02-2025,DUBAI,FASHION,270.56,2,0.0,541.12,541.12,Cash on Delivery,New,3.0,
124860,01/21/2025,SHARJAH,groceries,277.07,2,5.0,554.14,526.43,  Cash on Delivery  ,New,3.0,4.7
129635,05-04-2025,  Dubai  ,Groceries,223.31,1,10.0,223.31,200.98,CASH ON DELIVERY,Returning,1.0,4.4
112242,2024-07-23,dubai,ELECTRONICS,2085.94,1,10.0,2085.94,1877.35,CARD,Returning,,3.8
114683,28/08/2024,abu dhabi,  Home & Kitchen  ,555.76,1,5.0,555.76,527.97,Wallet,Returning,2.0,3.8
113916,18/08/2024,Dubai ,MOBILE ACCESSORIES,144.04,2,15.0,288.08,244.87,card,Returning,1.0,4.7
120128,22-11-2024,dubai,  Home & Kitchen  ,452.75,1,30.0,452.75,316.92,CARD,New,3.0,3.7
121354,29-11-2024,Sharjah,electronics,2711.59,1,50.0,2711.59,1355.8,wallet,New,3.0,4.1
107217,04/30/2024,Dubai,ELECTRONICS,1658.56,1,30.0,1658.56,1160.99,  Cash on Delivery  ,New,1.0,3.8
139538,08/28/2025,SHARJAH,home & kitchen,230.4,1,20.0,230.4,184.32,  Wallet  ,New,1.0,
127906,03/14/2025,  Ras Al Khaimah  ,  Fashion  ,216.4,1,15.0,216.4,183.94,  Cash on Delivery  ,Returning,1.0,4.1
136146,2025-07-12,dubai,Beauty & Personal Care,109.23,2,10.0,218.46,196.61,Cash on Delivery,Returning,1.0,3.1
114081,2024-08-21,Dubai,fashion,149.01,2,30.0,298.02,208.61,  Cash on Delivery  ,Returning,3.0,
107437,04/05/2024,abu dhabi,  Beauty & Personal Care  ,206.14,1,10.0,206.14,185.53,CASH ON DELIVERY,New,2.0,4.9
134831,23-06-2025,Ajman ,Home & Kitchen,818.85,1,10.0,818.85,736.96,  Card  ,Returning,2.0,
143317,10/20/2025,DUBAI,beauty & personal care,165.64,2,0.0,331.28,331.28,  Wallet  ,New,4.0,3.8
101628,29-01-2024,AJMAN,home & kitchen,675.34,1,5.0,675.34,641.57,Card,Returning,1.0,
118122,19-10-2024,DUBAI,  Mobile Accessories  ,123.92,2,0.0,247.84,247.84,  Wallet  ,Returning,3.0,5.0
136019,2025-07-11,  Sharjah  ,  Fashion  ,502.11,1,5.0,502.11,477.0,CARD,New,2.0,4.6
109966,2024-06-15,Ajman ,BEAUTY & PERSONAL CARE,399.41,1,10.0,399.41,359.47,  Wallet  ,Returning,2.0,4.4
135602,07/04/2025,dubai,FASHION,75.68,1,10.0,75.68,68.11,  Cash on Delivery  ,New,5.0,4.7
141354,09/22/2025,AJMAN,  Beauty & Personal Care  ,114.6,1,0.0,114.6,114.6,CARD,Returning,2.0,3.9
107875,11-05-2024,  Sharjah  ,Fashion,341.79,1,0.0,341.79,341.79,CARD,Returning,3.0,5.0
113487,13-08-2024,  Abu Dhabi  ,electronics,2170.51,2,0.0,4341.02,4341.02,  Card  ,New,2.0,5.0
149073,26/12/2025,  Dubai  ,fashion,325.56,1,0.0,325.56,325.56,Card,Returning,4.0,5.0
145514,2025-11-19,ABU DHABI,  Groceries  ,78.03,1,0.0,78.03,78.03,card,New,2.0,4.4
124029,08-01-2025,Ajman,  Beauty & Personal Care  ,231.22,2,,462.44,439.32,Card,New,3.0,3.9
113200,08/08/2024,ABU DHABI,mobile accessories,98.67,1,0.0,98.67,98.67,  Card  ,New,1.0,3.8
134943,06/24/2025,  Abu Dhabi  ,Beauty & Personal Care,376.67,3,5.0,1130.01,1073.51,  Cash on Delivery  ,Returning,4.0,3.6
142627,10/10/2025,SHARJAH,electronics,1666.49,1,5.0,1666.49,1583.17,,Returning,2.0,4.4
101771,02/01/2024,DUBAI,GROCERIES,35.08,1,5.0,35.08,33.33,  Card  ,New,5.0,4.5
111315,2024-07-08,Dubai,,567.57,1,0.0,567.57,567.57,CASH ON DELIVERY,Returning,2.0,3.8
106135,13-04-2024,  Sharjah  ,electronics,1946.26,2,20.0,3892.52,3114.02,CARD,Returning,3.0,4.7
123958,2025-01-07,Dubai,  Fashion  ,285.77,1,10.0,285.77,257.19,CARD,Returning,3.0,4.6
119011,03/11/2024,Sharjah,beauty & personal care,299.77,1,,299.77,269.79,Card,Returning,1.0,3.6
143455,22-10-2025,ajman,ELECTRONICS,444.39,1,0.0,444.39,444.39,card,Returning,3.0,3.9
122321,2024-12-12,Dubai,Fashion,592.88,1,10.0,592.88,533.59,Cash on Delivery,Returning,2.0,
125885,2025-02-07,sharjah,Beauty & Personal Care,365.22,1,0.0,365.22,365.22,  Wallet  ,Returning,3.0,4.5
122170,12/10/2024,Dubai ,Beauty & Personal Care,291.27,1,0.0,291.27,291.27,  Card  ,Returning,4.0,3.4
144224,2025-11-01,,fashion,80.09,1,5.0,80.09,76.09,card,New,1.0,3.9
146143,2025-11-23,  Sharjah  ,fashion,372.63,1,20.0,372.63,298.1,  Card  ,Returning,2.0,4.5
106467,18-04-2024,abu dhabi,ELECTRONICS,3319.81,1,10.0,3319.81,2987.83,wallet,New,4.0,
149241,2025-12-28,dubai,GROCERIES,172.83,1,0.0,172.83,172.83,  Cash on Delivery  ,Returning,2.0,5.0
116922,01/10/2024,DUBAI,  Home & Kitchen  ,137.01,1,10.0,137.01,123.31,Card,New,2.0,3.6
110396,22-06-2024,abu dhabi,  Groceries  ,192.59,1,15.0,192.59,163.7,  Card  ,New,1.0,4.2
135733,06-07-2025,Sharjah,  Groceries  ,261.98,1,5.0,261.98,248.88,wallet,Returning,2.0,4.8
134169,13/06/2025,Dubai,  Mobile Accessories  ,22.93,1,0.0,22.93,22.93,  Cash on Delivery  ,Returning,2.0,4.5
148997,12/25/2025,dubai,groceries,123.92,1,0.0,123.92,123.92,card,Returning,2.0,
113347,10/08/2024,ABU DHABI,Fashion,200.24,1,5.0,200.24,190.23,CASH ON DELIVERY,Returning,1.0,4.2
128767,2025-03-29,Sharja,Mobile Accessories,148.98,3,0.0,446.94,446.94,wallet,Returning,5.0,4.8
126764,02/21/2025,sharjah,  Beauty & Personal Care  ,172.04,1,5.0,172.04,163.44,Wallet,Returning,1.0,4.8
119916,2024-11-18,ras al khaimah,,31.76,1,0.0,31.76,31.76,CARD,Returning,2.0,4.3
100939,01/17/2024,,  Groceries  ,153.22,1,5.0,153.22,145.56,Cash on Delivery,New,4.0,3.5
138701,18-08-2025,abu dhabi,Beauty & Personal Care,395.52,2,20.0,791.04,632.83,Cash on Delivery,New,2.0,5.0
142907,2025-10-14,Dubai,ELECTRONICS,340.22,1,5.0,340.22,323.21,CASH ON DELIVERY,Returning,3.0,4.6
130124,04/13/2025,dubai,  Electronics  ,662.51,1,20.0,662.51,530.01,  Card  ,Returning,1.0,4.7
107951,13/05/2024,DUBAI,Electronics,2049.8,1,5.0,2049.8,1947.31,card,Returning,3.0,4.6
121902,06-12-2024,  Dubai  ,HOME & KITCHEN,352.77,1,5.0,352.77,335.13,Cash on Delivery,New,2.0,3.8
107841,2024-05-11,ABU DHABI,home & kitchen,209.13,1,10.0,209.13,188.22,card,New,3.0,4.4
113455,12/08/2024,  Sharjah  ,  Electronics  ,1269.21,1,5.0,1269.21,1205.75,  Card  ,New,3.0,
148226,2025-12-14,Dubai,Fashion,546.34,1,0.0,546.34,546.34,Card,Returning,1.0,3.3
118161,10/20/2024,dubai,Groceries,21.83,1,10.0,21.83,19.65,CASH ON DELIVERY,New,1.0,5.0
133156,05/29/2025,  Dubai  ,Mobile Accessories,244.03,1,10.0,244.03,219.63,CARD,Returning,3.0,4.0
104952,2024-03-29,sharjah,HOME & KITCHEN,577.56,1,0.0,577.56,577.56,Card,Returning,1.0,3.7
135380,01/07/2025,AJMAN,HOME & KITCHEN,460.26,1,15.0,460.26,391.22,  Card  ,New,3.0,4.1
143412,10/21/2025,abu dhabi,electronics,660.48,1,5.0,660.48,627.46,card,Returning,3.0,4.6
104312,15-03-2024,Sharja,GROCERIES,69.54,2,0.0,139.08,139.08,card,Returning,2.0,5.0
136330,07/15/2025,ABU DHABI,  Beauty & Personal Care  ,332.47,1,5.0,332.47,315.85,  Card  ,Returning,2.0,4.1
148298,15-12-2025,Ras Al Khaimah,electronics,454.36,1,10.0,454.36,408.92,  Cash on Delivery  ,Returning,2.0,4.7
142085,02/10/2025,DUBAI,  Groceries  ,52.47,1,15.0,52.47,44.6,WALLET,Returning,3.0,3.7
129366,04/03/2025,Sharjah,beauty & personal care,398.57,1,10.0,398.57,358.71,  Wallet  ,Returning,3.0,4.6
111466,11-07-2024,Dubai,mobile accessories,196.23,1,0.0,196.23,196.23,cash on delivery,Returning,4.0,3.6
137605,03-08-2025,DUBAI,beauty & personal care,42.52,1,0.0,42.52,42.52,Card,Returning,5.0,4.0
133151,29-05-2025,ras al khaimah,beauty & personal care,245.28,1,5.0,245.28,233.02,CARD,New,2.0,
140353,2025-09-06,  Abu Dhabi  ,MOBILE ACCESSORIES,124.37,1,20.0,124.37,99.5,CASH ON DELIVERY,Returning,,3.2
149260,12/28/2025,ABU DHABI,Fashion,316.53,1,10.0,316.53,284.88,cash on delivery,New,3.0,
133635,2025-06-05,ABU DHABI,mobile accessories,206.36,1,5.0,206.36,196.04,  Wallet  ,Returning,1.0,4.7
142426,2025-10-07,,FASHION,64.5,1,,64.5,64.5,  Card  ,Returning,3.0,4.3
118500,10/26/2024,DUBAI,GROCERIES,122.83,1,30.0,122.83,85.98,CASH ON DELIVERY,Returning,2.0,3.4
139136,23-08-2025,  Ras Al Khaimah  ,Fashion,360.21,1,15.0,360.21,306.18,CARD,Returning,3.0,3.8
113012,08/05/2024,ras al khaimah,electronics,1941.65,1,,1941.65,1941.65,  Card  ,Returning,3.0,4.0
105846,04/11/2024,Abu Dhabi,Home & Kitchen,601.87,1,,601.87,571.78,Wallet,Returning,2.0,5.0
147943,10/12/2025,dubai,GROCERIES,45.36,1,5.0,45.36,43.09,CARD,Returning,2.0,3.5
107215,2024-04-30,sharjah,  Home & Kitchen  ,639.66,2,20.0,1279.32,1023.46,card,Returning,4.0,5.0
139089,23-08-2025,  Dubai  ,Beauty & Personal Care,120.95,1,20.0,120.95,96.76,card,Returning,2.0,2.7
118893,01/11/2024,ajman,electronics,1925.25,1,0.0,1925.25,1925.25,  Card  ,Returning,,4.6
135479,2025-07-03,ras al khaimah,home & kitchen,55.65,2,15.0,111.3,94.6,CASH ON DELIVERY,Returning,,3.8
117880,10/16/2024,dubai,  Beauty & Personal Care  ,380.36,1,20.0,380.36,304.29,wallet,Returning,2.0,4.4
115792,12-09-2024,DUBAI,ELECTRONICS,3222.4,2,10.0,6444.8,5800.32,CASH ON DELIVERY,New,3.0,4.5
125744,04-02-2025,ABU DHABI,Beauty & Personal Care,365.71,1,,365.71,310.85,  Cash on Delivery  ,Returning,2.0,4.1
105782,11/04/2024,SHARJAH,FASHION,461.12,1,20.0,461.12,368.9,Card,Returning,2.0,3.9
123703,03-01-2025,SHARJAH,electronics,3206.67,3,0.0,9620.01,9620.01,  Card  ,Returning,4.0,3.8
141478,24-09-2025,abu dhabi,Electronics,2962.32,1,0.0,2962.32,2962.32,card,New,2.0,
143542,10/23/2025,Dubai,Mobile Accessories,187.42,1,0.0,187.42,187.42,card,Returning,2.0,4.5
130226,15-04-2025,  Sharjah  ,ELECTRONICS,1498.8,1,10.0,1498.8,1348.92,Cash on Delivery,New,2.0,3.6
127345,02/03/2025,Ajman ,ELECTRONICS,1562.44,1,5.0,1562.44,1484.32,Card,New,2.0,3.8
116525,2024-09-24,abu dhabi,  Home & Kitchen  ,673.52,1,10.0,673.52,606.17,  Card  ,Returning,,5.0
139271,08/25/2025,AJMAN,Beauty & Personal Care,334.99,1,10.0,334.99,301.49,wallet,New,1.0,3.8
129474,04/04/2025,  Sharjah  ,groceries,89.8,1,5.0,89.8,85.31,  Card  ,Returning,3.0,3.8
106338,16-04-2024,sharjah,Beauty & Personal Care,370.03,1,15.0,370.03,314.53,cash on delivery,Returning,2.0,3.8
133881,09/06/2025,abu dhabi,Mobile Accessories,167.66,1,0.0,167.66,167.66,cash on delivery,Returning,3.0,
112126,21-07-2024,  Dubai  ,Groceries,126.08,1,15.0,126.08,107.17,cash on delivery,Returning,2.0,3.8
126573,18/02/2025,Abu Dhabi,home & kitchen,864.81,1,5.0,864.81,821.57,  Card  ,Returning,1.0,4.8
135343,01-07-2025,  Dubai  ,fashion,305.24,1,0.0,305.24,305.24,  Wallet  ,New,1.0,3.9
116257,2024-09-20,abu dhabi,HOME & KITCHEN,894.22,1,15.0,894.22,760.09,cash on delivery,Returning,2.0,3.6
114536,08/26/2024,abu dhabi,Fashion,383.94,1,0.0,383.94,383.94,card,New,2.0,4.4
146069,2025-11-23,dubai,mobile accessories,219.11,1,30.0,219.11,153.38,Card,New,2.0,4.1
131926,10-05-2025,  Sharjah  ,home & kitchen,319.33,1,5.0,319.33,303.36,CASH ON DELIVERY,New,2.0,4.2
103643,03-03-2024,Abu Dhabi,Electronics,1433.57,2,0.0,2867.14,2867.14,Cash on Delivery,Returning,3.0,4.5
147603,12/05/2025,  Dubai  ,  Home & Kitchen  ,340.28,2,10.0,680.56,612.5,cash on delivery,Returning,2.0,5.0
138527,16/08/2025,Abu Dhabi,Groceries,101.62,1,0.0,101.62,101.62,  Cash on Delivery  ,New,1.0,4.7
134026,06/11/2025,Dubai,beauty & personal care,237.67,1,10.0,237.67,213.9,  Card  ,Returning,5.0,4.0
108560,23-05-2024,Dubai,home & kitchen,564.71,1,0.0,564.71,564.71,  Card  ,New,3.0,4.8
143520,2025-10-23,DUBAI,fashion,73.08,1,5.0,73.08,69.43,card,Returning,1.0,3.4
147272,01-12-2025,DUBAI,HOME & KITCHEN,153.68,1,20.0,153.68,122.94,card,New,3.0,3.8
148949,24-12-2025,AJMAN,BEAUTY & PERSONAL CARE,314.99,1,5.0,314.99,299.24,CARD,Returning,3.0,4.6
103770,05-03-2024,sharjah,,134.74,2,0.0,269.48,269.48,,Returning,3.0,1.4
131078,2025-04-27,ABU DHABI,Fashion,323.71,1,30.0,323.71,226.6,Card,Returning,2.0,3.7
125714,2025-02-04,abu dhabi,  Beauty & Personal Care  ,194.27,1,0.0,194.27,194.27,,New,4.0,4.6
124386,13-01-2025,dubai,,57.49,2,10.0,114.98,103.48,,Returning,2.0,4.0
109441,2024-06-07,  Abu Dhabi  ,  Electronics  ,617.5,1,5.0,617.5,586.62,Card,Returning,4.0,3.9
148779,12/22/2025,dubai,fashion,496.86,1,0.0,496.86,496.86,card,New,,5.0
109380,06-06-2024,  Sharjah  ,  Fashion  ,180.05,2,10.0,360.1,324.09,  Wallet  ,Returning,2.0,4.1
141448,2025-09-23,,Mobile Accessories,160.43,1,0.0,160.43,160.43,card,New,1.0,
146690,11/26/2025,dubai,Fashion,411.84,1,30.0,411.84,288.29,Cash on Delivery,New,3.0,4.2
124467,14-01-2025,,groceries,30.25,2,0.0,60.5,60.5,Card,New,4.0,2.9
105964,12/04/2024,  Dubai  ,Home & Kitchen,203.92,1,15.0,203.92,173.33,CARD,Returning,3.0,4.4
120375,2024-11-23,SHARJAH,electronics,3347.63,1,20.0,3347.63,2678.1,Card,New,2.0,4.0
137000,2025-07-25,  Abu Dhabi  ,  Groceries  ,290.08,1,20.0,290.08,232.06,cash on delivery,Returning,1.0,4.4
100067,01/02/2024,Sharja,  Fashion  ,88.68,1,10.0,88.68,79.81,Card,New,1.0,3.2
147234,2025-12-01,ABU DHABI,electronics,581.88,2,10.0,1163.76,1047.38,Card,Returning,1.0,3.7
100186,04-01-2024,Dubai,  Home & Kitchen  ,571.84,1,5.0,571.84,543.25,CASH ON DELIVERY,Returning,2.0,4.3
140405,07-09-2025,  Dubai  ,  Electronics  ,2943.82,1,30.0,2943.82,2060.67,Card,Returning,3.0,4.6
105993,04/12/2024,Dubai,Mobile Accessories,166.24,1,5.0,166.24,157.93,card,New,2.0,5.0
130304,16/04/2025,  Dubai  ,HOME & KITCHEN,520.01,1,0.0,520.01,520.01,  Wallet  ,New,4.0,3.2
130161,04/14/2025,DUBAI,  Fashion  ,203.19,1,5.0,203.19,193.03,card,New,4.0,4.6
142092,02-10-2025,dubai,groceries,297.36,2,0.0,594.72,594.72,cash on delivery,Returning,,4.0
145670,21/11/2025,DUBAI,groceries,269.6,2,50.0,539.2,269.6,  Cash on Delivery  ,Returning,1.0,3.8
137860,2025-08-07,sharjah,HOME & KITCHEN,395.11,1,5.0,395.11,375.35,  Cash on Delivery  ,New,1.0,4.2
105754,04/10/2024,ras al khaimah,fashion,556.86,1,15.0,556.86,473.33,cash on delivery,New,3.0,4.5
103231,24/02/2024,DUBAI,fashion,121.37,1,15.0,121.37,103.16,Card,New,4.0,4.8
144246,2025-11-01,  Dubai  ,,300.27,1,,300.27,300.27,WALLET,New,2.0,4.8
115549,08-09-2024,  Dubai  ,Electronics,812.11,2,15.0,1624.22,1380.59,Card,New,2.0,5.0
111187,2024-07-06,  Sharjah  ,  Beauty & Personal Care  ,26.23,1,5.0,26.23,24.92,card,Returning,3.0,5.0
119470,2024-11-11,  Abu Dhabi  ,GROCERIES,93.58,1,10.0,93.58,84.22,cash on delivery,New,2.0,4.1
108028,05/14/2024,DUBAI,fashion,164.6,1,5.0,164.6,156.37,Wallet,New,,4.4
101773,2024-02-01,  Sharjah  ,FASHION,562.37,1,20.0,562.37,449.9,cash on delivery,New,2.0,4.0
119005,03/11/2024,Ras Al Khaimah,  Home & Kitchen  ,317.1,1,0.0,317.1,317.1,  Card  ,New,3.0,4.7
124633,01/17/2025,  Abu Dhabi  ,  Beauty & Personal Care  ,290.51,2,0.0,581.02,581.02,Cash on Delivery,Returning,3.0,5.0
133238,30/05/2025,  Dubai  ,beauty & personal care,329.08,1,30.0,329.08,230.36,  Card  ,New,2.0,
106566,04/20/2024,Dubai,Electronics,513.43,1,10.0,513.43,462.09,card,Returning,,4.8
123327,2024-12-28,dubai,  Groceries  ,278.33,1,10.0,278.33,250.5,  Cash on Delivery  ,Returning,2.0,
105753,04/10/2024,Ras Al Khaimah,  Electronics  ,1828.59,1,10.0,1828.59,1645.73,card,Returning,2.0,4.8
115525,07/09/2024,  Sharjah  ,groceries,188.7,1,10.0,188.7,169.83,CASH ON DELIVERY,Returning,3.0,4.6
149274,29-12-2025,Ras Al Khaimah,  Fashion  ,195.3,1,,195.3,166.0,  Wallet  ,New,4.0,4.4
131767,05/08/2025,ajman,HOME & KITCHEN,662.51,2,0.0,1325.02,1325.02,Wallet,Returning,2.0,4.3
125200,26/01/2025,  Ajman  ,  Fashion  ,214.6,2,0.0,429.2,429.2,  Cash on Delivery  ,Returning,2.0,3.6
136222,14-07-2025,,  Beauty & Personal Care  ,258.3,1,0.0,258.3,258.3,  Cash on Delivery  ,Returning,3.0,4.0
111638,2024-07-13,DUBAI,BEAUTY & PERSONAL CARE,119.35,1,20.0,119.35,95.48,cash on delivery,New,4.0,4.4
135135,27/06/2025,  Dubai  ,  Mobile Accessories  ,92.43,1,10.0,92.43,83.19,CARD,New,2.0,5.0
100521,10/01/2024,DUBAI,Home & Kitchen,108.17,2,0.0,216.34,216.34,  Cash on Delivery  ,Returning,,2.5
120467,2024-11-23,Abu Dhabi,mobile accessories,242.05,1,30.0,242.05,169.44,,Returning,3.0,5.0
115694,10-09-2024,sharjah,MOBILE ACCESSORIES,204.42,1,10.0,204.42,183.98,Card,Returning,1.0,4.1
136592,19/07/2025,  Abu Dhabi  ,BEAUTY & PERSONAL CARE,305.67,1,30.0,305.67,213.97,CARD,Returning,3.0,4.2
134747,21-06-2025,dubai,  Electronics  ,3078.1,3,,9234.3,9234.3,wallet,Returning,3.0,3.6
129318,03-04-2025,ABU DHABI,Beauty & Personal Care,306.39,1,30.0,306.39,214.47,  Card  ,Returning,4.0,5.0
127724,03/10/2025,  Sharjah  ,  Mobile Accessories  ,118.2,1,5.0,118.2,112.29,  Card  ,New,3.0,4.5
108092,2024-05-15,  Dubai  ,BEAUTY & PERSONAL CARE,179.21,1,0.0,179.21,179.21,  Card  ,Returning,2.0,3.4
126090,02/10/2025,ras al khaimah,home & kitchen,641.75,1,0.0,641.75,641.75,card,Returning,3.0,4.1
147752,12/07/2025,  Abu Dhabi  ,home & kitchen,369.28,3,5.0,1107.84,1052.45,  Card  ,New,4.0,5.0
103763,03/05/2024,  Dubai  ,MOBILE ACCESSORIES,200.05,1,0.0,200.05,200.05,  Card  ,Returning,3.0,4.1
135195,28/06/2025,DUBAI,home & kitchen,321.04,1,5.0,321.04,304.99,Wallet,Returning,1.0,5.0
123232,2024-12-27,ras al khaimah,MOBILE ACCESSORIES,168.59,2,0.0,337.18,337.18,  Card  ,Returning,1.0,3.0
143826,27/10/2025,dubai,Fashion,331.53,1,0.0,331.53,331.53,Card,Returning,1.0,4.7
123446,2024-12-30,Dubai,Electronics,3313.63,1,10.0,3313.63,2982.27,CASH ON DELIVERY,New,1.0,4.0
120691,25-11-2024,Abu Dhabi,fashion,56.22,1,20.0,56.22,44.98,wallet,Returning,3.0,5.0
109266,2024-06-04,  Dubai  ,FASHION,508.95,1,10.0,508.95,458.06,  Card  ,New,4.0,
147074,29/11/2025,dubai,Groceries,220.56,1,10.0,220.56,198.5,CARD,Returning,3.0,4.0
109683,11-06-2024,DUBAI,mobile accessories,245.96,1,0.0,245.96,245.96,  Cash on Delivery  ,Returning,2.0,3.8
115862,2024-09-13,dubai,groceries,252.02,2,30.0,504.04,352.83,  Card  ,Returning,2.0,4.5
118685,29/10/2024,Dubai,  Fashion  ,224.34,1,0.0,224.34,224.34,  Card  ,New,3.0,3.6
103722,04/03/2024,Sharjah,FASHION,145.02,1,0.0,145.02,145.02,card,New,4.0,4.7
139055,23-08-2025,Dubai,FASHION,88.24,1,30.0,88.24,61.77,card,Returning,4.0,4.6
111293,08/07/2024,Abu Dhabi,  Fashion  ,452.85,2,0.0,905.7,905.7,Card,Returning,1.0,4.3
148673,12/20/2025,dubai,  Fashion  ,552.94,1,15.0,552.94,470.0,WALLET,Returning,,3.0
146538,11/25/2025,ABU DHABI,Mobile Accessories,83.1,1,50.0,83.1,41.55,Card,Returning,2.0,
107167,2024-04-29,Dubai,Fashion,554.53,1,15.0,554.53,471.35,CASH ON DELIVERY,New,4.0,4.3
108319,2024-05-18,Dubai,FASHION,421.83,1,20.0,421.83,337.46,card,Returning,2.0,4.7
129312,03-04-2025,Ajman,BEAUTY & PERSONAL CARE,341.06,1,0.0,341.06,341.06,card,Returning,4.0,4.2
106487,04/18/2024,sharjah,BEAUTY & PERSONAL CARE,149.52,1,15.0,149.52,127.09,wallet,Returning,2.0,3.9
108439,21/05/2024,dubai,mobile accessories,59.48,1,30.0,59.48,41.64,cash on delivery,Returning,2.0,3.2
125227,27-01-2025,ajman,home & kitchen,659.44,1,0.0,659.44,659.44,  Cash on Delivery  ,Returning,3.0,4.8
144033,30-10-2025,DUBAI,mobile accessories,170.69,1,10.0,170.69,153.62,CARD,New,3.0,2.8
127897,03/14/2025,AJMAN,  Fashion  ,563.65,1,5.0,563.65,535.47,  Cash on Delivery  ,New,3.0,4.8
107446,04-05-2024,DUBAI,  Electronics  ,1843.47,1,20.0,1843.47,1474.78,CARD,New,4.0,3.3
123859,01/05/2025,dubai,  Beauty & Personal Care  ,181.8,1,0.0,181.8,181.8,  Wallet  ,New,1.0,3.1
115717,11/09/2024,  Abu Dhabi  ,  Fashion  ,335.83,1,0.0,335.83,335.83,Card,New,2.0,4.8
123346,12/28/2024,abu dhabi,electronics,633.28,1,20.0,633.28,506.62,wallet,Returning,4.0,3.3
113364,2024-08-11,,Home & Kitchen,810.33,2,15.0,1620.66,1377.56,  Card  ,Returning,,5.0
129988,11-04-2025,AJMAN,BEAUTY & PERSONAL CARE,368.7,1,0.0,368.7,368.7,CASH ON DELIVERY,Returning,2.0,4.8
132113,13-05-2025,Abu Dhabi,  Groceries  ,19.09,2,5.0,38.18,36.27,card,New,5.0,3.9
139403,27-08-2025,abu dhabi,  Fashion  ,296.35,1,0.0,296.35,296.35,Card,Returning,2.0,3.5
137541,02/08/2025,sharjah,mobile accessories,101.78,2,0.0,203.56,203.56,  Cash on Delivery  ,New,5.0,3.9
112223,23-07-2024,ABU DHABI,home & kitchen,669.64,1,0.0,669.64,669.64,cash on delivery,New,3.0,5.0
119987,2024-11-19,ras al khaimah,Groceries,35.61,1,5.0,35.61,33.83,  Card  ,Returning,1.0,3.1
144499,04/11/2025,Ajman,Home & Kitchen,696.47,1,10.0,696.47,626.82,Card,Returning,1.0,4.0
105486,2024-04-07,Dubai,BEAUTY & PERSONAL CARE,183.26,1,,183.26,164.93,WALLET,Returning,3.0,4.6
125846,2025-02-06,dubai,Fashion,166.68,1,0.0,166.68,166.68,Wallet,Returning,5.0,3.2
126758,02/21/2025,ajman,fashion,506.06,1,10.0,506.06,455.45,card,Returning,4.0,5.0
140297,09/06/2025,dubai,FASHION,102.4,1,10.0,102.4,92.16,cash on delivery,Returning,5.0,3.3
119828,2024-11-16,dubai,Fashion,62.37,1,0.0,62.37,62.37,wallet,Returning,3.0,3.9
146890,28-11-2025,Sharjah,ELECTRONICS,3034.78,1,20.0,3034.78,2427.82,  Cash on Delivery  ,Returning,3.0,5.0
106833,24/04/2024,dubai,Fashion,474.98,1,0.0,474.98,474.98,Card,Returning,1.0,
117355,2024-10-08,  Dubai  ,groceries,89.3,1,10.0,89.3,80.37,,Returning,2.0,4.5
114864,30/08/2024,DUBAI,groceries,261.0,1,10.0,261.0,234.9,  Card  ,Returning,2.0,4.0
129638,05/04/2025,abu dhabi,groceries,174.88,1,10.0,174.88,157.39,card,New,2.0,4.4
138544,08/17/2025,ABU DHABI,FASHION,328.04,1,5.0,328.04,311.64,card,Returning,2.0,4.4
104474,18-03-2024,,Electronics,881.87,1,0.0,881.87,881.87,cash on delivery,Returning,2.0,3.9
129502,2025-04-04,Dubay,fashion,135.54,1,5.0,135.54,128.76,Card,Returning,1.0,3.8
136305,2025-07-15,DUBAI,Beauty & Personal Care,187.03,3,10.0,561.09,504.98,  Card  ,New,3.0,4.6
112382,25-07-2024,Sharja,fashion,207.06,2,20.0,414.12,331.3,Card,Returning,1.0,4.7
148463,18-12-2025,RAS AL KHAIMAH,home & kitchen,685.58,1,5.0,685.58,651.3,wallet,Returning,5.0,3.9
137656,04/08/2025,Dubay,  Groceries  ,101.06,1,15.0,101.06,85.9,Cash on Delivery,Returning,3.0,5.0
126208,12/02/2025,  Abu Dhabi  ,Fashion,68.41,1,0.0,68.41,68.41,CARD,New,5.0,4.9
106852,25-04-2024,abu dhabi,  Fashion  ,387.58,1,30.0,387.58,271.31,  Card  ,New,3.0,4.3
146551,26/11/2025,  Dubai  ,Groceries,173.67,1,30.0,173.67,121.57,  Card  ,Returning,2.0,5.0
140323,06-09-2025,ABU DHABI,ELECTRONICS,985.04,1,0.0,985.04,985.04,  Card  ,New,2.0,4.8
114502,2024-08-26,ras al khaimah,fashion,328.38,1,15.0,328.38,279.12,CASH ON DELIVERY,New,4.0,5.0
147498,12/04/2025,sharjah,groceries,248.63,3,5.0,745.89,708.6,  Card  ,New,2.0,4.9
120622,11/24/2024,Dubai,  Fashion  ,524.12,1,40.0,524.12,314.47,Cash on Delivery,Returning,5.0,4.4
121584,02-12-2024,DUBAI,  Beauty & Personal Care  ,305.13,1,10.0,305.13,274.62,cash on delivery,Returning,3.0,3.7
143800,26/10/2025,Ras Al Khaimah,groceries,161.59,1,0.0,161.59,161.59,card,New,1.0,5.0
123394,12/29/2024,  Dubai  ,ELECTRONICS,1298.43,2,20.0,2596.86,2077.49,Wallet,Returning,1.0,3.9
145382,2025-11-17,Dubai,fashion,293.52,1,0.0,293.52,293.52,Card,Returning,1.0,3.4
122465,2024-12-14,ABU DHABI,groceries,68.67,1,20.0,68.67,54.94,  Cash on Delivery  ,Returning,1.0,4.5
131186,04/29/2025,DUBAI,FASHION,163.19,1,15.0,163.19,138.71,Card,New,2.0,4.0
100002,01/01/2024,Abu Dhabi,fashion,479.7,1,5.0,479.7,455.72,card,Returning,2.0,
127549,07-03-2025,dubai,mobile accessories,92.89,1,5.0,92.89,88.25,CASH ON DELIVERY,Returning,3.0,
118248,22/10/2024,ras al khaimah,Groceries,229.87,3,0.0,689.61,689.61,CARD,Returning,2.0,5.0
127617,03/08/2025,sharjah,ELECTRONICS,893.41,2,0.0,1786.82,1786.82,CARD,New,2.0,4.9
128608,26-03-2025,Ras Al Khaimah,Fashion,291.21,3,15.0,873.63,742.59,  Card  ,Returning,4.0,5.0
113571,08/14/2024,  Ras Al Khaimah  ,Electronics,2957.81,1,10.0,2957.81,2662.03,CASH ON DELIVERY,Returning,3.0,3.1
146977,28/11/2025,Dubai,electronics,518.12,2,40.0,1036.24,621.74,CASH ON DELIVERY,New,1.0,2.3
116047,16/09/2024,sharjah,home & kitchen,638.41,1,10.0,638.41,574.57,cash on delivery,New,1.0,3.4
116020,15-09-2024,Abu Dhabi,mobile accessories,24.71,1,20.0,24.71,19.77,  Card  ,Returning,4.0,4.2
109734,06/11/2024,  Ajman  ,fashion,154.39,1,5.0,154.39,146.67,  Wallet  ,New,4.0,3.7
148484,2025-12-18,  Sharjah  ,  Electronics  ,1802.99,1,20.0,1802.99,1442.39,cash on delivery,New,2.0,3.7
134436,06/17/2025,Ajman,  Fashion  ,451.98,1,5.0,451.98,429.38,Card,New,4.0,4.6
130859,04/24/2025,  Dubai  ,home & kitchen,108.66,1,10.0,108.66,97.79,WALLET,New,2.0,3.6
139836,2025-08-31,ras al khaimah,  Fashion  ,340.94,1,10.0,340.94,306.85,Card,New,4.0,
113434,12-08-2024,Abu Dhabi,  Electronics  ,2616.24,1,,2616.24,2485.43,card,New,4.0,4.0
144576,11/06/2025,ABU DHABI,groceries,157.82,1,15.0,157.82,134.15,card,New,2.0,
122606,12/17/2024,  Abu Dhabi  ,  Groceries  ,47.99,2,20.0,95.98,76.78,CARD,New,2.0,3.4
122033,12/08/2024,Dubai,beauty & personal care,294.12,1,10.0,294.12,264.71,Card,Returning,4.0,4.6
148606,19/12/2025,  Ajman  ,Electronics,2082.24,1,5.0,2082.24,1978.13,cash on delivery,Returning,7.0,5.0
146281,24-11-2025,ABU DHABI,  Groceries  ,84.12,1,50.0,84.12,42.06,Cash on Delivery,Returning,3.0,4.4
115223,2024-09-04,sharjah,Groceries,272.26,2,20.0,544.52,435.62,card,Returning,1.0,3.3
105278,2024-04-03,Dubai,  Groceries  ,188.79,1,10.0,188.79,169.91,CARD,New,2.0,4.8
132913,25-05-2025,  Sharjah  ,BEAUTY & PERSONAL CARE,132.53,2,15.0,265.06,225.3,CASH ON DELIVERY,Returning,6.0,4.2
111724,07/15/2024,sharjah,Electronics,3108.58,1,5.0,3108.58,2953.15,CARD,Returning,4.0,4.7
121601,2024-12-02,  Dubai  ,  Fashion  ,154.99,1,10.0,154.99,139.49,  Card  ,Returning,3.0,3.6
135308,2025-06-30,dubai,FASHION,363.64,1,0.0,363.64,363.64,,Returning,2.0,
135433,2025-07-02,dubai,  Home & Kitchen  ,835.26,1,0.0,835.26,835.26,  Card  ,Returning,2.0,3.9
128310,21-03-2025,  Sharjah  ,HOME & KITCHEN,532.7,2,0.0,1065.4,1065.4,card,New,,4.0
122918,2024-12-22,  Dubai  ,  Electronics  ,959.45,1,5.0,959.45,911.48,cash on delivery,New,1.0,4.7
134571,06/19/2025,  Dubai  ,  Fashion  ,372.15,1,5.0,372.15,353.54,  Cash on Delivery  ,Returning,2.0,4.7
129669,2025-04-06,ajman,electronics,565.29,2,0.0,1130.58,1130.58,  Card  ,Returning,2.0,3.8
121264,2024-11-29,DUBAI,groceries,280.23,1,30.0,280.23,196.16,card,Returning,2.0,4.1
117759,14-10-2024,DUBAI,Electronics,1433.99,1,5.0,1433.99,1362.29,Cash on Delivery,Returning,3.0,4.5
112474,27/07/2024,DUBAI,Beauty & Personal Care,166.51,2,5.0,333.02,316.37,card,Returning,1.0,
123106,12/25/2024,  Dubai  ,  Groceries  ,198.35,1,20.0,198.35,158.68,Card,Returning,2.0,4.9
117996,18-10-2024,abu dhabi,  Electronics  ,740.41,1,10.0,740.41,666.37,Card,Returning,6.0,3.0
119318,08-11-2024,  Dubai  ,Mobile Accessories,60.4,3,15.0,181.2,154.02,Card,Returning,4.0,3.9
125542,01-02-2025,DUBAI,fashion,283.71,1,0.0,283.71,283.71,wallet,Returning,5.0,5.0
143544,10/23/2025,Sharjah,  Fashion  ,82.84,1,0.0,82.84,82.84,  Wallet  ,Returning,4.0,4.3
103724,05/03/2024,DUBAI,HOME & KITCHEN,797.64,1,30.0,797.64,558.35,Card,Returning,1.0,3.7
132663,22-05-2025,ajman,HOME & KITCHEN,526.43,1,15.0,526.43,447.47,Cash on Delivery,Returning,3.0,4.2
142833,12/10/2025,abu dhabi,  Beauty & Personal Care  ,110.31,1,10.0,110.31,99.28,  Cash on Delivery  ,New,2.0,4.3
112167,2024-07-22,sharjah,  Groceries  ,255.5,1,20.0,255.5,204.4,wallet,Returning,4.0,3.3
140918,15-09-2025,Abu Dhabi,FASHION,269.04,1,0.0,269.04,269.04,Card,New,4.0,2.9
102328,2024-02-09,DUBAI,  Electronics  ,2995.85,1,0.0,2995.85,2995.85,Card,Returning,1.0,4.7
138174,2025-08-12,SHARJAH,  Home & Kitchen  ,713.04,2,0.0,1426.08,1426.08,  Card  ,New,,3.8
103943,2024-03-08,dubai,electronics,1147.07,1,5.0,1147.07,1089.72,CARD,Returning,3.0,5.0
101142,20-01-2024,Ajman,Home & Kitchen,572.45,2,5.0,1144.9,1087.66,CARD,Returning,1.0,4.8
131365,02-05-2025,sharjah,,83.3,1,10.0,83.3,74.97,card,Returning,3.0,4.6
113038,05/08/2024,dubai,Mobile Accessories,134.35,3,10.0,403.05,362.74,  Wallet  ,New,1.0,2.7
124432,14/01/2025,abu dhabi,MOBILE ACCESSORIES,50.05,2,15.0,100.1,85.08,Card,Returning,3.0,3.7
142348,10/05/2025,Dubai,electronics,3417.18,3,0.0,10251.54,10251.54,card,Returning,2.0,4.3
130393,04/18/2025,sharjah,  Fashion  ,435.29,1,5.0,435.29,413.53,CARD,Returning,1.0,3.9
121174,11/28/2024,ABU DHABI,fashion,434.45,1,40.0,434.45,260.67,card,New,4.0,
117603,12-10-2024,DUBAI,MOBILE ACCESSORIES,239.53,1,0.0,239.53,239.53,card,Returning,4.0,5.0
138483,2025-08-16,dubai,FASHION,121.42,1,5.0,121.42,115.35,  Card  ,New,4.0,
114618,08/27/2024,DUBAI,Groceries,263.0,2,5.0,526.0,499.7,CASH ON DELIVERY,Returning,1.0,5.0
122786,20-12-2024,  Ras Al Khaimah  ,  Beauty & Personal Care  ,285.81,2,,571.62,571.62,card,Returning,4.0,4.3
145684,11/21/2025,sharjah,home & kitchen,709.09,1,30.0,709.09,496.36,CARD,New,4.0,4.6
116901,30-09-2024,  Dubai  ,mobile accessories,127.39,1,5.0,127.39,121.02,card,Returning,2.0,3.6
123878,01/06/2025,dubai,  Beauty & Personal Care  ,44.13,3,30.0,132.39,92.67,CARD,Returning,1.0,4.0
126094,2025-02-10,Ras Al Khaimah,ELECTRONICS,2067.22,1,5.0,2067.22,1963.86,cash on delivery,New,2.0,5.0
103077,2024-02-22,sharjah,ELECTRONICS,3117.17,2,10.0,6234.34,5610.91,Card,New,3.0,5.0
148511,18-12-2025,sharjah,mobile accessories,31.68,1,5.0,31.68,30.1,Cash on Delivery,New,4.0,3.9
141636,2025-09-26,Abu Dhabi,  Electronics  ,3485.18,1,10.0,3485.18,3136.66,card,Returning,2.0,3.7
148267,15-12-2025,Abu Dhabi,FASHION,542.75,1,5.0,542.75,515.61,Cash on Delivery,Returning,2.0,4.9
117920,17/10/2024,DUBAI,home & kitchen,753.8,1,10.0,753.8,678.42,CARD,Returning,2.0,4.5
107964,13/05/2024,Abu Dhabi,  Fashion  ,228.74,1,10.0,228.74,205.87,  Card  ,Returning,3.0,5.0
122621,17/12/2024,Dubai,MOBILE ACCESSORIES,117.47,1,5.0,117.47,111.6,cash on delivery,New,3.0,4.7
125973,2025-02-08,abu dhabi,HOME & KITCHEN,519.75,1,30.0,519.75,363.82,  Card  ,Returning,2.0,3.4
120182,2024-11-22,dubai,  Home & Kitchen  ,840.01,1,20.0,840.01,672.01,wallet,New,1.0,3.7
132955,26-05-2025,DUBAI,ELECTRONICS,1500.28,1,0.0,1500.28,1500.28,cash on delivery,New,3.0,4.1
110017,16-06-2024,  Abu Dhabi  ,groceries,150.47,1,0.0,150.47,150.47,,Returning,1.0,3.7
120428,23/11/2024,ABU DHABI,fashion,426.4,1,10.0,426.4,383.76,card,New,3.0,5.0
135476,03-07-2025,Dubay,MOBILE ACCESSORIES,240.65,1,0.0,240.65,240.65,cash on delivery,Returning,1.0,3.9
104321,03/15/2024,Abu Dhabi,Mobile Accessories,53.11,2,0.0,106.22,106.22,  Wallet  ,New,3.0,3.2
136135,12-07-2025,Dubay,  Mobile Accessories  ,59.04,1,15.0,59.04,50.18,  Card  ,Returning,2.0,
135045,26-06-2025,ABU DHABI,  Mobile Accessories  ,120.67,2,0.0,241.34,241.34,CARD,New,1.0,4.1
149240,2025-12-28,DUBAI,fashion,315.3,1,15.0,315.3,268.0,Card,Returning,3.0,4.6
145644,21-11-2025,Dubai ,Beauty & Personal Care,263.68,1,30.0,263.68,184.58,  Cash on Delivery  ,New,4.0,4.6
